{
  "job_id": "in-d90428ca932826d3",
  "text": "Nature & Scope \u2192 Your Role at Roots Are you passionate about ecommerce and software development?",
  "skills": [
    {
      "skill": "develop software",
      "type": "Hard",
      "bloom": "Create",
      "confidence_score": 0.683,
      "confidence_tier": "Medium",
      "source": "GPT",
      "semantic_density": 0.83,
      "context_agreement": 0.9
    }
  ],
  "knowledge": [
    {
      "knowledge": "ecommerce",
      "confidence_score": 0.831,
      "confidence_tier": "High",
      "source": "BERT+GPT"
    },
    {
      "knowledge": "software development",
      "confidence_score": 0.826,
      "confidence_tier": "High",
      "source": "BERT+GPT"
    }
  ],
  "coverage_analysis": {
    "skill_coverage": {
      "algorithms_programming": 0.489378182942759,
      "ai_development": 0.2710832837331239,
      "workforce_insights": 0.3994345439215041,
      "basic_job_skills_ohs": 0.32323441732559766,
      "structured_programming": 0.22409687889352986,
      "oop": 0.2488415286924867,
      "multimedia_programming": 0.27433670098891927,
      "web_development": 0.2340389371461652,
      "mobile_development": 0.24997749616635215,
      "game_programming": 0.27381052212152374
    },
    "knowledge_coverage": {
      "algorithms_programming": 0.6129710646783937,
      "ai_development": 0.45669470789546385,
      "workforce_insights": 0.610928981120093,
      "basic_job_skills_ohs": 0.49014246169056386,
      "multimedia_programming": 0.4754378027584477,
      "web_development": 0.44939411404892526,
      "mobile_development": 0.4214025515687667,
      "game_programming": 0.42072212292832
    },
    "combined_coverage": {
      "audio_editing": 0.0,
      "structured_programming": 0.22409687889352986,
      "graphics_multimedia": 0.0,
      "digital_literacy": 0.0,
      "oop": 0.2488415286924867,
      "workforce_insights": 0.610928981120093,
      "game_modeling": 0.0,
      "ai_literacy_ethics": 0.0,
      "game_programming": 0.42072212292832,
      "computational_thinking": 0.0,
      "multimedia_programming": 0.4754378027584477,
      "basic_job_skills_ohs": 0.49014246169056386,
      "ai_development": 0.45669470789546385,
      "mobile_development": 0.4214025515687667,
      "web_development": 0.44939411404892526,
      "network_technology": 0.0,
      "algorithms_programming": 0.6129710646783937,
      "data_analysis": 0.0,
      "database_systems": 0.0
    },
    "metrics": {
      "total_components": 19,
      "covered_components": 10,
      "coverage_percentage": 0.23213853759342054,
      "skill_coverage_pct": 0.1572753943122085,
      "knowledge_coverage_pct": 0.20724704245731443,
      "avg_skill_confidence": 0.6834163968000002,
      "avg_knowledge_confidence": 0.8282786333709955,
      "hard_skill_count": 1,
      "soft_skill_count": 0,
      "knowledge_count": 2
    },
    "missing_components": [
      "audio_editing",
      "graphics_multimedia",
      "digital_literacy",
      "game_modeling",
      "ai_literacy_ethics",
      "computational_thinking",
      "network_technology",
      "data_analysis",
      "database_systems"
    ],
    "coverage_gaps": [
      {
        "component": "audio_editing",
        "coverage_weight": 0.0,
        "severity": "high",
        "suggestion": "Consider adding more specific skills in this area"
      },
      {
        "component": "structured_programming",
        "coverage_weight": 0.224,
        "severity": "high",
        "suggestion": "Consider adding more specific skills in this area"
      },
      {
        "component": "graphics_multimedia",
        "coverage_weight": 0.0,
        "severity": "high",
        "suggestion": "Consider adding more specific skills in this area"
      },
      {
        "component": "digital_literacy",
        "coverage_weight": 0.0,
        "severity": "high",
        "suggestion": "Consider adding more specific skills in this area"
      },
      {
        "component": "oop",
        "coverage_weight": 0.249,
        "severity": "high",
        "suggestion": "Consider adding more specific skills in this area"
      },
      {
        "component": "workforce_insights",
        "coverage_weight": 0.611,
        "severity": "low",
        "suggestion": "Add both theoretical and practical aspects"
      },
      {
        "component": "game_modeling",
        "coverage_weight": 0.0,
        "severity": "high",
        "suggestion": "Consider adding more specific skills in this area"
      },
      {
        "component": "ai_literacy_ethics",
        "coverage_weight": 0.0,
        "severity": "high",
        "suggestion": "Consider adding more specific skills in this area"
      },
      {
        "component": "game_programming",
        "coverage_weight": 0.421,
        "severity": "medium",
        "suggestion": "Include more technical knowledge items"
      },
      {
        "component": "computational_thinking",
        "coverage_weight": 0.0,
        "severity": "high",
        "suggestion": "Consider adding more specific skills in this area"
      },
      {
        "component": "multimedia_programming",
        "coverage_weight": 0.475,
        "severity": "medium",
        "suggestion": "Include more technical knowledge items"
      },
      {
        "component": "basic_job_skills_ohs",
        "coverage_weight": 0.49,
        "severity": "medium",
        "suggestion": "Include more technical knowledge items"
      },
      {
        "component": "ai_development",
        "coverage_weight": 0.457,
        "severity": "medium",
        "suggestion": "Include more technical knowledge items"
      },
      {
        "component": "mobile_development",
        "coverage_weight": 0.421,
        "severity": "medium",
        "suggestion": "Include more technical knowledge items"
      },
      {
        "component": "web_development",
        "coverage_weight": 0.449,
        "severity": "medium",
        "suggestion": "Include more technical knowledge items"
      },
      {
        "component": "network_technology",
        "coverage_weight": 0.0,
        "severity": "high",
        "suggestion": "Consider adding more specific skills in this area"
      },
      {
        "component": "algorithms_programming",
        "coverage_weight": 0.613,
        "severity": "low",
        "suggestion": "Add both theoretical and practical aspects"
      },
      {
        "component": "data_analysis",
        "coverage_weight": 0.0,
        "severity": "high",
        "suggestion": "Consider adding more specific skills in this area"
      },
      {
        "component": "database_systems",
        "coverage_weight": 0.0,
        "severity": "high",
        "suggestion": "Consider adding more specific skills in this area"
      }
    ]
  },
  "extraction_metrics": {
    "bert_skill_count": 0,
    "gpt_skill_count": 1,
    "fused_skill_count": 1,
    "model_agreement": 0.0,
    "match_count": 0,
    "extraction_time": 1.3933382034301758
  }
}