{
  "job_id": "in-2bf4623b73b73fae",
  "text": "About you You're a Senior Software Developer working with both Laravel & Vue.js.",
  "skills": [
    {
      "skill": "develop software",
      "type": "Hard",
      "bloom": "Create",
      "confidence_score": 0.683,
      "confidence_tier": "Medium",
      "source": "GPT",
      "semantic_density": 0.83,
      "context_agreement": 0.9
    }
  ],
  "knowledge": [
    {
      "knowledge": "Laravel",
      "confidence_score": 0.831,
      "confidence_tier": "High",
      "source": "BERT+GPT"
    },
    {
      "knowledge": "Vue.js",
      "confidence_score": 0.828,
      "confidence_tier": "High",
      "source": "BERT+GPT"
    }
  ],
  "coverage_analysis": {
    "skill_coverage": {
      "algorithms_programming": 0.489378182942759,
      "ai_development": 0.2710832837331239,
      "workforce_insights": 0.3994345439215041,
      "basic_job_skills_ohs": 0.32323441732559766,
      "structured_programming": 0.22409687889352986,
      "oop": 0.2488415286924867,
      "multimedia_programming": 0.27433670098891927,
      "web_development": 0.2340389371461652,
      "mobile_development": 0.24997749616635215,
      "game_programming": 0.27381052212152374
    },
    "knowledge_coverage": {
      "web_development": 0.7474500000000002
    },
    "combined_coverage": {
      "audio_editing": 0.0,
      "structured_programming": 0.22409687889352986,
      "graphics_multimedia": 0.0,
      "digital_literacy": 0.0,
      "oop": 0.2488415286924867,
      "workforce_insights": 0.3994345439215041,
      "game_modeling": 0.0,
      "ai_literacy_ethics": 0.0,
      "game_programming": 0.27381052212152374,
      "computational_thinking": 0.0,
      "multimedia_programming": 0.27433670098891927,
      "basic_job_skills_ohs": 0.32323441732559766,
      "ai_development": 0.2710832837331239,
      "mobile_development": 0.24997749616635215,
      "web_development": 0.7474500000000002,
      "network_technology": 0.0,
      "algorithms_programming": 0.489378182942759,
      "data_analysis": 0.0,
      "database_systems": 0.0
    },
    "metrics": {
      "total_components": 19,
      "covered_components": 10,
      "coverage_percentage": 0.18429702919925245,
      "skill_coverage_pct": 0.1572753943122085,
      "knowledge_coverage_pct": 0.039339473684210535,
      "avg_skill_confidence": 0.6834163968000002,
      "avg_knowledge_confidence": 0.8293137827813626,
      "hard_skill_count": 1,
      "soft_skill_count": 0,
      "knowledge_count": 2
    },
    "missing_components": [
      "audio_editing",
      "graphics_multimedia",
      "digital_literacy",
      "game_modeling",
      "ai_literacy_ethics",
      "computational_thinking",
      "network_technology",
      "data_analysis",
      "database_systems"
    ],
    "coverage_gaps": [
      {
        "component": "audio_editing",
        "coverage_weight": 0.0,
        "severity": "high",
        "suggestion": "Consider adding more specific skills in this area"
      },
      {
        "component": "structured_programming",
        "coverage_weight": 0.224,
        "severity": "high",
        "suggestion": "Consider adding more specific skills in this area"
      },
      {
        "component": "graphics_multimedia",
        "coverage_weight": 0.0,
        "severity": "high",
        "suggestion": "Consider adding more specific skills in this area"
      },
      {
        "component": "digital_literacy",
        "coverage_weight": 0.0,
        "severity": "high",
        "suggestion": "Consider adding more specific skills in this area"
      },
      {
        "component": "oop",
        "coverage_weight": 0.249,
        "severity": "high",
        "suggestion": "Consider adding more specific skills in this area"
      },
      {
        "component": "workforce_insights",
        "coverage_weight": 0.399,
        "severity": "medium",
        "suggestion": "Include more technical knowledge items"
      },
      {
        "component": "game_modeling",
        "coverage_weight": 0.0,
        "severity": "high",
        "suggestion": "Consider adding more specific skills in this area"
      },
      {
        "component": "ai_literacy_ethics",
        "coverage_weight": 0.0,
        "severity": "high",
        "suggestion": "Consider adding more specific skills in this area"
      },
      {
        "component": "game_programming",
        "coverage_weight": 0.274,
        "severity": "high",
        "suggestion": "Consider adding more specific skills in this area"
      },
      {
        "component": "computational_thinking",
        "coverage_weight": 0.0,
        "severity": "high",
        "suggestion": "Consider adding more specific skills in this area"
      },
      {
        "component": "multimedia_programming",
        "coverage_weight": 0.274,
        "severity": "high",
        "suggestion": "Consider adding more specific skills in this area"
      },
      {
        "component": "basic_job_skills_ohs",
        "coverage_weight": 0.323,
        "severity": "medium",
        "suggestion": "Include more technical knowledge items"
      },
      {
        "component": "ai_development",
        "coverage_weight": 0.271,
        "severity": "high",
        "suggestion": "Consider adding more specific skills in this area"
      },
      {
        "component": "mobile_development",
        "coverage_weight": 0.25,
        "severity": "high",
        "suggestion": "Consider adding more specific skills in this area"
      },
      {
        "component": "network_technology",
        "coverage_weight": 0.0,
        "severity": "high",
        "suggestion": "Consider adding more specific skills in this area"
      },
      {
        "component": "algorithms_programming",
        "coverage_weight": 0.489,
        "severity": "medium",
        "suggestion": "Include more technical knowledge items"
      },
      {
        "component": "data_analysis",
        "coverage_weight": 0.0,
        "severity": "high",
        "suggestion": "Consider adding more specific skills in this area"
      },
      {
        "component": "database_systems",
        "coverage_weight": 0.0,
        "severity": "high",
        "suggestion": "Consider adding more specific skills in this area"
      }
    ]
  },
  "extraction_metrics": {
    "bert_skill_count": 0,
    "gpt_skill_count": 1,
    "fused_skill_count": 1,
    "model_agreement": 0.0,
    "match_count": 0,
    "extraction_time": 1.1431095600128174
  }
}