{
  "job_id": "in-fa4e8d0d1729ff08",
  "text": "As a DevOps Engineer you should have a good breadth of knowledge across the disciplines of software development and how software is deployed.",
  "skills": [
    {
      "skill": "deploy software",
      "type": "Hard",
      "bloom": "Apply",
      "confidence_score": 0.681,
      "confidence_tier": "Medium",
      "source": "GPT",
      "semantic_density": 0.81,
      "context_agreement": 0.9
    }
  ],
  "knowledge": [
    {
      "knowledge": "software development",
      "confidence_score": 0.831,
      "confidence_tier": "High",
      "source": "BERT+GPT"
    },
    {
      "knowledge": "software",
      "confidence_score": 0.532,
      "confidence_tier": "Medium Low",
      "source": "BERT (standalone)"
    }
  ],
  "coverage_analysis": {
    "skill_coverage": {
      "algorithms_programming": 0.5108498160889047,
      "web_development": 0.3760701553402211,
      "mobile_development": 0.3880201772935761
    },
    "knowledge_coverage": {
      "digital_literacy": 0.19218903093338008,
      "algorithms_programming": 0.6162677761673929,
      "ai_literacy_ethics": 0.17678049001693721,
      "ai_development": 0.45915092610418806,
      "workforce_insights": 0.6142147097736599,
      "basic_job_skills_ohs": 0.4927785702735187,
      "oop": 0.18106038236618038,
      "multimedia_programming": 0.4779948260128499,
      "web_development": 0.45181106784045705,
      "mobile_development": 0.42366895974576485,
      "game_programming": 0.4229848715901376
    },
    "combined_coverage": {
      "audio_editing": 0.0,
      "structured_programming": 0.0,
      "graphics_multimedia": 0.0,
      "digital_literacy": 0.19218903093338008,
      "oop": 0.18106038236618038,
      "workforce_insights": 0.6142147097736599,
      "game_modeling": 0.0,
      "ai_literacy_ethics": 0.17678049001693721,
      "game_programming": 0.4229848715901376,
      "computational_thinking": 0.0,
      "multimedia_programming": 0.4779948260128499,
      "basic_job_skills_ohs": 0.4927785702735187,
      "ai_development": 0.45915092610418806,
      "mobile_development": 0.42366895974576485,
      "web_development": 0.45181106784045705,
      "network_technology": 0.0,
      "algorithms_programming": 0.6162677761673929,
      "data_analysis": 0.0,
      "database_systems": 0.0
    },
    "metrics": {
      "total_components": 19,
      "covered_components": 11,
      "coverage_percentage": 0.23731061109602455,
      "skill_coverage_pct": 0.06710211309066852,
      "knowledge_coverage_pct": 0.23731061109602455,
      "avg_skill_confidence": 0.6812917862400001,
      "avg_knowledge_confidence": 0.68125,
      "hard_skill_count": 1,
      "soft_skill_count": 0,
      "knowledge_count": 2
    },
    "missing_components": [
      "audio_editing",
      "structured_programming",
      "graphics_multimedia",
      "game_modeling",
      "computational_thinking",
      "network_technology",
      "data_analysis",
      "database_systems"
    ],
    "coverage_gaps": [
      {
        "component": "audio_editing",
        "coverage_weight": 0.0,
        "severity": "high",
        "suggestion": "Consider adding more specific skills in this area"
      },
      {
        "component": "structured_programming",
        "coverage_weight": 0.0,
        "severity": "high",
        "suggestion": "Consider adding more specific skills in this area"
      },
      {
        "component": "graphics_multimedia",
        "coverage_weight": 0.0,
        "severity": "high",
        "suggestion": "Consider adding more specific skills in this area"
      },
      {
        "component": "digital_literacy",
        "coverage_weight": 0.192,
        "severity": "high",
        "suggestion": "Consider adding more specific skills in this area"
      },
      {
        "component": "oop",
        "coverage_weight": 0.181,
        "severity": "high",
        "suggestion": "Consider adding more specific skills in this area"
      },
      {
        "component": "workforce_insights",
        "coverage_weight": 0.614,
        "severity": "low",
        "suggestion": "Add both theoretical and practical aspects"
      },
      {
        "component": "game_modeling",
        "coverage_weight": 0.0,
        "severity": "high",
        "suggestion": "Consider adding more specific skills in this area"
      },
      {
        "component": "ai_literacy_ethics",
        "coverage_weight": 0.177,
        "severity": "high",
        "suggestion": "Consider adding more specific skills in this area"
      },
      {
        "component": "game_programming",
        "coverage_weight": 0.423,
        "severity": "medium",
        "suggestion": "Include more technical knowledge items"
      },
      {
        "component": "computational_thinking",
        "coverage_weight": 0.0,
        "severity": "high",
        "suggestion": "Consider adding more specific skills in this area"
      },
      {
        "component": "multimedia_programming",
        "coverage_weight": 0.478,
        "severity": "medium",
        "suggestion": "Include more technical knowledge items"
      },
      {
        "component": "basic_job_skills_ohs",
        "coverage_weight": 0.493,
        "severity": "medium",
        "suggestion": "Include more technical knowledge items"
      },
      {
        "component": "ai_development",
        "coverage_weight": 0.459,
        "severity": "medium",
        "suggestion": "Include more technical knowledge items"
      },
      {
        "component": "mobile_development",
        "coverage_weight": 0.424,
        "severity": "medium",
        "suggestion": "Include more technical knowledge items"
      },
      {
        "component": "web_development",
        "coverage_weight": 0.452,
        "severity": "medium",
        "suggestion": "Include more technical knowledge items"
      },
      {
        "component": "network_technology",
        "coverage_weight": 0.0,
        "severity": "high",
        "suggestion": "Consider adding more specific skills in this area"
      },
      {
        "component": "algorithms_programming",
        "coverage_weight": 0.616,
        "severity": "low",
        "suggestion": "Add both theoretical and practical aspects"
      },
      {
        "component": "data_analysis",
        "coverage_weight": 0.0,
        "severity": "high",
        "suggestion": "Consider adding more specific skills in this area"
      },
      {
        "component": "database_systems",
        "coverage_weight": 0.0,
        "severity": "high",
        "suggestion": "Consider adding more specific skills in this area"
      }
    ]
  },
  "extraction_metrics": {
    "bert_skill_count": 0,
    "gpt_skill_count": 1,
    "fused_skill_count": 1,
    "model_agreement": 0.0,
    "match_count": 0,
    "extraction_time": 1.241602897644043
  }
}