"Sektor","Indonesian Title","English Translation","Indonesian Description","English Description","Source Type"
"Teknologi Informasi dan Komunikasi","Skema Okupasi Pemrogram","Programmer","Skema sertifikasi okupasi Pemrogram dikembangkan oleh Komite Skema LSP mengacu pada SKKNI berdasarkan Kepmenaker No. 282 Tahun 2016 Bidang Pemrograman. Skema ini mencakup kompetensi memahami spesifikasi program, menggunakan bahasa pemrograman terstruktur dan berorientasi objek, mengembangkan antarmuka pengguna, melakukan debugging, dan mendokumentasikan kode.","The Programmer occupational certification scheme is developed referencing SKKNI Kepmenaker No. 282 of 2016 (Programming Field). It covers competencies in understanding program specifications, using structured and object-oriented programming languages, developing user interfaces, debugging, and code documentation.","Template-based / Kepmenaker 282/2016"
"Teknologi Informasi dan Komunikasi","Skema Okupasi Pemrogram Junior","Junior Programmer","BNSP mengeluarkan skema sertifikasi untuk okupasi Pemrogram Junior yang disahkan pada 8 Agustus 2023 oleh Direktur Jenderal Kementerian Pendidikan, Kebudayaan, Riset, dan Teknologi untuk menjamin kompetensi para pemrogram junior. Kemasan kompetensi mengacu pada SKKNI berdasarkan Kepmenaker No. 282 Tahun 2016 Bidang Pemrograman.","BNSP issued the Junior Programmer certification scheme, ratified on 8 August 2023 by the Director General of the Ministry of Education, Culture, Research, and Technology, to guarantee the competency of junior programmers. The competency package refers to SKKNI Kepmenaker No. 282 of 2016 (Programming Field).","Verbatim (Scribd 688757033)"
"Teknologi Informasi dan Komunikasi","Skema Okupasi Pemrogram Madya","Middle Programmer","Skema sertifikasi okupasi Pemrogram Madya dikembangkan oleh Komite Skema LSP mengacu pada SKKNI berdasarkan Kepmenaker No. 282 Tahun 2016 Bidang Pemrograman. Mencakup kompetensi perancangan algoritma menengah, integrasi modul perangkat lunak, code review, dan pemeliharaan aplikasi.","The Middle Programmer occupational certification scheme is developed referencing SKKNI Kepmenaker No. 282 of 2016 (Programming Field). It covers intermediate algorithm design, software module integration, code review, and application maintenance competencies.","Template-based / Kepmenaker 282/2016"
"Teknologi Informasi dan Komunikasi","Skema Okupasi Pemrogram Senior","Senior Programmer","Skema sertifikasi okupasi Pemrogram Senior dikembangkan oleh Komite Skema LSP mengacu pada SKKNI berdasarkan Kepmenaker No. 282 Tahun 2016 Bidang Pemrograman. Mencakup kompetensi arsitektur perangkat lunak, mentoring tim, optimisasi kinerja sistem, dan tata kelola kode tingkat lanjut.","The Senior Programmer occupational certification scheme is developed referencing SKKNI Kepmenaker No. 282 of 2016 (Programming Field). It covers software architecture, team mentoring, system performance optimization, and advanced code governance competencies.","Template-based / Kepmenaker 282/2016"
"Teknologi Informasi dan Komunikasi","Skema Okupasi Pengembang Perangkat Lunak","Software Developer","Skema sertifikasi okupasi Pengembang Perangkat Lunak dikembangkan oleh Komite Skema LSP mengacu pada SKKNI berdasarkan Kepmenaker No. 282 Tahun 2016 Bidang Pemrograman dan Pengembangan Perangkat Lunak. Mencakup kompetensi siklus pengembangan perangkat lunak (SDLC), pengujian, deployment, dan pemeliharaan aplikasi.","The Software Developer occupational certification scheme references SKKNI Kepmenaker No. 282 of 2016. It covers the software development lifecycle (SDLC), testing, deployment, and application maintenance competencies.","Template-based / Kepmenaker 282/2016"
"Teknologi Informasi dan Komunikasi","Skema Okupasi System Analyst","System Analyst","Skema sertifikasi okupasi System Analyst dikembangkan oleh Komite Skema LSP mengacu pada Peta Okupasi Nasional Bidang TIK Tahun 2025 (BPSDM Komdigi). Mencakup kompetensi analisis kebutuhan sistem, pemodelan, dokumentasi sistem, dan validasi solusi teknologi informasi.","The System Analyst occupational certification scheme is developed referencing the National ICT Occupation Map 2025 (BPSDM Komdigi). It covers systems requirements analysis, modeling, system documentation, and IT solution validation competencies.","Template-based / Peta Okupasi TIK 2025"
"Teknologi Informasi dan Komunikasi","Skema Okupasi Database Administrator","Database Administrator","Skema sertifikasi okupasi Database Administrator dikembangkan oleh Komite Skema LSP mengacu pada SKKNI berdasarkan Kepmenaker No. 321 Tahun 2016 Bidang Basis Data. Mencakup kompetensi instalasi dan konfigurasi DBMS, optimisasi query, backup dan recovery, serta keamanan basis data.","The Database Administrator occupational certification scheme references SKKNI Kepmenaker No. 321 of 2016 (Database Field). It covers DBMS installation and configuration, query optimization, backup and recovery, and database security competencies.","Template-based / Kepmenaker 321/2016"
"Teknologi Informasi dan Komunikasi","Skema Okupasi Network Administrator Muda","Junior Network Administrator","Skema sertifikasi okupasi Network Administrator Muda dikembangkan oleh Komite Skema LSP mengacu pada SKKNI berdasarkan Kepmenaker No. 321 Tahun 2016 Bidang Jaringan Komputer. Mencakup kompetensi konfigurasi jaringan dasar, monitoring, troubleshooting, dan keamanan jaringan pada tingkat muda.","The Junior Network Administrator occupational certification scheme references SKKNI Kepmenaker No. 321 of 2016 (Computer Network Field). It covers basic network configuration, monitoring, troubleshooting, and network security competencies at the junior level.","Template-based / Kepmenaker 321/2016"
"Teknologi Informasi dan Komunikasi","Skema Okupasi Network Administrator Madya","Middle Network Administrator","Skema sertifikasi okupasi Network Administrator Madya dikembangkan oleh Komite Skema LSP mengacu pada SKKNI berdasarkan Kepmenaker No. 321 Tahun 2016 Bidang Jaringan Komputer. Mencakup kompetensi perancangan dan pengelolaan infrastruktur jaringan tingkat menengah, termasuk routing, switching, dan keamanan jaringan lanjutan.","The Middle Network Administrator occupational certification scheme references SKKNI Kepmenaker No. 321 of 2016 (Computer Network Field). It covers intermediate network infrastructure design and management, including routing, switching, and advanced network security.","Template-based / Kepmenaker 321/2016"
"Teknologi Informasi dan Komunikasi","Skema Okupasi Teknisi Instalasi dan Aktivasi","Installation & Activation Technician","Skema sertifikasi okupasi Teknisi Instalasi dan Aktivasi dikembangkan oleh Komite Skema LSP mengacu pada SKKNI Bidang TIK Sub-bidang Instalasi dan Layanan. Mencakup kompetensi pemasangan perangkat keras, instalasi perangkat lunak, aktivasi layanan, dan dokumentasi pekerjaan teknis.","The Installation & Activation Technician occupational certification scheme references SKKNI ICT Field – Installation and Services Sub-field. It covers hardware installation, software installation, service activation, and technical work documentation competencies.","Template-based / SKKNI TIK"
"Teknologi Informasi dan Komunikasi","Skema Okupasi Junior Data Scientist","Junior Data Scientist","Skema sertifikasi okupasi Junior Data Scientist dikembangkan oleh Komite Skema LSP mengacu pada SKKNI berdasarkan Kepmenaker No. 299 Tahun 2020 Kategori Informasi dan Komunikasi Bidang Keahlian Artificial Intelligence Sub-Bidang Data Science. Mencakup kompetensi pengumpulan dan pembersihan data, analisis data dasar, serta visualisasi data.","The Junior Data Scientist occupational certification scheme references SKKNI Kepmenaker No. 299 of 2020 (ICT Category – AI / Data Science Sub-field). It covers data collection and cleaning, basic data analysis, and data visualization competencies.","Template-based / Kepmenaker 299/2020"
"Teknologi Informasi dan Komunikasi","Skema Okupasi Associate Data Scientist","Associate Data Scientist","Skema sertifikasi okupasi Associate Data Scientist dikembangkan oleh Komite Skema LSP mengacu pada SKKNI berdasarkan Kepmenaker No. 299 Tahun 2020 Bidang Artificial Intelligence Sub-Bidang Data Science. Mencakup kompetensi pemodelan prediktif, evaluasi model, dan komunikasi hasil analisis data.","The Associate Data Scientist occupational certification scheme references SKKNI Kepmenaker No. 299 of 2020 (AI / Data Science Sub-field). It covers predictive modeling, model evaluation, and data analysis results communication competencies.","Template-based / Kepmenaker 299/2020"
"Teknologi Informasi dan Komunikasi","Skema Okupasi Ilmuwan Data Madya","Associate Data Scientist","Skema sertifikasi Ilmuwan Data Madya (Associate Data Scientist) adalah skema sertifikasi okupasi yang dikembangkan oleh Komite Skema LSP P1 Universitas Syiah Kuala untuk memenuhi kebutuhan sertifikasi kompetensi kerja di LSP P1 Universitas Syiah Kuala. Standar yang digunakan mengacu kepada SKKNI yang ditetapkan berdasarkan Keputusan Menteri Ketenagakerjaan RI Nomor 299 Tahun 2020 tentang Penetapan SKKNI Kategori Informasi dan Komunikasi Golongan Pokok Aktivitas Pemrograman, Konsultasi Komputer dan Kegiatan Yang berhubungan dengan Itu (YBDI) Bidang Keahlian Artificial Intelligence Sub Bidang Data Science. Kemasan skema sertifikasi okupasi ini mengacu pada Keputusan Kepala Pusat Pengembangan Profesi dan Sertifikasi Nomor 602 tahun 2021 tentang Penetapan Perubahan Deskripsi dan Unit Kompetensi Peta Okupasi Bidang TIK tahun 2021.","The Associate Data Scientist (Ilmuwan Data Madya) occupational certification scheme was developed by the Scheme Committee of LSP P1 Universitas Syiah Kuala to fulfill work competency certification needs. It references SKKNI Kepmenaker No. 299 of 2020 (ICT Category – AI / Data Science Sub-field) and the Head of Professional Development and Certification Center Decree No. 602 of 2021 on the ICT Occupation Map 2021 Unit Competency Update.","Verbatim (lsp.usk.ac.id)"
"Teknologi Informasi dan Komunikasi","Skema Okupasi Insinyur Data Madya","Associate Data Engineer","Skema sertifikasi okupasi Insinyur Data Madya dikembangkan oleh Komite Skema LSP mengacu pada SKKNI berdasarkan Kepmenaker No. 299 Tahun 2020 Bidang Artificial Intelligence Sub-Bidang Data Engineering. Mencakup kompetensi perancangan pipeline data, proses ETL, pengelolaan data warehouse, dan jaminan kualitas data.","The Associate Data Engineer occupational certification scheme references SKKNI Kepmenaker No. 299 of 2020 (AI / Data Engineering Sub-field). It covers data pipeline design, ETL processes, data warehouse management, and data quality assurance competencies.","Template-based / Kepmenaker 299/2020"
"Teknologi Informasi dan Komunikasi","Skema Okupasi Data Engineer","Data Engineer","Skema sertifikasi okupasi Data Engineer dikembangkan oleh Komite Skema LSP mengacu pada SKKNI berdasarkan Kepmenaker No. 299 Tahun 2020 Bidang Artificial Intelligence Sub-Bidang Data Engineering. Mencakup kompetensi pembangunan infrastruktur data berskala besar, orkestrasi alur kerja data, dan optimisasi sistem penyimpanan data.","The Data Engineer occupational certification scheme references SKKNI Kepmenaker No. 299 of 2020 (AI / Data Engineering Sub-field). It covers large-scale data infrastructure building, data workflow orchestration, and data storage system optimization competencies.","Template-based / Kepmenaker 299/2020"
"Teknologi Informasi dan Komunikasi","Skema Okupasi Pemasaran Digital","Digital Marketing","Skema sertifikasi okupasi Pemasaran Digital dikembangkan oleh Komite Skema LSP mengacu pada SKKNI Bidang Pemasaran Digital dan Peta Okupasi Nasional TIK. Mencakup kompetensi strategi pemasaran digital, optimisasi mesin pencari (SEO/SEM), pengelolaan media sosial, pemasaran konten, dan analitik digital.","The Digital Marketing occupational certification scheme references the SKKNI Digital Marketing Field and the National ICT Occupation Map. It covers digital marketing strategy, search engine optimization (SEO/SEM), social media management, content marketing, and digital analytics competencies.","Template-based / Peta Okupasi TIK"
"Teknologi Informasi dan Komunikasi","Skema Okupasi Desainer Grafis Muda","Junior Graphic Designer","Skema sertifikasi okupasi Desainer Grafis Muda dikembangkan oleh Komite Skema LSP mengacu pada SKKNI Bidang Desain Komunikasi Visual dan Multimedia. Mencakup kompetensi prinsip tipografi, tata letak (layout), ilustrasi digital, dan identitas merek dasar.","The Junior Graphic Designer occupational certification scheme references the SKKNI Visual Communication Design and Multimedia Field. It covers typography principles, layout, digital illustration, and basic brand identity competencies.","Template-based / SKKNI DKV"
"Teknologi Informasi dan Komunikasi","Skema Okupasi Multimedia","Multimedia","Skema sertifikasi okupasi Multimedia dikembangkan oleh Komite Skema LSP mengacu pada SKKNI berdasarkan Kepmenaker No. 321 Tahun 2016 Bidang Jasa Multimedia. Mencakup kompetensi produksi konten audio-visual, animasi 2D/3D, pengeditan video, dan pasca produksi.","The Multimedia occupational certification scheme references SKKNI Kepmenaker No. 321 of 2016 (Multimedia Services Field). It covers audio-visual content production, 2D/3D animation, video editing, and post-production competencies.","Template-based / Kepmenaker 321/2016"
"Teknologi Informasi dan Komunikasi","Skema Okupasi Manajemen Proyek","Project Management","Skema sertifikasi okupasi Manajemen Proyek TIK dikembangkan oleh Komite Skema LSP mengacu pada SKKNI Bidang Manajemen Proyek TIK dan Peta Okupasi Nasional TIK. Mencakup kompetensi inisiasi, perencanaan, pelaksanaan, pemantauan, dan penutupan proyek TIK.","The ICT Project Management occupational certification scheme references the SKKNI ICT Project Management Field and National ICT Occupation Map. It covers project initiation, planning, execution, monitoring, and closure competencies for ICT projects.","Template-based / Peta Okupasi TIK"
"Teknologi Informasi dan Komunikasi","Skema Okupasi Audit Teknologi Informasi","IT Audit","Kemasan kompetensi mengacu pada Kepmenaker Nomor 48 Tahun 2015 tentang Penetapan SKKNI Kategori Jasa Profesional, Ilmiah, dan Teknis Golongan Pokok Kegiatan Kantor Pusat dan Konsultasi Manajemen Bidang Auditor Teknologi Informasi, serta Peta Okupasi Nasional Bidang TIK Tahun 2017 berdasarkan Keputusan Kepala Badan Litbang SDM Kementerian Komunikasi dan Informatika No 172/KOMINFO/BLSDM/KS.01.07/7/2017 tentang Daftar Unit Kompetensi Okupasi Dalam Kerangka Kualifikasi Nasional Indonesia Bidang TIK.","The competency package refers to Kepmenaker No. 48 of 2015 (IT Auditor Field, Professional, Scientific and Technical Services Category) and the National ICT Occupation Map 2017 established by Head of BPSDM Kominfo Decree No. 172/KOMINFO/BLSDM/KS.01.07/7/2017 on the List of ICT Occupational Competency Units within the KKNI Framework.","Verbatim (lsp.unusa.ac.id)"
"Teknologi Informasi dan Komunikasi","Skema Okupasi Auditor Madya Teknologi Informasi","Middle IT Auditor","Kemasan kompetensi mengacu pada Kepmenaker Nomor 48 Tahun 2015 tentang Penetapan SKKNI Bidang Auditor Teknologi Informasi, serta Peta Okupasi Nasional Bidang TIK. Skema ini ditujukan bagi Auditor TI pada jenjang menengah (madya) dengan lingkup kompetensi yang lebih luas mencakup perencanaan audit TI, pengujian kontrol, analisis risiko, dan pelaporan hasil audit.","The competency package refers to Kepmenaker No. 48 of 2015 (IT Auditor Field) and the National ICT Occupation Map. This scheme targets IT Auditors at the middle level, covering audit planning, control testing, risk analysis, and IT audit reporting competencies.","Verbatim-based (lsp.unusa.ac.id)"
"Teknologi Informasi dan Komunikasi","Skema Okupasi Rekayasa Jaringan Komputer","Computer Network Engineering","Skema sertifikasi okupasi Rekayasa Jaringan Komputer dikembangkan oleh Komite Skema LSP mengacu pada SKKNI berdasarkan Kepmenaker No. 321 Tahun 2016 Bidang Jaringan Komputer. Mencakup kompetensi perancangan, implementasi, dan pengelolaan infrastruktur jaringan komputer termasuk keamanan dan pemecahan masalah jaringan.","The Computer Network Engineering occupational certification scheme references SKKNI Kepmenaker No. 321 of 2016 (Computer Network Field). It covers the design, implementation, and management of computer network infrastructure, including network security and troubleshooting competencies.","Template-based / Kepmenaker 321/2016"
"Teknologi Informasi dan Komunikasi","Skema Okupasi Pengelolaan Layanan Teknologi Informasi","IT Service Management","Skema sertifikasi okupasi Pengelolaan Layanan Teknologi Informasi dikembangkan oleh Komite Skema LSP mengacu pada SKKNI Bidang Pengelolaan Layanan TI dan Peta Okupasi TIK. Mencakup kompetensi manajemen layanan TI berbasis ITIL, pengelolaan insiden, masalah, dan perubahan layanan TI.","The IT Service Management occupational certification scheme references the SKKNI IT Service Management Field and ICT Occupation Map. It covers ITIL-based IT service management, incident management, problem management, and IT service change management competencies.","Template-based / Peta Okupasi TIK"
"Teknologi Informasi dan Komunikasi","Skema Okupasi Sains Data","Data Science","Skema sertifikasi okupasi Sains Data dikembangkan oleh Komite Skema LSP mengacu pada SKKNI berdasarkan Kepmenaker No. 299 Tahun 2020 Bidang Artificial Intelligence Sub-Bidang Data Science. Mencakup kompetensi eksplorasi data, pemodelan statistik, pembelajaran mesin, dan komunikasi temuan data kepada pemangku kepentingan.","The Data Science occupational certification scheme references SKKNI Kepmenaker No. 299 of 2020 (AI / Data Science Sub-field). It covers data exploration, statistical modeling, machine learning, and data findings communication to stakeholders competencies.","Template-based / Kepmenaker 299/2020"
"Teknologi Informasi dan Komunikasi","Skema Okupasi Cyber Security Specialist","Cyber Security Specialist","Skema sertifikasi okupasi Cyber Security Specialist dikembangkan oleh Komite Skema LSP mengacu pada SKKNI Bidang Keamanan Informasi dan Siber serta Peta Okupasi TIK 2025. Mencakup kompetensi penilaian kerentanan sistem, pengujian penetrasi, respons insiden siber, dan pengelolaan keamanan informasi.","The Cyber Security Specialist occupational certification scheme references the SKKNI Information and Cyber Security Field and ICT Occupation Map 2025. It covers system vulnerability assessment, penetration testing, cyber incident response, and information security management competencies.","Template-based / Peta Okupasi TIK 2025"
"Teknologi Informasi dan Komunikasi","Skema Okupasi Teknisi Komputer","Computer Technician","Skema sertifikasi okupasi Teknisi Komputer dikembangkan oleh Komite Skema LSP mengacu pada SKKNI Bidang Teknisi Perangkat Keras Komputer. Mencakup kompetensi perakitan, pemeliharaan, perbaikan perangkat keras komputer, dan instalasi sistem operasi.","The Computer Technician occupational certification scheme references the SKKNI Computer Hardware Technician Field. It covers computer hardware assembly, maintenance, repair, and operating system installation competencies.","Template-based / SKKNI TIK"
"Teknologi Informasi dan Komunikasi","Skema Okupasi Aplikasi Perkantoran","Office Applications","Skema sertifikasi okupasi Aplikasi Perkantoran dikembangkan oleh Komite Skema LSP mengacu pada SKKNI Bidang TIK Sub-bidang Aplikasi Perkantoran. Mencakup kompetensi penggunaan perangkat lunak pengolah kata, lembar kerja, presentasi, dan surat elektronik untuk keperluan perkantoran.","The Office Applications occupational certification scheme references the SKKNI ICT Field – Office Applications Sub-field. It covers the use of word processing, spreadsheet, presentation, and electronic mail software for office purposes competencies.","Template-based / SKKNI TIK"
"Teknologi Informasi dan Komunikasi","Skema Okupasi Data Entry Clerk / Operator","Data Entry Clerk / Operator","Skema sertifikasi okupasi Data Entry Clerk/Operator dikembangkan oleh Komite Skema LSP mengacu pada SKKNI Bidang TIK Sub-bidang Operasional Data. Mencakup kompetensi entri data dengan akurasi tinggi, verifikasi data, pengelolaan basis data dasar, dan pengoperasian perangkat input data.","The Data Entry Clerk/Operator occupational certification scheme references the SKKNI ICT Field – Data Operations Sub-field. It covers high-accuracy data entry, data verification, basic database management, and data input device operation competencies.","Template-based / SKKNI TIK"
"Manajemen Sumber Daya Manusia","Skema Okupasi Staf Sumber Daya Manusia","HR Administrative Staff","Skema sertifikasi okupasi Staf Sumber Daya Manusia dikembangkan oleh Komite Skema LSP MSDM Indonesia untuk memenuhi kebutuhan sertifikasi kompetensi kerja. Kemasan yang digunakan mengacu pada SKKNI berdasarkan Kepmenaker RI No. 149 Tahun 2020 tentang Penetapan SKKNI Bidang Manajemen Sumber Daya Manusia dan Kepmenaker RI No. 297 Tahun 2020 tentang Penetapan Jenjang Kualifikasi Nasional Indonesia Bidang MSDM.","The HR Administrative Staff occupational certification scheme was developed by LSP MSDM Indonesia, referencing SKKNI Kepmenaker No. 149 of 2020 (HRM Field) and Kepmenaker No. 297 of 2020 (KKNI for HRM). It ensures staff-level competency in HR administrative functions.","Template-based / Kepmenaker 149/2020"
"Manajemen Sumber Daya Manusia","Skema Okupasi Supervisor Sumber Daya Manusia","HR Supervisor","Skema sertifikasi okupasi Supervisor Sumber Daya Manusia dikembangkan oleh Komite Skema LSP MSDM Indonesia mengacu pada SKKNI berdasarkan Kepmenaker RI No. 149 Tahun 2020 dan Kepmenaker RI No. 297 Tahun 2020 Bidang Manajemen Sumber Daya Manusia. Mencakup kompetensi supervisi operasional HR, koordinasi rekrutmen, dan pemantauan kinerja karyawan.","The HR Supervisor occupational certification scheme was developed by LSP MSDM Indonesia, referencing SKKNI Kepmenaker No. 149 of 2020 and No. 297 of 2020 (HRM Field). It covers HR operational supervision, recruitment coordination, and employee performance monitoring competencies.","Template-based / Kepmenaker 149/2020"
"Manajemen Sumber Daya Manusia","Skema Okupasi Manajer Sumber Daya Manusia","HR Manager","Skema sertifikasi Okupasi Manajer Sumber Daya Manusia adalah skema sertifikasi yang dikembangkan oleh Komite Skema LSP Manajemen Sumber Daya Manusia Indonesia (MSDM Indonesia) untuk memenuhi kebutuhan sertifikasi kompetensi kerja di LSP MSDM Indonesia. Kemasan yang digunakan mengacu pada SKKNI berdasarkan Kepmenaker RI Nomor 149 Tahun 2020 tentang Penetapan SKKNI Kategori Jasa Profesional, Ilmiah Dan Teknis Golongan Pokok Kegiatan Kantor Pusat Dan Konsultasi Manajemen Bidang Manajemen Sumber Daya Manusia dan Kepmenaker RI Nomor 297 Tahun 2020 tentang Penetapan Jenjang Kualifikasi Nasional Indonesia Bidang Manajemen Sumber Daya Manusia.","The HR Manager occupational certification scheme was developed by the Scheme Committee of LSP MSDM Indonesia to fulfill work competency certification needs. It references SKKNI Kepmenaker No. 149 of 2020 (HRM Field, Professional and Scientific Services Category) and Kepmenaker No. 297 of 2020 (KKNI for HRM Field).","Verbatim (elsp.id/lspmsdmi)"
"Manajemen Sumber Daya Manusia","Skema Okupasi Manajer Hubungan Industrial","Industrial Relations Manager","Skema sertifikasi okupasi Manajer Hubungan Industrial dikembangkan oleh Komite Skema LSP MSDM Indonesia mengacu pada SKKNI berdasarkan Kepmenaker RI No. 149 Tahun 2020 dan Kepmenaker RI No. 297 Tahun 2020 Bidang MSDM. Mencakup kompetensi pengelolaan hubungan industrial, mediasi perselisihan, pembinaan serikat pekerja, dan kepatuhan peraturan ketenagakerjaan.","The Industrial Relations Manager occupational certification scheme references SKKNI Kepmenaker No. 149 of 2020 and No. 297 of 2020 (HRM Field). It covers industrial relations management, dispute mediation, trade union development, and labor regulation compliance competencies.","Template-based / Kepmenaker 149/2020"
"Manajemen Sumber Daya Manusia","Skema Okupasi Kepala Bagian Rekrutmen dan Seleksi","Head of Recruitment & Selection","Skema sertifikasi okupasi Kepala Bagian Rekrutmen dan Seleksi dikembangkan oleh Komite Skema LSP MSDM Indonesia mengacu pada SKKNI berdasarkan Kepmenaker RI No. 149 Tahun 2020 dan Kepmenaker RI No. 297 Tahun 2020. Mencakup kompetensi strategi rekrutmen, perancangan proses seleksi, wawancara kompetensi, dan manajemen talenta.","The Head of Recruitment & Selection occupational certification scheme references SKKNI Kepmenaker No. 149 of 2020 and No. 297 of 2020 (HRM Field). It covers recruitment strategy, selection process design, competency-based interviewing, and talent management competencies.","Template-based / Kepmenaker 149/2020"
"Manajemen Sumber Daya Manusia","Skema Okupasi Kepala Bagian Pelatihan dan Pengembangan","Head of Training & Development","Skema sertifikasi okupasi Kepala Bagian Pelatihan dan Pengembangan dikembangkan oleh Komite Skema LSP MSDM Indonesia mengacu pada SKKNI berdasarkan Kepmenaker RI No. 149 Tahun 2020 dan Kepmenaker RI No. 297 Tahun 2020. Mencakup kompetensi analisis kebutuhan pelatihan, perancangan program pembelajaran, pengelolaan anggaran pelatihan, dan evaluasi efektivitas pelatihan.","The Head of Training & Development occupational certification scheme references SKKNI Kepmenaker No. 149 of 2020 and No. 297 of 2020 (HRM Field). It covers training needs analysis, learning program design, training budget management, and training effectiveness evaluation competencies.","Template-based / Kepmenaker 149/2020"
"Manajemen Sumber Daya Manusia","Skema Okupasi Kepala Bagian Remunerasi","Head of Remuneration","Skema sertifikasi okupasi Kepala Bagian Remunerasi dikembangkan oleh Komite Skema LSP MSDM Indonesia mengacu pada SKKNI berdasarkan Kepmenaker RI No. 149 Tahun 2020 dan Kepmenaker RI No. 297 Tahun 2020. Mencakup kompetensi perancangan sistem penggajian, evaluasi jabatan, survei gaji, dan kepatuhan peraturan pengupahan.","The Head of Remuneration occupational certification scheme references SKKNI Kepmenaker No. 149 of 2020 and No. 297 of 2020 (HRM Field). It covers compensation system design, job evaluation, salary surveys, and wage regulation compliance competencies.","Template-based / Kepmenaker 149/2020"
"Manajemen Sumber Daya Manusia","Skema Okupasi Analis Remunerasi","Remuneration Analyst","Skema sertifikasi okupasi Analis Remunerasi dikembangkan oleh Komite Skema LSP MSDM Indonesia mengacu pada SKKNI berdasarkan Kepmenaker RI No. 149 Tahun 2020 dan Kepmenaker RI No. 297 Tahun 2020. Mencakup kompetensi analisis data kompensasi, benchmarking gaji, dan pelaporan remunerasi.","The Remuneration Analyst occupational certification scheme references SKKNI Kepmenaker No. 149 of 2020 and No. 297 of 2020 (HRM Field). It covers compensation data analysis, salary benchmarking, and remuneration reporting competencies.","Template-based / Kepmenaker 149/2020"
"Manajemen Sumber Daya Manusia","Skema Okupasi Analis Perjanjian Kerja dan Kelembagaan Hubungan Industrial","Labor Contract & Industrial Relations Institutional Analyst","Skema sertifikasi okupasi Analis Perjanjian Kerja dan Kelembagaan Hubungan Industrial dikembangkan oleh Komite Skema LSP MSDM Indonesia mengacu pada SKKNI berdasarkan Kepmenaker RI No. 149 Tahun 2020 dan Kepmenaker RI No. 297 Tahun 2020. Mencakup kompetensi analisis dan penyusunan perjanjian kerja, PKB, dan peraturan perusahaan.","The Labor Contract & Industrial Relations Institutional Analyst scheme references SKKNI Kepmenaker No. 149 of 2020 and No. 297 of 2020 (HRM Field). It covers analysis and drafting of employment agreements, Collective Labor Agreements (PKB), and company regulations competencies.","Template-based / Kepmenaker 149/2020"
"Manajemen Sumber Daya Manusia","Skema Okupasi Analis Pencegahan dan Penyelesaian Perselisihan Hubungan Industrial","Industrial Dispute Prevention & Resolution Analyst","Skema sertifikasi okupasi Analis Pencegahan dan Penyelesaian Perselisihan Hubungan Industrial dikembangkan oleh Komite Skema LSP MSDM Indonesia mengacu pada SKKNI berdasarkan Kepmenaker RI No. 149 Tahun 2020 dan Kepmenaker RI No. 297 Tahun 2020. Mencakup kompetensi identifikasi potensi perselisihan, mediasi, konsiliasi, dan penyelesaian perselisihan ketenagakerjaan.","The Industrial Dispute Prevention & Resolution Analyst scheme references SKKNI Kepmenaker No. 149 of 2020 and No. 297 of 2020 (HRM Field). It covers dispute potential identification, mediation, conciliation, and labor dispute resolution competencies.","Template-based / Kepmenaker 149/2020"
"Manajemen Sumber Daya Manusia","Skema Okupasi Supervisor Rekrutmen dan Seleksi SDM","HR Recruitment & Selection Supervisor","Skema sertifikasi okupasi Supervisor Rekrutmen dan Seleksi SDM dikembangkan oleh Komite Skema LSP MSDM Indonesia mengacu pada SKKNI berdasarkan Kepmenaker RI No. 149 Tahun 2020 dan Kepmenaker RI No. 297 Tahun 2020. Mencakup kompetensi supervisi proses rekrutmen, koordinasi seleksi kandidat, dan pelaporan efektivitas rekrutmen.","The HR Recruitment & Selection Supervisor scheme references SKKNI Kepmenaker No. 149 of 2020 and No. 297 of 2020 (HRM Field). It covers supervision of recruitment processes, candidate selection coordination, and recruitment effectiveness reporting competencies.","Template-based / Kepmenaker 149/2020"
"Manajemen Sumber Daya Manusia","Skema Okupasi Penata Pembuatan Perjanjian Kerja","Labor Contract Drafter (Qualification IV)","Skema sertifikasi okupasi Penata Pembuatan Perjanjian Kerja (Kualifikasi IV) dikembangkan oleh Komite Skema LSP MSDM Indonesia mengacu pada SKKNI berdasarkan Kepmenaker RI No. 149 Tahun 2020 dan Kepmenaker RI No. 297 Tahun 2020. Mencakup kompetensi penyusunan Perjanjian Kerja Waktu Tertentu (PKWT) dan Perjanjian Kerja Waktu Tidak Tertentu (PKWTT) sesuai ketentuan hukum ketenagakerjaan.","The Labor Contract Drafter (Qualification IV) scheme references SKKNI Kepmenaker No. 149 of 2020 and No. 297 of 2020 (HRM Field). It covers the drafting of fixed-term (PKWT) and indefinite-term (PKWTT) employment agreements in compliance with labor law requirements.","Template-based / Kepmenaker 149/2020"
"Manajemen Sumber Daya Manusia","Skema Okupasi Integrated Talent Management","Integrated Talent Management","Skema sertifikasi okupasi Integrated Talent Management dikembangkan oleh Komite Skema LSP MSDM Indonesia mengacu pada SKKNI berdasarkan Kepmenaker RI No. 149 Tahun 2020 dan Kepmenaker RI No. 297 Tahun 2020. Mencakup kompetensi identifikasi talenta, perancangan program pengembangan karier, suksesi, dan retensi karyawan berbakat.","The Integrated Talent Management occupational scheme references SKKNI Kepmenaker No. 149 of 2020 and No. 297 of 2020 (HRM Field). It covers talent identification, career development program design, succession planning, and high-potential employee retention competencies.","Template-based / Kepmenaker 149/2020"
"Keuangan Perbankan dan Asuransi","Skema Okupasi Direktur Tk 1 BPR","BPR Director Tier 1","Skema sertifikasi okupasi Direktur Tier 1 BPR dikembangkan mengacu pada SKKNI Perbankan dan peraturan OJK tentang BPR. Direktur Tier 1 BPR bertanggung jawab atas pengambilan keputusan strategis dan pengawasan operasional BPR. Kepemilikan sertifikat merupakan persyaratan yang ditetapkan OJK bagi pengurus BPR.","The BPR Director Tier 1 occupational certification scheme references the Banking SKKNI and OJK regulations on People's Credit Banks (BPR). Tier 1 Directors are responsible for strategic decision-making and BPR operational oversight. Certificate possession is an OJK requirement for BPR management officials.","Template-based / SKKNI Perbankan"
"Keuangan Perbankan dan Asuransi","Skema Okupasi Direktur Tk 2 BPR","BPR Director Tier 2","Skema sertifikasi okupasi Direktur Tier 2 BPR dikembangkan mengacu pada SKKNI Perbankan dan peraturan OJK tentang BPR. Direktur Tier 2 BPR bertanggung jawab atas pengelolaan operasional dan kepatuhan BPR. Kepemilikan sertifikat merupakan persyaratan OJK bagi pengurus BPR.","The BPR Director Tier 2 occupational certification scheme references the Banking SKKNI and OJK regulations on BPR. Tier 2 Directors are responsible for BPR operational management and compliance. Certificate possession is an OJK requirement for BPR management officials.","Template-based / SKKNI Perbankan"
"Keuangan Perbankan dan Asuransi","Skema Okupasi Komisaris BPR","BPR Commissioner","Skema sertifikasi okupasi Komisaris BPR dikembangkan mengacu pada SKKNI Perbankan dan peraturan OJK tentang BPR. Komisaris BPR bertanggung jawab atas pengawasan kebijakan dan strategi BPR. Kepemilikan sertifikat merupakan persyaratan OJK.","The BPR Commissioner occupational certification scheme references the Banking SKKNI and OJK regulations on BPR. Commissioners are responsible for overseeing BPR policies and strategies. Certificate possession is an OJK requirement.","Template-based / SKKNI Perbankan"
"Keuangan Perbankan dan Asuransi","Skema Okupasi Pejabat Eksekutif BPR","BPR Executive Officer","Skema sertifikasi okupasi Pejabat Eksekutif BPR dikembangkan mengacu pada SKKNI Perbankan dan peraturan OJK tentang BPR. Pejabat Eksekutif BPR mengelola fungsi-fungsi operasional utama BPR di bawah koordinasi Direksi.","The BPR Executive Officer occupational certification scheme references the Banking SKKNI and OJK regulations on BPR. Executive Officers manage key BPR operational functions under the coordination of the Board of Directors.","Template-based / SKKNI Perbankan"
"Keuangan Perbankan dan Asuransi","Skema Okupasi Supervisor BPR","BPR Supervisor","Skema sertifikasi okupasi Supervisor BPR dikembangkan mengacu pada SKKNI Perbankan berdasarkan Kepmenaker No. 322 Tahun 2016 Bidang BPR. Mencakup kompetensi supervisi pelayanan nasabah, pengawasan transaksi kredit dan tabungan, serta pelaporan operasional BPR.","The BPR Supervisor occupational certification scheme references Banking SKKNI Kepmenaker No. 322 of 2016 (BPR Field). It covers customer service supervision, credit and savings transaction oversight, and BPR operational reporting competencies.","Template-based / Kepmenaker 322/2016"
"Keuangan Perbankan dan Asuransi","Skema Okupasi Staf BPR","BPR Staff","Skema sertifikasi okupasi Staf BPR dikembangkan mengacu pada SKKNI Perbankan berdasarkan Kepmenaker No. 322 Tahun 2016 Bidang BPR. Mencakup kompetensi pelayanan nasabah, pencatatan transaksi, pengelolaan kas, dan administrasi kredit dasar.","The BPR Staff occupational certification scheme references Banking SKKNI Kepmenaker No. 322 of 2016 (BPR Field). It covers customer service, transaction recording, cash management, and basic credit administration competencies.","Template-based / Kepmenaker 322/2016"
"Keuangan Perbankan dan Asuransi","Skema Sertifikasi Manajemen Risiko Bank Umum Level 1","Commercial Bank Risk Management Level 1","Dalam rangka memenuhi kompetensi SDM di bidang manajemen risiko Bank, LSP Badan Sertifikasi Manajemen Risiko menyelenggarakan Sertifikasi Kompetensi Manajemen Risiko Perbankan dengan acuan SKKNI Nomor 218 Tahun 2020 dan dalam pelaksanaannya turut mematuhi peraturan dan ketentuan dari regulator OJK, sesuai POJK Nomor 24 Tahun 2022 tentang Pengembangan Kualitas SDM Bank Umum dan SEOJK 28/SEOJK.03/2022. Level 1 mencakup kompetensi dasar pengelolaan risiko yang wajib dikuasai oleh seluruh karyawan bank.","In order to fulfill HR competency in bank risk management, LSP BSMR delivers Banking Risk Management Competency Certification referencing SKKNI No. 218 of 2020, POJK No. 24 of 2022 on Commercial Bank HR Quality Development, and SEOJK 28/SEOJK.03/2022. Level 1 covers basic risk management competencies mandatory for all bank employees.","Verbatim (bsmr.org)"
"Keuangan Perbankan dan Asuransi","Skema Sertifikasi Manajemen Risiko Bank Umum Level 2","Commercial Bank Risk Management Level 2","Sertifikasi Kompetensi Manajemen Risiko Perbankan Level 2 mengacu SKKNI No. 218 Tahun 2020, POJK No. 24 Tahun 2022, dan SEOJK 28/SEOJK.03/2022. Level 2 mencakup kompetensi pengelolaan risiko yang wajib dikuasai oleh pejabat eksekutif setingkat kepala seksi atau kepala unit di bank umum.","Level 2 Banking Risk Management Certification references SKKNI No. 218 of 2020, POJK No. 24 of 2022, and SEOJK 28/SEOJK.03/2022. Level 2 covers risk management competencies mandatory for executive officers at section head or unit head level in commercial banks.","Verbatim-based (bsmr.org)"
"Keuangan Perbankan dan Asuransi","Skema Sertifikasi Manajemen Risiko Bank Umum Level 3","Commercial Bank Risk Management Level 3","Sertifikasi Manajemen Risiko Perbankan Level 3 mengacu SKKNI No. 218 Tahun 2020 dan POJK No. 24 Tahun 2022. Level 3 mencakup kompetensi pengelolaan risiko untuk pejabat bank setingkat kepala divisi atau kepala cabang.","Level 3 Banking Risk Management Certification references SKKNI No. 218 of 2020 and POJK No. 24 of 2022. Level 3 covers risk management competencies for bank officers at division head or branch head level.","Verbatim-based (bsmr.org)"
"Keuangan Perbankan dan Asuransi","Skema Sertifikasi Manajemen Risiko Bank Umum Level 4","Commercial Bank Risk Management Level 4","Sertifikasi Manajemen Risiko Perbankan Level 4 mengacu SKKNI No. 218 Tahun 2020 dan POJK No. 24 Tahun 2022. Level 4 mencakup kompetensi pengelolaan risiko untuk pejabat bank setingkat Direktur Bank Umum.","Level 4 Banking Risk Management Certification references SKKNI No. 218 of 2020 and POJK No. 24 of 2022. Level 4 covers risk management competencies for bank officers at the Director level of commercial banks.","Verbatim-based (bsmr.org)"
"Keuangan Perbankan dan Asuransi","Skema Sertifikasi Manajemen Risiko Bank Umum Level 5","Commercial Bank Risk Management Level 5","Sertifikasi Manajemen Risiko Perbankan Level 5 mengacu SKKNI No. 218 Tahun 2020 dan POJK No. 24 Tahun 2022. Level 5 mencakup kompetensi pengelolaan risiko untuk pejabat bank setingkat Direktur Utama, Presiden Direktur, dan Komisaris bank umum.","Level 5 Banking Risk Management Certification references SKKNI No. 218 of 2020 and POJK No. 24 of 2022. Level 5 covers risk management competencies for President Director and Board of Commissioners level officials of commercial banks.","Verbatim-based (bsmr.org)"
"Keuangan Perbankan dan Asuransi","Skema Okupasi Treasury Dealer","Treasury Dealer","Skema sertifikasi okupasi Treasury Dealer dikembangkan oleh Komite Skema LSP Perbankan mengacu pada SKKNI Perbankan Sub-bidang Treasury. Mencakup kompetensi pengelolaan likuiditas, transaksi valuta asing, instrumen pasar uang, dan manajemen risiko treasury.","The Treasury Dealer occupational certification scheme references the Banking SKKNI – Treasury Sub-field. It covers liquidity management, foreign exchange transactions, money market instruments, and treasury risk management competencies.","Template-based / SKKNI Perbankan"
"Keuangan Perbankan dan Asuransi","Skema Okupasi Wealth Management","Wealth Management","Skema sertifikasi okupasi Wealth Management dikembangkan oleh Komite Skema LSP Perbankan (LSPP) mengacu pada SKKNI Perbankan Sub-bidang Wealth Management. Mencakup kompetensi analisis profil investasi nasabah, perencanaan keuangan, dan rekomendasi produk investasi yang sesuai.","The Wealth Management occupational certification scheme references the Banking SKKNI – Wealth Management Sub-field. It covers client investment profile analysis, financial planning, and suitable investment product recommendation competencies.","Template-based / SKKNI Perbankan"
"Keuangan Perbankan dan Asuransi","Skema Okupasi General Banking","General Banking","Skema General Banking dikembangkan oleh LSPP (Lembaga Sertifikasi Profesional Perbankan) mencakup 12 kompetensi inti industri perbankan meliputi treasury, wealth management, lending, funding and services, operation, compliance, dan audit. Mengacu pada SKKNI Perbankan dan Standar Kompetensi Khusus yang ditetapkan oleh LSPP.","The General Banking scheme is developed by LSPP covering 12 core banking industry competencies including treasury, wealth management, lending, funding and services, operations, compliance, and audit. It references Banking SKKNI and LSPP-specific Competency Standards.","Verbatim-based (lspp.or.id)"
"Keuangan Perbankan dan Asuransi","Skema Okupasi Compliance (Perbankan)","Banking Compliance","Skema sertifikasi okupasi Compliance Perbankan dikembangkan oleh Komite Skema LSP Perbankan mengacu pada SKKNI Perbankan Sub-bidang Kepatuhan dan peraturan OJK yang berlaku. Mencakup kompetensi penyusunan kebijakan kepatuhan, pemantauan kepatuhan regulasi, dan pelaporan kepada regulator.","The Banking Compliance occupational certification scheme references the Banking SKKNI – Compliance Sub-field and applicable OJK regulations. It covers compliance policy drafting, regulatory compliance monitoring, and regulatory reporting competencies.","Template-based / SKKNI Perbankan"
"Keuangan Perbankan dan Asuransi","Skema Sertifikasi Pemberian Jasa Pelayanan Nasabah","Customer Service Provision","Skema sertifikasi Pemberian Jasa Pelayanan Nasabah dikembangkan oleh Komite Skema LSP Perbankan mengacu pada SKKNI Perbankan Sub-bidang Funding and Services. Mencakup kompetensi pengelolaan rekening nasabah, pelayanan transaksi, penanganan keluhan, dan cross-selling produk perbankan.","The Customer Service Provision certification scheme references the Banking SKKNI – Funding and Services Sub-field. It covers customer account management, transaction services, complaint handling, and banking product cross-selling competencies.","Template-based / SKKNI Perbankan"
"Keuangan Perbankan dan Asuransi","Skema Sertifikasi Pengelolaan Keuangan dan Akuntansi Bank Syariah","Sharia Bank Finance & Accounting Management","Skema sertifikasi Pengelolaan Keuangan dan Akuntansi Bank Syariah dikembangkan mengacu pada SKKNI Perbankan Syariah berdasarkan Kepmenaker No. 38 Tahun 2017. Mencakup kompetensi akuntansi syariah, pelaporan keuangan bank syariah sesuai PSAK Syariah, dan pengelolaan zakat serta dana kebajikan.","The Sharia Bank Finance & Accounting Management scheme references Sharia Banking SKKNI Kepmenaker No. 38 of 2017. It covers sharia accounting, sharia bank financial reporting per PSAK Syariah, and zakat and welfare fund management competencies.","Template-based / Kepmenaker 38/2017"
"Keuangan Perbankan dan Asuransi","Skema Sertifikasi Manajer / Kepala Cabang KSPPS / USPPS","KSPPS / USPPS Manager / Branch Head","Skema Sertifikasi Profesi Pengelola KJK/KJKS untuk Jabatan Manajer/Kepala Cabang mengacu pada SKKNI Sektor Keuangan Subsektor Perantara Keuangan Bidang Koperasi Jasa Keuangan (SK Menakertrans RI No 133/MEN/III/2007). Kepemilikan sertifikat menjadi salah satu unsur penilaian kesehatan KSP dan syarat perizinan pembukaan kantor cabang (Permenkop 15/2015).","The KSPPS/USPPS Manager/Branch Head certification scheme references the Financial Services Cooperative (KJK/KJKS) SKKNI established by Kepmenakertrans No. 133/MEN/III/2007. Certificate possession is one criterion for KSP health assessment and a licensing requirement for branch office opening under Permenkop 15/2015.","Verbatim (lsppi.or.id)"
"Keuangan Perbankan dan Asuransi","Skema Sertifikasi Teknisi Akuntansi Pratama","Junior Accounting Technician","Skema sertifikasi Teknisi Akuntansi Pratama (KKNI Level 3) mencakup unit kompetensi memproses transaksi keuangan, menyusun jurnal dan buku besar, serta menyusun laporan keuangan dasar sesuai KKNI Level 3. Mengacu pada SKKNI Bidang Akuntansi.","The Junior Accounting Technician (KKNI Level 3) scheme covers processing financial transactions, preparing journals and ledgers, and preparing basic financial statements in accordance with KKNI Level 3, referencing the Accounting SKKNI.","Verbatim-based (pdfcoffee)"
"Keuangan Perbankan dan Asuransi","Skema Sertifikasi Teknisi Akuntansi Muda","Middle Accounting Technician","Skema sertifikasi Teknisi Akuntansi Muda (KKNI Level 4) mencakup kompetensi menyusun laporan keuangan entitas tunggal dan konsolidasi, analisis laporan keuangan, serta perpajakan dasar sesuai KKNI Level 4. Mengacu pada SKKNI Bidang Akuntansi.","The Middle Accounting Technician (KKNI Level 4) scheme covers preparing single-entity and consolidated financial statements, financial statement analysis, and basic taxation in accordance with KKNI Level 4, referencing the Accounting SKKNI.","Template-based / SKKNI Akuntansi"
"Keuangan Perbankan dan Asuransi","Skema Sertifikasi Teknisi Akuntansi Madya","Senior Accounting Technician","Skema sertifikasi Teknisi Akuntansi Madya (KKNI Level 5) mencakup kompetensi akuntansi manajerial, penganggaran (budgeting), dan pengelolaan sistem informasi akuntansi sesuai KKNI Level 5. Mengacu pada SKKNI Bidang Akuntansi.","The Senior Accounting Technician (KKNI Level 5) scheme covers managerial accounting, budgeting, and accounting information system management in accordance with KKNI Level 5.","Template-based / SKKNI Akuntansi"
"Keuangan Perbankan dan Asuransi","Skema Sertifikasi Teknisi Akuntansi Ahli","Expert Accounting Technician","Skema sertifikasi Teknisi Akuntansi Ahli (KKNI Level 6) mencakup kompetensi akuntansi strategis, audit internal, dan pelaporan keuangan tingkat lanjut sesuai KKNI Level 6. Mengacu pada SKKNI Bidang Akuntansi.","The Expert Accounting Technician (KKNI Level 6) scheme covers strategic accounting, internal auditing, and advanced financial reporting in accordance with KKNI Level 6.","Template-based / SKKNI Akuntansi"
"Keuangan Perbankan dan Asuransi","Skema Sertifikasi Wakil Penjamin Emisi Efek (WPEE)","Securities Underwriter Representative","Skema sertifikasi WPEE mengacu pada Kepmenaker Nomor 20 Tahun 2024 tentang Penetapan SKKNI Kategori Aktivitas Keuangan dan Asuransi Golongan Pokok Aktivitas Penunjang Jasa Keuangan Bidang Pasar Modal, OJK KEP-11/D.02/2024 tentang KKNI Bidang Pasar Modal, dan POJK 11/POJK.02/2021 tentang Penatalaksanaan Sertifikasi Profesi di Sektor Jasa Keuangan. Jenjang Kualifikasi 5. WPEE berwenang menjamin penjualan efek dalam proses penawaran umum.","The WPEE certification scheme references Kepmenaker No. 20 of 2024 (Capital Market SKKNI), OJK KEP-11/D.02/2024 (KKNI Capital Market Field), and POJK 11/POJK.02/2021 (Professional Certification in Financial Services). Qualification Level 5. WPEE holders are authorized to underwrite securities in public offering processes.","Verbatim-based (lsppm.com / lsppmi.id)"
"Keuangan Perbankan dan Asuransi","Skema Sertifikasi Wakil Perantara Pedagang Efek (WPPE)","Securities Broker-Dealer Representative","Skema sertifikasi WPPE mengacu pada Kepmenaker Nomor 20 Tahun 2024 tentang Penetapan SKKNI Bidang Pasar Modal, OJK KEP-11/D.02/2024, dan POJK 11/POJK.02/2021. Jenjang Kualifikasi 5. WPPE berwenang melakukan transaksi efek atas perintah nasabah di Bursa Efek Indonesia.","The WPPE certification scheme references Kepmenaker No. 20 of 2024 (Capital Market SKKNI), OJK KEP-11/D.02/2024, and POJK 11/POJK.02/2021. Qualification Level 5. WPPE holders are authorized to execute securities transactions on behalf of clients at the Indonesia Stock Exchange.","Verbatim-based (lsppmi.id)"
"Keuangan Perbankan dan Asuransi","Skema Sertifikasi Wakil Manajer Investasi (WMI)","Investment Manager Representative","Skema sertifikasi WMI mengacu pada Kepmenaker Nomor 20 Tahun 2024 tentang Penetapan SKKNI Bidang Pasar Modal, OJK KEP-11/D.02/2024, dan POJK 11/POJK.02/2021. Jenjang Kualifikasi 5. WMI berwenang melakukan kegiatan pengelolaan investasi nasabah atas nama perusahaan Manajer Investasi.","The WMI certification scheme references Kepmenaker No. 20 of 2024 (Capital Market SKKNI), OJK KEP-11/D.02/2024, and POJK 11/POJK.02/2021. Qualification Level 5. WMI holders are authorized to conduct client investment management activities on behalf of an Investment Management company.","Verbatim-based (lsppm.com)"
"Pariwisata dan Perhotelan","Skema Okupasi Bellboy","Bellboy","Skema sertifikasi okupasi Bellboy dikembangkan oleh Komite Skema LSP Pariwisata mengacu pada SKKNI berdasarkan Kepmenaker No. 145 Tahun 2018 Bidang Hotel dan Restoran. Mencakup kompetensi menyambut tamu, menangani barang bawaan tamu, memberikan informasi fasilitas hotel, dan menjaga penampilan serta standar pelayanan.","The Bellboy occupational certification scheme references SKKNI Kepmenaker No. 145 of 2018 (Hotels & Restaurants Field). It covers welcoming guests, handling guest luggage, providing hotel facility information, and maintaining appearance and service standards competencies.","Template-based / Kepmenaker 145/2018"
"Pariwisata dan Perhotelan","Skema Okupasi Receptionist","Receptionist","Skema sertifikasi okupasi Receptionist dikembangkan oleh Komite Skema LSP Pariwisata mengacu pada SKKNI berdasarkan Kepmenaker No. 145 Tahun 2018 Bidang Hotel dan Restoran. Mencakup kompetensi menerima dan melayani tamu hotel, menangani reservasi, mengelola informasi tamu, melaksanakan prosedur check-in dan check-out.","The Receptionist occupational certification scheme references SKKNI Kepmenaker No. 145 of 2018 (Hotels & Restaurants Field). It covers receiving and serving hotel guests, handling reservations, managing guest information, and executing check-in/check-out procedures competencies.","Verbatim-based (pdfcoffee – Front Office scheme)"
"Pariwisata dan Perhotelan","Skema Okupasi Telephone Operator","Telephone Operator","Skema sertifikasi okupasi Telephone Operator dikembangkan oleh Komite Skema LSP Pariwisata mengacu pada SKKNI berdasarkan Kepmenaker No. 145 Tahun 2018 Bidang Hotel dan Restoran. Mencakup kompetensi mengelola sistem komunikasi telepon hotel, menerima dan meneruskan panggilan, serta memberikan layanan wake-up call.","The Telephone Operator occupational certification scheme references SKKNI Kepmenaker No. 145 of 2018 (Hotels & Restaurants Field). It covers managing hotel telephone communication systems, receiving and routing calls, and providing wake-up call services competencies.","Template-based / Kepmenaker 145/2018"
"Pariwisata dan Perhotelan","Skema Okupasi Front Office Supervisor","Front Office Supervisor","Skema sertifikasi okupasi Front Office Supervisor dikembangkan oleh Komite Skema LSP Pariwisata mengacu pada SKKNI berdasarkan Kepmenaker No. 145 Tahun 2018 Bidang Hotel dan Restoran. Skema ini mencakup kompetensi mengawasi operasional front office, mengelola reservasi grup, menangani keluhan tamu VIP, dan memimpin tim front office secara efektif.","The Front Office Supervisor occupational certification scheme references SKKNI Kepmenaker No. 145 of 2018 (Hotels & Restaurants Field). It covers supervising front office operations, managing group reservations, handling VIP guest complaints, and leading the front office team effectively.","Verbatim-based (pdfcoffee – Front Office scheme)"
"Pariwisata dan Perhotelan","Skema Okupasi Public Area Cleaner","Public Area Cleaner","Skema sertifikasi okupasi Public Area Cleaner dikembangkan oleh Komite Skema LSP Pariwisata mengacu pada SKKNI berdasarkan Kepmenaker No. 145 Tahun 2018 Bidang Hotel dan Restoran. Mencakup kompetensi pembersihan dan pemeliharaan area publik hotel meliputi lobi, koridor, toilet umum, dan area restoran.","The Public Area Cleaner occupational certification scheme references SKKNI Kepmenaker No. 145 of 2018 (Hotels & Restaurants Field). It covers cleaning and maintenance of hotel public areas including lobby, corridors, public restrooms, and restaurant areas competencies.","Template-based / Kepmenaker 145/2018"
"Pariwisata dan Perhotelan","Skema Okupasi Room Attendant","Room Attendant","Skema sertifikasi okupasi Room Attendant dikembangkan oleh Komite Skema LSP Pariwisata mengacu pada SKKNI berdasarkan Kepmenaker No. 145 Tahun 2018 Bidang Hotel dan Restoran. Mencakup kompetensi merapikan dan membersihkan kamar tamu, mengganti linen, melengkapi amenities, dan melaporkan kerusakan fasilitas kamar.","The Room Attendant occupational certification scheme references SKKNI Kepmenaker No. 145 of 2018 (Hotels & Restaurants Field). It covers tidying and cleaning guest rooms, changing linens, replenishing amenities, and reporting room facility damage competencies.","Template-based / Kepmenaker 145/2018"
"Pariwisata dan Perhotelan","Skema Okupasi Laundry Attendant","Laundry Attendant","Skema sertifikasi okupasi Laundry Attendant dikembangkan oleh Komite Skema LSP Pariwisata mengacu pada SKKNI berdasarkan Kepmenaker No. 145 Tahun 2018 Bidang Hotel dan Restoran. Mencakup kompetensi pencucian, pengeringan, penyetrikaan, dan pelipatan linen serta pakaian tamu hotel.","The Laundry Attendant occupational certification scheme references SKKNI Kepmenaker No. 145 of 2018 (Hotels & Restaurants Field). It covers washing, drying, ironing, and folding hotel linens and guest clothing competencies.","Template-based / Kepmenaker 145/2018"
"Pariwisata dan Perhotelan","Skema Okupasi Floor Supervisor","Floor Supervisor","Skema sertifikasi okupasi Floor Supervisor dikembangkan oleh Komite Skema LSP Pariwisata mengacu pada SKKNI berdasarkan Kepmenaker No. 145 Tahun 2018 Bidang Hotel dan Restoran. Mencakup kompetensi mengawasi pekerjaan room attendant, memastikan standar kebersihan kamar, mengelola inventaris linen dan supplies, dan melaporkan kondisi kamar kepada housekeeping manager.","The Floor Supervisor occupational certification scheme references SKKNI Kepmenaker No. 145 of 2018 (Hotels & Restaurants Field). It covers supervising room attendant work, ensuring room cleanliness standards, managing linen and supplies inventory, and reporting room conditions to the housekeeping manager.","Template-based / Kepmenaker 145/2018"
"Pariwisata dan Perhotelan","Skema Okupasi Waiter","Waiter","Skema sertifikasi okupasi Waiter dikembangkan oleh Komite Skema LSP Pariwisata mengacu pada SKKNI berdasarkan Kepmenaker No. 145 Tahun 2018 Bidang Hotel dan Restoran. Mencakup kompetensi menyiapkan area makan, menyambut tamu, mengambil pesanan, menyajikan makanan dan minuman, serta menyelesaikan tagihan tamu.","The Waiter occupational certification scheme references SKKNI Kepmenaker No. 145 of 2018 (Hotels & Restaurants Field). It covers preparing dining areas, welcoming guests, taking orders, serving food and beverages, and processing guest bills competencies.","Template-based / Kepmenaker 145/2018"
"Pariwisata dan Perhotelan","Skema Okupasi Bartender","Bartender","Skema sertifikasi okupasi Bartender dikembangkan oleh Komite Skema LSP Pariwisata mengacu pada SKKNI berdasarkan Kepmenaker No. 145 Tahun 2018 Bidang Hotel dan Restoran. Mencakup kompetensi menyiapkan dan menyajikan minuman beralkohol dan non-alkohol, mengelola bar, dan memberikan layanan pelanggan di area bar.","The Bartender occupational certification scheme references SKKNI Kepmenaker No. 145 of 2018 (Hotels & Restaurants Field). It covers preparing and serving alcoholic and non-alcoholic beverages, bar management, and customer service at the bar area competencies.","Template-based / Kepmenaker 145/2018"
"Pariwisata dan Perhotelan","Skema Okupasi Head Waiter","Head Waiter","Skema sertifikasi okupasi Head Waiter dikembangkan oleh Komite Skema LSP Pariwisata mengacu pada SKKNI berdasarkan Kepmenaker No. 145 Tahun 2018 Bidang Hotel dan Restoran. Mencakup kompetensi memimpin tim pramusaji, mengawasi standar pelayanan meja, mengelola reservasi restoran, dan menangani keluhan tamu.","The Head Waiter occupational certification scheme references SKKNI Kepmenaker No. 145 of 2018 (Hotels & Restaurants Field). It covers leading the waiting staff team, supervising table service standards, managing restaurant reservations, and handling guest complaints competencies.","Template-based / Kepmenaker 145/2018"
"Pariwisata dan Perhotelan","Skema Okupasi Outlet Manager","Outlet Manager","Skema sertifikasi okupasi Outlet Manager dikembangkan oleh Komite Skema LSP Pariwisata mengacu pada SKKNI berdasarkan Kepmenaker No. 145 Tahun 2018 Bidang Hotel dan Restoran. Mencakup kompetensi pengelolaan operasional outlet F&B, pengendalian biaya, pengelolaan staf, serta peningkatan revenue outlet.","The Outlet Manager occupational certification scheme references SKKNI Kepmenaker No. 145 of 2018 (Hotels & Restaurants Field). It covers F&B outlet operational management, cost control, staff management, and outlet revenue improvement competencies.","Template-based / Kepmenaker 145/2018"
"Pariwisata dan Perhotelan","Skema Okupasi Butcher","Butcher","Skema sertifikasi okupasi Butcher dikembangkan oleh Komite Skema LSP Pariwisata mengacu pada SKKNI berdasarkan Kepmenaker No. 145 Tahun 2018 Bidang Hotel dan Restoran. Mencakup kompetensi pemilihan dan pemotongan daging, unggas, dan ikan sesuai standar porsi, serta pengelolaan penyimpanan bahan makanan protein.","The Butcher occupational certification scheme references SKKNI Kepmenaker No. 145 of 2018 (Hotels & Restaurants Field). It covers meat, poultry, and fish selection and portioning to standard specifications, and protein food storage management competencies.","Template-based / Kepmenaker 145/2018"
"Pariwisata dan Perhotelan","Skema Okupasi Commis Pastry","Commis Pastry","Skema sertifikasi okupasi Commis Pastry dikembangkan oleh Komite Skema LSP Pariwisata mengacu pada SKKNI berdasarkan Kepmenaker No. 145 Tahun 2018 Bidang Hotel dan Restoran. Mencakup kompetensi pembuatan produk pastry dasar, penggunaan peralatan dapur pastry, dan pemeliharaan standar kebersihan seksi pastry.","The Commis Pastry occupational certification scheme references SKKNI Kepmenaker No. 145 of 2018 (Hotels & Restaurants Field). It covers basic pastry product preparation, pastry kitchen equipment use, and pastry section hygiene standard maintenance competencies.","Template-based / Kepmenaker 145/2018"
"Pariwisata dan Perhotelan","Skema Okupasi Baker","Baker","Skema sertifikasi okupasi Baker dikembangkan oleh Komite Skema LSP Pariwisata mengacu pada SKKNI berdasarkan Kepmenaker No. 145 Tahun 2018 Bidang Hotel dan Restoran. Mencakup kompetensi pembuatan berbagai jenis roti, produk bakeri, dan pengelolaan proses pengovenan sesuai standar kualitas hotel.","The Baker occupational certification scheme references SKKNI Kepmenaker No. 145 of 2018 (Hotels & Restaurants Field). It covers various bread and bakery product preparation and oven process management to hotel quality standards competencies.","Template-based / Kepmenaker 145/2018"
"Pariwisata dan Perhotelan","Skema Okupasi Demi Chef","Demi Chef","Skema sertifikasi okupasi Demi Chef dikembangkan oleh Komite Skema LSP Pariwisata mengacu pada SKKNI berdasarkan Kepmenaker No. 145 Tahun 2018 Bidang Hotel dan Restoran. Mencakup kompetensi persiapan dan pengolahan hidangan pada satu seksi dapur, membantu Chef de Partie, dan memastikan kualitas hidangan sesuai standar resep.","The Demi Chef occupational certification scheme references SKKNI Kepmenaker No. 145 of 2018 (Hotels & Restaurants Field). It covers food preparation and cooking in one kitchen section, assisting the Chef de Partie, and ensuring dish quality according to standard recipes.","Template-based / Kepmenaker 145/2018"
"Pariwisata dan Perhotelan","Skema Okupasi Chef de Partie","Chef de Partie","Skema sertifikasi okupasi Chef de Partie dikembangkan oleh Komite Skema LSP Pariwisata mengacu pada SKKNI berdasarkan Kepmenaker No. 145 Tahun 2018 Bidang Hotel dan Restoran. Mencakup kompetensi memimpin satu seksi dapur, merencanakan menu seksi, mengelola bahan baku, dan melatih staf dapur junior.","The Chef de Partie occupational certification scheme references SKKNI Kepmenaker No. 145 of 2018 (Hotels & Restaurants Field). It covers leading one kitchen section, planning section menus, managing raw materials, and training junior kitchen staff competencies.","Template-based / Kepmenaker 145/2018"
"Pariwisata dan Perhotelan","Skema Okupasi Executive Chef","Executive Chef","Skema sertifikasi okupasi Executive Chef dikembangkan oleh Komite Skema LSP Pariwisata mengacu pada SKKNI berdasarkan Kepmenaker No. 145 Tahun 2018 Bidang Hotel dan Restoran. Mencakup kompetensi memimpin seluruh operasional dapur hotel, merancang menu, mengelola anggaran F&B, mengendalikan biaya bahan makanan, dan mengembangkan tim kuliner.","The Executive Chef occupational certification scheme references SKKNI Kepmenaker No. 145 of 2018 (Hotels & Restaurants Field). It covers leading all hotel kitchen operations, menu design, F&B budget management, food cost control, and culinary team development competencies.","Template-based / Kepmenaker 145/2018"
"Pariwisata dan Perhotelan","Skema Okupasi Pemandu Ekowisata Muda","Junior Ecotourism Guide","Skema sertifikasi okupasi Pemandu Ekowisata Muda dikembangkan oleh Komite Skema LSP Pariwisata mengacu pada SKKNI Bidang Kepariwisataan Sub-bidang Pramuwisata Alam. Mencakup kompetensi memandu wisatawan di kawasan alam, memberikan interpretasi lingkungan, dan memastikan keselamatan wisatawan selama perjalanan ekowisata.","The Junior Ecotourism Guide occupational certification scheme references the Tourism SKKNI – Nature Tour Guide Sub-field. It covers guiding tourists in natural areas, providing environmental interpretation, and ensuring tourist safety during ecotourism tours competencies.","Template-based / SKKNI Kepariwisataan"
"Pariwisata dan Perhotelan","Skema Okupasi Pemandu Arung Jeram","Rafting Guide","Skema sertifikasi okupasi Pemandu Arung Jeram dikembangkan oleh Komite Skema LSP Pariwisata mengacu pada SKKNI Bidang Kepariwisataan Sub-bidang Arung Jeram. Mencakup kompetensi penguasaan teknik arung jeram, keselamatan di sungai, pertolongan pertama di air, dan pemanduan wisatawan di jalur arung jeram.","The Rafting Guide occupational certification scheme references the Tourism SKKNI – Rafting Sub-field. It covers rafting techniques, river safety, water first aid, and guiding tourists on rafting routes competencies.","Template-based / SKKNI Kepariwisataan"
"Pariwisata dan Perhotelan","Skema Okupasi Konsultan Perencanaan Pemasaran Pariwisata","Tourism Marketing Planning Consultant","Skema sertifikasi okupasi Konsultan Perencanaan Pemasaran Pariwisata dikembangkan oleh Komite Skema LSP Pariwisata mengacu pada SKKNI Bidang Kepariwisataan Sub-bidang Pemasaran Pariwisata. Mencakup kompetensi analisis pasar pariwisata, perancangan strategi pemasaran destinasi, dan perencanaan promosi pariwisata.","The Tourism Marketing Planning Consultant occupational certification scheme references the Tourism SKKNI – Tourism Marketing Sub-field. It covers tourism market analysis, destination marketing strategy design, and tourism promotion planning competencies.","Template-based / SKKNI Kepariwisataan"
"Pariwisata dan Perhotelan","Skema Okupasi Spa Therapist Junior","Junior Spa Therapist","Skema sertifikasi okupasi Spa Therapist Junior dikembangkan oleh Komite Skema LSP Pariwisata mengacu pada SKKNI Bidang Kepariwisataan Sub-bidang Spa. Mencakup kompetensi teknik pijat dasar, perawatan tubuh, pelayanan tamu spa, dan pemeliharaan kebersihan area spa.","The Junior Spa Therapist occupational certification scheme references the Tourism SKKNI – Spa Sub-field. It covers basic massage techniques, body care treatments, spa guest service, and spa area hygiene maintenance competencies.","Template-based / SKKNI Kepariwisataan"
"Pariwisata dan Perhotelan","Skema Okupasi Usaha Perjalanan Wisata","Travel Agency Operations","Skema sertifikasi okupasi Usaha Perjalanan Wisata dikembangkan oleh Komite Skema LSP Pariwisata mengacu pada SKKNI Bidang Kepariwisataan Sub-bidang Perjalanan Wisata. Mencakup kompetensi perancangan paket wisata, reservasi penerbangan dan akomodasi, pengelolaan dokumen perjalanan, dan pelayanan wisatawan.","The Travel Agency Operations occupational certification scheme references the Tourism SKKNI – Travel Agency Sub-field. It covers tour package design, flight and accommodation reservations, travel document management, and tourist service competencies.","Template-based / SKKNI Kepariwisataan"
"Pariwisata dan Perhotelan","Skema Okupasi Wisata Bahari dan Ekowisata","Marine Tourism & Ecotourism","Skema sertifikasi okupasi Wisata Bahari dan Ekowisata dikembangkan oleh Komite Skema LSP Pariwisata mengacu pada SKKNI Bidang Kepariwisataan Sub-bidang Wisata Bahari dan Ekowisata. Mencakup kompetensi pengelolaan wisata bahari, keselamatan di laut, interpretasi ekosistem laut, dan pemanduan wisatawan di kawasan bahari dan ekowisata.","The Marine Tourism & Ecotourism occupational certification scheme references the Tourism SKKNI – Marine Tourism & Ecotourism Sub-field. It covers marine tourism management, sea safety, marine ecosystem interpretation, and guiding tourists in marine and ecotourism areas competencies.","Template-based / SKKNI Kepariwisataan"
"Konstruksi","Skema Okupasi Ahli Muda Perawatan Bangunan Gedung","Junior Building Maintenance Expert","Skema sertifikasi okupasi Ahli Muda Perawatan Bangunan Gedung dikembangkan oleh Komite Skema LSP Jasa Konstruksi mengacu pada SKKNI berdasarkan Peraturan Menteri Pekerjaan Umum dan Perumahan Rakyat tentang Bangunan Gedung dan SK Dirjen Bina Konstruksi No. 33/KPTS/Dk/2023. Mencakup kompetensi inspeksi, diagnosa permasalahan, dan pelaksanaan pemeliharaan bangunan gedung pada tingkat ahli muda (KKNI Level 7).","The Junior Building Maintenance Expert occupational certification scheme references the Ministry of Public Works regulations on buildings and SK Dirjen Bina Konstruksi No. 33/KPTS/Dk/2023. It covers building inspection, problem diagnosis, and building maintenance implementation competencies at the junior expert level (KKNI Level 7).","Template-based / SK Dirjen Bina Konstruksi 33/2023"
"Konstruksi","Skema Okupasi Ahli Madya Perawatan Bangunan Gedung","Middle Building Maintenance Expert","Skema sertifikasi okupasi Ahli Madya Perawatan Bangunan Gedung mengacu pada SKKNI Bidang Bangunan Gedung dan SK Dirjen Bina Konstruksi No. 33/KPTS/Dk/2023. Mencakup kompetensi pengelolaan program pemeliharaan bangunan, evaluasi kondisi bangunan, dan supervisi pekerjaan pemeliharaan pada tingkat ahli madya (KKNI Level 8).","The Middle Building Maintenance Expert scheme references the building field SKKNI and SK Dirjen Bina Konstruksi No. 33/KPTS/Dk/2023. It covers building maintenance program management, building condition evaluation, and maintenance work supervision at the middle expert level (KKNI Level 8).","Template-based / SK Dirjen Bina Konstruksi 33/2023"
"Konstruksi","Skema Okupasi Ahli Utama Perawatan Bangunan Gedung","Senior Building Maintenance Expert","Skema sertifikasi okupasi Ahli Utama Perawatan Bangunan Gedung mengacu pada SKKNI Bidang Bangunan Gedung dan SK Dirjen Bina Konstruksi No. 33/KPTS/Dk/2023. Mencakup kompetensi penyusunan kebijakan pemeliharaan bangunan, koordinasi multi-disiplin, dan konsultasi teknis pemeliharaan bangunan gedung pada tingkat ahli utama (KKNI Level 9).","The Senior Building Maintenance Expert scheme references the building field SKKNI and SK Dirjen Bina Konstruksi No. 33/KPTS/Dk/2023. It covers building maintenance policy development, multi-discipline coordination, and building maintenance technical consultation at the senior expert level (KKNI Level 9).","Template-based / SK Dirjen Bina Konstruksi 33/2023"
"Konstruksi","Skema Okupasi Ahli Muda Perencana Beton","Junior Concrete Planning Expert","Skema sertifikasi okupasi Ahli Muda Perencana Beton dikembangkan oleh Komite Skema LSP Jasa Konstruksi mengacu pada SKKNI Bidang Teknik Beton dan Struktur. Mencakup kompetensi perancangan struktur beton bertulang, analisis beban, pembuatan gambar struktur, dan penyusunan spesifikasi teknis beton.","The Junior Concrete Planning Expert occupational certification scheme references the SKKNI Concrete and Structural Engineering Field. It covers reinforced concrete structural design, load analysis, structural drawing preparation, and concrete technical specifications drafting competencies.","Template-based / SKKNI Beton"
"Konstruksi","Skema Okupasi Ahli Madya Perencana Beton","Middle Concrete Planning Expert","Skema sertifikasi okupasi Ahli Madya Perencana Beton mengacu pada SKKNI Bidang Teknik Beton dan Struktur. Mencakup kompetensi perancangan struktur beton tingkat menengah, analisis dinamik, desain pondasi dalam, dan evaluasi struktur beton yang ada.","The Middle Concrete Planning Expert scheme references the SKKNI Concrete and Structural Engineering Field. It covers intermediate-level concrete structural design, dynamic analysis, deep foundation design, and existing concrete structure evaluation competencies.","Template-based / SKKNI Beton"
"Konstruksi","Skema Okupasi Ahli Utama Perencana Beton","Senior Concrete Planning Expert","Skema sertifikasi okupasi Ahli Utama Perencana Beton mengacu pada SKKNI Bidang Teknik Beton dan Struktur. Mencakup kompetensi perancangan struktur beton kompleks, inovasi teknologi beton, dan konsultasi teknis pada proyek berskala besar.","The Senior Concrete Planning Expert scheme references the SKKNI Concrete and Structural Engineering Field. It covers complex concrete structural design, concrete technology innovation, and technical consultation on large-scale projects competencies.","Template-based / SKKNI Beton"
"Konstruksi","Skema Okupasi Ahli Muda Manajemen Proyek Konstruksi","Junior Construction Project Management Expert","Skema sertifikasi okupasi Ahli Muda Manajemen Proyek Konstruksi dikembangkan oleh Komite Skema LSP Jasa Konstruksi mengacu pada SKKNI Bidang Manajemen Proyek Konstruksi. Mencakup kompetensi perencanaan proyek, penjadwalan, pengendalian biaya, manajemen mutu, dan keselamatan proyek konstruksi pada tingkat ahli muda.","The Junior Construction Project Management Expert scheme references the SKKNI Construction Project Management Field. It covers project planning, scheduling, cost control, quality management, and construction project safety competencies at the junior expert level.","Template-based / SKKNI Manajemen Proyek Konstruksi"
"Konstruksi","Skema Okupasi Ahli Madya Manajemen Proyek Konstruksi","Middle Construction Project Management Expert","Skema sertifikasi okupasi Ahli Madya Manajemen Proyek Konstruksi mengacu pada SKKNI Bidang Manajemen Proyek Konstruksi. Mencakup kompetensi manajemen proyek multi-kontrak, klaim konstruksi, manajemen risiko, dan koordinasi pemangku kepentingan proyek pada tingkat madya.","The Middle Construction Project Management Expert scheme references the SKKNI Construction Project Management Field. It covers multi-contract project management, construction claims, risk management, and project stakeholder coordination at the middle expert level.","Template-based / SKKNI Manajemen Proyek Konstruksi"
"Konstruksi","Skema Okupasi Ahli Utama Manajemen Proyek Konstruksi","Senior Construction Project Management Expert","Skema sertifikasi okupasi Ahli Utama Manajemen Proyek Konstruksi mengacu pada SKKNI Bidang Manajemen Proyek Konstruksi. Mencakup kompetensi kepemimpinan program konstruksi berskala besar, strategi manajemen portofolio proyek, dan pengembangan metodologi manajemen proyek konstruksi.","The Senior Construction Project Management Expert scheme references the SKKNI Construction Project Management Field. It covers leadership of large-scale construction programs, project portfolio management strategy, and construction project management methodology development competencies.","Template-based / SKKNI Manajemen Proyek Konstruksi"
"Konstruksi","Skema Okupasi Ahli Muda K3 Konstruksi","Junior Construction Safety Expert","Skema sertifikasi okupasi Ahli Muda Keselamatan Konstruksi merupakan skema sertifikasi okupasi yang dikembangkan oleh Komite Skema Sertifikasi LSP K3 Konstruksi. Kemasan kompetensi yang digunakan mengacu pada Kepmenaker RI Nomor 60 Tahun 2022 tentang Penetapan SKKNI Kategori Aktivitas Profesional, Ilmiah Dan Teknis Golongan Pokok Aktivitas Arsitektur Dan Keinsinyuran; Analisis Dan Uji Teknis Pada Jabatan Kerja Ahli Keselamatan Konstruksi, SK Dirjen Bina Konstruksi Kementerian PUPR Nomor 12.1/KPTS/Dk/2022 dan SE LPJK Nomor 07/SE/LPJK/2022.","The Junior Construction Safety Expert occupational certification scheme was developed by the Scheme Committee of LSP K3 Konstruksi, referencing Kepmenaker No. 60 of 2022 (Construction Safety Expert SKKNI), SK Dirjen Bina Konstruksi No. 12.1/KPTS/Dk/2022, and SE LPJK No. 07/SE/LPJK/2022.","Verbatim (lspk3konstruksi.id)"
"Konstruksi","Skema Okupasi Ahli Madya Keselamatan Konstruksi","Middle Construction Safety Expert","Skema sertifikasi okupasi Ahli Madya Keselamatan Konstruksi dikembangkan oleh LSP K3 Konstruksi mengacu pada Kepmenaker RI Nomor 60 Tahun 2022 Bidang Ahli Keselamatan Konstruksi, SK Dirjen Bina Konstruksi No. 12.1/KPTS/Dk/2022, dan SE LPJK No. 07/SE/LPJK/2022. Mencakup kompetensi supervisi dan pengawasan sistem manajemen keselamatan konstruksi pada tingkat menengah.","The Middle Construction Safety Expert scheme by LSP K3 Konstruksi references Kepmenaker No. 60 of 2022 and related ministerial decrees. It covers mid-level construction safety management system supervision competencies.","Verbatim-based (lspk3konstruksi.id)"
"Konstruksi","Skema Okupasi Ahli Utama Keselamatan Konstruksi","Senior Construction Safety Expert","Skema sertifikasi okupasi Ahli Utama Keselamatan Konstruksi dikembangkan oleh LSP K3 Konstruksi mengacu pada Kepmenaker RI Nomor 60 Tahun 2022, SK Dirjen Bina Konstruksi No. 12.1/KPTS/Dk/2022, dan SE LPJK No. 07/SE/LPJK/2022. Mencakup kompetensi pengembangan kebijakan keselamatan konstruksi, audit sistem manajemen keselamatan, dan konsultasi keselamatan konstruksi pada tingkat utama.","The Senior Construction Safety Expert scheme by LSP K3 Konstruksi references Kepmenaker No. 60 of 2022 and related decrees. It covers construction safety policy development, safety management system auditing, and construction safety consultation at the senior expert level.","Template-based / Kepmenaker 60/2022"
"Konstruksi","Skema Okupasi Manajer Lapangan Pekerjaan Gedung","Building Works Field Manager","Skema sertifikasi okupasi Manajer Lapangan Pekerjaan Gedung dikembangkan oleh Komite Skema LSP Jasa Konstruksi mengacu pada SKKNI No. 192 Tahun 2016 Bidang Bangunan Gedung. Mencakup kompetensi memimpin pelaksanaan pekerjaan konstruksi gedung di lapangan, mengelola sumber daya, memastikan mutu dan keselamatan pekerjaan.","The Building Works Field Manager scheme references SKKNI No. 192 of 2016 (Building Field). It covers leading building construction work execution on-site, managing resources, and ensuring work quality and safety competencies.","Template-based / SKKNI 192/2016"
"Konstruksi","Skema Okupasi Manajer Teknik Pelaksana Bangunan Gedung","Building Technical Implementation Manager","Skema sertifikasi okupasi Manajer Teknik Pelaksana Bangunan Gedung dikembangkan oleh Komite Skema LSP Jasa Konstruksi mengacu pada SKKNI No. 192 Tahun 2016 Bidang Bangunan Gedung. Mencakup kompetensi pengelolaan teknis pelaksanaan konstruksi gedung, koordinasi sub-kontraktor, dan pengendalian mutu teknis.","The Building Technical Implementation Manager scheme references SKKNI No. 192 of 2016 (Building Field). It covers managing the technical execution of building construction, sub-contractor coordination, and technical quality control competencies.","Template-based / SKKNI 192/2016"
"Konstruksi","Skema Okupasi Pengawas Lapangan Pekerjaan Jalan","Road Works Field Supervisor","Skema sertifikasi okupasi Pengawas Lapangan Pekerjaan Jalan dikembangkan oleh Komite Skema LSP Jasa Konstruksi mengacu pada SKKNI No. 126 Tahun 2021 Bidang Jalan. Mencakup kompetensi pengawasan pelaksanaan konstruksi jalan, pengendalian mutu material, dan pelaporan kemajuan pekerjaan jalan.","The Road Works Field Supervisor scheme references SKKNI No. 126 of 2021 (Road Works Field). It covers supervising road construction implementation, material quality control, and road works progress reporting competencies.","Template-based / SKKNI 126/2021"
"Konstruksi","Skema Okupasi Pengawas Lapangan Pekerjaan Jembatan","Bridge Works Field Supervisor","Skema sertifikasi okupasi Pengawas Lapangan Pekerjaan Jembatan dikembangkan oleh Komite Skema LSP Jasa Konstruksi mengacu pada SKKNI No. 84 Tahun 2021 Bidang Jembatan. Mencakup kompetensi pengawasan pelaksanaan konstruksi jembatan, pengendalian mutu elemen jembatan, dan pelaporan kemajuan pekerjaan.","The Bridge Works Field Supervisor scheme references SKKNI No. 84 of 2021 (Bridge Works Field). It covers supervising bridge construction implementation, bridge element quality control, and progress reporting competencies.","Template-based / SKKNI 84/2021"
"Konstruksi","Skema Okupasi Ahli Muda Geoteknik","Junior Geotechnical Expert","Skema sertifikasi okupasi Ahli Muda Geoteknik dikembangkan oleh Komite Skema LSP Jasa Konstruksi mengacu pada SKKNI Bidang Geoteknik dan SKKNI Sumber Daya Air No. 124 Tahun 2021. Mencakup kompetensi investigasi geoteknik, analisis stabilitas lereng, dan perancangan pondasi dasar.","The Junior Geotechnical Expert scheme references the SKKNI Geotechnical Field and SKKNI Water Resources No. 124 of 2021. It covers geotechnical investigation, slope stability analysis, and basic foundation design competencies.","Template-based / SKKNI Geoteknik"
"Konstruksi","Skema Okupasi Ahli Madya Geoteknik","Middle Geotechnical Expert","Skema sertifikasi okupasi Ahli Madya Geoteknik mengacu pada SKKNI Bidang Geoteknik dan SKKNI Sumber Daya Air No. 124 Tahun 2021. Mencakup kompetensi pengelolaan investigasi geoteknik kompleks, perancangan perkuatan lereng, dan analisis penurunan pondasi.","The Middle Geotechnical Expert scheme references the SKKNI Geotechnical Field and SKKNI Water Resources No. 124 of 2021. It covers complex geotechnical investigation management, slope reinforcement design, and foundation settlement analysis competencies.","Template-based / SKKNI Geoteknik"
"Konstruksi","Skema Okupasi Ahli Muda Hidrologi","Junior Hydrology Expert","Skema sertifikasi okupasi Ahli Muda Hidrologi dikembangkan oleh Komite Skema LSP Jasa Konstruksi mengacu pada SKKNI Sumber Daya Air No. 124 Tahun 2021 Bidang Hidrologi. Mencakup kompetensi analisis data hidrologi, perhitungan debit banjir, dan perencanaan sistem drainase dasar.","The Junior Hydrology Expert scheme references SKKNI Water Resources No. 124 of 2021 (Hydrology Field). It covers hydrological data analysis, flood discharge calculation, and basic drainage system planning competencies.","Template-based / SKKNI 124/2021"
"Konstruksi","Skema Okupasi Ahli Madya Hidrologi","Middle Hydrology Expert","Skema sertifikasi okupasi Ahli Madya Hidrologi mengacu pada SKKNI Sumber Daya Air No. 124 Tahun 2021 Bidang Hidrologi. Mencakup kompetensi pemodelan hidrologi, analisis banjir kompleks, dan perancangan sistem pengelolaan air hujan.","The Middle Hydrology Expert scheme references SKKNI Water Resources No. 124 of 2021 (Hydrology Field). It covers hydrological modeling, complex flood analysis, and stormwater management system design competencies.","Template-based / SKKNI 124/2021"
"Konstruksi","Skema Okupasi Ahli Muda Bendungan Besar","Junior Large Dam Expert","Skema sertifikasi okupasi Ahli Muda Bendungan Besar dikembangkan oleh Komite Skema LSP Jasa Konstruksi mengacu pada SKKNI Sumber Daya Air No. 124 Tahun 2021 Bidang Bendungan Besar. Mencakup kompetensi investigasi lokasi bendungan, analisis stabilitas bendungan, dan pengawasan konstruksi bendungan dasar.","The Junior Large Dam Expert scheme references SKKNI Water Resources No. 124 of 2021 (Large Dam Field). It covers dam site investigation, dam stability analysis, and basic dam construction supervision competencies.","Template-based / SKKNI 124/2021"
"Konstruksi","Skema Okupasi Ahli Madya Bendungan Besar","Middle Large Dam Expert","Skema sertifikasi okupasi Ahli Madya Bendungan Besar mengacu pada SKKNI Sumber Daya Air No. 124 Tahun 2021 Bidang Bendungan Besar. Mencakup kompetensi perancangan bendungan, manajemen keselamatan bendungan, dan operasi instrumentasi bendungan.","The Middle Large Dam Expert scheme references SKKNI Water Resources No. 124 of 2021 (Large Dam Field). It covers dam design, dam safety management, and dam instrumentation operation competencies.","Template-based / SKKNI 124/2021"
"Konstruksi","Skema Okupasi Ahli Muda Sistem Manajemen Mutu Konstruksi","Junior Construction Quality Management System Expert","Skema sertifikasi okupasi Ahli Muda Sistem Manajemen Mutu Konstruksi mengacu pada SKKNI Bidang Sistem Manajemen Mutu Konstruksi. Mencakup kompetensi penerapan ISO 9001 di proyek konstruksi, audit mutu internal, penyusunan prosedur mutu, dan pengendalian dokumen mutu.","The Junior Construction QMS Expert scheme references the SKKNI Construction Quality Management System Field. It covers ISO 9001 application in construction projects, internal quality audits, quality procedures drafting, and quality document control competencies.","Template-based / SKKNI SMM Konstruksi"
"Konstruksi","Skema Okupasi Ahli Madya Sistem Manajemen Mutu Konstruksi","Middle Construction Quality Management System Expert","Skema sertifikasi okupasi Ahli Madya Sistem Manajemen Mutu Konstruksi mengacu pada SKKNI Bidang Sistem Manajemen Mutu Konstruksi. Mencakup kompetensi pengembangan sistem manajemen mutu konstruksi, audit mutu eksternal, dan manajemen ketidaksesuaian proyek.","The Middle Construction QMS Expert scheme references the SKKNI Construction Quality Management System Field. It covers construction quality management system development, external quality audits, and project non-conformance management competencies.","Template-based / SKKNI SMM Konstruksi"
"Konstruksi","Skema Okupasi Ahli Muda Penilai Kelaikan Bangunan Gedung","Junior Building Fitness Assessor","Skema sertifikasi okupasi Ahli Muda Penilai Kelaikan Bangunan Gedung dikembangkan mengacu pada SKKNI Bidang Bangunan Gedung dan SK Dirjen Bina Konstruksi No. 33/KPTS/Dk/2023. Mencakup kompetensi inspeksi visual bangunan gedung, identifikasi kerusakan struktural dan non-struktural, serta penyusunan laporan kelaikan bangunan gedung.","The Junior Building Fitness Assessor scheme references the building SKKNI and SK Dirjen Bina Konstruksi No. 33/KPTS/Dk/2023. It covers building visual inspection, structural and non-structural damage identification, and building fitness assessment report preparation competencies.","Template-based / SKKNI Bangunan Gedung"
"Konstruksi","Skema Okupasi Ahli Madya Penilai Kelaikan Bangunan Gedung","Middle Building Fitness Assessor","Skema sertifikasi okupasi Ahli Madya Penilai Kelaikan Bangunan Gedung mengacu pada SKKNI Bidang Bangunan Gedung dan SK Dirjen Bina Konstruksi No. 33/KPTS/Dk/2023. Mencakup kompetensi penilaian kelaikan bangunan gedung kompleks, uji struktural, dan pemberian rekomendasi teknis perbaikan bangunan.","The Middle Building Fitness Assessor scheme references the building SKKNI and SK Dirjen Bina Konstruksi No. 33/KPTS/Dk/2023. It covers complex building fitness assessment, structural testing, and building repair technical recommendations competencies.","Template-based / SKKNI Bangunan Gedung"
"Konstruksi","Skema Okupasi Ahli Muda Building Information Modeling (BIM)","Junior BIM Expert","Skema sertifikasi okupasi Ahli Muda Building Information Modeling (BIM) dikembangkan mengacu pada SKKNI Bidang BIM dan SK Dirjen Bina Konstruksi No. 33/KPTS/Dk/2023. Mencakup kompetensi pembuatan model BIM, koordinasi multi-disiplin dalam platform BIM, dan pengelolaan informasi bangunan berbasis BIM.","The Junior BIM Expert scheme references the SKKNI BIM Field and SK Dirjen Bina Konstruksi No. 33/KPTS/Dk/2023. It covers BIM model creation, multi-discipline coordination within BIM platforms, and BIM-based building information management competencies.","Template-based / SKKNI BIM"
"Konstruksi","Skema Okupasi Ahli Madya Building Information Modeling (BIM)","Middle BIM Expert","Skema sertifikasi okupasi Ahli Madya BIM mengacu pada SKKNI Bidang BIM dan SK Dirjen Bina Konstruksi No. 33/KPTS/Dk/2023. Mencakup kompetensi pengembangan standar BIM proyek, manajemen lingkungan data umum (CDE), dan implementasi BIM untuk manajemen aset bangunan.","The Middle BIM Expert scheme references the SKKNI BIM Field and SK Dirjen Bina Konstruksi No. 33/KPTS/Dk/2023. It covers project BIM standard development, Common Data Environment (CDE) management, and BIM implementation for building asset management competencies.","Template-based / SKKNI BIM"
"Konstruksi","Skema Okupasi Tukang Pasang Bata","Bricklayer","Skema sertifikasi okupasi Tukang Pasang Bata dikembangkan oleh Komite Skema LSP Jasa Konstruksi mengacu pada SKKNI Bidang Konstruksi Bangunan Gedung (Keterampilan KKNI Level 2). Mencakup kompetensi pemasangan bata merah dan batako sesuai gambar kerja, pencampuran adukan, dan pengecekan kelurusan pasangan bata.","The Bricklayer occupational certification scheme references the SKKNI Construction Field (Skill KKNI Level 2). It covers red brick and concrete block laying per working drawings, mortar mixing, and brickwork alignment checking competencies.","Template-based / SKKNI Konstruksi"
"Konstruksi","Skema Okupasi Tukang Plester","Plasterer","Skema sertifikasi okupasi Tukang Plester dikembangkan oleh Komite Skema LSP Jasa Konstruksi mengacu pada SKKNI Bidang Konstruksi Bangunan Gedung (Keterampilan KKNI Level 2). Mencakup kompetensi pelaksanaan plesteran dinding dan lantai, penerapan campuran plester yang tepat, dan pembuatan permukaan yang rata.","The Plasterer occupational certification scheme references the SKKNI Construction Field (Skill KKNI Level 2). It covers wall and floor plastering, applying correct plaster mixtures, and creating level surface finish competencies.","Template-based / SKKNI Konstruksi"
"Konstruksi","Skema Okupasi Tukang Cor Beton","Concrete Caster","Skema sertifikasi okupasi Tukang Cor Beton dikembangkan oleh Komite Skema LSP Jasa Konstruksi mengacu pada SKKNI Bidang Konstruksi Beton (Keterampilan KKNI Level 2). Mencakup kompetensi persiapan dan pelaksanaan pengecoran beton, pemadatan beton, dan perawatan (curing) beton pasca pengecoran.","The Concrete Caster occupational certification scheme references the SKKNI Concrete Construction Field (Skill KKNI Level 2). It covers concrete pouring preparation and execution, concrete compaction, and post-pouring concrete curing competencies.","Template-based / SKKNI Konstruksi"
"Konstruksi","Skema Okupasi Tukang Besi Beton","Steel Bar Setter","Skema sertifikasi okupasi Tukang Besi Beton dikembangkan oleh Komite Skema LSP Jasa Konstruksi mengacu pada SKKNI Bidang Konstruksi Beton (Keterampilan KKNI Level 2). Mencakup kompetensi pembacaan gambar tulangan, pemotongan dan pembengkokan besi tulangan, perakitan rangka besi, dan pemasangan besi beton sesuai spesifikasi.","The Steel Bar Setter occupational certification scheme references the SKKNI Concrete Construction Field (Skill KKNI Level 2). It covers reading rebar drawings, cutting and bending reinforcement bars, assembling rebar cages, and placing reinforcement steel to specification competencies.","Template-based / SKKNI Konstruksi"
"Konstruksi","Skema Okupasi Pelaksana Pemeliharaan Jaringan Irigasi","Irrigation Network Maintenance Implementer","Skema sertifikasi okupasi Pelaksana Pemeliharaan Jaringan Irigasi dikembangkan oleh Komite Skema LSP Jasa Konstruksi mengacu pada SKKNI Sumber Daya Air No. 124 Tahun 2021 Bidang Irigasi. Mencakup kompetensi inspeksi jaringan irigasi, perbaikan saluran, pemeliharaan bangunan air, dan pelaporan kondisi jaringan irigasi.","The Irrigation Network Maintenance Implementer scheme references SKKNI Water Resources No. 124 of 2021 (Irrigation Field). It covers irrigation network inspection, channel repair, water structure maintenance, and irrigation network condition reporting competencies.","Template-based / SKKNI 124/2021"
"Konstruksi","Skema Okupasi Penilai Kegagalan Bangunan Sumber Daya Air","Water Resources Building Failure Assessor","Skema sertifikasi okupasi Penilai Kegagalan Bangunan Sumber Daya Air dikembangkan oleh Komite Skema LSP Jasa Konstruksi mengacu pada SKKNI Sumber Daya Air No. 124 Tahun 2021. Mencakup kompetensi investigasi penyebab kegagalan bangunan sumber daya air, analisis forensik struktur, dan penyusunan laporan kegagalan bangunan.","The Water Resources Building Failure Assessor scheme references SKKNI Water Resources No. 124 of 2021. It covers investigating causes of water resources structure failures, structural forensic analysis, and building failure report preparation competencies.","Template-based / SKKNI 124/2021"
"Pertanian Perkebunan dan Peternakan","Skema Okupasi Fasilitator Pertanian Organik Tanaman","Plant Organic Agriculture Facilitator","Skema sertifikasi Fasilitator Pertanian Organik Tanaman dikembangkan oleh Komite Skema LSP Pertanian mengacu pada SKKNI Bidang Pertanian Organik. Mencakup kompetensi memfasilitasi petani dalam menerapkan prinsip pertanian organik, pengelolaan kesuburan tanah secara organik, dan pengendalian hama hayati.","The Plant Organic Agriculture Facilitator scheme references the SKKNI Organic Agriculture Field. It covers facilitating farmers in applying organic farming principles, organic soil fertility management, and biological pest control competencies.","Template-based / SKKNI Pertanian Organik"
"Pertanian Perkebunan dan Peternakan","Skema Okupasi Inspektor Organik Tanaman","Plant Organic Inspector","Skema sertifikasi Inspektor Organik Tanaman dikembangkan oleh Komite Skema LSP Pertanian Organik mengacu pada SKKNI Bidang Pertanian Organik. Mencakup kompetensi inspeksi dan verifikasi kepatuhan terhadap standar pertanian organik, pengambilan sampel, dan penyusunan laporan inspeksi organik.","The Plant Organic Inspector scheme references the SKKNI Organic Agriculture Field. It covers inspection and verification of compliance with organic farming standards, sample collection, and organic inspection report preparation competencies.","Template-based / SKKNI Pertanian Organik"
"Pertanian Perkebunan dan Peternakan","Skema Okupasi Pekerja Hortikultura","Horticulture Worker","Skema sertifikasi Pekerja Hortikultura dikembangkan oleh Komite Skema LSP Pertanian mengacu pada SKKNI berdasarkan Kepmenakertrans No. 605/MEN/IX/2012 Bidang Hortikultura. Mencakup kompetensi penanaman, pemeliharaan tanaman hortikultura, pengelolaan hama dan penyakit, dan pemanenan hasil hortikultura.","The Horticulture Worker scheme references SKKNI Kepmenakertrans No. 605/MEN/IX/2012 (Horticulture Field). It covers planting, horticultural crop maintenance, pest and disease management, and horticultural produce harvesting competencies.","Template-based / Kepmenakertrans 605/2012"
"Pertanian Perkebunan dan Peternakan","Skema Okupasi Pembibitan Tanaman Kelapa Sawit","Oil Palm Seedling / Nursery","Skema sertifikasi Pembibitan Tanaman Kelapa Sawit dikembangkan oleh Komite Skema LSP Perkebunan mengacu pada SKKNI Bidang Perkebunan Kelapa Sawit. Mencakup kompetensi seleksi benih kelapa sawit bermutu, persiapan media tanam, pemeliharaan bibit di pre-nursery dan main-nursery, serta penilaian kualitas bibit siap tanam.","The Oil Palm Seedling/Nursery scheme references the SKKNI Oil Palm Plantation Field. It covers quality oil palm seed selection, growing media preparation, seedling maintenance in pre-nursery and main-nursery, and assessment of planting-ready seedling quality competencies.","Template-based / SKKNI Perkebunan Sawit"
"Pertanian Perkebunan dan Peternakan","Skema Okupasi Asisten Kebun Kelapa Sawit","Oil Palm Plantation Assistant","Skema sertifikasi Asisten Kebun Kelapa Sawit dikembangkan oleh Komite Skema LSP Perkebunan mengacu pada SKKNI Bidang Perkebunan Kelapa Sawit. Mencakup kompetensi perencanaan dan pengawasan pemeliharaan tanaman kelapa sawit, pemupukan, pengendalian gulma, dan manajemen panen Tandan Buah Segar (TBS).","The Oil Palm Plantation Assistant scheme references the SKKNI Oil Palm Plantation Field. It covers planning and supervising oil palm crop maintenance, fertilization, weed control, and Fresh Fruit Bunch (TBS) harvest management competencies.","Template-based / SKKNI Perkebunan Sawit"
"Pertanian Perkebunan dan Peternakan","Skema Okupasi Pembudidayaan Jamur","Mushroom Cultivation","Skema sertifikasi Pembudidayaan Jamur dikembangkan oleh Komite Skema LSP Pertanian mengacu pada SKKNI Bidang Budidaya Jamur. Mencakup kompetensi pembuatan media tanam (baglog), inokulasi bibit jamur, pemeliharaan kumbung jamur, pemanenan, dan penanganan pasca panen jamur.","The Mushroom Cultivation scheme references the SKKNI Mushroom Cultivation Field. It covers growing media (baglog) preparation, mushroom spawn inoculation, mushroom house maintenance, harvesting, and post-harvest mushroom handling competencies.","Template-based / SKKNI Pertanian"
"Pertanian Perkebunan dan Peternakan","Skema Okupasi Asisten Pengendali Organisme Pengganggu Tumbuhan (OPT)","Assistant Plant Pest Controller","Skema sertifikasi Asisten Pengendali Organisme Pengganggu Tumbuhan (OPT) dikembangkan oleh Komite Skema LSP Pertanian mengacu pada SKKNI Bidang Perlindungan Tanaman. Mencakup kompetensi identifikasi OPT, pemantauan populasi hama dan penyakit, serta penerapan pengendalian hama terpadu (PHT).","The Assistant Plant Pest Controller (OPT) scheme references the SKKNI Plant Protection Field. It covers OPT identification, pest and disease population monitoring, and integrated pest management (IPM) implementation competencies.","Template-based / SKKNI Perlindungan Tanaman"
"Pertanian Perkebunan dan Peternakan","Skema Okupasi Supervisor Agribisnis – Bidang Pemasaran","Agribusiness Supervisor – Marketing","Skema sertifikasi Supervisor Agribisnis Bidang Pemasaran dikembangkan oleh Komite Skema LSP Agribisnis mengacu pada SKKNI Bidang Agribisnis. Mencakup kompetensi supervisi pemasaran produk pertanian, analisis pasar, pengelolaan rantai distribusi, dan pengembangan jaringan pemasaran agribisnis.","The Agribusiness Supervisor – Marketing scheme references the SKKNI Agribusiness Field. It covers supervising agricultural product marketing, market analysis, distribution chain management, and agribusiness marketing network development competencies.","Template-based / SKKNI Agribisnis"
"Pertanian Perkebunan dan Peternakan","Skema Okupasi Manajer Produksi Agribisnis","Agribusiness Production Manager","Skema sertifikasi Manajer Produksi Agribisnis dikembangkan oleh Komite Skema LSP Agribisnis mengacu pada SKKNI Bidang Agribisnis. Mencakup kompetensi perencanaan dan pengelolaan produksi pertanian berskala komersial, pengendalian biaya produksi, dan penjaminan mutu produk agribisnis.","The Agribusiness Production Manager scheme references the SKKNI Agribusiness Field. It covers planning and managing commercial-scale agricultural production, production cost control, and agribusiness product quality assurance competencies.","Template-based / SKKNI Agribisnis"
"Pertanian Perkebunan dan Peternakan","Skema Okupasi Manajer Sumberdaya Manusia Agribisnis","Agribusiness HR Manager","Skema sertifikasi Manajer Sumberdaya Manusia Agribisnis dikembangkan oleh Komite Skema LSP Agribisnis mengacu pada SKKNI Bidang Agribisnis. Mencakup kompetensi pengelolaan SDM di usaha agribisnis, rekrutmen tenaga kerja pertanian, manajemen kinerja, dan pengembangan kapasitas SDM agribisnis.","The Agribusiness HR Manager scheme references the SKKNI Agribusiness Field. It covers HR management in agribusiness enterprises, agricultural labor recruitment, performance management, and agribusiness HR capacity development competencies.","Template-based / SKKNI Agribisnis"
"Pertanian Perkebunan dan Peternakan","Skema Okupasi Supervisor Pengawas Mutu Pakan","Feed Quality Control Supervisor","Skema sertifikasi Supervisor Pengawas Mutu Pakan dikembangkan oleh Komite Skema LSP Pertanian mengacu pada SKKNI Bidang Industri Pakan Ternak. Mencakup kompetensi pengawasan proses produksi pakan, pengujian mutu bahan baku dan produk pakan, serta penerapan standar keamanan pakan ternak.","The Feed Quality Control Supervisor scheme references the SKKNI Animal Feed Industry Field. It covers supervising feed production processes, quality testing of raw materials and feed products, and implementing animal feed safety standards competencies.","Template-based / SKKNI Pakan"
"Pertanian Perkebunan dan Peternakan","Skema KKNI Level IV Agribisnis Tanaman Pangan dan Hortikultura","KKNI L4 Food Crop & Horticulture Agribusiness","Skema KKNI Level IV Agribisnis Tanaman Pangan dan Hortikultura dikembangkan oleh LSP PPPPTK Pertanian (BBPPMPV Pertanian Cianjur) mengacu pada SKKNI Bidang Agribisnis Tanaman Pangan dan Hortikultura serta SK Dirjen Dikdasmen No. 130/D/KEP/KR/2017. Skema ini memastikan kompetensi lulusan SMK Kompetensi Keahlian Agribisnis Tanaman Pangan dan Hortikultura sesuai KKNI Level IV dalam budidaya, panen, dan pascapanen tanaman pangan dan hortikultura.","The KKNI Level IV Food Crop & Horticulture Agribusiness scheme was developed by LSP PPPPTK Pertanian, referencing the relevant agriculture SKKNI and SK Dirjen Dikdasmen No. 130/D/KEP/KR/2017. It ensures SMK graduates in Food Crop & Horticulture Agribusiness achieve KKNI Level IV competency in crop cultivation, harvesting, and post-harvest handling.","Verbatim-based (p4tkpertanian.kemdikbud.go.id)"
"Pertanian Perkebunan dan Peternakan","Skema KKNI Level IV Agribisnis Tanaman Perkebunan","KKNI L4 Plantation Crop Agribusiness","Skema KKNI Level IV Agribisnis Tanaman Perkebunan dikembangkan oleh LSP PPPPTK Pertanian mengacu pada SKKNI Bidang Agribisnis Tanaman Perkebunan dan SK Dirjen Dikdasmen No. 130/D/KEP/KR/2017. Memastikan kompetensi lulusan SMK Kompetensi Keahlian Agribisnis Tanaman Perkebunan sesuai KKNI Level IV.","The KKNI Level IV Plantation Crop Agribusiness scheme references the SKKNI Plantation Crop Agribusiness Field and SK Dirjen Dikdasmen No. 130/D/KEP/KR/2017. It ensures SMK graduates in Plantation Crop Agribusiness achieve KKNI Level IV competency.","Template-based / SKKNI Pertanian"
"Pertanian Perkebunan dan Peternakan","Skema KKNI Level IV Agribisnis Ternak Unggas","KKNI L4 Poultry Livestock Agribusiness","Skema KKNI Level IV Agribisnis Ternak Unggas dikembangkan oleh LSP PPPPTK Pertanian mengacu pada SKKNI Bidang Agribisnis Ternak Unggas dan SK Dirjen Dikdasmen No. 130/D/KEP/KR/2017. Memastikan kompetensi lulusan SMK Kompetensi Keahlian Agribisnis Ternak Unggas sesuai KKNI Level IV dalam budidaya, kesehatan, dan pemasaran ternak unggas.","The KKNI Level IV Poultry Livestock Agribusiness scheme references the SKKNI Poultry Livestock Field and SK Dirjen Dikdasmen No. 130/D/KEP/KR/2017. It ensures SMK Poultry Agribusiness graduates achieve KKNI Level IV competency in poultry cultivation, health, and marketing.","Template-based / SKKNI Peternakan"
"Pertanian Perkebunan dan Peternakan","Skema KKNI Level IV Agribisnis Ternak Ruminansia","KKNI L4 Ruminant Livestock Agribusiness","Skema KKNI Level IV Agribisnis Ternak Ruminansia dikembangkan oleh LSP PPPPTK Pertanian mengacu pada SKKNI Bidang Agribisnis Ternak Ruminansia dan SK Dirjen Dikdasmen No. 130/D/KEP/KR/2017. Memastikan kompetensi lulusan SMK Kompetensi Keahlian Agribisnis Ternak Ruminansia sesuai KKNI Level IV.","The KKNI Level IV Ruminant Livestock Agribusiness scheme references the SKKNI Ruminant Livestock Field and SK Dirjen Dikdasmen No. 130/D/KEP/KR/2017. It ensures SMK Ruminant Livestock graduates achieve KKNI Level IV competency.","Template-based / SKKNI Peternakan"
"Pertanian Perkebunan dan Peternakan","Skema KKNI Level IV Agribisnis Pengolahan Hasil Pertanian","KKNI L4 Agricultural Product Processing Agribusiness","Skema KKNI Level IV Agribisnis Pengolahan Hasil Pertanian dikembangkan oleh LSP PPPPTK Pertanian mengacu pada SKKNI Bidang Pengolahan Hasil Pertanian dan SK Dirjen Dikdasmen No. 130/D/KEP/KR/2017. Memastikan kompetensi lulusan SMK dalam pengolahan, pengemasan, dan pengendalian mutu produk hasil pertanian sesuai KKNI Level IV.","The KKNI Level IV Agricultural Product Processing Agribusiness scheme references the SKKNI Agricultural Product Processing Field and SK Dirjen Dikdasmen No. 130/D/KEP/KR/2017. It ensures SMK graduates achieve KKNI Level IV competency in agricultural product processing, packaging, and quality control.","Template-based / SKKNI Pertanian"
"Pertanian Perkebunan dan Peternakan","Skema KKNI Level IV Kesehatan Hewan","KKNI L4 Animal Health","Skema KKNI Level IV Kesehatan Hewan dikembangkan oleh LSP PPPPTK Pertanian mengacu pada SKKNI Bidang Kesehatan Hewan dan SK Dirjen Dikdasmen No. 130/D/KEP/KR/2017. Memastikan kompetensi lulusan SMK dalam pencegahan dan pengendalian penyakit hewan, kesehatan reproduksi, dan kesehatan masyarakat veteriner sesuai KKNI Level IV.","The KKNI Level IV Animal Health scheme references the SKKNI Animal Health Field and SK Dirjen Dikdasmen No. 130/D/KEP/KR/2017. It ensures SMK graduates achieve KKNI Level IV competency in animal disease prevention and control, reproductive health, and veterinary public health.","Template-based / SKKNI Kesehatan Hewan"
"Pertanian Perkebunan dan Peternakan","Skema KKNI Level IV Pemuliaan dan Perbenihan Tanaman","KKNI L4 Plant Breeding & Seedling","Skema KKNI Level IV Pemuliaan dan Perbenihan Tanaman dikembangkan oleh LSP PPPPTK Pertanian mengacu pada SKKNI Bidang Pemuliaan dan Perbenihan Tanaman dan SK Dirjen Dikdasmen No. 130/D/KEP/KR/2017. Memastikan kompetensi lulusan SMK dalam seleksi galur tanaman, produksi benih, dan sertifikasi benih sesuai KKNI Level IV.","The KKNI Level IV Plant Breeding & Seedling scheme references the SKKNI Plant Breeding & Seedling Field and SK Dirjen Dikdasmen No. 130/D/KEP/KR/2017. It ensures SMK graduates achieve KKNI Level IV competency in plant line selection, seed production, and seed certification.","Template-based / SKKNI Pertanian"
"Pertanian Perkebunan dan Peternakan","Skema KKNI Level IV Mekanisasi Pertanian","KKNI L4 Agricultural Mechanization","Skema KKNI Level IV Mekanisasi Pertanian dikembangkan oleh LSP PPPPTK Pertanian mengacu pada SKKNI Bidang Mekanisasi Pertanian dan SK Dirjen Dikdasmen No. 130/D/KEP/KR/2017. Memastikan kompetensi lulusan SMK dalam pengoperasian dan pemeliharaan alat mesin pertanian, serta penerapan teknologi mekanisasi pada usaha tani sesuai KKNI Level IV.","The KKNI Level IV Agricultural Mechanization scheme references the SKKNI Agricultural Mechanization Field and SK Dirjen Dikdasmen No. 130/D/KEP/KR/2017. It ensures SMK graduates achieve KKNI Level IV competency in agricultural machinery operation and maintenance, and mechanization technology application in farming.","Template-based / SKKNI Pertanian"
"Kelautan dan Perikanan","Skema Okupasi Nakhoda Kapal Penangkap Ikan","Fishing Vessel Captain","Skema sertifikasi Nakhoda Kapal Penangkap Ikan dikembangkan oleh LSP-KP (Lembaga Sertifikasi Profesi Kelautan dan Perikanan) mengacu pada SKKNI Bidang Penangkapan Ikan No. 317 Tahun 2017 dan standar STCW-F IMO untuk pelaut perikanan. Mencakup kompetensi navigasi kapal penangkap ikan, pengoperasian alat tangkap, keselamatan awak kapal, dan pengelolaan operasi penangkapan ikan.","The Fishing Vessel Captain scheme was developed by LSP-KP, referencing SKKNI Fishing Capture Field No. 317 of 2017 and STCW-F IMO standards for fishing seafarers. It covers fishing vessel navigation, fishing gear operation, crew safety, and fishing operation management competencies.","Template-based / SKKNI 317/2017"
"Kelautan dan Perikanan","Skema Okupasi Anak Buah Kapal (ABK) Perikanan Tangkap","Fishing Vessel Crew","Skema sertifikasi ABK Perikanan Tangkap dikembangkan oleh LSP-KP mengacu pada SKKNI Bidang Penangkapan Ikan No. 317 Tahun 2017 dan standar STCW-F IMO. Mencakup kompetensi pengoperasian alat tangkap ikan, penanganan hasil tangkapan di atas kapal, keselamatan jiwa di laut, dan pemeliharaan peralatan kapal.","The Fishing Vessel Crew scheme was developed by LSP-KP, referencing SKKNI Fishing Capture Field No. 317 of 2017 and STCW-F IMO standards. It covers fishing gear operation, on-board catch handling, life safety at sea, and vessel equipment maintenance competencies.","Template-based / SKKNI 317/2017"
"Kelautan dan Perikanan","Skema Okupasi Teknisi Mesin Kapal Perikanan","Fishing Vessel Engine Technician","Skema sertifikasi Teknisi Mesin Kapal Perikanan dikembangkan oleh LSP-KP mengacu pada SKKNI Bidang Mesin Kapal Perikanan. Mencakup kompetensi pengoperasian dan pemeliharaan mesin kapal penangkap ikan, sistem propulsi, sistem kelistrikan kapal, dan penanganan kerusakan mesin di laut.","The Fishing Vessel Engine Technician scheme was developed by LSP-KP, referencing the SKKNI Fishing Vessel Engine Field. It covers operating and maintaining fishing vessel engines, propulsion systems, vessel electrical systems, and handling engine breakdowns at sea competencies.","Template-based / SKKNI KP"
"Kelautan dan Perikanan","Skema Okupasi Ahli Pengolahan Hasil Perikanan","Fishery Product Processing Expert","Skema sertifikasi Ahli Pengolahan Hasil Perikanan dikembangkan oleh LSP-KP mengacu pada SKKNI Bidang Pengolahan Hasil Perikanan No. 314 Tahun 2017. Mencakup kompetensi pengolahan ikan dan hasil laut, penerapan HACCP, pengendalian mutu produk perikanan, dan pengelolaan cold chain.","The Fishery Product Processing Expert scheme references SKKNI Fishery Product Processing Field No. 314 of 2017. It covers fish and seafood processing, HACCP implementation, fishery product quality control, and cold chain management competencies.","Template-based / SKKNI 314/2017"
"Kelautan dan Perikanan","Skema Okupasi Teknisi Budidaya Ikan Air Tawar","Freshwater Fish Culture Technician","Skema sertifikasi Teknisi Budidaya Ikan Air Tawar dikembangkan oleh LSP-KP / LSP Akuakultur mengacu pada SKKNI Bidang Budidaya Perikanan Air Tawar. Mencakup kompetensi persiapan kolam, pembenihan, pembesaran ikan air tawar, manajemen kualitas air, dan pengelolaan pakan.","The Freshwater Fish Culture Technician scheme references the SKKNI Freshwater Aquaculture Field. It covers pond preparation, fish hatchery, freshwater fish grow-out, water quality management, and feed management competencies.","Template-based / SKKNI KP"
"Kelautan dan Perikanan","Skema Okupasi Teknisi Budidaya Udang","Shrimp Culture Technician","Skema sertifikasi Teknisi Budidaya Udang dikembangkan oleh LSP-KP / LSP Akuakultur mengacu pada SKKNI Bidang Budidaya Udang. Mencakup kompetensi persiapan tambak, penebaran benur, manajemen kualitas air tambak, pemberian pakan, pencegahan penyakit udang, dan pemanenan.","The Shrimp Culture Technician scheme references the SKKNI Shrimp Aquaculture Field. It covers pond preparation, shrimp fry stocking, pond water quality management, feeding, shrimp disease prevention, and harvesting competencies.","Template-based / SKKNI KP"
"Kelautan dan Perikanan","Skema Okupasi Teknisi Budidaya Rumput Laut","Seaweed Culture Technician","Skema sertifikasi Teknisi Budidaya Rumput Laut dikembangkan oleh LSP-KP / LSP Akuakultur mengacu pada SKKNI Bidang Budidaya Rumput Laut. Mencakup kompetensi persiapan lokasi budidaya, penanaman, pemeliharaan, pemanenan rumput laut, dan penanganan pasca panen.","The Seaweed Culture Technician scheme references the SKKNI Seaweed Cultivation Field. It covers cultivation site preparation, planting, maintenance, seaweed harvesting, and post-harvest handling competencies.","Template-based / SKKNI KP"
"Kelautan dan Perikanan","Skema Okupasi Penyuluh Perikanan","Fisheries Extension Officer","Skema sertifikasi Penyuluh Perikanan dikembangkan oleh LSP-KP mengacu pada SKKNI Bidang Penyuluhan Perikanan. Mencakup kompetensi perancangan dan pelaksanaan penyuluhan perikanan, pemberdayaan kelompok nelayan dan pembudidaya, serta diseminasi inovasi teknologi perikanan.","The Fisheries Extension Officer scheme references the SKKNI Fisheries Extension Field. It covers designing and implementing fisheries extension, empowering fishermen and aquaculture groups, and disseminating fisheries technology innovation competencies.","Template-based / SKKNI KP"
"Kelautan dan Perikanan","Skema Okupasi Pengawas Mutu Hasil Perikanan","Fishery Product Quality Inspector","Skema sertifikasi Pengawas Mutu Hasil Perikanan dikembangkan oleh LSP-KP mengacu pada SKKNI Bidang Pengawasan Mutu Hasil Perikanan No. 314 Tahun 2017. Mencakup kompetensi pengujian mutu sensori dan laboratorium produk perikanan, penerapan sistem jaminan mutu, dan pengawasan rantai dingin produk perikanan.","The Fishery Product Quality Inspector scheme references SKKNI Fishery Product Quality Control Field No. 314 of 2017. It covers sensory and laboratory quality testing of fishery products, quality assurance system application, and fishery product cold chain supervision competencies.","Template-based / SKKNI 314/2017"
"Kelautan dan Perikanan","Skema Okupasi Pembudidaya Akuakultur","Aquaculture Farmer","Skema sertifikasi Pembudidaya Akuakultur dikembangkan oleh LSP-KP / LSP Akuakultur Indonesia mengacu pada SKKNI Bidang Budidaya Perikanan (Akuakultur). Mencakup kompetensi pengelolaan unit pembudidayaan ikan secara mandiri, pemilihan komoditas, manajemen produksi, dan pemasaran hasil budidaya.","The Aquaculture Farmer scheme references the SKKNI Aquaculture Field. It covers managing independent fish aquaculture units, commodity selection, production management, and aquaculture product marketing competencies.","Template-based / SKKNI KP"
"Minyak Gas dan Pertambangan","Skema Okupasi Operator K3 (Migas)","Oil & Gas OHS Operator","Skema sertifikasi Operator K3 Migas mengacu pada SKKNI berdasarkan Kepmenakertrans No. KEP-248/MEN/V/2007 Sektor Industri Minyak dan Gas Bumi serta Panas Bumi Sub Sektor Industri Migas Hulu Hilir Bidang K3, yang diperbarui dengan Kepmenaker No. 42 Tahun 2021 tentang SKKNI Bidang K3 Migas. Regulasi sektor: Permen ESDM No. 18 Tahun 2018 tentang K3 Migas. Mencakup kompetensi dasar keselamatan operasi migas pada tingkat operator.","The Oil & Gas OHS Operator scheme references SKKNI Kepmenakertrans No. KEP-248/MEN/V/2007 updated by Kepmenaker No. 42 of 2021 (Oil & Gas K3 SKKNI), and Permen ESDM No. 18/2018. It covers basic oil & gas operation safety competencies at the operator level.","Verbatim-based (midiatama.co.id / akualita.com)"
"Minyak Gas dan Pertambangan","Skema Okupasi Pengawas K3 (Migas)","Oil & Gas OHS Supervisor","Skema sertifikasi Pengawas K3 Migas mengacu pada Kepmenaker No. 42 Tahun 2021 tentang SKKNI Bidang K3 Migas dan Permen ESDM No. 18 Tahun 2018. Mencakup kompetensi pengawasan keselamatan operasi dan pemeliharaan instalasi migas, inspeksi K3 lapangan, dan pelaporan insiden keselamatan pada tingkat pengawas.","The Oil & Gas OHS Supervisor scheme references Kepmenaker No. 42 of 2021 and Permen ESDM No. 18/2018. It covers safety supervision of oil & gas operations and installation maintenance, field K3 inspection, and safety incident reporting at supervisor level.","Verbatim-based (midiatama.co.id)"
"Minyak Gas dan Pertambangan","Skema Okupasi Pengawas Utama K3 (Migas)","Oil & Gas Senior OHS Supervisor","Skema sertifikasi Pengawas Utama K3 Migas mengacu pada Kepmenaker No. 42 Tahun 2021 tentang SKKNI Bidang K3 Migas dan Permen ESDM No. 18 Tahun 2018. Mencakup kompetensi pengembangan dan pengelolaan sistem manajemen K3 migas, audit K3, dan koordinasi tanggap darurat pada tingkat manajemen.","The Oil & Gas Senior OHS Supervisor scheme references Kepmenaker No. 42 of 2021 and Permen ESDM No. 18/2018. It covers oil & gas K3 management system development and management, K3 auditing, and emergency response coordination at the management level.","Verbatim-based (midiatama.co.id)"
"Minyak Gas dan Pertambangan","Skema Okupasi Pengawas Laboratorium Pengujian Migas","Oil & Gas Testing Laboratory Supervisor","Skema sertifikasi Pengawas Laboratorium Pengujian Migas dikembangkan oleh LSP PPSDM Migas mengacu pada SKKNI Bidang Pengujian Laboratorium Migas. Mencakup kompetensi pengawasan pengujian mutu produk migas, kalibrasi peralatan laboratorium, dan penerapan sistem manajemen mutu laboratorium.","The Oil & Gas Testing Laboratory Supervisor scheme references the SKKNI Oil & Gas Testing Laboratory Field. It covers supervising oil & gas product quality testing, laboratory equipment calibration, and laboratory quality management system implementation competencies.","Template-based / SKKNI Migas"
"Minyak Gas dan Pertambangan","Skema Okupasi Authorized Gas Tester","Authorized Gas Tester","Skema sertifikasi Authorized Gas Tester dikembangkan oleh LSP PPSDM Migas mengacu pada SKKNI Bidang K3 Migas dan Standar Kompetensi Khusus. Mencakup kompetensi pengujian atmosfer tempat kerja migas, penggunaan detektor gas, identifikasi atmosfer berbahaya, dan prosedur keselamatan ruang terbatas.","The Authorized Gas Tester scheme references the SKKNI Oil & Gas K3 Field and Special Competency Standards. It covers testing oil & gas workplace atmospheres, gas detector use, hazardous atmosphere identification, and confined space safety procedures competencies.","Template-based / SKKNI Migas"
"Minyak Gas dan Pertambangan","Skema Okupasi Welding Inspector Basic","Basic Welding Inspector","Skema sertifikasi Welding Inspector Basic dikembangkan oleh LSP PPSDM Migas mengacu pada SKKNI Bidang Inspeksi Las dan standar AWS/CSWIP. Mencakup kompetensi inspeksi visual pengelasan, interpretasi standar las, dokumentasi hasil inspeksi, dan pengecekan dimensi lasan.","The Basic Welding Inspector scheme references the SKKNI Welding Inspection Field and AWS/CSWIP standards. It covers welding visual inspection, welding standard interpretation, inspection result documentation, and weld dimension checking competencies.","Template-based / SKKNI Migas"
"Minyak Gas dan Pertambangan","Skema Okupasi Welding Engineer","Welding Engineer","Skema sertifikasi Welding Engineer dikembangkan oleh LSP PPSDM Migas mengacu pada SKKNI Bidang Teknik Las dan standar AWS/IIW. Mencakup kompetensi perancangan prosedur pengelasan (WPS), kualifikasi prosedur dan juru las, pemilihan material dan elektroda, serta analisis kegagalan las.","The Welding Engineer scheme references the SKKNI Welding Engineering Field and AWS/IIW standards. It covers welding procedure specification (WPS) design, procedure and welder qualification, material and electrode selection, and weld failure analysis competencies.","Template-based / SKKNI Migas"
"Minyak Gas dan Pertambangan","Skema Okupasi Petugas Penanganan Bahaya H2S","H2S Hazard Handling Officer","Skema sertifikasi Petugas Penanganan Bahaya H2S dikembangkan oleh LSP PPSDM Migas mengacu pada SKKNI Bidang K3 Migas Sub-bidang Bahaya Gas H2S. Mencakup kompetensi pengenalan sifat H2S, penggunaan alat pelindung diri terhadap H2S, prosedur evakuasi darurat H2S, dan tindakan pertolongan pertama pada keracunan H2S.","The H2S Hazard Handling Officer scheme references the SKKNI Oil & Gas K3 Field – H2S Gas Hazard Sub-field. It covers H2S properties recognition, H2S personal protective equipment use, H2S emergency evacuation procedures, and first aid for H2S poisoning competencies.","Template-based / SKKNI Migas"
"Minyak Gas dan Pertambangan","Skema Okupasi Pipeline Checker","Pipeline Checker","Skema sertifikasi Pipeline Checker dikembangkan oleh LSP PPSDM Migas mengacu pada SKKNI Bidang Integritas Pipa Penyalur Migas. Mencakup kompetensi inspeksi visual pipa penyalur, pengukuran korosi, identifikasi anomali pipa, dan pencatatan data inspeksi pipa.","The Pipeline Checker scheme references the SKKNI Oil & Gas Pipeline Integrity Field. It covers pipeline visual inspection, corrosion measurement, pipeline anomaly identification, and pipeline inspection data recording competencies.","Template-based / SKKNI Migas"
"Minyak Gas dan Pertambangan","Skema Okupasi Teknisi Lapangan ILI","ILI Field Technician","Skema sertifikasi Teknisi Lapangan ILI (In-Line Inspection) dikembangkan oleh LSP PPSDM Migas mengacu pada SKKNI Bidang Integritas Pipa Penyalur Migas. Mencakup kompetensi persiapan dan peluncuran pig ILI, pengoperasian peralatan tracking, pengambilan data ILI, dan pelaporan hasil inspeksi in-line.","The ILI Field Technician scheme references the SKKNI Oil & Gas Pipeline Integrity Field. It covers ILI pig launching preparation, tracking equipment operation, ILI data collection, and in-line inspection results reporting competencies.","Template-based / SKKNI Migas"
"Minyak Gas dan Pertambangan","Skema Okupasi Supervisor Operasi dan Pemeliharaan Pipa Penyalur","Pipeline Operations & Maintenance Supervisor","Skema sertifikasi Supervisor Operasi dan Pemeliharaan Pipa Penyalur dikembangkan oleh LSP PPSDM Migas mengacu pada SKKNI Bidang Pengoperasian dan Pemeliharaan Fasilitas Penyalur Migas. Mencakup kompetensi supervisi operasi pipa, pelaksanaan program pemeliharaan, manajemen risiko integritas pipa, dan koordinasi perbaikan pipa.","The Pipeline Operations & Maintenance Supervisor scheme references the SKKNI Oil & Gas Pipeline Operations & Maintenance Field. It covers pipeline operation supervision, maintenance program implementation, pipeline integrity risk management, and pipeline repair coordination competencies.","Template-based / SKKNI Migas"
"Minyak Gas dan Pertambangan","Skema Okupasi Pipeline Integrity Management System (PIMS) Auditor","PIMS Auditor","Skema sertifikasi PIMS Auditor dikembangkan oleh LSP PPSDM Migas mengacu pada SKKNI Bidang Manajemen Integritas Pipa Penyalur Migas dan standar ASME B31.8S/API 1160. Mencakup kompetensi audit sistem manajemen integritas pipa, evaluasi program PIMS, dan rekomendasi perbaikan sistem integritas pipa penyalur.","The PIMS Auditor scheme references the SKKNI Pipeline Integrity Management System Field and ASME B31.8S/API 1160 standards. It covers pipeline integrity management system auditing, PIMS program evaluation, and pipeline integrity system improvement recommendation competencies.","Template-based / SKKNI Migas"
"Minyak Gas dan Pertambangan","Skema Okupasi AIMS Engineer","Asset Integrity Management System Engineer","Skema sertifikasi AIMS Engineer dikembangkan oleh LSP PPSDM Migas mengacu pada SKKNI Bidang Manajemen Integritas Aset Migas. Mencakup kompetensi perancangan dan implementasi sistem manajemen integritas aset migas, analisis risiko berbasis integritas (RBI), dan pengelolaan database integritas aset.","The AIMS Engineer scheme references the SKKNI Oil & Gas Asset Integrity Management Field. It covers designing and implementing oil & gas asset integrity management systems, Risk-Based Inspection (RBI) analysis, and asset integrity database management competencies.","Template-based / SKKNI Migas"
"Minyak Gas dan Pertambangan","Skema Okupasi Penanggung Jawab Operasional Instalasi Pengendalian Pencemaran Udara (POPU)","Person in Charge of Air Pollution Control Installation","Skema sertifikasi POPU (Penanggung Jawab Operasional Pengendalian Pencemaran Udara) dikembangkan mengacu pada SKKNI Bidang Pengendalian Pencemaran Udara berdasarkan PP No. 22 Tahun 2021. Mencakup kompetensi pengoperasian instalasi pengendalian emisi udara, pemantauan kualitas udara, dan pelaporan emisi kepada instansi lingkungan.","The POPU scheme references the SKKNI Air Pollution Control Field under PP No. 22 of 2021. It covers operating air emission control installations, air quality monitoring, and emission reporting to environmental authorities competencies.","Template-based / SKKNI LH"
"Minyak Gas dan Pertambangan","Skema Okupasi Operasional Pengelolaan Limbah B3 (OPLB3)","B3 Hazardous Waste Operational Management","Skema sertifikasi OPLB3 dikembangkan mengacu pada SKKNI Bidang Pengelolaan Limbah Bahan Berbahaya dan Beracun berdasarkan PP No. 22 Tahun 2021. Mencakup kompetensi identifikasi dan pengelompokan limbah B3, prosedur penanganan limbah B3, penyimpanan sementara, dan manifes limbah B3.","The OPLB3 scheme references the SKKNI B3 Hazardous Waste Management Field under PP No. 22 of 2021. It covers B3 waste identification and classification, B3 waste handling procedures, temporary storage, and B3 waste manifest competencies.","Template-based / SKKNI LH"
"Minyak Gas dan Pertambangan","Skema Okupasi Pengelolaan Bahan Peledak di Pengeboran dan Kerja Ulang","Explosives Management in Drilling & Workover","Skema sertifikasi Pengelolaan Bahan Peledak di Pengeboran dan Kerja Ulang dikembangkan mengacu pada SKKNI berdasarkan Kepmenaker No. 124 Tahun 2023 tentang Penetapan SKKNI Bidang Pengelolaan Bahan Peledak di Pengeboran Migas dan Kerja Ulang. Mencakup kompetensi penanganan, penyimpanan, dan penggunaan bahan peledak dalam operasi pengeboran dan kerja ulang sumur migas.","The Explosives Management in Drilling & Workover scheme references SKKNI Kepmenaker No. 124 of 2023. It covers explosives handling, storage, and use in oil & gas drilling and well workover operations competencies.","Template-based / Kepmenaker 124/2023"
"Minyak Gas dan Pertambangan","Skema Okupasi Leak Test Level II","Leak Test Level II","Skema sertifikasi Leak Test Level II dikembangkan oleh LSP PPSDM Migas mengacu pada SKKNI Bidang Pengujian Tidak Merusak (NDT) Sub-bidang Leak Test dan standar ASNT/EN ISO 9712. Level II mencakup kompetensi pelaksanaan dan interpretasi uji kebocoran, pemilihan metode uji, dan penyusunan laporan hasil uji kebocoran.","The Leak Test Level II scheme references the SKKNI Non-Destructive Testing (NDT) – Leak Test Sub-field and ASNT/EN ISO 9712 standards. Level II covers leak test execution and interpretation, test method selection, and leak test result report preparation competencies.","Template-based / SKKNI NDT"
"Minyak Gas dan Pertambangan","Skema Okupasi Leak Test Level III","Leak Test Level III","Skema sertifikasi Leak Test Level III mengacu pada SKKNI Bidang NDT Sub-bidang Leak Test dan standar ASNT/EN ISO 9712. Level III mencakup kompetensi pengembangan prosedur uji kebocoran, kualifikasi personel, dan otorisasi hasil pengujian kebocoran.","The Leak Test Level III scheme references the SKKNI NDT – Leak Test Sub-field and ASNT/EN ISO 9712 standards. Level III covers leak test procedure development, personnel qualification, and leak test results authorization competencies.","Template-based / SKKNI NDT"
"Minyak Gas dan Pertambangan","Skema Okupasi Ultrasonic Test Level I","UT Level I","Skema sertifikasi Ultrasonic Test Level I dikembangkan oleh LSP PPSDM Migas mengacu pada SKKNI Bidang NDT Sub-bidang Ultrasonic Test dan standar ASNT/EN ISO 9712. Level I mencakup kompetensi pengoperasian peralatan UT, kalibrasi, pelaksanaan scanning sesuai prosedur, dan pencatatan hasil indikasi.","The Ultrasonic Test Level I scheme references the SKKNI NDT – Ultrasonic Test Sub-field and ASNT/EN ISO 9712 standards. Level I covers UT equipment operation, calibration, scanning execution per procedure, and indication result recording competencies.","Template-based / SKKNI NDT"
"Minyak Gas dan Pertambangan","Skema Okupasi Ultrasonic Test Level II","UT Level II","Skema sertifikasi Ultrasonic Test Level II mengacu pada SKKNI Bidang NDT Sub-bidang Ultrasonic Test dan standar ASNT/EN ISO 9712. Level II mencakup kompetensi interpretasi hasil UT, penetapan penerimaan/penolakan, pemilihan teknik UT, dan penyusunan laporan UT.","The Ultrasonic Test Level II scheme references the SKKNI NDT – Ultrasonic Test Sub-field and ASNT/EN ISO 9712 standards. Level II covers UT result interpretation, accept/reject determination, UT technique selection, and UT report preparation competencies.","Template-based / SKKNI NDT"
"Minyak Gas dan Pertambangan","Skema Okupasi Ultrasonic Test Level III Advance","UT Level III Advance","Skema sertifikasi Ultrasonic Test Level III Advance mengacu pada SKKNI Bidang NDT Sub-bidang Ultrasonic Test dan standar ASNT/EN ISO 9712. Level III mencakup kompetensi pengembangan teknik dan prosedur UT, kualifikasi personel UT, dan otorisasi keputusan teknis pengujian ultrasonic.","The Ultrasonic Test Level III Advance scheme references the SKKNI NDT – Ultrasonic Test Sub-field and ASNT/EN ISO 9712 standards. Level III covers UT technique and procedure development, UT personnel qualification, and authorization of ultrasonic testing technical decisions.","Template-based / SKKNI NDT"
"Minyak Gas dan Pertambangan","Skema Okupasi Radiography Test Level I","RT Level I","Skema sertifikasi Radiography Test Level I dikembangkan oleh LSP PPSDM Migas mengacu pada SKKNI Bidang NDT Sub-bidang Radiography Test dan standar ASNT/EN ISO 9712. Level I mencakup kompetensi persiapan dan pelaksanaan pemotretan radiografik sesuai prosedur, penanganan film/detektor, dan keselamatan radiasi dasar.","The Radiography Test Level I scheme references the SKKNI NDT – Radiography Test Sub-field and ASNT/EN ISO 9712 standards. Level I covers radiographic exposure preparation and execution per procedure, film/detector handling, and basic radiation safety competencies.","Template-based / SKKNI NDT"
"Minyak Gas dan Pertambangan","Skema Okupasi Radiography Test Level II","RT Level II","Skema sertifikasi Radiography Test Level II mengacu pada SKKNI Bidang NDT Sub-bidang Radiography Test dan standar ASNT/EN ISO 9712. Level II mencakup kompetensi interpretasi film radiografik, penetapan penerimaan/penolakan diskontinuitas, dan penyusunan laporan RT.","The Radiography Test Level II scheme references the SKKNI NDT – Radiography Test Sub-field and ASNT/EN ISO 9712 standards. Level II covers radiographic film interpretation, discontinuity accept/reject determination, and RT report preparation competencies.","Template-based / SKKNI NDT"
"Minyak Gas dan Pertambangan","Skema Okupasi Radiography Test Level III Advance","RT Level III Advance","Skema sertifikasi Radiography Test Level III Advance mengacu pada SKKNI Bidang NDT Sub-bidang Radiography Test dan standar ASNT/EN ISO 9712. Level III mencakup kompetensi pengembangan teknik dan prosedur RT, kualifikasi personel RT Level I dan II, serta otorisasi keputusan teknis pengujian radiografi.","The Radiography Test Level III Advance scheme references the SKKNI NDT – Radiography Test Sub-field and ASNT/EN ISO 9712 standards. Level III covers RT technique and procedure development, Level I and II RT personnel qualification, and authorization of radiographic testing technical decisions.","Template-based / SKKNI NDT"
"Minyak Gas dan Pertambangan","Skema Okupasi Verifikator TKDN","Domestic Content (TKDN) Verifier","Skema sertifikasi Verifikator TKDN dikembangkan oleh LSP PPSDM Migas mengacu pada SKKNI Bidang Verifikasi Tingkat Kandungan Dalam Negeri (TKDN) Migas dan Peraturan Menteri ESDM tentang TKDN. Mencakup kompetensi verifikasi dan perhitungan TKDN pada pengadaan barang/jasa sektor migas, serta pelaporan kepatuhan TKDN.","The TKDN Verifier scheme references the SKKNI Domestic Content Verification Field and Ministry of ESDM regulations on TKDN. It covers TKDN verification and calculation in oil & gas sector goods/services procurement, and TKDN compliance reporting competencies.","Template-based / SKKNI Migas"
"Minyak Gas dan Pertambangan","Skema Okupasi Auditor Energi Listrik","Electrical Energy Auditor","Skema sertifikasi Auditor Energi Listrik dikembangkan mengacu pada SKKNI Bidang Audit Energi Kelistrikan. Mencakup kompetensi audit konsumsi energi listrik pada industri, analisis efisiensi energi, identifikasi peluang penghematan energi, dan penyusunan laporan audit energi listrik.","The Electrical Energy Auditor scheme references the SKKNI Electrical Energy Audit Field. It covers electrical energy consumption auditing in industries, energy efficiency analysis, energy-saving opportunity identification, and electrical energy audit report preparation competencies.","Template-based / SKKNI ESDM"
"Minyak Gas dan Pertambangan","Skema Okupasi Auditor Sistem Manajemen Lingkungan","Environmental Management System Auditor","Skema sertifikasi Auditor Sistem Manajemen Lingkungan dikembangkan mengacu pada SKKNI Bidang Audit Sistem Manajemen Lingkungan dan standar ISO 14001. Mencakup kompetensi perencanaan dan pelaksanaan audit SML, evaluasi kepatuhan terhadap ISO 14001, dan penyusunan laporan hasil audit SML.","The Environmental Management System Auditor scheme references the SKKNI EMS Audit Field and ISO 14001 standards. It covers EMS audit planning and execution, ISO 14001 compliance evaluation, and EMS audit report preparation competencies.","Template-based / SKKNI LH"
"Ketenagalistrikan (SKTTK)","Skema Okupasi Manager Pemeliharaan Instalasi Pemanfaatan Tegangan Rendah","Low Voltage Utilization Installation Maintenance Manager","SKTTK merupakan produk resmi dari Kementerian ESDM yang dikeluarkan melalui Direktorat Jenderal Ketenagalistrikan, diwajibkan oleh UU No. 30 Tahun 2009 tentang Ketenagalistrikan serta Permen ESDM No. 12 Tahun 2021. Skema jabatan Manager Pemeliharaan Instalasi Pemanfaatan Tegangan Rendah mencakup kompetensi merencanakan, mengorganisasikan, dan mengendalikan pemeliharaan instalasi pemanfaatan tenaga listrik tegangan rendah (di bawah 1 kV) untuk memastikan keandalan dan keselamatan operasi.","SKTTK is an official ESDM product issued through the Directorate General of Electricity, mandated by UU 30/2009 and Permen ESDM 12/2021. The Low Voltage Utilization Installation Maintenance Manager scheme covers competencies in planning, organizing, and controlling maintenance of low-voltage (below 1 kV) electrical utilization installations to ensure operational reliability and safety.","Verbatim-based (serkom.co.id)"
"Ketenagalistrikan (SKTTK)","Skema Okupasi Manager Pemeliharaan Instalasi Pemanfaatan Tegangan Menengah","Medium Voltage Utilization Installation Maintenance Manager","Skema SKTTK jabatan Manager Pemeliharaan Instalasi Pemanfaatan Tegangan Menengah dikembangkan berdasarkan Permen ESDM No. 12 Tahun 2021 dan UU No. 30 Tahun 2009. Mencakup kompetensi merencanakan dan mengelola pemeliharaan instalasi pemanfaatan tenaga listrik tegangan menengah (1 kV – 20 kV).","The Medium Voltage Utilization Installation Maintenance Manager SKTTK scheme is developed under Permen ESDM No. 12 of 2021 and UU 30/2009. It covers planning and managing maintenance of medium-voltage (1 kV – 20 kV) electrical utilization installations.","Template-based / Permen ESDM 12/2021"
"Ketenagalistrikan (SKTTK)","Skema Okupasi Manager Pemeliharaan Instalasi Pemanfaatan Tegangan Tinggi","High Voltage Utilization Installation Maintenance Manager","Skema SKTTK jabatan Manager Pemeliharaan Instalasi Pemanfaatan Tegangan Tinggi dikembangkan berdasarkan Permen ESDM No. 12 Tahun 2021 dan UU No. 30 Tahun 2009. Mencakup kompetensi merencanakan dan mengelola pemeliharaan instalasi pemanfaatan tenaga listrik tegangan tinggi (di atas 20 kV).","The High Voltage Utilization Installation Maintenance Manager SKTTK scheme is developed under Permen ESDM No. 12 of 2021 and UU 30/2009. It covers planning and managing maintenance of high-voltage (above 20 kV) electrical utilization installations.","Template-based / Permen ESDM 12/2021"
"Ketenagalistrikan (SKTTK)","Skema Okupasi Manager Pengoperasian Instalasi Pemanfaatan Tegangan Rendah","Low Voltage Utilization Installation Operations Manager","Skema SKTTK jabatan Manager Pengoperasian Instalasi Pemanfaatan Tegangan Rendah dikembangkan berdasarkan Permen ESDM No. 12 Tahun 2021 dan UU No. 30 Tahun 2009. Mencakup kompetensi merencanakan dan mengelola pengoperasian instalasi pemanfaatan tenaga listrik tegangan rendah.","The Low Voltage Utilization Installation Operations Manager SKTTK scheme is developed under Permen ESDM No. 12 of 2021 and UU 30/2009. It covers planning and managing operations of low-voltage electrical utilization installations.","Template-based / Permen ESDM 12/2021"
"Ketenagalistrikan (SKTTK)","Skema Okupasi Manager Pengoperasian Instalasi Pemanfaatan Tegangan Menengah","Medium Voltage Utilization Installation Operations Manager","Skema SKTTK jabatan Manager Pengoperasian Instalasi Pemanfaatan Tegangan Menengah dikembangkan berdasarkan Permen ESDM No. 12 Tahun 2021 dan UU No. 30 Tahun 2009. Mencakup kompetensi merencanakan dan mengelola pengoperasian instalasi pemanfaatan tenaga listrik tegangan menengah.","The Medium Voltage Utilization Installation Operations Manager SKTTK scheme is developed under Permen ESDM No. 12 of 2021 and UU 30/2009. It covers planning and managing operations of medium-voltage electrical utilization installations.","Template-based / Permen ESDM 12/2021"
"Ketenagalistrikan (SKTTK)","Skema Okupasi Manager Pengoperasian Instalasi Pemanfaatan Tegangan Tinggi","High Voltage Utilization Installation Operations Manager","Skema SKTTK jabatan Manager Pengoperasian Instalasi Pemanfaatan Tegangan Tinggi dikembangkan berdasarkan Permen ESDM No. 12 Tahun 2021 dan UU No. 30 Tahun 2009. Mencakup kompetensi merencanakan dan mengelola pengoperasian instalasi pemanfaatan tenaga listrik tegangan tinggi.","The High Voltage Utilization Installation Operations Manager SKTTK scheme is developed under Permen ESDM No. 12 of 2021 and UU 30/2009. It covers planning and managing operations of high-voltage electrical utilization installations.","Template-based / Permen ESDM 12/2021"
"Ketenagalistrikan (SKTTK)","Skema Okupasi Asisten Manajer Pemeliharaan Pemanfaatan Tegangan Menengah","Assistant Manager – Medium Voltage Utilization Maintenance","Skema SKTTK jabatan Asisten Manajer Pemeliharaan Pemanfaatan Tegangan Menengah dikembangkan berdasarkan Permen ESDM No. 12 Tahun 2021. Mencakup kompetensi membantu manajer dalam merencanakan dan mengawasi pemeliharaan instalasi pemanfaatan tenaga listrik tegangan menengah (1 kV – 20 kV).","The Assistant Manager – Medium Voltage Utilization Maintenance SKTTK scheme references Permen ESDM No. 12 of 2021. It covers competencies in assisting the manager in planning and supervising maintenance of medium-voltage (1 kV – 20 kV) electrical utilization installations.","Verbatim-based (serkom.co.id)"
"Ketenagalistrikan (SKTTK)","Skema Okupasi Asisten Manajer Pengoperasian Pemanfaatan Tegangan Menengah","Assistant Manager – Medium Voltage Utilization Operations","Skema SKTTK jabatan Asisten Manajer Pengoperasian Pemanfaatan Tegangan Menengah dikembangkan berdasarkan Permen ESDM No. 12 Tahun 2021. Mencakup kompetensi membantu manajer dalam merencanakan dan mengawasi pengoperasian instalasi pemanfaatan tenaga listrik tegangan menengah.","The Assistant Manager – Medium Voltage Utilization Operations SKTTK scheme references Permen ESDM No. 12 of 2021. It covers assisting the manager in planning and supervising operations of medium-voltage electrical utilization installations.","Template-based / Permen ESDM 12/2021"
"Ketenagalistrikan (SKTTK)","Skema Okupasi Teknisi Pembangunan dan Pemasangan Jaringan Tegangan Rendah","Low Voltage Network Construction & Installation Technician","Skema SKTTK jabatan Teknisi Pembangunan dan Pemasangan Jaringan Tegangan Rendah dikembangkan berdasarkan Permen ESDM No. 12 Tahun 2021. Mencakup kompetensi pembangunan dan pemasangan jaringan distribusi tenaga listrik tegangan rendah termasuk pengkabelan, komponen proteksi, dan pengujian instalasi.","The Low Voltage Network Construction & Installation Technician SKTTK scheme references Permen ESDM No. 12 of 2021. It covers constructing and installing low-voltage electricity distribution networks including cabling, protection components, and installation testing competencies.","Template-based / Permen ESDM 12/2021"
"Ketenagalistrikan (SKTTK)","Skema Okupasi Manager Pengoperasian Instalasi Stasiun Pengisian Kendaraan Listrik Umum (SPKLU)","Public EV Charging Station Operations Manager","Skema SKTTK jabatan Manager Pengoperasian Instalasi SPKLU dikembangkan berdasarkan Permen ESDM No. 12 Tahun 2021 dan regulasi SPKLU yang berlaku. Mencakup kompetensi pengelolaan operasional stasiun pengisian kendaraan listrik umum, pemeliharaan peralatan SPKLU, dan pengelolaan data transaksi pengisian daya.","The Public EV Charging Station Operations Manager SKTTK scheme references Permen ESDM No. 12 of 2021 and relevant SPKLU regulations. It covers managing public EV charging station operations, SPKLU equipment maintenance, and charging transaction data management competencies.","Template-based / Permen ESDM 12/2021"
"Ketenagalistrikan (SKTTK)","Skema Okupasi Pelaksana Madya Pembangunan dan Pemasangan Distribusi Tegangan Rendah","Middle Implementer – Low Voltage Distribution Construction & Installation","Skema SKTTK jabatan Pelaksana Madya Pembangunan dan Pemasangan Distribusi Tegangan Rendah dikembangkan berdasarkan Permen ESDM No. 12 Tahun 2021. Mencakup kompetensi pelaksanaan pembangunan jaringan distribusi tegangan rendah pada tingkat madya, koordinasi pekerjaan lapangan, dan pengendalian mutu pekerjaan.","The Middle Implementer – Low Voltage Distribution Construction & Installation SKTTK scheme references Permen ESDM No. 12 of 2021. It covers executing low-voltage distribution network construction at the middle level, field work coordination, and work quality control competencies.","Template-based / Permen ESDM 12/2021"
"Energi Baru Terbarukan","Skema Okupasi Ahli Geologi Panas Bumi","Geothermal Geologist","Skema sertifikasi Ahli Geologi Panas Bumi adalah skema sertifikasi okupasi yang dikembangkan oleh Komite Skema Lembaga Sertifikasi Profesi EBTKE Indonesia untuk memenuhi kebutuhan sertifikasi kompetensi kerja di LSP EBTKE Indonesia. Kode UK.EBTKE-027. Kemasan yang digunakan mengacu pada SKKNI Bidang Panas Bumi berdasarkan Kepmenaker No. 74 Tahun 2017.","The Geothermal Geologist occupational certification scheme (Code: UK.EBTKE-027) was developed by LSP EBTKE Indonesia, referencing the Geothermal SKKNI Kepmenaker No. 74 of 2017. It covers geothermal geological survey, subsurface data analysis, and geothermal resource potential assessment competencies.","Verbatim (lspebtke.co.id)"
"Energi Baru Terbarukan","Skema Okupasi Geothermal Rotary Equipment Inspector","Geothermal Rotary Equipment Inspector","Skema sertifikasi Geothermal Rotary Equipment Inspector dikembangkan oleh Komite Skema LSP EBTKE Indonesia mengacu pada SKKNI Bidang Panas Bumi berdasarkan Kepmenaker No. 74 Tahun 2017. Mencakup kompetensi inspeksi peralatan rotari (turbin, pompa, kompresor) pada pembangkit listrik tenaga panas bumi.","The Geothermal Rotary Equipment Inspector scheme references the Geothermal SKKNI Kepmenaker No. 74 of 2017. It covers inspection of rotary equipment (turbines, pumps, compressors) at geothermal power plants competencies.","Template-based / Kepmenaker 74/2017"
"Energi Baru Terbarukan","Skema Okupasi Senior / Chief Engineer Perencanaan PLTS (KKNI Level 7)","Solar Power Plant Planning Senior / Chief Engineer","Skema sertifikasi Senior/Chief Engineer Perencanaan PLTS (KKNI Level 7) dikembangkan oleh Komite Skema LSP EBT mengacu pada SKKNI Bidang Energi Surya/PLTS. Mencakup kompetensi perancangan sistem PLTS berskala utilitas, studi kelayakan teknis, pengelolaan kontrak EPC PLTS, dan pengujian kinerja sistem PLTS.","The Solar Power Plant Planning Senior/Chief Engineer (KKNI Level 7) scheme references the SKKNI Solar Energy/PLTS Field. It covers utility-scale PLTS system design, technical feasibility studies, PLTS EPC contract management, and PLTS system performance testing competencies.","Template-based / SKKNI EBT"
"Energi Baru Terbarukan","Skema Okupasi Operator Senior Pemasangan PLTS Atap","Senior Rooftop Solar PV Installer","Skema sertifikasi Operator Senior Pemasangan PLTS Atap dikembangkan oleh Komite Skema LSP EBT mengacu pada SKKNI Bidang Energi Surya/PLTS Atap. Mencakup kompetensi pemasangan modul surya, inverter, sistem baterai, dan pengkabelan sistem PLTS atap, serta komisioning dan pengujian sistem.","The Senior Rooftop Solar PV Installer scheme references the SKKNI Rooftop Solar PV Field. It covers solar module, inverter, battery system, and rooftop PLTS cabling installation, as well as system commissioning and testing competencies.","Template-based / SKKNI EBT"
"Energi Baru Terbarukan","Skema Okupasi Inspektur Muda Pemeriksaan dan Pengujian PLTS","Junior PV Inspection & Testing Inspector","Skema sertifikasi Inspektur Muda Pemeriksaan dan Pengujian PLTS dikembangkan oleh Komite Skema LSP EBT mengacu pada SKKNI Bidang Energi Surya/PLTS. Mencakup kompetensi pemeriksaan visual dan pengujian kinerja modul surya, inverter, dan sistem PLTS secara keseluruhan.","The Junior PV Inspection & Testing Inspector scheme references the SKKNI Solar Energy/PLTS Field. It covers visual inspection and performance testing of solar modules, inverters, and overall PLTS systems competencies.","Template-based / SKKNI EBT"
"Energi Baru Terbarukan","Skema Okupasi Pelaksana Kelistrikan dan Pembangunan PLTS","Solar PV Electrical & Construction Implementer","Skema sertifikasi Pelaksana Kelistrikan dan Pembangunan PLTS dikembangkan oleh Komite Skema LSP EBT mengacu pada SKKNI Bidang Energi Surya/PLTS. Mencakup kompetensi pelaksanaan pekerjaan sipil dan elektrikal dalam pembangunan PLTS, pemasangan struktur penyangga modul, dan instalasi sistem kelistrikan PLTS.","The Solar PV Electrical & Construction Implementer scheme references the SKKNI Solar Energy/PLTS Field. It covers civil and electrical work execution in PLTS construction, module support structure installation, and PLTS electrical system installation competencies.","Template-based / SKKNI EBT"
"Energi Baru Terbarukan","Skema Okupasi Teknisi PLTMH","Mini-Hydro Power Plant Technician","Skema sertifikasi Teknisi PLTMH (Pembangkit Listrik Tenaga Mini Hidro) dikembangkan oleh Komite Skema LSP EBT mengacu pada SKKNI Bidang Energi Air. Mencakup kompetensi pengoperasian dan pemeliharaan turbin air, generator, sistem kontrol, dan peralatan sipil PLTMH.","The Mini-Hydro Power Plant Technician scheme references the SKKNI Hydroelectric Field. It covers operating and maintaining water turbines, generators, control systems, and civil works equipment of mini-hydro power plants competencies.","Template-based / SKKNI EBT"
"Energi Baru Terbarukan","Skema Okupasi Teknisi PLTB","Wind Power Plant Technician","Skema sertifikasi Teknisi PLTB (Pembangkit Listrik Tenaga Bayu) dikembangkan oleh Komite Skema LSP EBT mengacu pada SKKNI Bidang Energi Angin. Mencakup kompetensi pengoperasian dan pemeliharaan turbin angin, sistem nacelle, rotor, tower, dan sistem koneksi ke jaringan.","The Wind Power Plant Technician scheme references the SKKNI Wind Energy Field. It covers operating and maintaining wind turbines, nacelle systems, rotors, towers, and grid connection systems competencies.","Template-based / SKKNI EBT"
"Energi Baru Terbarukan","Skema Okupasi Teknisi PLTBg / PLTBm / PLTSa","Biogas / Biomass / Waste-to-Energy Power Plant Technician","Skema sertifikasi Teknisi PLTBg/PLTBm/PLTSa dikembangkan oleh Komite Skema LSP EBT mengacu pada SKKNI Bidang Bioenergi mencakup Pembangkit Listrik Tenaga Biogas (PLTBg), Biomassa (PLTBm), dan Sampah (PLTSa). Mencakup kompetensi pengoperasian dan pemeliharaan sistem konversi energi biomassa/biogas/sampah menjadi tenaga listrik.","The Biogas/Biomass/Waste-to-Energy Power Plant Technician scheme references the SKKNI Bioenergy Field covering PLTBg, PLTBm, and PLTSa. It covers operating and maintaining biomass/biogas/waste-to-energy conversion systems for electricity generation competencies.","Template-based / SKKNI EBT"
"Manufaktur Otomotif dan Industri","Skema Okupasi Engine Tune Up Konvensional","Conventional Engine Tune-Up","Skema sertifikasi Engine Tune Up Konvensional dikembangkan oleh Komite Skema LSP Otomotif mengacu pada SKKNI Bidang Otomotif berdasarkan Kepmenaker No. 96 Tahun 2018. Mencakup kompetensi pemeriksaan dan penyetelan mesin bensin konvensional (karburator), termasuk sistem pengapian, sistem bahan bakar, dan sistem pendingin.","The Conventional Engine Tune-Up scheme references Automotive SKKNI Kepmenaker No. 96 of 2018. It covers conventional gasoline engine (carburetor) inspection and adjustment, including ignition systems, fuel systems, and cooling systems competencies.","Template-based / Kepmenaker 96/2018"
"Manufaktur Otomotif dan Industri","Skema Okupasi Engine Tune Up Injeksi","Injection Engine Tune-Up","Skema sertifikasi Engine Tune Up Injeksi dikembangkan oleh Komite Skema LSP Otomotif mengacu pada SKKNI Bidang Otomotif berdasarkan Kepmenaker No. 96 Tahun 2018. Mencakup kompetensi pemeriksaan dan penyetelan mesin injeksi bahan bakar (EFI/MPI/GDI), diagnosa sistem EFI menggunakan scan tool, dan reset/adaptasi ECU.","The Injection Engine Tune-Up scheme references Automotive SKKNI Kepmenaker No. 96 of 2018. It covers fuel injection engine (EFI/MPI/GDI) inspection and adjustment, EFI system diagnosis using scan tools, and ECU reset/adaptation competencies.","Template-based / Kepmenaker 96/2018"
"Manufaktur Otomotif dan Industri","Skema Okupasi Pemeliharaan Emisi Gas Buang","Exhaust Gas Emission Maintenance","Skema sertifikasi Pemeliharaan Emisi Gas Buang dikembangkan oleh Komite Skema LSP Otomotif mengacu pada SKKNI Bidang Otomotif Sub-bidang Emisi Kendaraan. Mencakup kompetensi pengukuran emisi gas buang kendaraan, interpretasi hasil uji emisi, dan penyetelan sistem emisi agar memenuhi standar ambang batas emisi.","The Exhaust Gas Emission Maintenance scheme references the Automotive SKKNI – Vehicle Emission Sub-field. It covers vehicle exhaust emission measurement, emission test result interpretation, and emission system adjustment to meet emission threshold standards competencies.","Template-based / SKKNI Otomotif"
"Manufaktur Otomotif dan Industri","Skema Okupasi Pemeliharaan Four Wheel Alignment","Four Wheel Alignment Maintenance","Skema sertifikasi Pemeliharaan Four Wheel Alignment dikembangkan oleh Komite Skema LSP Otomotif mengacu pada SKKNI Bidang Otomotif Sub-bidang Chasis dan Suspensi. Mencakup kompetensi pengukuran dan penyetelan geometri roda (camber, caster, toe, kingpin), balancing roda, dan pemeliharaan komponen suspensi.","The Four Wheel Alignment Maintenance scheme references the Automotive SKKNI – Chassis & Suspension Sub-field. It covers wheel geometry measurement and adjustment (camber, caster, toe, kingpin), wheel balancing, and suspension component maintenance competencies.","Template-based / SKKNI Otomotif"
"Manufaktur Otomotif dan Industri","Skema Okupasi Pemeriksaan Kondisi Mobil","Vehicle Condition Inspection","Skema sertifikasi Pemeriksaan Kondisi Mobil dikembangkan oleh Komite Skema LSP Otomotif mengacu pada SKKNI Bidang Otomotif Sub-bidang Inspeksi Kendaraan. Mencakup kompetensi pemeriksaan menyeluruh kondisi kendaraan meliputi sistem mesin, bodi, kelistrikan, dan chassis untuk menentukan kondisi dan nilai kendaraan.","The Vehicle Condition Inspection scheme references the Automotive SKKNI – Vehicle Inspection Sub-field. It covers comprehensive vehicle condition inspection covering engine, body, electrical, and chassis systems to determine vehicle condition and value competencies.","Template-based / SKKNI Otomotif"
"Manufaktur Otomotif dan Industri","Skema Okupasi Pengecatan Panel Bodi Kendaraan","Vehicle Body Panel Painting","Skema sertifikasi Pengecatan Panel Bodi Kendaraan dikembangkan oleh Komite Skema LSP Otomotif mengacu pada SKKNI Bidang Otomotif Sub-bidang Perbaikan Bodi. Mencakup kompetensi persiapan permukaan panel, penggunaan primer dan sealer, aplikasi cat lapisan dasar dan pernis, serta pencocokan warna kendaraan.","The Vehicle Body Panel Painting scheme references the Automotive SKKNI – Body Repair Sub-field. It covers panel surface preparation, primer and sealer application, base coat and varnish application, and vehicle color matching competencies.","Template-based / SKKNI Otomotif"
"Manufaktur Otomotif dan Industri","Skema Okupasi Servis Sepeda Motor Sistem Karburator","Carburetor Motorcycle Service","Skema sertifikasi Servis Sepeda Motor Sistem Karburator dikembangkan oleh Komite Skema LSP Otomotif mengacu pada SKKNI Bidang Otomotif Sub-bidang Sepeda Motor. Mencakup kompetensi servis berkala sepeda motor sistem karburator meliputi tune-up mesin, servis karburator, pemeriksaan sistem kelistrikan, dan penyetelan rem.","The Carburetor Motorcycle Service scheme references the Automotive SKKNI – Motorcycle Sub-field. It covers periodic carburetor motorcycle service including engine tune-up, carburetor service, electrical system inspection, and brake adjustment competencies.","Template-based / SKKNI Otomotif"
"Manufaktur Otomotif dan Industri","Skema Okupasi Servis Sepeda Motor Sistem Injeksi","Injection Motorcycle Service","Skema sertifikasi Servis Sepeda Motor Sistem Injeksi dikembangkan oleh Komite Skema LSP Otomotif mengacu pada SKKNI Bidang Otomotif Sub-bidang Sepeda Motor Injeksi. Mencakup kompetensi servis berkala sepeda motor sistem injeksi bahan bakar (PGM-FI/EFI), diagnosa sistem injeksi dengan scan tool, dan servis komponen injeksi.","The Injection Motorcycle Service scheme references the Automotive SKKNI – Injection Motorcycle Sub-field. It covers periodic fuel injection motorcycle (PGM-FI/EFI) service, injection system diagnosis with scan tools, and injection component service competencies.","Template-based / SKKNI Otomotif"
"Manufaktur Otomotif dan Industri","Skema Okupasi Chassis dan Suspension Junior Technician","Chassis & Suspension Junior Technician","Skema sertifikasi Chassis dan Suspension Junior Technician dikembangkan oleh Komite Skema LSP Otomotif mengacu pada SKKNI Bidang Otomotif Sub-bidang Chasis dan Suspensi. Mencakup kompetensi pemeriksaan dan penggantian komponen suspensi, sistem kemudi, dan sistem rem pada tingkat teknisi junior.","The Chassis & Suspension Junior Technician scheme references the Automotive SKKNI – Chassis & Suspension Sub-field. It covers inspection and replacement of suspension components, steering systems, and braking systems at the junior technician level competencies.","Template-based / SKKNI Otomotif"
"Manufaktur Otomotif dan Industri","Skema Okupasi Power Train Junior Technician","Power Train Junior Technician","Skema sertifikasi Power Train Junior Technician dikembangkan oleh Komite Skema LSP Otomotif mengacu pada SKKNI Bidang Otomotif Sub-bidang Power Train. Mencakup kompetensi servis dan penggantian komponen transmisi, kopling, gardan, dan poros penggerak pada tingkat teknisi junior.","The Power Train Junior Technician scheme references the Automotive SKKNI – Power Train Sub-field. It covers service and replacement of transmission, clutch, differential, and drive shaft components at the junior technician level competencies.","Template-based / SKKNI Otomotif"
"Manufaktur Otomotif dan Industri","Skema Okupasi Perencanaan dan Perbaikan Pak Baterai (EV)","EV Battery Pack Planning & Repair","Skema sertifikasi Perencanaan dan Perbaikan Pak Baterai Kendaraan Listrik dikembangkan oleh Komite Skema LSP Otomotif mengacu pada SKKNI Bidang Otomotif Sub-bidang Kendaraan Listrik (EV). Mencakup kompetensi diagnosa dan perbaikan pak baterai EV, pengelolaan Battery Management System (BMS), dan prosedur keselamatan penanganan baterai tegangan tinggi.","The EV Battery Pack Planning & Repair scheme references the Automotive SKKNI – Electric Vehicle (EV) Sub-field. It covers EV battery pack diagnosis and repair, Battery Management System (BMS) management, and high-voltage battery handling safety procedures competencies.","Template-based / SKKNI Otomotif EV"
"Manufaktur Otomotif dan Industri","Skema Okupasi Pemeliharaan Berkala Sepeda Motor Matic Injeksi","Periodic Maintenance of Automatic Injection Motorcycles","Skema sertifikasi Pemeliharaan Berkala Sepeda Motor Matic Injeksi dikembangkan oleh Komite Skema LSP Otomotif mengacu pada SKKNI Bidang Otomotif Sub-bidang Sepeda Motor Matic Injeksi. Mencakup kompetensi servis berkala sepeda motor matic injeksi meliputi penggantian oli, filter, busi, pemeriksaan CVT, dan penyetelan sistem injeksi.","The Periodic Maintenance of Automatic Injection Motorcycles scheme references the Automotive SKKNI – Automatic Injection Motorcycle Sub-field. It covers periodic automatic injection motorcycle service including oil, filter, spark plug replacement, CVT inspection, and injection system adjustment competencies.","Template-based / SKKNI Otomotif"
"Manufaktur Otomotif dan Industri","Skema Okupasi Manajer Perencana Material MRO","MRO Material Planner Manager","Skema sertifikasi Manajer Perencana Material MRO dikembangkan oleh Komite Skema LSP TMI mengacu pada SKKNI Bidang Logistik dan MRO (Maintenance, Repair, Overhaul). Mencakup kompetensi perencanaan kebutuhan material pemeliharaan, perbaikan, dan overhaul; pengelolaan anggaran material MRO; dan koordinasi dengan tim pemeliharaan dan pemasok.","The MRO Material Planner Manager scheme references the SKKNI Logistics and MRO Field. It covers maintenance, repair, and overhaul material requirements planning, MRO material budget management, and coordination with maintenance teams and suppliers competencies.","Template-based / SKKNI Logistik MRO"
"Manufaktur Otomotif dan Industri","Skema Okupasi Manajer Pengadaan MRO","MRO Procurement Manager","Skema sertifikasi Manajer Pengadaan MRO dikembangkan oleh Komite Skema LSP TMI mengacu pada SKKNI Bidang Logistik dan MRO. Mencakup kompetensi pengelolaan proses pengadaan material dan jasa MRO, negosiasi kontrak dengan pemasok, evaluasi pemasok, dan kepatuhan terhadap regulasi pengadaan.","The MRO Procurement Manager scheme references the SKKNI Logistics and MRO Field. It covers managing MRO materials and services procurement processes, supplier contract negotiation, supplier evaluation, and procurement regulation compliance competencies.","Template-based / SKKNI Logistik MRO"
"Manufaktur Otomotif dan Industri","Skema Okupasi Manajer Logistik MRO","MRO Logistics Manager","Skema sertifikasi Manajer Logistik MRO dikembangkan oleh Komite Skema LSP TMI mengacu pada SKKNI Bidang Logistik dan MRO. Mencakup kompetensi pengelolaan rantai pasok material MRO, distribusi material ke unit pemeliharaan, manajemen inventaris MRO, dan optimisasi biaya logistik MRO.","The MRO Logistics Manager scheme references the SKKNI Logistics and MRO Field. It covers MRO material supply chain management, material distribution to maintenance units, MRO inventory management, and MRO logistics cost optimization competencies.","Template-based / SKKNI Logistik MRO"
"Manufaktur Otomotif dan Industri","Skema Okupasi Manajer Gudang MRO","MRO Warehouse Manager","Skema sertifikasi Manajer Gudang MRO dikembangkan oleh Komite Skema LSP TMI mengacu pada SKKNI Bidang Logistik dan MRO. Mencakup kompetensi pengelolaan operasional gudang material MRO, sistem penyimpanan, pengendalian stok, dan pemeliharaan keselamatan gudang.","The MRO Warehouse Manager scheme references the SKKNI Logistics and MRO Field. It covers managing MRO material warehouse operations, storage systems, stock control, and warehouse safety maintenance competencies.","Template-based / SKKNI Logistik MRO"
"Manufaktur Otomotif dan Industri","Skema Okupasi Procurement Supervisor","Procurement Supervisor","Skema sertifikasi Procurement Supervisor dikembangkan oleh Komite Skema LSP TMI mengacu pada SKKNI Bidang Logistik dan Pengadaan. Mencakup kompetensi supervisi proses pengadaan barang dan jasa, pengelolaan dokumen tender, evaluasi penawaran, dan koordinasi dengan penyedia barang/jasa.","The Procurement Supervisor scheme references the SKKNI Logistics and Procurement Field. It covers supervising goods and services procurement processes, tender document management, bid evaluation, and supplier coordination competencies.","Template-based / SKKNI Logistik"
"Manufaktur Otomotif dan Industri","Skema Okupasi Warehouse Operation Officer","Warehouse Operation Officer","Skema sertifikasi Warehouse Operation Officer dikembangkan oleh Komite Skema LSP TMI mengacu pada SKKNI Bidang Logistik Sub-bidang Pergudangan. Mencakup kompetensi penerimaan, penyimpanan, pengeluaran barang dari gudang, pengelolaan dokumen gudang, dan pemeliharaan keselamatan area gudang.","The Warehouse Operation Officer scheme references the SKKNI Logistics – Warehousing Sub-field. It covers goods receiving, storage, issuance from warehouse, warehouse document management, and warehouse safety area maintenance competencies.","Template-based / SKKNI Logistik"
"Manufaktur Otomotif dan Industri","Skema KKNI Level II Teknik Pemesinan","KKNI L2 Machining Engineering","Skema sertifikasi Kualifikasi Level II Teknik Pemesinan merupakan skema sertifikasi yang dikembangkan oleh komite skema sertifikasi BNSP bersama Direktorat PSMK. Kemasan kompetensi yang digunakan mengacu pada SKKNI Nomor: KEP.240/MEN/X/2004 Tentang Penetapan SKKNI Sektor Logam Mesin. Skema sertifikasi ini digunakan sebagai acuan pada pelaksanaan asesmen oleh asesor kompetensi LSP-P1 SMK dan untuk memastikan kompetensi yang dimiliki siswa SMK Kompetensi Keahlian Teknik Pemesinan sesuai KKNI Level II.","The KKNI Level II Machining Engineering certification scheme was developed by BNSP together with the Directorate of Vocational Secondary Education (PSMK), referencing SKKNI KEP.240/MEN/X/2004 (Metal Machining Sector). It serves as the assessment reference for competency assessors at LSP-P1 SMK schools to verify that SMK students in Machining Engineering achieve KKNI Level II competency.","Verbatim (pdfcoffee / scribd)"
"Manufaktur Otomotif dan Industri","Skema KKNI Level II Teknik Pengelasan","KKNI L2 Welding Engineering","Skema sertifikasi KKNI Level II Teknik Pengelasan dikembangkan oleh komite skema sertifikasi BNSP bersama Dit PSMK mengacu pada SKKNI Bidang Pengelasan dan SK Dirjen Dikdasmen No. 130/D/KEP/KR/2017. Memastikan kompetensi lulusan SMK Kompetensi Keahlian Teknik Pengelasan sesuai KKNI Level II dalam pengelasan SMAW, GMAW, GTAW, dan OAW.","The KKNI Level II Welding Engineering scheme was developed by BNSP and Dit PSMK, referencing the Welding SKKNI and SK Dirjen Dikdasmen No. 130/D/KEP/KR/2017. It ensures SMK Welding Engineering graduates achieve KKNI Level II competency in SMAW, GMAW, GTAW, and OAW welding.","Template-based / SKKNI Logam Mesin"
"Manufaktur Otomotif dan Industri","Skema KKNI Level II Teknik Pengecoran Logam","KKNI L2 Metal Casting Engineering","Skema sertifikasi KKNI Level II Teknik Pengecoran Logam mengacu pada SKKNI Bidang Pengecoran Logam dan SK Dirjen Dikdasmen No. 130/D/KEP/KR/2017. Memastikan kompetensi lulusan SMK dalam pembuatan pola, pengecoran logam, dan pengendalian mutu produk cor sesuai KKNI Level II.","The KKNI Level II Metal Casting Engineering scheme references the Metal Casting SKKNI and SK Dirjen Dikdasmen No. 130/D/KEP/KR/2017. It ensures SMK graduates achieve KKNI Level II competency in pattern making, metal casting, and cast product quality control.","Template-based / SKKNI Logam Mesin"
"Manufaktur Otomotif dan Industri","Skema KKNI Level II Teknik Mekanik Industri","KKNI L2 Industrial Mechanics","Skema sertifikasi KKNI Level II Teknik Mekanik Industri mengacu pada SKKNI Bidang Mekanik Industri dan SK Dirjen Dikdasmen No. 130/D/KEP/KR/2017. Memastikan kompetensi lulusan SMK dalam pemasangan, pengoperasian, dan pemeliharaan peralatan mekanik industri sesuai KKNI Level II.","The KKNI Level II Industrial Mechanics scheme references the Industrial Mechanics SKKNI and SK Dirjen Dikdasmen No. 130/D/KEP/KR/2017. It ensures SMK graduates achieve KKNI Level II competency in industrial mechanical equipment installation, operation, and maintenance.","Template-based / SKKNI Manufaktur"
"Manufaktur Otomotif dan Industri","Skema KKNI Level II Teknik Otomasi Industri","KKNI L2 Industrial Automation Engineering","Skema sertifikasi KKNI Level II Teknik Otomasi Industri mengacu pada SKKNI Bidang Otomasi Industri dan SK Dirjen Dikdasmen No. 130/D/KEP/KR/2017. Memastikan kompetensi lulusan SMK dalam pemrograman PLC, pneumatik, sistem kontrol, dan robotika industri sesuai KKNI Level II.","The KKNI Level II Industrial Automation Engineering scheme references the Industrial Automation SKKNI and SK Dirjen Dikdasmen No. 130/D/KEP/KR/2017. It ensures SMK graduates achieve KKNI Level II competency in PLC programming, pneumatics, control systems, and industrial robotics.","Template-based / SKKNI Manufaktur"
"Manufaktur Otomotif dan Industri","Skema KKNI Level II Teknik Pendingin dan Tata Udara","KKNI L2 Refrigeration & Air Conditioning","Skema sertifikasi KKNI Level II Teknik Pendingin dan Tata Udara mengacu pada SKKNI Bidang Teknik Pendingin dan Tata Udara dan SK Dirjen Dikdasmen No. 130/D/KEP/KR/2017. Memastikan kompetensi lulusan SMK dalam pemasangan, pengoperasian, dan pemeliharaan sistem refrigerasi dan tata udara sesuai KKNI Level II.","The KKNI Level II Refrigeration & Air Conditioning scheme references the Refrigeration & AC SKKNI and SK Dirjen Dikdasmen No. 130/D/KEP/KR/2017. It ensures SMK graduates achieve KKNI Level II competency in refrigeration and air conditioning system installation, operation, and maintenance.","Template-based / SKKNI Manufaktur"
"Manufaktur Otomotif dan Industri","Skema KKNI Level II Teknik Instalasi Tenaga Listrik","KKNI L2 Electrical Power Installation","Skema sertifikasi KKNI Level II Teknik Instalasi Tenaga Listrik mengacu pada SKKNI Bidang Teknik Instalasi Tenaga Listrik dan SK Dirjen Dikdasmen No. 130/D/KEP/KR/2017. Memastikan kompetensi lulusan SMK dalam pemasangan instalasi listrik rumah, gedung, dan industri sesuai PUIL dan KKNI Level II.","The KKNI Level II Electrical Power Installation scheme references the Electrical Power Installation SKKNI and SK Dirjen Dikdasmen No. 130/D/KEP/KR/2017. It ensures SMK graduates achieve KKNI Level II competency in residential, commercial, and industrial electrical installation per PUIL standards.","Template-based / SKKNI Manufaktur"
"Manufaktur Otomotif dan Industri","Skema KKNI Level II Teknik Tenaga Listrik","KKNI L2 Electrical Power Engineering","Skema sertifikasi KKNI Level II Teknik Tenaga Listrik mengacu pada SKKNI Bidang Teknik Tenaga Listrik dan SK Dirjen Dikdasmen No. 130/D/KEP/KR/2017. Memastikan kompetensi lulusan SMK dalam sistem kelistrikan, transformator, motor listrik, dan sistem distribusi daya listrik sesuai KKNI Level II.","The KKNI Level II Electrical Power Engineering scheme references the Electrical Power Engineering SKKNI and SK Dirjen Dikdasmen No. 130/D/KEP/KR/2017. It ensures SMK graduates achieve KKNI Level II competency in electrical systems, transformers, electric motors, and power distribution systems.","Template-based / SKKNI Manufaktur"
"Manufaktur Otomotif dan Industri","Skema KKNI Level III Teknik Instrumentasi Logam","KKNI L3 Metal Instrumentation Engineering","Skema sertifikasi KKNI Level III Teknik Instrumentasi Logam mengacu pada SKKNI Bidang Teknik Instrumentasi Logam dan SK Dirjen Dikdasmen No. 130/D/KEP/KR/2017. Memastikan kompetensi lulusan SMK dalam kalibrasi, pengoperasian, dan pemeliharaan instrumen pengukur logam sesuai KKNI Level III.","The KKNI Level III Metal Instrumentation Engineering scheme references the Metal Instrumentation SKKNI and SK Dirjen Dikdasmen No. 130/D/KEP/KR/2017. It ensures SMK graduates achieve KKNI Level III competency in metal measurement instrument calibration, operation, and maintenance.","Template-based / SKKNI Manufaktur"
"Manufaktur Otomotif dan Industri","Skema KKNI Level III Teknik Penyempurnaan Tekstil","KKNI L3 Textile Finishing Engineering","Skema sertifikasi KKNI Level III Teknik Penyempurnaan Tekstil mengacu pada SKKNI Bidang Tekstil Sub-bidang Penyempurnaan dan SK Dirjen Dikdasmen No. 130/D/KEP/KR/2017. Memastikan kompetensi lulusan SMK dalam proses pencelupan, pencapan, dan penyempurnaan kain sesuai KKNI Level III.","The KKNI Level III Textile Finishing Engineering scheme references the SKKNI Textile Finishing Sub-field and SK Dirjen Dikdasmen No. 130/D/KEP/KR/2017. It ensures SMK graduates achieve KKNI Level III competency in fabric dyeing, printing, and finishing processes.","Template-based / SKKNI Tekstil"
"Manufaktur Otomotif dan Industri","Skema KKNI Level III Teknik Mekatronika","KKNI L3 Mechatronics Engineering","Skema sertifikasi KKNI Level III Teknik Mekatronika mengacu pada SKKNI Bidang Mekatronika dan SK Dirjen Dikdasmen No. 130/D/KEP/KR/2017. Memastikan kompetensi lulusan SMK dalam integrasi sistem mekanik, elektronik, dan kontrol otomasi pada aplikasi mekatronika industri sesuai KKNI Level III.","The KKNI Level III Mechatronics Engineering scheme references the SKKNI Mechatronics Field and SK Dirjen Dikdasmen No. 130/D/KEP/KR/2017. It ensures SMK graduates achieve KKNI Level III competency in integrating mechanical, electronic, and automation control systems in industrial mechatronics applications.","Template-based / SKKNI Manufaktur"
"Manufaktur Otomotif dan Industri","Skema KKNI Level II Aircraft Sheet Metal Forming","KKNI L2 Aircraft Sheet Metal Forming","Skema sertifikasi KKNI Level II Aircraft Sheet Metal Forming mengacu pada SKKNI Bidang Pemesinan Pesawat Udara Sub-bidang Sheet Metal dan SK Dirjen Dikdasmen No. 130/D/KEP/KR/2017. Memastikan kompetensi lulusan SMK dalam pembuatan dan perbaikan komponen sheet metal pesawat udara sesuai KKNI Level II.","The KKNI Level II Aircraft Sheet Metal Forming scheme references the SKKNI Aircraft Machining – Sheet Metal Sub-field and SK Dirjen Dikdasmen No. 130/D/KEP/KR/2017. It ensures SMK graduates achieve KKNI Level II competency in aircraft sheet metal component fabrication and repair.","Template-based / SKKNI Penerbangan"
"Manufaktur Otomotif dan Industri","Skema KKNI Level II Airframe Mechanic","KKNI L2 Airframe Mechanic","Skema sertifikasi KKNI Level II Airframe Mechanic mengacu pada SKKNI Bidang Pemeliharaan Pesawat Udara dan SK Dirjen Dikdasmen No. 130/D/KEP/KR/2017. Memastikan kompetensi lulusan SMK dalam inspeksi, pemeliharaan, dan perbaikan struktur airframe pesawat udara sesuai KKNI Level II.","The KKNI Level II Airframe Mechanic scheme references the SKKNI Aircraft Maintenance Field and SK Dirjen Dikdasmen No. 130/D/KEP/KR/2017. It ensures SMK graduates achieve KKNI Level II competency in aircraft airframe structure inspection, maintenance, and repair.","Template-based / SKKNI Penerbangan"
"Manufaktur Otomotif dan Industri","Skema KKNI Level II Teknik Pengelasan Kapal","KKNI L2 Ship Welding Engineering","Skema sertifikasi KKNI Level II Teknik Pengelasan Kapal mengacu pada SKKNI Bidang Teknik Pengelasan Kapal dan SK Dirjen Dikdasmen No. 130/D/KEP/KR/2017. Memastikan kompetensi lulusan SMK dalam pengelasan struktur kapal (SMAW, FCAW) sesuai standar klasifikasi kapal dan KKNI Level II.","The KKNI Level II Ship Welding Engineering scheme references the SKKNI Ship Welding Field and SK Dirjen Dikdasmen No. 130/D/KEP/KR/2017. It ensures SMK graduates achieve KKNI Level II competency in ship structure welding (SMAW, FCAW) according to ship classification standards.","Template-based / SKKNI Perkapalan"
"Logistik dan Transportasi","Skema Okupasi Pengelolaan Logistik Transportasi","Transport Logistics Management","Skema sertifikasi Pengelolaan Logistik Transportasi dikembangkan oleh Komite Skema LSP mengacu pada SKKNI Bidang Logistik dan Transportasi. Mencakup kompetensi perencanaan dan pengelolaan distribusi barang, manajemen armada, optimisasi rute pengiriman, dan pengendalian biaya logistik transportasi.","The Transport Logistics Management scheme references the SKKNI Logistics and Transportation Field. It covers goods distribution planning and management, fleet management, delivery route optimization, and transport logistics cost control competencies.","Template-based / SKKNI Logistik"
"Logistik dan Transportasi","Skema Okupasi TKBM Barang-Barang Umum (General Cargo)","General Cargo Loading-Unloading Worker","Skema sertifikasi Tenaga Kerja Bongkar Muat (TKBM) Barang-Barang Umum dikembangkan oleh Komite Skema LSP mengacu pada SKKNI Bidang Bongkar Muat Pelabuhan. Mencakup kompetensi bongkar muat barang umum di pelabuhan, pengoperasian alat bongkar muat, keselamatan kerja di pelabuhan, dan penanganan dokumen bongkar muat.","The General Cargo Loading-Unloading Worker (TKBM) scheme references the SKKNI Port Loading-Unloading Field. It covers general cargo handling at ports, loading-unloading equipment operation, port workplace safety, and cargo document handling competencies.","Template-based / SKKNI Transportasi"
"Logistik dan Transportasi","Skema Okupasi Pengemudi Angkutan Bermotor","Motorized Transport Driver","Skema sertifikasi Pengemudi Angkutan Bermotor dikembangkan oleh Komite Skema LSP mengacu pada SKKNI berdasarkan Kepmenaker No. 269 Tahun 2014 Bidang Pengemudian Angkutan Bermotor. Mencakup kompetensi pengoperasian kendaraan angkutan bermotor, keselamatan berkendara, pengelolaan dokumen angkutan, dan pelayanan pengguna jasa angkutan.","The Motorized Transport Driver scheme references SKKNI Kepmenaker No. 269 of 2014 (Motorized Transport Driving Field). It covers motorized transport vehicle operation, driving safety, transport document management, and transport service user service competencies.","Template-based / Kepmenaker 269/2014"
"Logistik dan Transportasi","Skema Okupasi Pengurusan Pengangkutan Multimoda","Multimodal Transport Forwarder","Skema sertifikasi Pengurusan Pengangkutan Multimoda dikembangkan oleh Komite Skema LSP mengacu pada SKKNI berdasarkan Kepmenaker No. 114 Tahun 2015 Bidang Transportasi Multimoda. Mencakup kompetensi perencanaan dan pengurusan pengangkutan barang multimoda (darat, laut, udara), pengelolaan dokumen multimoda, dan koordinasi antar moda transportasi.","The Multimodal Transport Forwarder scheme references SKKNI Kepmenaker No. 114 of 2015 (Multimodal Transportation Field). It covers multimodal goods transport planning and management (land, sea, air), multimodal document management, and inter-modal transport coordination competencies.","Template-based / Kepmenaker 114/2015"
"Logistik dan Transportasi","Skema Okupasi Manajer Pergudangan","Warehouse Manager","Skema sertifikasi Manajer Pergudangan dikembangkan oleh Komite Skema LSP mengacu pada SKKNI Bidang Pergudangan dan Logistik. Mencakup kompetensi pengelolaan operasional gudang secara menyeluruh, optimisasi tata letak gudang, pengelolaan sistem informasi gudang (WMS), dan pemastian keselamatan serta keamanan gudang.","The Warehouse Manager scheme references the SKKNI Warehousing and Logistics Field. It covers comprehensive warehouse operational management, warehouse layout optimization, Warehouse Management System (WMS) management, and warehouse safety and security assurance competencies.","Template-based / SKKNI Logistik"
"Logistik dan Transportasi","Skema Okupasi Supply Chain Manager","Supply Chain Manager","Skema sertifikasi Supply Chain Manager dikembangkan oleh Komite Skema LSP mengacu pada SKKNI Bidang Manajemen Rantai Pasokan. Mencakup kompetensi perancangan dan pengelolaan rantai pasokan ujung-ke-ujung, manajemen hubungan pemasok, perencanaan permintaan dan persediaan, serta manajemen risiko rantai pasokan.","The Supply Chain Manager scheme references the SKKNI Supply Chain Management Field. It covers end-to-end supply chain design and management, supplier relationship management, demand and inventory planning, and supply chain risk management competencies.","Template-based / SKKNI Logistik"
"Logistik dan Transportasi","Skema Okupasi Export Import Administrative Staff","Export-Import Administrative Staff","Skema sertifikasi Export Import Administrative Staff dikembangkan oleh Komite Skema LSP mengacu pada SKKNI Bidang Ekspor Impor dan Kepabeanan. Mencakup kompetensi penyusunan dokumen ekspor impor (L/C, Bill of Lading, Packing List, Invoice), koordinasi dengan bea cukai, dan pengelolaan kepatuhan regulasi perdagangan internasional.","The Export-Import Administrative Staff scheme references the SKKNI Export-Import and Customs Field. It covers preparing export-import documents (L/C, Bill of Lading, Packing List, Invoice), customs coordination, and international trade regulation compliance management competencies.","Template-based / SKKNI Logistik"
"Logistik dan Transportasi","Skema Okupasi Customs Broker","Customs Broker","Skema sertifikasi Customs Broker (Pengurus Jasa Kepabeanan/PPJK) dikembangkan oleh Komite Skema LSP mengacu pada SKKNI Bidang Kepabeanan dan Peraturan Bea Cukai. Mencakup kompetensi klasifikasi barang ekspor impor, perhitungan bea masuk dan pajak impor, pengurusan dokumen kepabeanan, dan komunikasi dengan instansi bea cukai.","The Customs Broker (PPJK) scheme references the SKKNI Customs Field and Customs Regulations. It covers import-export goods classification, import duties and tax calculation, customs document processing, and communication with customs authorities competencies.","Template-based / SKKNI Kepabeanan"
"Kesehatan dan Farmasi","Skema Okupasi Asisten Tenaga Kefarmasian di Apotek","Pharmacy Assistant at Pharmacies","Skema sertifikasi Asisten Tenaga Kefarmasian di Apotek dikembangkan oleh Komite Skema LSP Komunitas Farmasi Indonesia mengacu pada SKKNI Bidang Kefarmasian. Mencakup kompetensi pelayanan resep dokter, pengelolaan sediaan farmasi dan perbekalan kesehatan, pemberian informasi obat kepada pasien, dan pengelolaan administrasi apotek.","The Pharmacy Assistant at Pharmacies scheme was developed by LSP Komunitas Farmasi Indonesia, referencing the Pharmacy SKKNI. It covers doctor prescription service, pharmaceutical preparation and medical supply management, patient drug information provision, and pharmacy administration management competencies.","Verbatim-based (bnsp.net / unitkompetensi.com)"
"Kesehatan dan Farmasi","Skema Okupasi Asisten Tenaga Kefarmasian di Rumah Sakit","Pharmacy Assistant at Hospitals","Skema sertifikasi Asisten Tenaga Kefarmasian di Rumah Sakit dikembangkan oleh Komite Skema LSP Kefarmasian mengacu pada SKKNI Bidang Kefarmasian Sub-bidang Farmasi Rumah Sakit. Mencakup kompetensi pelayanan farmasi klinik di rawat inap dan rawat jalan, pengelolaan obat di instalasi farmasi rumah sakit, dan pelaporan penggunaan obat.","The Pharmacy Assistant at Hospitals scheme references the SKKNI Pharmacy – Hospital Pharmacy Sub-field. It covers clinical pharmacy services in inpatient and outpatient care, drug management in hospital pharmacy installations, and drug utilization reporting competencies.","Template-based / SKKNI Kefarmasian"
"Kesehatan dan Farmasi","Skema Okupasi Asisten Tenaga Kefarmasian di Industri Farmasi","Pharmacy Assistant at Pharmaceutical Industry","Skema sertifikasi Asisten Tenaga Kefarmasian di Industri Farmasi dikembangkan oleh Komite Skema LSP Kefarmasian mengacu pada SKKNI Bidang Kefarmasian Sub-bidang Industri Farmasi dan Cara Pembuatan Obat yang Baik (CPOB). Mencakup kompetensi produksi sediaan farmasi sesuai CPOB, pengujian mutu bahan awal dan produk jadi, dan pengelolaan dokumentasi GMP.","The Pharmacy Assistant at Pharmaceutical Industry scheme references the SKKNI Pharmacy – Pharmaceutical Industry Sub-field and Good Manufacturing Practices (GMP/CPOB). It covers pharmaceutical preparation production per CPOB, raw material and finished product quality testing, and GMP documentation management competencies.","Template-based / SKKNI Kefarmasian"
"Kesehatan dan Farmasi","Skema Okupasi Asisten Tenaga Kefarmasian di Pelayanan Kefarmasian","Pharmacy Assistant at Pharmaceutical Services","Skema sertifikasi Asisten Tenaga Kefarmasian di Pelayanan Kefarmasian dikembangkan oleh Komite Skema LSP Kefarmasian mengacu pada SKKNI Bidang Kefarmasian Sub-bidang Pelayanan Kefarmasian. Mencakup kompetensi pelayanan kefarmasian di fasilitas pelayanan kesehatan umum, penyuluhan penggunaan obat, dan monitoring efek samping obat.","The Pharmacy Assistant at Pharmaceutical Services scheme references the SKKNI Pharmacy – Pharmaceutical Services Sub-field. It covers pharmaceutical services at general healthcare facilities, drug use counseling, and adverse drug reaction monitoring competencies.","Template-based / SKKNI Kefarmasian"
"Kesehatan dan Farmasi","Skema Sertifikat II Bidang Farmasi Klinis dan Komunitas","Certificate II Clinical & Community Pharmacy","Skema sertifikasi Sertifikat II Bidang Farmasi Klinis dan Komunitas dikembangkan mengacu pada SKKNI Bidang Farmasi Klinis dan Komunitas (Sertifikat II). Mencakup kompetensi pelayanan kefarmasian dasar di komunitas, komunikasi terapeutik dengan pasien, dan pengelolaan sediaan farmasi komunitas.","The Certificate II Clinical & Community Pharmacy scheme references the SKKNI Clinical & Community Pharmacy Field (Certificate II). It covers basic community pharmaceutical services, therapeutic communication with patients, and community pharmaceutical preparation management competencies.","Template-based / SKKNI Kefarmasian"
"Kesehatan dan Farmasi","Skema Sertifikat II Bidang Keperawatan","Certificate II Nursing","Skema Sertifikat II Bidang Keperawatan mengacu pada Kepmenakertrans No. 148 Tahun 2007 tentang Penetapan SKKNI Sektor Jasa Kemasyarakatan Bidang Keperawatan. Mencakup kompetensi dasar keperawatan pada tingkat pelaksana meliputi pemenuhan kebutuhan dasar pasien, pencatatan keperawatan, dan komunikasi terapeutik.","The Certificate II Nursing scheme references SKKNI Kepmenakertrans No. 148 of 2007 (Nursing Field). It covers basic nursing competencies at the implementer level including meeting basic patient needs, nursing records, and therapeutic communication.","Verbatim-based (lsp.unusa.ac.id)"
"Kesehatan dan Farmasi","Skema Okupasi Baby Sitter","Baby Sitter","Skema sertifikasi Baby Sitter dikembangkan oleh Komite Skema LSP mengacu pada SKKNI Bidang Jasa Penitipan Anak dan Pengasuhan Bayi dan Anak. Mencakup kompetensi pengasuhan bayi dan anak (0–12 tahun), stimulasi tumbuh kembang anak, keamanan dan keselamatan anak, serta komunikasi dengan orang tua.","The Baby Sitter scheme references the SKKNI Childcare and Baby Minding Services Field. It covers infant and child care (0–12 years), child growth and development stimulation, child safety and security, and communication with parents competencies.","Template-based / SKKNI Jasa Perorangan"
"Kesehatan dan Farmasi","Skema Okupasi Asisten Caregiver Lansia","Elderly Caregiver Assistant","Skema sertifikasi Asisten Caregiver Lansia dikembangkan oleh Komite Skema LSP Pelayanan Sosial mengacu pada SKKNI Bidang Pelayanan Sosial Sub-bidang Caregiver Lansia. Mencakup kompetensi perawatan dasar lansia, pendampingan aktivitas kehidupan sehari-hari (ADL), pemantauan kondisi kesehatan lansia, dan komunikasi dengan keluarga lansia.","The Elderly Caregiver Assistant scheme references the SKKNI Social Services – Elderly Caregiver Sub-field. It covers basic elderly care, assistance with Activities of Daily Living (ADL), elderly health condition monitoring, and communication with elderly family members competencies.","Template-based / SKKNI Jasa Sosial"
"Kesehatan dan Farmasi","Skema Okupasi Pengelola HACCP","HACCP Manager","Skema sertifikasi Pengelola HACCP dikembangkan oleh Komite Skema LSP mengacu pada SKKNI Bidang Keamanan Pangan berdasarkan Kepmenaker No. 61 Tahun 2016. Mencakup kompetensi penerapan sistem HACCP (Hazard Analysis Critical Control Point), identifikasi bahaya pangan, penetapan CCP, pemantauan, verifikasi, dan dokumentasi sistem HACCP.","The HACCP Manager scheme references SKKNI Kepmenaker No. 61 of 2016 (Food Safety Field). It covers HACCP system implementation, food hazard identification, CCP determination, monitoring, verification, and HACCP system documentation competencies.","Template-based / Kepmenaker 61/2016"
"Keselamatan dan Kesehatan Kerja (K3)","Skema Okupasi Ahli K3 Umum","General OHS Expert","Skema sertifikasi Ahli K3 Umum mengacu pada Kepmenaker RI Nomor 38 Tahun 2019 tentang Penetapan SKKNI Kategori Aktivitas Profesional, Ilmiah Dan Teknis Golongan Pokok Aktivitas Arsitektur Dan Keinsinyuran; Analisis Dan Uji Teknis Bidang Keselamatan Dan Kesehatan Kerja Pada Jabatan Kerja Personil K3, menggantikan KEP.42/MEN/III/2008. Skema ini mencakup kompetensi penerapan sistem manajemen K3, identifikasi bahaya, penilaian dan pengendalian risiko di tempat kerja pada tingkat ahli umum.","The General OHS Expert certification scheme references Kepmenaker No. 38 of 2019 (OHS Personnel SKKNI), replacing KEP.42/MEN/III/2008. It covers K3 management system implementation, hazard identification, and risk assessment and control at the workplace at the general expert level competencies.","Verbatim-based (indonesiasafetycenter.org / Kepmenaker 38/2019)"
"Keselamatan dan Kesehatan Kerja (K3)","Skema Okupasi Ahli K3 Muda","Junior OHS Expert","Skema sertifikasi Ahli K3 Muda dikembangkan mengacu pada Kepmenaker No. 38 Tahun 2019 Bidang K3 Personil K3. Mencakup kompetensi pelaksanaan program K3 di tempat kerja, inspeksi K3, investigasi insiden tingkat dasar, dan penyusunan laporan K3 pada tingkat ahli muda.","The Junior OHS Expert scheme references Kepmenaker No. 38 of 2019 (OHS Personnel SKKNI). It covers K3 program implementation at the workplace, K3 inspection, basic-level incident investigation, and K3 reporting competencies at the junior expert level.","Template-based / Kepmenaker 38/2019"
"Keselamatan dan Kesehatan Kerja (K3)","Skema Okupasi Ahli K3 Madya","Middle OHS Expert","Skema sertifikasi Ahli K3 Madya dikembangkan mengacu pada Kepmenaker No. 38 Tahun 2019 Bidang K3 Personil K3. Mencakup kompetensi pengelolaan sistem manajemen K3, audit K3 internal, analisis risiko tingkat menengah, dan pengelolaan program kesehatan kerja pada tingkat ahli madya.","The Middle OHS Expert scheme references Kepmenaker No. 38 of 2019 (OHS Personnel SKKNI). It covers K3 management system management, internal K3 auditing, intermediate risk analysis, and occupational health program management at the middle expert level.","Template-based / Kepmenaker 38/2019"
"Keselamatan dan Kesehatan Kerja (K3)","Skema Okupasi Ahli K3 Utama","Senior OHS Expert","Skema sertifikasi Ahli K3 Utama dikembangkan mengacu pada Kepmenaker No. 38 Tahun 2019 Bidang K3 Personil K3. Mencakup kompetensi pengembangan kebijakan K3 tingkat organisasi, audit K3 eksternal, konsultasi sistem manajemen K3, dan kepemimpinan budaya K3 pada tingkat ahli utama.","The Senior OHS Expert scheme references Kepmenaker No. 38 of 2019 (OHS Personnel SKKNI). It covers organizational-level K3 policy development, external K3 auditing, K3 management system consultation, and K3 culture leadership at the senior expert level.","Template-based / Kepmenaker 38/2019"
"Keselamatan dan Kesehatan Kerja (K3)","Skema Okupasi Petugas K3","OHS Officer","Skema sertifikasi Petugas K3 dikembangkan mengacu pada Kepmenaker No. 38 Tahun 2019 Bidang K3. Mencakup kompetensi pelaksanaan tugas K3 di unit kerja, penggunaan alat pelindung diri, pelaporan bahaya dan kejadian berbahaya, dan partisipasi dalam program K3 perusahaan.","The OHS Officer scheme references Kepmenaker No. 38 of 2019 (OHS Personnel SKKNI). It covers performing K3 tasks in work units, personal protective equipment use, hazard and near-miss reporting, and participation in company K3 programs competencies.","Template-based / Kepmenaker 38/2019"
"Keselamatan dan Kesehatan Kerja (K3)","Skema Okupasi Operator K3","OHS Operator","Skema sertifikasi Operator K3 dikembangkan mengacu pada Kepmenaker No. 38 Tahun 2019 Bidang K3. Mencakup kompetensi pengoperasian peralatan kerja secara aman, identifikasi potensi bahaya di area kerja, penggunaan APD yang sesuai, dan pelaporan kondisi tidak aman kepada petugas K3.","The OHS Operator scheme references Kepmenaker No. 38 of 2019 (OHS Personnel SKKNI). It covers safe work equipment operation, workplace hazard potential identification, appropriate PPE use, and reporting unsafe conditions to K3 officers competencies.","Template-based / Kepmenaker 38/2019"
"Keselamatan dan Kesehatan Kerja (K3)","Skema Okupasi Petugas P3K","First Aid Officer","Skema sertifikasi Petugas Pertolongan Pertama pada Kecelakaan (P3K) dikembangkan mengacu pada SKKNI Bidang K3 Sub-bidang P3K dan Permenaker No. 15 Tahun 2008 tentang P3K di Tempat Kerja. Mencakup kompetensi penilaian korban kecelakaan kerja, pemberian pertolongan pertama, resusitasi jantung paru (RJP), dan evakuasi korban.","The First Aid Officer scheme references the SKKNI OHS – First Aid Sub-field and Permenaker No. 15 of 2008 on First Aid at the Workplace. It covers work accident victim assessment, first aid provision, cardiopulmonary resuscitation (CPR), and victim evacuation competencies.","Template-based / SKKNI K3"
"Keselamatan dan Kesehatan Kerja (K3)","Skema Okupasi Petugas K3 Kebakaran","Fire OHS Officer","Skema sertifikasi Petugas K3 Kebakaran mengacu pada Kepmenaker No. KEP-186/MEN/1999 tentang Unit Penanggulangan Kebakaran di Tempat Kerja, dengan jenjang: Petugas Peran Kebakaran (Kelas D), Regu Penanggulangan Kebakaran (Kelas C), Koordinator Unit Penanggulangan Kebakaran (Kelas B), dan Ahli K3 Spesialis Kebakaran (Kelas A).","The Fire OHS Officer certification scheme references Kepmenaker No. KEP-186/MEN/1999 on Workplace Fire Response Units, with tiers: Fire Response Personnel (Class D), Fire Response Team (Class C), Fire Response Unit Coordinator (Class B), and Fire Safety Specialist (Class A).","Verbatim-based (garudasystrain.co.id)"
"Keselamatan dan Kesehatan Kerja (K3)","Skema Okupasi Teknisi K3 Listrik","Electrical OHS Technician","Skema sertifikasi Teknisi K3 Listrik dikembangkan mengacu pada SKKNI Bidang K3 Listrik dan Permenaker No. 12 Tahun 2015 tentang Keselamatan dan Kesehatan Kerja Listrik di Tempat Kerja. Mencakup kompetensi pemeriksaan instalasi listrik, pengukuran keselamatan listrik, penerapan prosedur Lockout/Tagout (LOTO), dan investigasi insiden listrik.","The Electrical OHS Technician scheme references the SKKNI Electrical OHS Field and Permenaker No. 12 of 2015 on Electrical Safety at the Workplace. It covers electrical installation inspection, electrical safety measurement, Lockout/Tagout (LOTO) procedure implementation, and electrical incident investigation competencies.","Template-based / SKKNI K3"
"Keselamatan dan Kesehatan Kerja (K3)","Skema Okupasi Petugas Keselamatan Konstruksi","Construction Safety Officer","Skema sertifikasi Petugas Keselamatan Konstruksi dikembangkan mengacu pada Kepmenaker No. 60 Tahun 2022 Bidang Ahli Keselamatan Konstruksi dan SE LPJK No. 07/SE/LPJK/2022. Mencakup kompetensi pelaksanaan program keselamatan konstruksi di lapangan, inspeksi keselamatan proyek, penggunaan APD konstruksi, dan pelaporan insiden keselamatan.","The Construction Safety Officer scheme references Kepmenaker No. 60 of 2022 (Construction Safety Field) and SE LPJK No. 07/SE/LPJK/2022. It covers implementing construction safety programs in the field, project safety inspection, construction PPE use, and safety incident reporting competencies.","Template-based / Kepmenaker 60/2022"
"Keselamatan dan Kesehatan Kerja (K3)","Skema Okupasi Penanggung Jawab Operasional Pengolahan Air Limbah (POPAL)","Wastewater Treatment Operations Person-in-Charge","Skema sertifikasi POPAL (Penanggung Jawab Operasional Pengolahan Air Limbah) dikembangkan mengacu pada SKKNI Bidang Pengolahan Air Limbah berdasarkan PP No. 22 Tahun 2021. Mencakup kompetensi pengoperasian IPAL (Instalasi Pengolahan Air Limbah), pemantauan efluen air limbah, pemeliharaan peralatan IPAL, dan pelaporan kinerja pengolahan air limbah.","The POPAL scheme references the SKKNI Wastewater Treatment Field under PP No. 22 of 2021. It covers Wastewater Treatment Plant (IPAL) operation, wastewater effluent monitoring, IPAL equipment maintenance, and wastewater treatment performance reporting competencies.","Template-based / SKKNI LH"
"Lingkungan Hidup","Skema Okupasi Ketua Tim Penyusun AMDAL (KTPA)","EIA Team Leader","Skema sertifikasi Ketua Tim Penyusun AMDAL (KTPA) dikembangkan oleh LSP Lingkungan Hidup mengacu pada SKKNI Bidang Penyusunan AMDAL berdasarkan Kepmenaker No. 122 Tahun 2016 dan PP No. 22 Tahun 2021 tentang Penyelenggaraan Perlindungan dan Pengelolaan Lingkungan Hidup. Mencakup kompetensi memimpin tim penyusunan dokumen Amdal (Kerangka Acuan, Andal, RKL-RPL), melaksanakan pengumpulan data primer-sekunder, menganalisis dampak lingkungan, dan memastikan pemenuhan prosedur persetujuan AMDAL.","The EIA Team Leader (KTPA) scheme references SKKNI Kepmenaker No. 122 of 2016 (EIA Preparation) and PP No. 22 of 2021. It covers leading the EIA document preparation team (Terms of Reference, Andal, RKL-RPL), primary-secondary data collection, environmental impact analysis, and ensuring EIA approval procedure compliance competencies.","Verbatim-based (bnsp.net / lspkonstruksi.com)"
"Lingkungan Hidup","Skema Okupasi Anggota Tim Penyusun AMDAL (ATPA)","EIA Team Member","Skema sertifikasi Anggota Tim Penyusun AMDAL (ATPA) dikembangkan oleh LSP Lingkungan Hidup mengacu pada SKKNI berdasarkan Kepmenaker No. 122 Tahun 2016 dan PP No. 22 Tahun 2021. Mencakup kompetensi pengumpulan dan analisis data komponen lingkungan (fisik-kimia, biologi, sosekbud), penyusunan bagian dokumen AMDAL, dan partisipasi dalam konsultasi publik.","The EIA Team Member (ATPA) scheme references SKKNI Kepmenaker No. 122 of 2016 and PP No. 22 of 2021. It covers environmental component data collection and analysis (physical-chemical, biological, socio-economic), EIA document section preparation, and public consultation participation competencies.","Template-based / Kepmenaker 122/2016"
"Lingkungan Hidup","Skema Okupasi Penanggung Jawab Pengendalian Pencemaran Air (PPPA)","Water Pollution Control Person-in-Charge","Skema sertifikasi PPPA dikembangkan mengacu pada SKKNI Bidang Pengendalian Pencemaran Air berdasarkan PP No. 22 Tahun 2021. Mencakup kompetensi pengelolaan program pengendalian pencemaran air, pemantauan kualitas air badan penerima, kepatuhan terhadap baku mutu air limbah, dan pelaporan kepada instansi lingkungan.","The Water Pollution Control Person-in-Charge (PPPA) scheme references the SKKNI Water Pollution Control Field under PP No. 22 of 2021. It covers water pollution control program management, receiving water body quality monitoring, wastewater quality standard compliance, and reporting to environmental authorities competencies.","Template-based / SKKNI LH"
"Lingkungan Hidup","Skema Okupasi Penanggung Jawab Operasional Pengolahan Air Limbah (POPAL)","Wastewater Treatment Operations Person-in-Charge","Skema sertifikasi POPAL dikembangkan mengacu pada SKKNI Bidang Pengolahan Air Limbah berdasarkan PP No. 22 Tahun 2021. Mencakup kompetensi pengoperasian dan pemeliharaan Instalasi Pengolahan Air Limbah (IPAL), pemantauan parameter air limbah, dan pengendalian proses pengolahan biologis dan fisik-kimia.","The Wastewater Treatment Operations Person-in-Charge (POPAL) scheme references the SKKNI Wastewater Treatment Field under PP No. 22 of 2021. It covers IPAL operation and maintenance, wastewater parameter monitoring, and biological and physical-chemical treatment process control competencies.","Template-based / SKKNI LH"
"Lingkungan Hidup","Skema Okupasi Penanggung Jawab Pengendalian Pencemaran Udara (PPPU)","Air Pollution Control Person-in-Charge","Skema sertifikasi PPPU dikembangkan mengacu pada SKKNI Bidang Pengendalian Pencemaran Udara berdasarkan PP No. 22 Tahun 2021. Mencakup kompetensi pengelolaan program pengendalian emisi udara, pemantauan kualitas udara ambien dan emisi sumber, dan kepatuhan terhadap baku mutu udara.","The Air Pollution Control Person-in-Charge (PPPU) scheme references the SKKNI Air Pollution Control Field under PP No. 22 of 2021. It covers air emission control program management, ambient air and source emission monitoring, and air quality standard compliance competencies.","Template-based / SKKNI LH"
"Lingkungan Hidup","Skema Okupasi Penanggung Jawab Operasional Pengendalian Pencemaran Udara (POPU)","Air Pollution Control Operations Person-in-Charge","Skema sertifikasi POPU dikembangkan mengacu pada SKKNI Bidang Pengendalian Pencemaran Udara berdasarkan PP No. 22 Tahun 2021. Mencakup kompetensi pengoperasian instalasi pengendalian emisi udara (scrubber, ESP, baghouse filter), pemantauan kinerja alat pengendalian emisi, dan pelaporan emisi.","The Air Pollution Control Operations Person-in-Charge (POPU) scheme references the SKKNI Air Pollution Control Field under PP No. 22 of 2021. It covers operating air emission control installations (scrubbers, ESP, baghouse filters), emission control equipment performance monitoring, and emission reporting competencies.","Template-based / SKKNI LH"
"Lingkungan Hidup","Skema Okupasi Penanggung Jawab Pengelolaan Limbah B3 (PPLB3)","B3 Hazardous Waste Management Person-in-Charge","Skema sertifikasi PPLB3 dikembangkan mengacu pada SKKNI Bidang Pengelolaan Limbah Bahan Berbahaya dan Beracun berdasarkan PP No. 22 Tahun 2021. Mencakup kompetensi pengelolaan sistem manajemen limbah B3, kepatuhan terhadap regulasi B3, koordinasi pengangkutan dan pengolahan/pembuangan limbah B3, serta pelaporan neraca limbah B3.","The B3 Hazardous Waste Management Person-in-Charge (PPLB3) scheme references the SKKNI B3 Hazardous Waste Management Field under PP No. 22 of 2021. It covers B3 waste management system management, B3 regulation compliance, B3 waste transport and disposal coordination, and B3 waste balance reporting competencies.","Template-based / SKKNI LH"
"Lingkungan Hidup","Skema Okupasi Operasional Pengelolaan Limbah B3 (OPLB3)","B3 Hazardous Waste Operational Management","Skema sertifikasi OPLB3 dikembangkan mengacu pada SKKNI Bidang Pengelolaan Limbah B3 berdasarkan PP No. 22 Tahun 2021. Mencakup kompetensi identifikasi dan segregasi limbah B3, prosedur penanganan dan penyimpanan sementara limbah B3, pengisian manifes limbah B3, dan tanggap darurat B3.","The B3 Hazardous Waste Operational Management (OPLB3) scheme references the SKKNI B3 Hazardous Waste Field under PP No. 22 of 2021. It covers B3 waste identification and segregation, B3 waste handling and temporary storage procedures, B3 waste manifest filling, and B3 emergency response competencies.","Template-based / SKKNI LH"
"Lingkungan Hidup","Skema Okupasi Petugas Pengambil Contoh Uji Air (PCUA)","Water Sample Collection Officer","Skema sertifikasi Petugas Pengambil Contoh Uji Air (PCUA) dikembangkan mengacu pada SKKNI Bidang Pengambilan Contoh Uji Lingkungan. Mencakup kompetensi persiapan pengambilan contoh uji air, teknik pengambilan sampel air sungai, danau, air limbah, dan air tanah, pengawetan sampel, serta rantai penyimpanan bukti (chain of custody).","The Water Sample Collection Officer (PCUA) scheme references the SKKNI Environmental Sampling Field. It covers water sample collection preparation, water sampling techniques for rivers, lakes, wastewater, and groundwater, sample preservation, and chain of custody competencies.","Template-based / SKKNI LH"
"Lingkungan Hidup","Skema Okupasi Penilai Keberhasilan Reklamasi Hutan","Forest Reclamation Success Assessor","Skema sertifikasi Penilai Keberhasilan Reklamasi Hutan dikembangkan oleh LSP Lingkungan Hidup/Kehutanan mengacu pada SKKNI Bidang Kehutanan Sub-bidang Reklamasi Hutan. Mencakup kompetensi penilaian kesesuaian tapak reklamasi, pengukuran parameter keberhasilan reklamasi (vegetasi, tanah, hidrologi), dan penyusunan laporan penilaian reklamasi hutan.","The Forest Reclamation Success Assessor scheme references the SKKNI Forestry – Forest Reclamation Sub-field. It covers reclamation site suitability assessment, measuring reclamation success parameters (vegetation, soil, hydrology), and forest reclamation assessment report preparation competencies.","Template-based / SKKNI LH"
"Industri Halal","Skema Sertifikasi Okupasi Auditor Halal","Halal Auditor","Skema sertifikasi Auditor Halal dikembangkan oleh LSP MUI/LSP BPJPH mengacu pada UU No. 33 Tahun 2014 tentang Jaminan Produk Halal dan PP No. 39 Tahun 2021 tentang Penyelenggaraan Bidang Jaminan Produk Halal. Auditor Halal memiliki kompetensi melakukan pemeriksaan (audit) proses produksi halal pada fasilitas produksi, memverifikasi implementasi Sistem Jaminan Produk Halal (SJPH), dan memastikan kepatuhan terhadap persyaratan sertifikasi halal BPJPH.","The Halal Auditor scheme was developed by LSP MUI/LSP BPJPH, referencing UU No. 33 of 2014 (Halal Product Assurance Law) and PP No. 39 of 2021. Halal Auditors are competent to audit halal production processes, verify Halal Product Assurance System (SJPH) implementation, and ensure compliance with BPJPH halal certification requirements.","Verbatim-based (lspmui.com / bpjph.halal.go.id)"
"Industri Halal","Skema Sertifikasi Okupasi Penyelia Halal","Halal Supervisor","Skema sertifikasi Penyelia Halal adalah skema sertifikasi okupasi yang dikembangkan oleh Komite Skema LSP Penyelenggara Produk Halal Indonesia (LSP PPHI). Kemasan yang digunakan mengacu pada SKKNI berdasarkan Kepmenaker RI Nomor 21 Tahun 2022 Tentang Penetapan SKKNI Kategori Jasa Profesional, Ilmiah dan Teknis Golongan Pokok Jasa Profesional, Ilmiah dan Teknis lainnya YTDL bidang Penyelia Halal.","The Halal Supervisor certification scheme was developed by the Scheme Committee of LSP Penyelenggara Produk Halal Indonesia (LSP PPHI), referencing SKKNI Kepmenaker No. 21 of 2022 (Professional, Scientific and Technical Services Category – Halal Supervisor Field). It ensures professionals in halal-certified companies are competent to supervise and maintain halal compliance in production processes.","Verbatim (lsppphi.com)"
"Industri Halal","Skema Sertifikasi Okupasi Juru Sembelih Halal (Juleha)","Halal Slaughter Officer","Skema sertifikasi Juru Sembelih Halal (Juleha) mengacu pada SKKNI berdasarkan Kepmenaker No. 147 Tahun 2022 tentang Penetapan SKKNI Kategori Pertanian, Kehutanan dan Perikanan Golongan Pokok Pertanian Tanaman, Peternakan, Perburuan dan Kegiatan yang Berhubungan dengan Itu Bidang Penyembelihan Hewan Halal, menggantikan Kepmenaker No. 196 Tahun 2014. Mencakup 10 unit kompetensi yang relevan dengan penyembelihan hewan secara halal sesuai syariat Islam, sebagaimana diwajibkan UU No. 33 Tahun 2014 dan PP No. 39 Tahun 2021.","The Halal Slaughter Officer (Juleha) scheme references SKKNI Kepmenaker No. 147 of 2022 (Halal Animal Slaughter Field), replacing Kepmenaker No. 196 of 2014. The scheme covers 10 competency units for halal animal slaughter in accordance with Islamic law, as mandated by UU No. 33 of 2014 and PP No. 39 of 2021 (mandatory halal certification for slaughter services from October 2024).","Verbatim-based (unair.ac.id / julehaindonesia.or.id)"
"Koperasi dan UMKM","Skema Okupasi Kasir Koperasi Jasa Keuangan","Cooperative Financial Services Cashier","Skema sertifikasi Kasir Koperasi Jasa Keuangan dikembangkan oleh LSP Koperasi Jasa Keuangan (LSP KJK) mengacu pada SKKNI berdasarkan Kepmenakertrans No. 133 Tahun 2007 tentang Penetapan SKKNI Sektor Keuangan Sub Sektor Perantara Keuangan Bidang Koperasi Jasa Keuangan. LSP KJK memiliki 27 skema sertifikasi berdasarkan SK Ketua BNSP No. Kep. 0825/BNSP/IV/2021 tanggal 26 April 2021.","The Cooperative Financial Services Cashier scheme was developed by LSP KJK, referencing SKKNI Kepmenakertrans No. 133 of 2007 (Financial Cooperative Field). LSP KJK holds 27 certification schemes under SK BNSP Kep. 0825/BNSP/IV/2021 of 26 April 2021. The scheme covers cooperative cashier competencies including cash transaction handling and daily financial recording.","Verbatim-based (wartakoperasi.net / lsppi.or.id)"
"Koperasi dan UMKM","Skema Okupasi Juru Buku","Bookkeeper","Skema sertifikasi Juru Buku Koperasi mengacu pada SKKNI Kepmenakertrans No. 133 Tahun 2007 Bidang Koperasi Jasa Keuangan. Mencakup kompetensi pencatatan transaksi keuangan harian koperasi, pembuatan jurnal harian, pengelolaan buku besar, dan penyusunan laporan keuangan sederhana koperasi.","The Cooperative Bookkeeper scheme references SKKNI Kepmenakertrans No. 133 of 2007 (Financial Cooperative Field). It covers recording daily cooperative financial transactions, making daily journals, managing general ledgers, and preparing basic cooperative financial statements competencies.","Verbatim-based (indo-asia.com)"
"Koperasi dan UMKM","Skema Okupasi Juru Survey","Survey Officer","Skema sertifikasi Juru Survey Koperasi dikembangkan mengacu pada SKKNI Kepmenakertrans No. 133 Tahun 2007 Bidang Koperasi Jasa Keuangan. Mencakup kompetensi pelaksanaan survei calon anggota peminjam koperasi, analisis kelayakan pinjaman dasar, dokumentasi hasil survei, dan pelaporan kepada analis pinjaman.","The Cooperative Survey Officer scheme references SKKNI Kepmenakertrans No. 133 of 2007 (Financial Cooperative Field). It covers conducting surveys of prospective borrower members, basic loan feasibility analysis, survey result documentation, and reporting to loan analysts competencies.","Template-based / Kepmenakertrans 133/2007"
"Koperasi dan UMKM","Skema Okupasi Juru Tagih","Collection Officer","Skema sertifikasi Juru Tagih Koperasi dikembangkan mengacu pada SKKNI Kepmenakertrans No. 133 Tahun 2007 Bidang Koperasi Jasa Keuangan. Mencakup kompetensi penagihan angsuran pinjaman anggota koperasi, pencatatan setoran, penanganan tunggakan, dan pelaporan hasil penagihan.","The Cooperative Collection Officer scheme references SKKNI Kepmenakertrans No. 133 of 2007 (Financial Cooperative Field). It covers collecting member loan installments, recording deposits, handling arrears, and collection result reporting competencies.","Template-based / Kepmenakertrans 133/2007"
"Koperasi dan UMKM","Skema Okupasi Customer Service Koperasi","Cooperative Customer Service","Skema sertifikasi Customer Service Koperasi dikembangkan mengacu pada SKKNI Kepmenakertrans No. 133 Tahun 2007 Bidang Koperasi Jasa Keuangan. Mencakup kompetensi pelayanan anggota koperasi, pembukaan rekening simpanan, penanganan keluhan anggota, dan pemberian informasi produk simpan pinjam koperasi.","The Cooperative Customer Service scheme references SKKNI Kepmenakertrans No. 133 of 2007 (Financial Cooperative Field). It covers serving cooperative members, opening savings accounts, handling member complaints, and providing cooperative savings-loan product information competencies.","Template-based / Kepmenakertrans 133/2007"
"Koperasi dan UMKM","Skema Okupasi Petugas Pengendalian Intern Koperasi","Cooperative Internal Control Officer","Skema sertifikasi Petugas Pengendalian Intern Koperasi dikembangkan mengacu pada SKKNI Kepmenakertrans No. 133 Tahun 2007 Bidang Koperasi Jasa Keuangan. Mencakup kompetensi pemantauan kepatuhan operasional koperasi terhadap prosedur internal, identifikasi potensi risiko operasional, dan pelaporan temuan pengendalian intern.","The Cooperative Internal Control Officer scheme references SKKNI Kepmenakertrans No. 133 of 2007 (Financial Cooperative Field). It covers monitoring cooperative operational compliance with internal procedures, operational risk potential identification, and internal control findings reporting competencies.","Template-based / Kepmenakertrans 133/2007"
"Koperasi dan UMKM","Skema Okupasi Analis Pinjaman","Loan Analyst","Skema sertifikasi Analis Pinjaman Koperasi dikembangkan mengacu pada SKKNI Kepmenakertrans No. 133 Tahun 2007 dan Kepmenaker No. 189 Tahun 2019 Bidang Koperasi Jasa Keuangan. Mencakup kompetensi analisis kelayakan pinjaman anggota (5C: Character, Capacity, Capital, Collateral, Condition), penyusunan memorandum analisis kredit, dan rekomendasi keputusan pinjaman.","The Cooperative Loan Analyst scheme references SKKNI Kepmenakertrans No. 133 of 2007 and Kepmenaker No. 189 of 2019 (Financial Cooperative Field). It covers member loan feasibility analysis (5C: Character, Capacity, Capital, Collateral, Condition), credit analysis memorandum preparation, and loan decision recommendation competencies.","Template-based / KJK SKKNI"
"Koperasi dan UMKM","Skema Okupasi Kepala Bagian Pendanaan","Head of Funding","Skema sertifikasi Kepala Bagian Pendanaan Koperasi dikembangkan mengacu pada SKKNI Kepmenakertrans No. 133 Tahun 2007 Bidang Koperasi Jasa Keuangan. Mencakup kompetensi pengelolaan strategi penghimpunan dana koperasi (simpanan wajib, sukarela, deposito), pengembangan produk simpanan, dan manajemen likuiditas koperasi.","The Head of Funding (Cooperative) scheme references SKKNI Kepmenakertrans No. 133 of 2007 (Financial Cooperative Field). It covers managing cooperative fund mobilization strategies (compulsory, voluntary savings, deposits), savings product development, and cooperative liquidity management competencies.","Template-based / Kepmenakertrans 133/2007"
"Koperasi dan UMKM","Skema Okupasi Kepala Bagian Akuntansi (Koperasi)","Head of Accounting (Cooperative)","Skema sertifikasi Kepala Bagian Akuntansi Koperasi dikembangkan mengacu pada SKKNI Kepmenakertrans No. 133 Tahun 2007 Bidang Koperasi Jasa Keuangan. Mencakup kompetensi pengelolaan sistem akuntansi koperasi, pengawasan pembukuan, penyusunan laporan keuangan koperasi sesuai SAK EMKM/ETAP, dan koordinasi audit eksternal.","The Head of Accounting (Cooperative) scheme references SKKNI Kepmenakertrans No. 133 of 2007 (Financial Cooperative Field). It covers managing cooperative accounting systems, bookkeeping supervision, cooperative financial statement preparation per SAK EMKM/ETAP, and external audit coordination competencies.","Template-based / Kepmenakertrans 133/2007"
"Koperasi dan UMKM","Skema Okupasi Kepala Bagian Pinjaman / Pembiayaan","Head of Lending / Financing","Skema sertifikasi Kepala Bagian Pinjaman/Pembiayaan Koperasi dikembangkan mengacu pada SKKNI Kepmenakertrans No. 133 Tahun 2007 Bidang Koperasi Jasa Keuangan. Mencakup kompetensi pengelolaan portofolio pinjaman/pembiayaan koperasi, pengendalian NPL (Non-Performing Loan), pengembangan produk pinjaman, dan pengawasan proses kredit.","The Head of Lending/Financing (Cooperative) scheme references SKKNI Kepmenakertrans No. 133 of 2007 (Financial Cooperative Field). It covers managing the cooperative loan/financing portfolio, NPL (Non-Performing Loan) control, loan product development, and credit process supervision competencies.","Template-based / Kepmenakertrans 133/2007"
"Koperasi dan UMKM","Skema Okupasi Manajer / Kepala Cabang Koperasi","Cooperative Manager / Branch Head","Skema sertifikasi Manajer/Kepala Cabang Koperasi dikembangkan mengacu pada SKKNI Kepmenakertrans No. 133 Tahun 2007 dan Kepmenaker No. 189 Tahun 2019 Bidang Koperasi Jasa Keuangan. Mencakup kompetensi memimpin operasional koperasi/cabang, penyusunan rencana kerja dan anggaran, pengelolaan SDM, dan pelaporan kepada pengurus koperasi.","The Cooperative Manager/Branch Head scheme references SKKNI Kepmenakertrans No. 133 of 2007 and Kepmenaker No. 189 of 2019 (Financial Cooperative Field). It covers leading cooperative/branch operations, work plan and budget preparation, HR management, and reporting to the cooperative board competencies.","Template-based / KJK SKKNI"
"Koperasi dan UMKM","Skema Okupasi Manajer Ritel Koperasi","Cooperative Retail Manager","Skema sertifikasi Manajer Ritel Koperasi dikembangkan mengacu pada SKKNI Kepmenakertrans No. 133 Tahun 2007 Bidang Koperasi Jasa Keuangan dan SKKNI Ritel. Mencakup kompetensi pengelolaan unit usaha ritel koperasi, manajemen merchandising, pengendalian stok barang, dan pengembangan penjualan unit ritel koperasi.","The Cooperative Retail Manager scheme references SKKNI Kepmenakertrans No. 133 of 2007 and Retail SKKNI. It covers managing cooperative retail business units, merchandising management, stock control, and cooperative retail unit sales development competencies.","Template-based / KJK SKKNI"
"Koperasi dan UMKM","Skema Okupasi Pengawas Koperasi","Cooperative Supervisor","Skema sertifikasi Pengawas Koperasi dikembangkan mengacu pada SKKNI Kepmenakertrans No. 133 Tahun 2007 Bidang Koperasi Jasa Keuangan dan UU No. 25 Tahun 1992 tentang Perkoperasian. Mencakup kompetensi pengawasan kebijakan dan operasional pengurus koperasi, audit internal koperasi, dan penyampaian laporan pengawasan kepada Rapat Anggota.","The Cooperative Supervisor scheme references SKKNI Kepmenakertrans No. 133 of 2007 (Financial Cooperative Field) and UU No. 25 of 1992 on Cooperatives. It covers supervising cooperative management policies and operations, cooperative internal auditing, and presenting supervisory reports to the General Members Meeting competencies.","Template-based / Kepmenakertrans 133/2007"
"Koperasi dan UMKM","Skema Sertifikasi Okupasi Manajer Koperasi Desa / Kelurahan Merah Putih","Manager of Red-and-White Village / Kelurahan Cooperative","Skema sertifikasi Manajer Koperasi Desa/Kelurahan Merah Putih (KDKMP) sedang dalam tahap penyusunan berdasarkan MoU antara Kementerian Koperasi dan BNSP yang ditandatangani pada 8 Mei 2026 oleh Menteri Koperasi Ferry Juliantono dan Ketua BNSP Syamsi Hari. Skema ini dirancang untuk mensertifikasi kompetensi manajerial, operasional usaha, pengelolaan keuangan, pemasaran, dan tata kelola koperasi desa merah putih. Menargetkan sekitar 30.000 manajer KDKMP dan 5.000 manajer Kampung Nelayan. Status: belum ada dokumen skema final atau nomor SKKNI per 8 Mei 2026.","The KDKMP Manager certification scheme is under development based on a MoU signed on 8 May 2026 between the Ministry of Cooperatives and BNSP. It targets approximately 30,000 KDKMP managers and 5,000 Kampung Nelayan managers, covering managerial, operational, financial management, marketing, and cooperative governance competencies. Status: no final scheme document or SKKNI number published as of 8 May 2026.","Verbatim-based (CNBC Indonesia / ANTARA / Kompas, 8 Mei 2026)"
"Koperasi dan UMKM","Skema Sertifikasi Okupasi Bendahara Koperasi Desa / Kelurahan Merah Putih","Treasurer of Red-and-White Village / Kelurahan Cooperative","Skema sertifikasi Bendahara Koperasi Desa/Kelurahan Merah Putih (KDKMP) sedang dalam tahap penyusunan berdasarkan MoU Kementerian Koperasi–BNSP 8 Mei 2026. Mencakup kompetensi pengelolaan keuangan koperasi desa, pembukuan sederhana, laporan keuangan bulanan, dan pengelolaan simpanan anggota KDKMP. Status: belum ada dokumen skema final per 8 Mei 2026.","The KDKMP Treasurer certification scheme is under development based on the Kemenkop-BNSP MoU of 8 May 2026. It covers cooperative financial management, simple bookkeeping, monthly financial reporting, and KDKMP member savings management competencies. Status: no final scheme document published as of 8 May 2026.","Verbatim-based (CNBC Indonesia / ANTARA, 8 Mei 2026)"
"Koperasi dan UMKM","Skema Okupasi Konsultan Pendamping UMKM Junior","Junior SME Mentoring Consultant","Skema Sertifikasi Konsultan Pendamping UMKM Junior adalah skema sertifikasi okupasi yang dikembangkan oleh Komite Skema LSP untuk memenuhi kebutuhan sertifikasi kompetensi kerja. Kemasan yang digunakan mengacu pada SKKNI berdasarkan Kepmenaker RI Nomor 181 Tahun 2017 tentang Penetapan SKKNI Kategori Aktivitas Profesional Ilmiah dan Teknis Golongan Pokok Aktivitas Kantor Pusat dan Konsultasi Manajemen Bidang Pendamping Usaha Mikro, Kecil dan Menengah, dan Permenkop UKM No. 04 Tahun 2018 tentang KKNI Bidang Pendamping UMKM.","The Junior SME Mentoring Consultant scheme was developed referencing SKKNI Kepmenaker No. 181 of 2017 (SME Mentoring Consultant Field) and Permenkop UKM No. 04 of 2018 (KKNI for SME Mentoring). It covers competencies in facilitating, guiding, and advising micro, small, and medium enterprises at the junior level.","Verbatim (lspkewirausahaankadiri.com)"
"Koperasi dan UMKM","Skema Okupasi Konsultan Pendamping UMKM Senior","Senior SME Mentoring Consultant","Skema sertifikasi Konsultan Pendamping UMKM Senior dikembangkan mengacu pada SKKNI berdasarkan Kepmenaker RI Nomor 181 Tahun 2017 Bidang Pendamping UMKM dan Permenkop UKM No. 04 Tahun 2018. Mencakup kompetensi konsultasi strategis bisnis UMKM, analisis kelayakan usaha, pengembangan akses pasar dan pembiayaan, serta mentoring pengembangan kapasitas usaha UMKM.","The Senior SME Mentoring Consultant scheme references SKKNI Kepmenaker No. 181 of 2017 (SME Mentoring Field) and Permenkop UKM No. 04 of 2018. It covers strategic SME business consultation, business feasibility analysis, market and financing access development, and SME business capacity development mentoring competencies.","Template-based / Kepmenaker 181/2017"
"Sektor Publik","Skema Okupasi Pengelola PBJ Pertama","Junior Procurement Manager (Functional Position)","Skema sertifikasi Pengelola Pengadaan Barang/Jasa (PBJ) Pertama mengacu pada Peraturan Kepala LKPP Nomor 7 Tahun 2016 tentang Pedoman Penyusunan dan Pengelolaan Rencana Aksi Jabatan Fungsional Pengelola PBJ, PerLKPP No. 7 Tahun 2021, dan Perpres No. 12 Tahun 2021 tentang Pengadaan Barang/Jasa Pemerintah. Jenjang Pertama mencakup 20 unit kompetensi dasar pengadaan termasuk perencanaan, pemilihan penyedia, pengelolaan kontrak, dan pengelolaan pengadaan secara swakelola.","The Junior Procurement Manager (Pertama) scheme references PerLKPP No. 7 of 2016, No. 7 of 2021, and Perpres No. 12 of 2021 on Government Procurement. The Pertama tier covers 20 basic procurement competency units including planning, provider selection, contract management, and self-managed procurement.","Verbatim-based (jdih.lkpp.go.id / icon-trainingcenter.com)"
"Sektor Publik","Skema Okupasi Pengelola PBJ Muda","Middle Procurement Manager (Functional Position)","Skema sertifikasi Pengelola PBJ Muda mengacu pada PerLKPP No. 7 Tahun 2016, PerLKPP No. 7 Tahun 2021, dan Perpres No. 12 Tahun 2021. Jenjang Muda mencakup kompetensi pengadaan tingkat menengah termasuk manajemen kontrak yang lebih kompleks, negosiasi, dan pengelolaan risiko pengadaan.","The Middle Procurement Manager (Muda) scheme references PerLKPP No. 7 of 2016, No. 7 of 2021, and Perpres No. 12 of 2021 on Government Procurement. The Muda tier covers intermediate procurement competencies including more complex contract management, negotiation, and procurement risk management.","Template-based / PerLKPP 7/2016"
"Sektor Publik","Skema Okupasi Pengelola PBJ Madya","Senior Procurement Manager (Functional Position)","Skema sertifikasi Pengelola PBJ Madya mengacu pada PerLKPP No. 7 Tahun 2016, PerLKPP No. 7 Tahun 2021, dan Perpres No. 12 Tahun 2021. Jenjang Madya (6 Unit Kompetensi) mencakup kompetensi pengadaan strategis, pembinaan SDM pengadaan, pengembangan kebijakan pengadaan, dan pengawasan sistem pengadaan.","The Senior Procurement Manager (Madya) scheme references PerLKPP No. 7 of 2016, No. 7 of 2021, and Perpres No. 12 of 2021 (6 Competency Units). The Madya tier covers strategic procurement, procurement HR development, procurement policy development, and procurement system oversight competencies.","Template-based / PerLKPP 7/2016"
"Sektor Publik","Skema Okupasi Pejabat Pembuat Komitmen (PPK)","Commitment-Making Official","Skema sertifikasi Pejabat Pembuat Komitmen (PPK) dikembangkan mengacu pada Perpres No. 16 Tahun 2018 jo. Perpres No. 12 Tahun 2021 tentang Pengadaan Barang/Jasa Pemerintah. Mencakup kompetensi menetapkan spesifikasi teknis/KAK dan Rancangan Kontrak, menetapkan HPS, melaksanakan dan mengendalikan kontrak, dan menandatangani SPK/kontrak pengadaan.","The Commitment-Making Official (PPK) scheme references Perpres No. 16 of 2018 amended by Perpres No. 12 of 2021 on Government Procurement. It covers setting technical specifications/TOR and Draft Contracts, establishing HPS, executing and controlling contracts, and signing SPK/procurement contracts competencies.","Template-based / Perpres PBJ"
"Sektor Publik","Skema Okupasi Pokja Pemilihan Pengadaan Barang / Jasa","Procurement Selection Working Group Member","Skema sertifikasi Anggota Pokja Pemilihan Pengadaan Barang/Jasa dikembangkan mengacu pada Perpres No. 16 Tahun 2018 jo. Perpres No. 12 Tahun 2021 tentang Pengadaan Barang/Jasa Pemerintah. Mencakup kompetensi pelaksanaan proses pemilihan penyedia (tender/seleksi), evaluasi penawaran, klarifikasi teknis, dan penetapan pemenang pengadaan.","The Procurement Selection Working Group Member scheme references Perpres No. 16 of 2018 amended by Perpres No. 12 of 2021 on Government Procurement. It covers provider selection processes (tender/selection), bid evaluation, technical clarification, and procurement winner determination competencies.","Template-based / Perpres PBJ"
"Sektor Publik","Skema Okupasi Pejabat Pengadaan","Procurement Officer","Skema sertifikasi Pejabat Pengadaan dikembangkan mengacu pada Perpres No. 16 Tahun 2018 jo. Perpres No. 12 Tahun 2021 tentang Pengadaan Barang/Jasa Pemerintah. Pejabat Pengadaan berwenang melakukan pengadaan langsung, penunjukan langsung, dan e-purchasing untuk pengadaan yang bernilai sampai dengan batas tertentu.","The Procurement Officer scheme references Perpres No. 16 of 2018 amended by Perpres No. 12 of 2021 on Government Procurement. Procurement Officers are authorized to conduct direct procurement, direct appointment, and e-purchasing for procurement up to certain value limits.","Template-based / Perpres PBJ"
"Sektor Publik","Skema Okupasi Analis Kebijakan Publik","Public Policy Analyst","Skema sertifikasi Analis Kebijakan Publik dikembangkan mengacu pada SKKNI Bidang Analis Kebijakan. Mencakup kompetensi analisis konteks kebijakan, perumusan masalah kebijakan, pengembangan alternatif kebijakan, evaluasi kebijakan, dan penyusunan naskah akademik.","The Public Policy Analyst scheme references the SKKNI Public Policy Analysis Field. It covers policy context analysis, policy problem formulation, policy alternative development, policy evaluation, and academic paper preparation competencies.","Template-based / SKKNI Pemerintahan"
"Sektor Publik","Skema Okupasi Public Relations Officer","Public Relations Officer","Skema sertifikasi Public Relations Officer dikembangkan mengacu pada SKKNI Bidang Kehumasan dan Hubungan Masyarakat. Mencakup kompetensi manajemen citra institusi, hubungan media massa, pengelolaan komunikasi krisis, pembuatan konten komunikasi publik, dan koordinasi acara kehumasan.","The Public Relations Officer scheme references the SKKNI Public Relations and Communications Field. It covers institutional image management, mass media relations, crisis communication management, public communication content creation, and public relations event coordination competencies.","Template-based / SKKNI Humas"
"Sektor Publik","Skema Okupasi Pengelola Informasi dan Dokumentasi Publik (PID)","Public Information & Documentation Manager","Skema sertifikasi Pengelola Informasi dan Dokumentasi Publik (PID) dikembangkan mengacu pada SKKNI Bidang Keterbukaan Informasi Publik berdasarkan UU No. 14 Tahun 2008 tentang Keterbukaan Informasi Publik. Mencakup kompetensi pengelolaan informasi publik, pelayanan permohonan informasi, penyelesaian sengketa informasi, dan pelaporan keterbukaan informasi publik.","The Public Information & Documentation Manager (PID) scheme references the SKKNI Public Information Disclosure Field under UU No. 14 of 2008. It covers public information management, information request services, information dispute resolution, and public information disclosure reporting competencies.","Template-based / SKKNI KIP"
"Sektor Publik","Skema Okupasi Junior Administrative Assistant","Junior Administrative Assistant","Skema sertifikasi Junior Administrative Assistant dikembangkan mengacu pada SKKNI Bidang Administrasi Profesional berdasarkan Kepmenaker No. 183 Tahun 2016. Mencakup kompetensi pengelolaan korespondensi, administrasi arsip, pengelolaan jadwal dan agenda pimpinan, serta koordinasi keperluan rapat dan perjalanan dinas.","The Junior Administrative Assistant scheme references SKKNI Kepmenaker No. 183 of 2016 (Professional Administration Field). It covers correspondence management, archive administration, executive schedule and agenda management, and meeting and official travel needs coordination competencies.","Template-based / Kepmenaker 183/2016"
"Sektor Publik","Skema Okupasi Teknisi Pemetaan dan Sistem Informasi Geografis","Mapping & GIS Technician","Skema sertifikasi Teknisi Pemetaan dan Sistem Informasi Geografis dikembangkan mengacu pada SKKNI Bidang Geospasial dan Pemetaan. Mencakup kompetensi pengumpulan data geospasial, pengolahan dan analisis data SIG, pembuatan peta tematik, dan pengelolaan basis data geospasial.","The Mapping & GIS Technician scheme references the SKKNI Geospatial and Mapping Field. It covers geospatial data collection, GIS data processing and analysis, thematic map production, and geospatial database management competencies.","Template-based / SKKNI Geospasial"
"Sektor Publik","Skema Okupasi Penyusun Program Pemberdayaan Masyarakat","Community Empowerment Program Drafter","Skema sertifikasi Penyusun Program Pemberdayaan Masyarakat dikembangkan mengacu pada SKKNI Bidang Pemberdayaan Masyarakat. Mencakup kompetensi penyusunan program pemberdayaan masyarakat berbasis potensi lokal, pengelolaan anggaran program, monitoring dan evaluasi program, serta dokumentasi hasil program.","The Community Empowerment Program Drafter scheme references the SKKNI Community Empowerment Field. It covers drafting community empowerment programs based on local potential, program budget management, program monitoring and evaluation, and program result documentation competencies.","Template-based / SKKNI Sosial"
"Sektor Publik","Skema Okupasi Fasilitator Pemberdayaan Masyarakat","Community Empowerment Facilitator","Skema sertifikasi Fasilitator Pemberdayaan Masyarakat dikembangkan mengacu pada SKKNI Bidang Pemberdayaan Masyarakat. Mencakup kompetensi fasilitasi proses pemberdayaan kelompok masyarakat, mediasi konflik komunitas, pengembangan kapasitas organisasi masyarakat, dan pelaporan perkembangan program pemberdayaan.","The Community Empowerment Facilitator scheme references the SKKNI Community Empowerment Field. It covers facilitating community group empowerment processes, community conflict mediation, community organization capacity development, and empowerment program progress reporting competencies.","Template-based / SKKNI Sosial"
"Pelatihan Asesmen dan Pendidikan","Skema Okupasi Instruktur Junior","Junior Instructor","Kualifikasi Instruktur Junior meliputi kemampuan dalam merencanakan, menyampaikan materi pelatihan atau pembelajaran secara terstruktur guna mencapai tujuan pelatihan atau pembelajaran di bidangnya, menerjemahkan informasi pelatihan atau pembelajaran dan menggunakan alat berdasarkan sejumlah pilihan prosedur atau prinsip-prinsip kerja. Mengacu pada SKKNI berdasarkan Kepmenaker No. 333 Tahun 2020 Bidang Instruktur (KKNI Kualifikasi Level 3).","The Junior Instructor qualification covers the ability to plan and deliver structured training or instructional content to achieve learning objectives in their field, translate training information, and use tools based on a range of procedural choices or working principles. References SKKNI Kepmenaker No. 333 of 2020 (Instructor Field, KKNI Level 3).","Verbatim (puskopcuina.org)"
"Pelatihan Asesmen dan Pendidikan","Skema Okupasi Instruktur (Level IV)","Instructor (Level IV)","Skema sertifikasi Instruktur Level IV dikembangkan mengacu pada SKKNI berdasarkan Kepmenaker No. 333 Tahun 2020 Bidang Instruktur (KKNI Kualifikasi Level 4). Mencakup kompetensi merancang program pelatihan, mengembangkan bahan ajar, memfasilitasi pembelajaran orang dewasa (andragogi), dan mengevaluasi efektivitas pelatihan.","The Instructor (Level IV) scheme references SKKNI Kepmenaker No. 333 of 2020 (Instructor Field, KKNI Level 4). It covers designing training programs, developing instructional materials, facilitating adult learning (andragogy), and evaluating training effectiveness competencies.","Template-based / Kepmenaker 333/2020"
"Pelatihan Asesmen dan Pendidikan","Skema Okupasi Instruktur Senior (Kualifikasi 5)","Senior Instructor (Qualification 5)","Skema sertifikasi Instruktur Senior (Kualifikasi 5) dikembangkan mengacu pada SKKNI berdasarkan Kepmenaker No. 333 Tahun 2020 Bidang Instruktur (KKNI Kualifikasi Level 5). Mencakup kompetensi pengembangan kurikulum pelatihan, manajemen program pelatihan, pembinaan instruktur junior, dan evaluasi dampak pelatihan.","The Senior Instructor (Qualification 5) scheme references SKKNI Kepmenaker No. 333 of 2020 (Instructor Field, KKNI Level 5). It covers training curriculum development, training program management, junior instructor mentoring, and training impact evaluation competencies.","Template-based / Kepmenaker 333/2020"
"Pelatihan Asesmen dan Pendidikan","Skema Okupasi Instruktur Madya","Middle Instructor","Skema sertifikasi Instruktur Madya dikembangkan mengacu pada SKKNI berdasarkan Kepmenaker No. 333 Tahun 2020 Bidang Instruktur. Mencakup kompetensi perencanaan dan pengelolaan program pelatihan multi-modul, pengembangan sistem penilaian pembelajaran, dan koordinasi dengan pemangku kepentingan pelatihan.","The Middle Instructor scheme references SKKNI Kepmenaker No. 333 of 2020 (Instructor Field). It covers planning and managing multi-module training programs, learning assessment system development, and training stakeholder coordination competencies.","Template-based / Kepmenaker 333/2020"
"Pelatihan Asesmen dan Pendidikan","Skema Okupasi Instruktur Master","Master Instructor","Skema sertifikasi Instruktur Master dikembangkan mengacu pada SKKNI berdasarkan Kepmenaker No. 333 Tahun 2020 Bidang Instruktur (KKNI Kualifikasi Level 7–8). Mencakup kompetensi pengembangan strategi pelatihan organisasi, riset dan inovasi metodologi pelatihan, serta kepemimpinan komunitas praktisi pelatihan.","The Master Instructor scheme references SKKNI Kepmenaker No. 333 of 2020 (Instructor Field, KKNI Level 7–8). It covers organizational training strategy development, training methodology research and innovation, and training community of practice leadership competencies.","Template-based / Kepmenaker 333/2020"
"Pelatihan Asesmen dan Pendidikan","Skema Okupasi Asesor Kompetensi","Competency Assessor","Skema sertifikasi Asesor Kompetensi dikembangkan oleh BNSP mengacu pada Pedoman BNSP tentang Asesor Kompetensi. Mencakup kompetensi merencanakan dan mengorganisasikan asesmen kompetensi, mengumpulkan bukti kompetensi melalui berbagai metode (observasi, wawancara, portofolio, tes tertulis), membuat keputusan asesmen, dan memberikan umpan balik kepada asesi.","The Competency Assessor scheme was developed by BNSP referencing BNSP Guidelines on Competency Assessors. It covers planning and organizing competency assessments, gathering competency evidence through various methods (observation, interview, portfolio, written test), making assessment decisions, and providing feedback to assesses competencies.","Template-based / Pedoman BNSP Asesor"
"Pelatihan Asesmen dan Pendidikan","Skema Okupasi Master Asesor Kompetensi","Master Competency Assessor","Skema sertifikasi Master Asesor Kompetensi dikembangkan oleh BNSP mengacu pada Pedoman BNSP tentang Master Asesor Kompetensi. Mencakup kompetensi validasi sistem asesmen, pembinaan dan kalibrasi asesor kompetensi, pengembangan perangkat asesmen, dan audit proses asesmen kompetensi.","The Master Competency Assessor scheme was developed by BNSP referencing BNSP Guidelines on Master Competency Assessors. It covers assessment system validation, competency assessor coaching and calibration, assessment tool development, and competency assessment process auditing competencies.","Template-based / Pedoman BNSP Asesor"
"Pelatihan Asesmen dan Pendidikan","Skema Okupasi Guru Bahasa Inggris SD / SMP / SMA","English Teacher for Elementary / Junior High / Senior High School","Skema sertifikasi Guru Bahasa Inggris dikembangkan mengacu pada SKKNI Bidang Keguruan dan SK Dirjen Guru dan Tenaga Kependidikan. Mencakup kompetensi pedagogik pengajaran Bahasa Inggris (metodologi pengajaran, perancangan RPP, penilaian autentik), kompetensi profesional (penguasaan konten Bahasa Inggris), dan kompetensi komunikatif.","The English Teacher scheme references the SKKNI Teaching Field and SK Dirjen Guru dan Tenaga Kependidikan. It covers English teaching pedagogical competencies (teaching methodology, lesson plan design, authentic assessment), professional competencies (English content mastery), and communicative competencies.","Template-based / SKKNI Keguruan"
"Pelatihan Asesmen dan Pendidikan","Skema Okupasi Laboran","Laboratory Technician","Skema sertifikasi Laboran dikembangkan mengacu pada SKKNI Bidang Laboratorium Sekolah/Perguruan Tinggi. Mencakup kompetensi pengelolaan peralatan dan bahan laboratorium, pelaksanaan pemeliharaan dan kalibrasi alat laboratorium, keselamatan kerja laboratorium, dan dukungan kegiatan praktikum.","The Laboratory Technician scheme references the SKKNI School/Higher Education Laboratory Field. It covers managing laboratory equipment and materials, performing laboratory equipment maintenance and calibration, laboratory workplace safety, and laboratory practical activity support competencies.","Template-based / SKKNI Laboratorium"
"Industri Kreatif dan Komunikasi","Skema Okupasi Penyiar Radio","Radio Broadcaster","Skema sertifikasi Penyiar Radio dikembangkan oleh Komite Skema LSP Penyiaran mengacu pada SKKNI Bidang Industri Penyiaran berdasarkan Kepmenaker No. 321 Tahun 2016 Sub-bidang Penyiaran Radio. Mencakup kompetensi penyiaran langsung (on-air), produksi konten radio, pengoperasian peralatan siaran, dan pengelolaan program siaran radio.","The Radio Broadcaster scheme was developed by LSP Penyiaran, referencing SKKNI Kepmenaker No. 321 of 2016 (Broadcasting Industry – Radio Broadcasting Sub-field). It covers live broadcasting (on-air), radio content production, broadcasting equipment operation, and radio broadcast program management competencies.","Template-based / Kepmenaker 321/2016"
"Industri Kreatif dan Komunikasi","Skema Okupasi Penyiar Televisi","Television Broadcaster","Skema sertifikasi Penyiar Televisi dikembangkan oleh Komite Skema LSP Penyiaran mengacu pada SKKNI Bidang Industri Penyiaran berdasarkan Kepmenaker No. 321 Tahun 2016 Sub-bidang Penyiaran Televisi. Mencakup kompetensi pembawaan acara televisi, pengembangan naskah siaran, penguasaan teknik kamera dan pencahayaan, serta pengelolaan program siaran TV.","The Television Broadcaster scheme references SKKNI Kepmenaker No. 321 of 2016 (Broadcasting Industry – TV Broadcasting Sub-field). It covers TV program hosting, broadcast script development, camera and lighting techniques mastery, and TV broadcast program management competencies.","Template-based / Kepmenaker 321/2016"
"Industri Kreatif dan Komunikasi","Skema Okupasi Reporter Berita","News Reporter","Skema sertifikasi Reporter Berita dikembangkan oleh Komite Skema LSP Penyiaran/Pers mengacu pada SKKNI Bidang Jurnalistik dan Pers. Mencakup kompetensi peliputan berita, wawancara narasumber, penulisan berita, verifikasi fakta, dan publikasi konten berita di berbagai platform media.","The News Reporter scheme references the SKKNI Journalism and Press Field. It covers news gathering, source interviews, news writing, fact verification, and news content publication across media platforms competencies.","Template-based / SKKNI Jurnalistik"
"Industri Kreatif dan Komunikasi","Skema Okupasi Fotografer","Photographer","Skema sertifikasi Fotografer dikembangkan oleh Komite Skema LSP Fotografi mengacu pada SKKNI Bidang Fotografi. Mencakup kompetensi teknik pengambilan gambar, penguasaan cahaya dan komposisi, pengolahan foto pasca produksi, dan pengelolaan arsip foto digital.","The Photographer scheme references the SKKNI Photography Field. It covers image capture techniques, lighting and composition mastery, post-production photo processing, and digital photo archive management competencies.","Template-based / SKKNI Fotografi"
"Industri Kreatif dan Komunikasi","Skema Okupasi Videografer","Videographer","Skema sertifikasi Videografer dikembangkan oleh Komite Skema LSP Film/Multimedia mengacu pada SKKNI Bidang Film dan Video. Mencakup kompetensi pengambilan gambar video, penguasaan kamera video profesional, penataan cahaya, dan kolaborasi dalam produksi audiovisual.","The Videographer scheme references the SKKNI Film and Video Field. It covers video image capture, professional video camera mastery, lighting setup, and audiovisual production collaboration competencies.","Template-based / SKKNI Film"
"Industri Kreatif dan Komunikasi","Skema Okupasi Editor Video","Video Editor","Skema sertifikasi Editor Video dikembangkan oleh Komite Skema LSP Film/Multimedia mengacu pada SKKNI Bidang Film dan Video Sub-bidang Pascaproduksi. Mencakup kompetensi penyuntingan video non-linear, color grading, penambahan efek visual dan audio, dan ekspor konten video sesuai platform distribusi.","The Video Editor scheme references the SKKNI Film and Video – Post-production Sub-field. It covers non-linear video editing, color grading, visual and audio effects addition, and video content export per distribution platform competencies.","Template-based / SKKNI Film"
"Industri Kreatif dan Komunikasi","Skema Okupasi Content Creator","Content Creator","Skema sertifikasi Content Creator dikembangkan oleh Komite Skema LSP mengacu pada SKKNI Bidang Industri Kreatif Sub-bidang Konten Digital dan Peta Okupasi Nasional TIK. Mencakup kompetensi pengembangan strategi konten, produksi konten multimedia, pengelolaan platform media sosial, dan analitik performa konten digital.","The Content Creator scheme references the SKKNI Creative Industry – Digital Content Sub-field and National ICT Occupation Map. It covers content strategy development, multimedia content production, social media platform management, and digital content performance analytics competencies.","Template-based / SKKNI Kreatif"
"Industri Kreatif dan Komunikasi","Skema Okupasi Animator 2D","2D Animator","Skema sertifikasi Animator 2D dikembangkan oleh Komite Skema LSP Animasi mengacu pada SKKNI Bidang Animasi. Mencakup kompetensi pembuatan aset animasi 2D, teknik keyframe dan in-betweening, rigging karakter 2D, dan ekspor animasi untuk berbagai platform.","The 2D Animator scheme references the SKKNI Animation Field. It covers 2D animation asset creation, keyframe and in-betweening techniques, 2D character rigging, and animation export for various platforms competencies.","Template-based / SKKNI Animasi"
"Industri Kreatif dan Komunikasi","Skema Okupasi Animator 3D","3D Animator","Skema sertifikasi Animator 3D dikembangkan oleh Komite Skema LSP Animasi mengacu pada SKKNI Bidang Animasi Sub-bidang 3D. Mencakup kompetensi pemodelan 3D, rigging dan skinning karakter, animasi pergerakan 3D, rendering, dan compositing untuk produksi film animasi dan game.","The 3D Animator scheme references the SKKNI Animation – 3D Sub-field. It covers 3D modeling, character rigging and skinning, 3D motion animation, rendering, and compositing for animated film and game production competencies.","Template-based / SKKNI Animasi"
"Industri Kreatif dan Komunikasi","Skema Okupasi Komikus Manga","Manga Comics Artist","Skema sertifikasi Komikus Manga dikembangkan oleh Komite Skema LSP Seni Rupa/Komik mengacu pada SKKNI Bidang Seni Rupa dan Desain Sub-bidang Komik. Mencakup kompetensi penguasaan gaya gambar manga, story boarding, inking dan screentone digital, serta pengelolaan publikasi karya komik.","The Manga Comics Artist scheme references the SKKNI Fine Arts and Design – Comics Sub-field. It covers mastery of manga drawing style, story boarding, digital inking and screentone, and comics work publication management competencies.","Template-based / SKKNI Kreatif"
"Industri Kreatif dan Komunikasi","Skema Okupasi Game Developer","Game Developer","Skema sertifikasi Game Developer dikembangkan oleh Komite Skema LSP Game mengacu pada SKKNI Bidang Pengembangan Game dan Peta Okupasi Nasional TIK 2025. Mencakup kompetensi perancangan mekanik permainan, pengembangan dengan game engine, optimisasi performa game, pengujian game, dan publikasi ke platform distribusi.","The Game Developer scheme references the SKKNI Game Development Field and National ICT Occupation Map 2025. It covers game mechanics design, game engine development, game performance optimization, game testing, and publication to distribution platforms competencies.","Template-based / Peta Okupasi TIK 2025"
"Industri Kreatif dan Komunikasi","Skema Okupasi Desainer Fesyen","Fashion Designer","Skema sertifikasi Desainer Fesyen dikembangkan oleh Komite Skema LSP Fesyen mengacu pada SKKNI Bidang Fesyen dan Busana. Mencakup kompetensi perancangan koleksi busana, pembuatan pola, pemilihan material tekstil, pembuatan prototipe busana, dan presentasi koleksi kepada klien.","The Fashion Designer scheme references the SKKNI Fashion and Garment Field. It covers fashion collection design, pattern making, textile material selection, garment prototype production, and collection presentation to clients competencies.","Template-based / SKKNI Fesyen"
"Industri Kreatif dan Komunikasi","Skema Okupasi Desainer Interior","Interior Designer","Skema sertifikasi Desainer Interior dikembangkan oleh Komite Skema LSP Desainer Interior Indonesia mengacu pada SKKNI Bidang Desain Interior. Mencakup kompetensi konsep desain interior, perancangan tata letak ruang, pemilihan material dan furnitur, gambar kerja desain interior, dan pengawasan implementasi desain.","The Interior Designer scheme references the SKKNI Interior Design Field. It covers interior design concept development, space layout design, material and furniture selection, interior design working drawings, and design implementation supervision competencies.","Template-based / SKKNI Desain Interior"
"Lintas Sektor","Skema KKNI Level II SMK Bidang Bisnis dan Manajemen","KKNI L2 SMK Business & Management","Skema KKNI Level II SMK Bidang Bisnis dan Manajemen dikembangkan oleh BNSP bersama Dit PSMK mengacu pada SKKNI Bidang Bisnis dan Manajemen serta SK Dirjen Dikdasmen No. 130/D/KEP/KR/2017. Memastikan kompetensi lulusan SMK Kompetensi Keahlian Bisnis dan Manajemen (Otomatisasi Tata Kelola Perkantoran, Akuntansi, Pemasaran) sesuai KKNI Level II.","The KKNI Level II SMK Business & Management scheme was developed by BNSP and Dit PSMK, referencing the Business & Management SKKNI and SK Dirjen Dikdasmen No. 130/D/KEP/KR/2017. It ensures SMK Business & Management graduates (Office Administration, Accounting, Marketing) achieve KKNI Level II competency.","Template-based / SKKNI Bisnis Manajemen"
"Lintas Sektor","Skema KKNI Level II SMK Bidang Pariwisata","KKNI L2 SMK Tourism","Skema KKNI Level II SMK Bidang Pariwisata dikembangkan oleh BNSP bersama Dit PSMK mengacu pada SKKNI Bidang Kepariwisataan serta SK Dirjen Dikdasmen No. 130/D/KEP/KR/2017. Memastikan kompetensi lulusan SMK Kompetensi Keahlian Pariwisata (Perhotelan, Tata Boga, Tata Kecantikan, Usaha Perjalanan Wisata) sesuai KKNI Level II.","The KKNI Level II SMK Tourism scheme was developed by BNSP and Dit PSMK, referencing the Tourism SKKNI and SK Dirjen Dikdasmen No. 130/D/KEP/KR/2017. It ensures SMK Tourism graduates (Hotel, Culinary, Beauty, Travel Agency) achieve KKNI Level II competency.","Template-based / SKKNI Pariwisata"
"Lintas Sektor","Skema KKNI Level II SMK Bidang Tata Busana","KKNI L2 SMK Fashion Design","Skema KKNI Level II SMK Bidang Tata Busana dikembangkan oleh BNSP bersama Dit PSMK mengacu pada SKKNI Bidang Tata Busana serta SK Dirjen Dikdasmen No. 130/D/KEP/KR/2017. Memastikan kompetensi lulusan SMK Kompetensi Keahlian Tata Busana dalam pembuatan busana, teknik jahit, dan desain busana sesuai KKNI Level II.","The KKNI Level II SMK Fashion Design scheme was developed by BNSP and Dit PSMK, referencing the Fashion SKKNI and SK Dirjen Dikdasmen No. 130/D/KEP/KR/2017. It ensures SMK Fashion Design graduates achieve KKNI Level II competency in garment making, sewing techniques, and fashion design.","Template-based / SKKNI Fesyen"
"Lintas Sektor","Skema KKNI Level II SMK Bidang Teknologi Informasi dan Komunikasi","KKNI L2 SMK ICT","Skema KKNI Level II SMK Bidang Teknologi Informasi dan Komunikasi dikembangkan oleh BNSP bersama Dit PSMK mengacu pada SKKNI TIK serta SK Dirjen Dikdasmen No. 130/D/KEP/KR/2017. Memastikan kompetensi lulusan SMK Kompetensi Keahlian TIK (Rekayasa Perangkat Lunak, Teknik Komputer dan Jaringan, Multimedia) sesuai KKNI Level II.","The KKNI Level II SMK ICT scheme was developed by BNSP and Dit PSMK, referencing the ICT SKKNI and SK Dirjen Dikdasmen No. 130/D/KEP/KR/2017. It ensures SMK ICT graduates (Software Engineering, Computer and Network Engineering, Multimedia) achieve KKNI Level II competency.","Template-based / SKKNI TIK"
"Lintas Sektor","Skema Okupasi Penjualan Ritel","Retail Sales","Skema sertifikasi Penjualan Ritel dikembangkan oleh Komite Skema LSP Ritel mengacu pada SKKNI Bidang Ritel berdasarkan Kepmenaker No. 348 Tahun 2014. Mencakup kompetensi pelayanan pelanggan ritel, pemrosesan transaksi penjualan, pengelolaan stok barang, dan pemeliharaan standar tampilan produk (merchandising).","The Retail Sales scheme references SKKNI Kepmenaker No. 348 of 2014 (Retail Field). It covers retail customer service, sales transaction processing, goods stock management, and product display standard maintenance (merchandising) competencies.","Template-based / Kepmenaker 348/2014"
"Lintas Sektor","Skema Okupasi Pemasaran","Marketing","Skema sertifikasi Pemasaran dikembangkan oleh Komite Skema LSP mengacu pada SKKNI Bidang Pemasaran berdasarkan Kepmenaker No. 52 Tahun 2014. Mencakup kompetensi riset pasar, perancangan strategi pemasaran, pelaksanaan kampanye pemasaran, pengelolaan hubungan pelanggan (CRM), dan pengukuran efektivitas pemasaran.","The Marketing scheme references SKKNI Kepmenaker No. 52 of 2014 (Marketing Field). It covers market research, marketing strategy design, marketing campaign execution, customer relationship management (CRM), and marketing effectiveness measurement competencies.","Template-based / Kepmenaker 52/2014"
"Lintas Sektor","Skema Okupasi Penjualan Asuransi Jiwa","Life Insurance Sales","Skema sertifikasi Penjualan Asuransi Jiwa dikembangkan oleh Komite Skema LSP Perasuransian mengacu pada SKKNI Bidang Asuransi Jiwa dan POJK tentang Tenaga Pemasar Produk Asuransi. Mencakup kompetensi analisis kebutuhan nasabah, presentasi produk asuransi jiwa, penutupan penjualan, dan pelayanan purna jual nasabah asuransi.","The Life Insurance Sales scheme references the SKKNI Life Insurance Field and OJK regulations on insurance product marketers. It covers client needs analysis, life insurance product presentation, sales closing, and after-sales client service competencies.","Template-based / SKKNI Asuransi"
"Lintas Sektor","Skema Okupasi Penjualan Asuransi Umum","General Insurance Sales","Skema sertifikasi Penjualan Asuransi Umum dikembangkan oleh Komite Skema LSP Perasuransian mengacu pada SKKNI Bidang Asuransi Umum dan POJK tentang Tenaga Pemasar Produk Asuransi. Mencakup kompetensi analisis risiko nasabah, penjelasan produk asuransi umum (kendaraan, properti, kesehatan, perjalanan), dan proses klaim asuransi dasar.","The General Insurance Sales scheme references the SKKNI General Insurance Field and OJK regulations on insurance product marketers. It covers client risk analysis, general insurance product explanation (vehicle, property, health, travel), and basic insurance claims process competencies.","Template-based / SKKNI Asuransi"
"Lintas Sektor","Skema Okupasi Event Organizer","Event Organizer","Skema sertifikasi Event Organizer dikembangkan oleh Komite Skema LSP mengacu pada SKKNI Bidang Penyelenggaraan Acara (Event Management). Mencakup kompetensi perencanaan konsep acara, pengelolaan anggaran acara, koordinasi vendor dan logistik, pelaksanaan dan pemantauan acara, serta evaluasi pasca acara.","The Event Organizer scheme references the SKKNI Event Management Field. It covers event concept planning, event budget management, vendor and logistics coordination, event execution and monitoring, and post-event evaluation competencies.","Template-based / SKKNI Event Management"
