competency_id,batch_id,title,description,related_skills,related_skills_with_bloom,skill_focus,soft_skills_required,soft_skills_description,kkni_level,kkni_floor,kkni_descriptor,future_relevance,all_skills_human_verified,human_quality,human_relevant,human_skill_focus,human_notes,reviewer_id
C6_b99,99,Analyze and Promote Regulatory and Initiative Compliance,"Analyze regulatory requirements and business initiatives, such as BCBS 239–aligned traceability, to promote compliance and align software development processes with established standards.","[""promote initiatives such as BCBS 239–aligned traceability""]",promote initiatives such as BCBS 239–aligned traceability (Bloom: Analyze),Hard,analyze information; communicate effectively; align stakeholders; work collaboratively; think critically; understand business needs,"Analytical and communication skills are needed to interpret regulations, while stakeholder alignment ensures collaborative promotion and implementation of compliant processes.",5,5,"Mampu menyelesaikan pekerjaan berlingkup luas, memilih metode dari beragam pilihan baku/non-baku dengan menganalisis data. Menguasai konsep teoritis bidang pengetahuan tertentu secara umum, mampu memformulasikan penyelesaian masalah prosedural.","Regulatory compliance and initiative alignment are important in many industries, requiring analytical skills to ensure software processes meet evolving standards and traceability demands.",False,,,,,
C1_b68,68,Designing and Implementing Hybrid Cloud Environments,Design and implement hybrid cloud environments by selecting appropriate cloud services and infrastructure components to meet specified performance and scalability requirements.,"[""shape hybrid cloud environment""]",shape hybrid cloud environment (Bloom: Apply),Hard,collaborate with cross-functional teams; solve complex challenges; think critically; adapt to change; work independently; deliver high-quality work,"Learners need to collaborate with teams, solve problems, and adapt to changing requirements to successfully design and implement hybrid cloud solutions.",5,4,"Mampu menyelesaikan pekerjaan berlingkup luas, memilih metode dari beragam pilihan baku/non-baku dengan menganalisis data. Menguasai konsep teoritis bidang pengetahuan tertentu secara umum, mampu memformulasikan penyelesaian masalah prosedural.","Hybrid cloud adoption is growing as organizations seek flexibility and optimized resource allocation, making skills in designing and managing these environments critical for future infrastructure roles.",False,,,,,
C2_b106,106,Digital Conversion Strategy Implementation,Apply strategies to drive higher conversion rates in digital platforms by implementing tested techniques and measuring outcomes against set criteria.,"[""drive higher conversion""]",drive higher conversion (Bloom: Apply),Hard,analyze data; communicate effectively; adapt to change; work collaboratively; understand business needs,"Learners must analyze data to inform strategies, communicate findings, and adapt to changing digital trends while collaborating to meet business objectives.",4,4,Mampu menyelesaikan tugas berlingkup luas dan kasus spesifik dengan menganalisis informasi secara terbatas dan memilih metode dari beberapa pilihan baku. Menguasai beberapa prinsip dasar bidang keahlian tertentu.,"This competency remains relevant for digital marketing and e-commerce roles, supporting business growth through effective conversion optimization in evolving online environments.",False,,,,,
C4_b20,20,Build and Manage Data Stores,"Build, operate, and manage data stores and databases in Linux environments by implementing storage solutions, ensuring efficient operation, and simplifying management tasks for developers.","[""build data stores"", ""operate data stores"", ""run databases in Linux environment"", ""make database management effortless"", ""allow developers to monitor databases"", ""allow developers to spin up databases""]",build data stores (Bloom: Create); operate data stores (Bloom: Evaluate); run databases in Linux environment (Bloom: Apply); make database management effortless (Bloom: Apply); allow developers to monitor databases (Bloom: Create); allow developers to spin up databases (Bloom: Create),Hard,solve problems; work collaboratively; communicate effectively; manage time; mentor junior staff,"Problem-solving and collaboration are essential for maintaining database systems, while effective communication supports developer assistance and knowledge sharing.",7,7,"Mampu merencanakan dan mengelola sumberdaya, mengevaluasi kerjanya secara komprehensif untuk menghasilkan langkah-langkah pengembangan strategis organisasi. Memecahkan permasalahan melalui pendekatan monodisipliner. Mampu melakukan riset dan mengambil keputusan strategis dengan akuntabilitas penuh.","Efficient data storage management remains crucial for application performance and developer productivity, especially with the growth of data-intensive applications.",False,,,,,
C2_b43,43,Analyze and Maintain Performance Tracking Databases,"Analyze and maintain activity tracking databases to store and organize performance metrics, conversion data, and iteration history by applying data modeling and database management principles.","[""maintain activity tracking databases"", ""track conversion metrics"", ""track iteration history"", ""track your own performance""]",maintain activity tracking databases (Bloom: Analyze); track conversion metrics (Bloom: Apply); track iteration history (Bloom: Apply); track your own performance (Bloom: Apply),Hard,work independently; manage time; deliver high-quality work; think critically; solve problems,Independent work and time management are essential for maintaining accurate databases that support ongoing performance analysis.,5,5,"Mampu menyelesaikan pekerjaan berlingkup luas, memilih metode dari beragam pilihan baku/non-baku dengan menganalisis data. Menguasai konsep teoritis bidang pengetahuan tertentu secara umum, mampu memformulasikan penyelesaian masalah prosedural.","Data-driven decision-making relies on accurate and accessible performance data, making database management for tracking a foundational skill across industries.",False,,,,,
C2_b63,63,Video Content Production and Editing,"Create and edit professional-quality video content by planning shoots, capturing footage, and applying post-production techniques to produce finished videos for digital platforms.","[""capture video content"", ""edit video content"", ""produce high-quality video content""]",capture video content (Bloom: Remember); edit video content (Bloom: Apply); produce high-quality video content (Bloom: Create),Hard,deliver high-quality work; manage time; work independently; solve problems; adapt to change,Producing high-quality work requires time management and independent problem-solving to overcome technical challenges during the production process.,7,7,"Mampu merencanakan dan mengelola sumberdaya, mengevaluasi kerjanya secara komprehensif untuk menghasilkan langkah-langkah pengembangan strategis organisasi. Memecahkan permasalahan melalui pendekatan monodisipliner. Mampu melakukan riset dan mengambil keputusan strategis dengan akuntabilitas penuh.","Video remains a dominant medium for communication and entertainment; skilled production is crucial for careers in digital media, marketing, and interactive applications.",False,,,,,
C6_b13,13,Contribute to Design Systems,Contribute to and assist in building design systems by participating in design work and following established patterns to ensure consistency across digital products.,"[""assist in building a design system"", ""contribute to design system"", ""participate in design work""]",assist in building a design system (Bloom: Create); contribute to design system (Bloom: Create); participate in design work (Bloom: Create),Hard,collaborate with team; work closely with developers; adapt to change; grow professionally; deliver high-quality work; communicate ideas,"Learners must collaborate with developers and designers, adapt to system guidelines, and communicate ideas to contribute effectively to design systems.",7,7,"Mampu merencanakan dan mengelola sumberdaya, mengevaluasi kerjanya secara komprehensif untuk menghasilkan langkah-langkah pengembangan strategis organisasi. Memecahkan permasalahan melalui pendekatan monodisipliner. Mampu melakukan riset dan mengambil keputusan strategis dengan akuntabilitas penuh.",Design systems are crucial for maintaining visual and functional consistency at scale in large organizations and product suites.,False,,,,,
C6_b112,112,Optimize Digital Platforms and Conversion Funnels,Analyze and optimize digital platforms and conversion funnels by applying data-driven techniques to improve user engagement and achieve business objectives.,"[""optimise the funnel""]",optimise the funnel (Bloom: Apply),Hard,analyze data; solve problems; communicate ideas; work collaboratively; understand business needs,"Data analysis and problem-solving identify optimization opportunities, while communication and collaboration align efforts with business goals.",5,4,"Mampu menyelesaikan pekerjaan berlingkup luas, memilih metode dari beragam pilihan baku/non-baku dengan menganalisis data. Menguasai konsep teoritis bidang pengetahuan tertentu secara umum, mampu memformulasikan penyelesaian masalah prosedural.","Digital optimization remains important for e-commerce and online services, supporting growth through improved user experience and operational efficiency.",False,,,,,
C1_b128,128,Software System Reliability and Operational Support,"Apply operational procedures for software systems by participating in scheduled on-call rotations, monitoring system health, and executing documented response protocols to maintain service availability.","[""participate in on-call rotation""]",participate in on-call rotation (Bloom: Apply),Hard,work independently; manage time; adapt to change; solve problems; deliver high-quality work,These skills enable learners to respond effectively to unexpected system issues under pressure while maintaining reliable service.,4,4,Mampu menyelesaikan tugas berlingkup luas dan kasus spesifik dengan menganalisis informasi secara terbatas dan memilih metode dari beberapa pilihan baku. Menguasai beberapa prinsip dasar bidang keahlian tertentu.,"As software systems become more critical and complex, the ability to ensure their continuous operation and rapid recovery from incidents remains a foundational requirement for modern development and operations roles.",False,,,,,
C1_b131,131,Frontline Visitor Engagement and Support,"Apply established protocols to manage initial visitor interactions by greeting, identifying needs, and directing them to appropriate resources or personnel.","[""serve as first point of contact for visitors""]",serve as first point of contact for visitors (Bloom: Apply),Hard,communicate effectively; adapt to change; work independently; manage time; understand business needs,"Effective communication and time management are needed to handle inquiries promptly, while adaptability ensures appropriate responses to varied visitor needs.",4,4,Mampu menyelesaikan tugas berlingkup luas dan kasus spesifik dengan menganalisis informasi secara terbatas dan memilih metode dari beberapa pilihan baku. Menguasai beberapa prinsip dasar bidang keahlian tertentu.,"This competency remains foundational for roles requiring human-centered service and interface management, even as digital interactions increase, ensuring organized and professional first impressions.",False,,,,,
C2_b45,45,Prototype Solutions for Complex Challenges,"Create functional prototypes to address complex technical challenges by simulating scenarios, testing interactive models, and iterating based on evaluation results.","[""prototype solutions to complex challenges"", ""test interactive prototypes"", ""perform simulation""]",prototype solutions to complex challenges (Bloom: Create); test interactive prototypes (Bloom: Create); perform simulation (Bloom: Apply),Hard,solve complex challenges; think critically; drive innovation; adapt to change; thrive in ambiguity; work independently,"Innovation and critical thinking drive prototype design, while adaptability and comfort with ambiguity are essential for iterating based on feedback and changing requirements.",7,7,"Mampu merencanakan dan mengelola sumberdaya, mengevaluasi kerjanya secara komprehensif untuk menghasilkan langkah-langkah pengembangan strategis organisasi. Memecahkan permasalahan melalui pendekatan monodisipliner. Mampu melakukan riset dan mengambil keputusan strategis dengan akuntabilitas penuh.","Prototyping is crucial for innovation in fast-evolving fields like Human-AI Collaboration, allowing rapid validation of ideas and reduction of development risks.",False,,,,,
C4_b41,41,Complex Problem Resolution and Performance Analysis,"Analyze system performance issues and lead resolution efforts by diagnosing root causes, evaluating alternative solutions, and implementing corrective actions to restore or improve system functionality.","[""lead problem resolution efforts"", ""lead performance analysis""]",lead problem resolution efforts (Bloom: Apply); lead performance analysis (Bloom: Apply),Hard,solve problems; think critically; work independently; adapt to change; partner with engineers; communicate effectively,Critical problem-solving and effective communication are required to diagnose issues and coordinate solutions with engineering teams.,5,4,"Mampu menyelesaikan pekerjaan berlingkup luas, memilih metode dari beragam pilihan baku/non-baku dengan menganalisis data. Menguasai konsep teoritis bidang pengetahuan tertentu secara umum, mampu memformulasikan penyelesaian masalah prosedural.","Proactive problem-solving and performance optimization are increasingly important for maintaining reliable, high-performing software systems in complex environments.",False,,,,,
C2_b28,28,Solution Design and Implementation Support,Support the design and implementation of software solutions by applying established technical principles to contribute to development phases under guidance.,"[""support the design of solutions"", ""support the implementation of solutions""]",support the design of solutions (Bloom: Create); support the implementation of solutions (Bloom: Evaluate),Hard,collaborate with team; work collaboratively; understand business needs; deliver high-quality work,"Learners must collaborate with a team, understand project needs, and focus on quality to effectively support the design and implementation process.",7,7,"Mampu merencanakan dan mengelola sumberdaya, mengevaluasi kerjanya secara komprehensif untuk menghasilkan langkah-langkah pengembangan strategis organisasi. Memecahkan permasalahan melalui pendekatan monodisipliner. Mampu melakukan riset dan mengambil keputusan strategis dengan akuntabilitas penuh.","The ability to contribute effectively to collaborative development processes is a foundational skill for entry-level roles, even as the focus shifts towards more advanced and automated solution design.",False,,,,,
C1_b101,101,Data Quality Assurance and Validation,Evaluate the accuracy and completeness of data entry by applying standardized verification procedures and using appropriate measurement tools to ensure data integrity.,"[""check final forms using gauges""]",check final forms using gauges (Bloom: Evaluate),Hard,deliver high-quality work; work independently; think critically,"Learners need to be meticulous and self-directed to maintain high standards, and use critical thinking to identify and resolve data discrepancies.",6,6,"Mampu mengaplikasikan bidang keahliannya dan memanfaatkan ilmu pengetahuan, teknologi, dan/atau seni dalam penyelesaian masalah, serta beradaptasi terhadap situasi yang dihadapi. Menguasai konsep teoritis bidang pengetahuan tertentu secara umum dan bagian khusus secara mendalam.","While specific manual verification tasks may decline, the underlying competency of ensuring data quality and integrity remains critical as organizations increasingly rely on accurate data for automated systems and AI-driven decision-making.",False,,,,,
C1_b122,122,Designing and Documenting Standard Operating Procedures for Software Development,"Create clear and comprehensive Standard Operating Procedures (SOPs) for software development processes by defining workflows, roles, and quality control measures to ensure consistent and repeatable project execution.","[""create SOPs""]",create SOPs (Bloom: Create),Hard,think critically; communicate effectively; deliver high-quality work; manage time; work independently,"Critical thinking is needed to analyze processes, while clear communication and a focus on quality are essential for creating effective, usable documentation.",7,7,"Mampu merencanakan dan mengelola sumberdaya, mengevaluasi kerjanya secara komprehensif untuk menghasilkan langkah-langkah pengembangan strategis organisasi. Memecahkan permasalahan melalui pendekatan monodisipliner. Mampu melakukan riset dan mengambil keputusan strategis dengan akuntabilitas penuh.","While specific SOP creation is a foundational skill, the ability to systematically document and standardize processes remains crucial for ensuring quality, compliance, and efficient knowledge transfer in evolving software development environments.",False,,,,,
C1_b32,32,Developing Software Engineering Best Practices,Create and document software development best practices by analyzing project requirements and established methodologies to produce reusable guidelines and standards.,"[""develop best practices""]",develop best practices (Bloom: Create),Hard,think critically; collaborate with team; communicate effectively; solve problems; work independently; deliver high-quality work,Critical thinking and collaboration are needed to analyze existing workflows and communicate new standards effectively to the team.,7,7,"Mampu merencanakan dan mengelola sumberdaya, mengevaluasi kerjanya secara komprehensif untuk menghasilkan langkah-langkah pengembangan strategis organisasi. Memecahkan permasalahan melalui pendekatan monodisipliner. Mampu melakukan riset dan mengambil keputusan strategis dengan akuntabilitas penuh.","While routine coding tasks may decline, the ability to establish and improve development processes remains crucial for ensuring software quality, maintainability, and team efficiency in evolving technical environments.",False,,,,,
C2_b52,52,Ensuring Software Quality through Systematic Testing,Evaluate the quality and reliability of production software by designing and executing comprehensive test plans that identify defects and ensure operational stability.,"[""ensure seamless testing"", ""ensure production software operates flawlessly""]",ensure seamless testing (Bloom: Evaluate); ensure production software operates flawlessly (Bloom: Evaluate),Hard,think critically; solve complex challenges; deliver high-quality work; manage time; work independently,"Critical thinking and problem-solving are required to design effective tests, while time management ensures thorough evaluation for high-quality deliverables.",6,6,"Mampu mengaplikasikan bidang keahliannya dan memanfaatkan ilmu pengetahuan, teknologi, dan/atau seni dalam penyelesaian masalah, serta beradaptasi terhadap situasi yang dihadapi. Menguasai konsep teoritis bidang pengetahuan tertentu secara umum dan bagian khusus secara mendalam.","Systematic testing remains essential for software reliability and user trust, with moderate growth forecasted as software complexity increases.",False,,,,,
C1_b5,5,Design and Provision Cloud Infrastructure,Design and provision scalable cloud infrastructure by selecting appropriate services and configurations to meet specified performance and reliability requirements.,"[""build cloud infrastructure"", ""provision cloud infrastructure"", ""provision infrastructure""]",build cloud infrastructure (Bloom: Create); provision cloud infrastructure (Bloom: Analyze); provision infrastructure (Bloom: Analyze),Hard,think critically; solve complex challenges; work independently; adapt to change; deliver high-quality work,"Critical thinking and problem-solving are needed to design effective solutions, while independence and adaptability ensure successful implementation in a dynamic technical environment.",7,7,"Mampu merencanakan dan mengelola sumberdaya, mengevaluasi kerjanya secara komprehensif untuk menghasilkan langkah-langkah pengembangan strategis organisasi. Memecahkan permasalahan melalui pendekatan monodisipliner. Mampu melakukan riset dan mengambil keputusan strategis dengan akuntabilitas penuh.","Cloud infrastructure skills are critical as organizations increasingly migrate to and operate in cloud environments, with strong growth forecasted in this domain.",False,,,,,
C1_b85,85,Designing and Delivering AI and NLP Instruction,"Design and deliver instructional materials on artificial intelligence and natural language processing by applying pedagogical principles to create clear, structured learning experiences for technical audiences.","[""teach artificial intelligence"", ""teach natural language processing"", ""ensure pedagogical soundness""]",teach artificial intelligence (Bloom: Apply); teach natural language processing (Bloom: Apply); ensure pedagogical soundness (Bloom: Analyze),Hard,communicate effectively; collaborate with team; think critically; adapt to change; deliver high-quality work; understand business needs,"These skills enable the clear communication of complex concepts, adaptation of teaching methods to learner needs, and critical evaluation of instructional effectiveness.",6,5,"Mampu mengaplikasikan bidang keahliannya dan memanfaatkan ilmu pengetahuan, teknologi, dan/atau seni dalam penyelesaian masalah, serta beradaptasi terhadap situasi yang dihadapi. Menguasai konsep teoritis bidang pengetahuan tertentu secara umum dan bagian khusus secara mendalam.","As AI and NLP become integral to software development, the ability to effectively teach these complex topics is critical for scaling expertise and fostering innovation within teams and organizations.",False,,,,,
C2_b82,82,Technical Evaluation and Oversight,Oversee technical evaluation processes for specific resources by applying systematic methods to assess all relevant aspects and document findings.,"[""oversee all aspects of mineral resource evaluation""]",oversee all aspects of mineral resource evaluation (Bloom: Apply),Hard,work independently; think critically; deliver high-quality work; understand business needs,Learners must think critically and work independently to deliver high-quality evaluations that align with understood technical and business parameters.,4,4,Mampu menyelesaikan tugas berlingkup luas dan kasus spesifik dengan menganalisis informasi secara terbatas dan memilih metode dari beberapa pilihan baku. Menguasai beberapa prinsip dasar bidang keahlian tertentu.,"Systematic technical evaluation remains foundational for informed decision-making in technology, engineering, and sustainable resource sectors.",False,,,,,
C2_b86,86,Evaluating Security and Hardening Requirements,"Evaluate security requirements by identifying and analyzing hardening needs within a system to propose specific, actionable security enhancements.","[""identify hardening requirements""]",identify hardening requirements (Bloom: Analyze),Hard,think critically; solve complex challenges; adapt to change; deliver high-quality work,Critical thinking and adaptability are required to assess evolving security threats and define robust hardening measures.,6,5,"Mampu mengaplikasikan bidang keahliannya dan memanfaatkan ilmu pengetahuan, teknologi, dan/atau seni dalam penyelesaian masalah, serta beradaptasi terhadap situasi yang dihadapi. Menguasai konsep teoritis bidang pengetahuan tertentu secara umum dan bagian khusus secara mendalam.","As cybersecurity threats evolve, the ability to proactively identify and specify security hardening measures remains crucial for protecting software and data assets.",False,,,,,
C1_b27,27,Analyzing and Evaluating Technical Solutions,"Analyze and evaluate multiple solution options for complex technical problems by comparing their feasibility, scalability, and alignment with technical requirements to recommend the most effective approach.","[""analyze solution options"", ""provide expert technical analysis"", ""provide technical support"", ""provide technical support to customers"", ""turn research-grade ideas into production-ready solutions""]",analyze solution options (Bloom: Analyze); provide expert technical analysis (Bloom: Apply); provide technical support (Bloom: Evaluate); provide technical support to customers (Bloom: Evaluate); turn research-grade ideas into production-ready solutions (Bloom: Evaluate),Hard,think critically; solve complex challenges; communicate effectively; understand business needs; work independently; adapt to change,Critical thinking and effective communication are needed to evaluate options clearly and justify recommendations to stakeholders.,6,6,"Mampu mengaplikasikan bidang keahliannya dan memanfaatkan ilmu pengetahuan, teknologi, dan/atau seni dalam penyelesaian masalah, serta beradaptasi terhadap situasi yang dihadapi. Menguasai konsep teoritis bidang pengetahuan tertentu secara umum dan bagian khusus secara mendalam.","This competency is critical for future work as it enables professionals to assess emerging technologies and integrate research innovations into reliable, scalable systems, a key skill in fast-evolving fields like AI and cloud computing.",False,,,,,
C2_b17,17,Develop and Operate Distributed Systems,"Design, build, and operate distributed systems by implementing appropriate communication protocols and fault-tolerance mechanisms to ensure system integrity and performance.","[""operate distributed systems"", ""build distributed systems"", ""design distributed systems"", ""develop scalable distributed systems"", ""implement systems"", ""construct platform and sub-systems""]",operate distributed systems (Bloom: Evaluate); build distributed systems (Bloom: Create); design distributed systems (Bloom: Create); develop scalable distributed systems (Bloom: Apply); implement systems (Bloom: Apply); construct platform and sub-systems (Bloom: Create),Hard,solve complex challenges; think critically; work collaboratively; thrive in ambiguity; adapt to change,"Solving complex challenges and critical thinking are essential for managing system interdependencies, while collaboration is key for integrating components.",7,7,"Mampu merencanakan dan mengelola sumberdaya, mengevaluasi kerjanya secara komprehensif untuk menghasilkan langkah-langkah pengembangan strategis organisasi. Memecahkan permasalahan melalui pendekatan monodisipliner. Mampu melakukan riset dan mengambil keputusan strategis dengan akuntabilitas penuh.","Distributed systems form the backbone of modern applications and platforms, with skills in their design and operation remaining essential for scalable software development.",False,,,,,
C4_b19,19,Development of Low-Level and Embedded Software Tools,"Create low-level software, embedded tools, and digital signal processing stacks for specialized hardware and firmware applications, applying principles of systems programming.","[""develop low-level Linux boot, BIOS, firmware and embedded software"", ""develop embedded software tools"", ""own digital signal processing stack"", ""dive into platform-specific native code"", ""write performance or correctness tools""]","develop low-level Linux boot, BIOS, firmware and embedded software (Bloom: Create); develop embedded software tools (Bloom: Create); own digital signal processing stack (Bloom: Apply); dive into platform-specific native code (Bloom: Apply); write performance or correctness tools (Bloom: Create)",Hard,work independently; solve complex challenges; think critically; deliver high-quality work; grow professionally,"Independent work and complex problem-solving are required to tackle intricate system-level challenges, while a focus on quality and professional growth ensures mastery of this specialized domain.",7,7,"Mampu merencanakan dan mengelola sumberdaya, mengevaluasi kerjanya secara komprehensif untuk menghasilkan langkah-langkah pengembangan strategis organisasi. Memecahkan permasalahan melalui pendekatan monodisipliner. Mampu melakukan riset dan mengambil keputusan strategis dengan akuntabilitas penuh.","Expertise in low-level and embedded systems remains vital for the Internet of Things (IoT), robotics, and specialized computing hardware, areas with sustained technological growth.",False,,,,,
C1_b11,11,Design and Develop Automation Solutions,"Design and develop automation frameworks and solutions by analyzing operational processes, selecting appropriate tools and methods, and implementing scripts or systems to automate repetitive tasks.","[""develop automation frameworks"", ""focus on process automation"", ""focus on automation"", ""drive the automation and optimization of operations""]",develop automation frameworks (Bloom: Create); focus on process automation (Bloom: Apply); focus on automation (Bloom: Apply); drive the automation and optimization of operations (Bloom: Apply),Hard,solve problems; think critically; work independently; deliver high-quality work; manage time,"Learners need problem-solving and critical thinking to analyze processes, and independence and time management to deliver reliable automation solutions.",7,7,"Mampu merencanakan dan mengelola sumberdaya, mengevaluasi kerjanya secara komprehensif untuk menghasilkan langkah-langkah pengembangan strategis organisasi. Memecahkan permasalahan melalui pendekatan monodisipliner. Mampu melakukan riset dan mengambil keputusan strategis dengan akuntabilitas penuh.","This competency is critical as automation continues to transform industries, increasing efficiency and reducing human error in repetitive operational tasks, a trend with moderate to strong growth.",False,,,,,
C1_b113,113,Electronic Design Automation Process Execution,Execute and monitor Design Rule Checking (DRC) runs in electronic design automation workflows by triggering processes and analyzing results to ensure compliance with design specifications.,"[""monitor DRC runs"", ""trigger DRC runs""]",monitor DRC runs (Bloom: Analyze); trigger DRC runs (Bloom: Apply),Hard,work independently; deliver high-quality work; manage time; think critically; adapt to change,"Learners need to work independently to manage automated processes, think critically to interpret results, and adapt to changes in design specifications.",5,5,"Mampu menyelesaikan pekerjaan berlingkup luas, memilih metode dari beragam pilihan baku/non-baku dengan menganalisis data. Menguasai konsep teoritis bidang pengetahuan tertentu secara umum, mampu memformulasikan penyelesaian masalah prosedural.","This competency remains relevant as electronic design automation is foundational for semiconductor and integrated circuit development, which continues to be critical for advancing computing and IoT technologies.",False,,,,,
C2_b46,46,Analyzing and Monitoring Environmental Performance,"Analyze environmental performance and compliance by monitoring emerging regulations, tracking environmental footprints, and overseeing monitoring processes to identify areas for improvement.","[""monitor emerging environmental regulations"", ""track environmental footprint"", ""oversee environmental monitoring"", ""monitor environmental best practices"", ""reduce carbon footprint""]",monitor emerging environmental regulations (Bloom: Analyze); track environmental footprint (Bloom: Apply); oversee environmental monitoring (Bloom: Analyze); monitor environmental best practices (Bloom: Analyze); reduce carbon footprint (Bloom: Apply),Hard,analyze data; work independently; adapt to change; manage time; deliver high-quality work; think critically,"Learners must work independently, manage time effectively, and think critically to analyze data and adapt to changing regulations while delivering accurate reports.",6,5,"Mampu mengaplikasikan bidang keahliannya dan memanfaatkan ilmu pengetahuan, teknologi, dan/atau seni dalam penyelesaian masalah, serta beradaptasi terhadap situasi yang dihadapi. Menguasai konsep teoritis bidang pengetahuan tertentu secara umum dan bagian khusus secara mendalam.","Organizations face increasing pressure to measure, report, and improve their environmental performance, making skills in analysis and regulatory monitoring essential for future compliance and operational efficiency.",False,,,,,
C2_b12,12,Evaluate and Demonstrate Technical Expertise,"Assess and justify technical decisions and solutions by evaluating their effectiveness, limitations, and alignment with project requirements through systematic analysis and presentation.","[""demonstrate technical expertise""]",demonstrate technical expertise (Bloom: Evaluate),Hard,communicate effectively; think critically; solve complex challenges; understand business needs; work with stakeholders; provide technical leadership,"Learners must think critically to solve complex challenges, communicate findings effectively to stakeholders, and provide leadership by aligning technical choices with needs.",6,6,"Mampu mengaplikasikan bidang keahliannya dan memanfaatkan ilmu pengetahuan, teknologi, dan/atau seni dalam penyelesaian masalah, serta beradaptasi terhadap situasi yang dihadapi. Menguasai konsep teoritis bidang pengetahuan tertentu secara umum dan bagian khusus secara mendalam.","As technology landscapes evolve, the capacity to critically evaluate and articulate technical choices remains crucial for ensuring robust, sustainable, and appropriate software solutions.",False,,,,,
C1_b126,126,Design and Optimize Pneumatic Systems for Automated Processes,"Design and optimize pneumatic ejection systems by applying principles of fluid dynamics and control to improve performance metrics such as speed, accuracy, and reliability in automated processes.","[""improve pneumatic ejection performance""]",improve pneumatic ejection performance (Bloom: Create),Hard,solve problems; think critically; work independently; adapt to change; deliver high-quality work,"Learners need to solve problems and think critically to diagnose system issues, work independently on optimizations, and adapt to changing technical requirements while ensuring high-quality outcomes.",7,7,"Mampu merencanakan dan mengelola sumberdaya, mengevaluasi kerjanya secara komprehensif untuk menghasilkan langkah-langkah pengembangan strategis organisasi. Memecahkan permasalahan melalui pendekatan monodisipliner. Mampu melakukan riset dan mengambil keputusan strategis dengan akuntabilitas penuh.","This competency is relevant for the future of work as automation and robotics continue to expand in manufacturing and logistics, requiring skilled technicians to maintain and enhance system efficiency.",False,,,,,
C1_b81,81,High-Performance Computing System Management,"Manage and optimize large-scale GPU computing environments by configuring hardware resources, monitoring performance metrics, and applying tuning techniques to ensure efficient operation.","[""work with large-scale GPU farms"", ""advance performance analysis and tuning for GPUs""]",work with large-scale GPU farms (Bloom: Apply); advance performance analysis and tuning for GPUs (Bloom: Apply),Hard,solve complex challenges; think critically; work independently; adapt to change; deliver high-quality work; manage time,"Learners need to independently troubleshoot performance issues, adapt to new hardware configurations, and meticulously manage system resources to maintain operational efficiency.",5,4,"Mampu menyelesaikan pekerjaan berlingkup luas, memilih metode dari beragam pilihan baku/non-baku dengan menganalisis data. Menguasai konsep teoritis bidang pengetahuan tertentu secara umum, mampu memformulasikan penyelesaian masalah prosedural.","This competency is critical for supporting the growing demand in AI, machine learning, and scientific computing, which rely on scalable, high-performance computing infrastructure.",False,,,,,
C1_b105,105,Troubleshooting and Configuring Electrical Systems,"Apply systematic troubleshooting methods to diagnose and resolve electrical power issues, and configure appropriate power settings for specific hardware or environmental conditions using standard tools and procedures.","[""determine proper power settings"", ""troubleshoot power issues""]",determine proper power settings (Bloom: Apply); troubleshoot power issues (Bloom: Apply),Hard,solve problems; think critically; work independently; adapt to change; deliver high-quality work,Learners need to think critically to diagnose issues and adapt procedures to solve problems independently while ensuring reliable outcomes.,4,4,Mampu menyelesaikan tugas berlingkup luas dan kasus spesifik dengan menganalisis informasi secara terbatas dan memilih metode dari beberapa pilihan baku. Menguasai beberapa prinsip dasar bidang keahlian tertentu.,"This competency remains relevant for maintaining and optimizing energy-efficient systems in various technical and industrial settings, supporting sustainability goals.",False,,,,,
C2_b84,84,Processing Specialized Billing Transactions,"Apply standardized procedures to process RMA/OHIP billing transactions accurately, ensuring compliance with specific platform requirements and documentation standards.","[""process RMA/OHIP billing""]",process RMA/OHIP billing (Bloom: Apply),Hard,work independently; deliver high-quality work; manage time; adapt to change; solve problems; communicate effectively,"Independence and attention to detail ensure accurate transaction processing, while adaptability allows for handling procedural updates.",4,4,Mampu menyelesaikan tugas berlingkup luas dan kasus spesifik dengan menganalisis informasi secara terbatas dan memilih metode dari beberapa pilihan baku. Menguasai beberapa prinsip dasar bidang keahlian tertentu.,"Proficiency in processing specialized billing remains important for e-commerce and digital health platforms, where accurate financial operations are critical for service delivery and compliance.",False,,,,,
C2_b37,37,Business Data Analysis for Value Creation,"Analyze business data to identify patterns, trends, and insights, and evaluate how these findings can be translated into actionable recommendations that deliver value.","[""analyze business data"", ""turn analysis into business impact"", ""deliver value-added business analysis"", ""solve business challenges""]",analyze business data (Bloom: Analyze); turn analysis into business impact (Bloom: Apply); deliver value-added business analysis (Bloom: Evaluate); solve business challenges (Bloom: Apply),Hard,think critically; solve problems; communicate ideas; understand business needs; work independently,"Critical thinking and problem-solving are needed to analyze data, while communication skills are essential to present findings and recommendations effectively.",6,6,"Mampu mengaplikasikan bidang keahliannya dan memanfaatkan ilmu pengetahuan, teknologi, dan/atau seni dalam penyelesaian masalah, serta beradaptasi terhadap situasi yang dihadapi. Menguasai konsep teoritis bidang pengetahuan tertentu secara umum dan bagian khusus secara mendalam.","The ability to extract meaningful insights from data is fundamental to innovation and operational efficiency, ensuring continued relevance in an increasingly data-centric economy.",False,,,,,
C1_b1,1,Data Analytics Instruction and Communication,"Design and deliver effective data analytics instruction by structuring learning materials, selecting appropriate teaching methods, and communicating complex analytical concepts clearly to diverse audiences.","[""teach data analytics""]",teach data analytics (Bloom: Apply),Hard,communicate effectively; collaborate with team; adapt to change; think critically; manage time; mentor junior staff,"Effective communication and collaboration are needed to tailor instruction, while critical thinking and adaptability help address diverse learner needs and evolving content.",5,4,"Mampu menyelesaikan pekerjaan berlingkup luas, memilih metode dari beragam pilihan baku/non-baku dengan menganalisis data. Menguasai konsep teoritis bidang pengetahuan tertentu secara umum, mampu memformulasikan penyelesaian masalah prosedural.","As data literacy becomes a core workforce requirement, the ability to effectively teach and communicate data analytics concepts is critical for scaling skills and enabling informed decision-making across organizations.",False,,,,,
C1_b69,69,Digital Design and Technical Documentation,Create precise technical drawings and digital models by applying CAD software tools to translate design specifications into detailed visual representations.,"[""use CAD systems"", ""produce technical drawings"", ""use AutoCAD""]",use CAD systems (Bloom: Apply); produce technical drawings (Bloom: Create); use AutoCAD (Bloom: Apply),Hard,work independently; deliver high-quality work; think critically; solve problems; communicate effectively,"Learners need to work independently with precision, solve technical problems, and communicate design details clearly.",7,7,"Mampu merencanakan dan mengelola sumberdaya, mengevaluasi kerjanya secara komprehensif untuk menghasilkan langkah-langkah pengembangan strategis organisasi. Memecahkan permasalahan melalui pendekatan monodisipliner. Mampu melakukan riset dan mengambil keputusan strategis dengan akuntabilitas penuh.","Technical documentation and digital modeling remain foundational for manufacturing, engineering, and design sectors, with CAD skills adapting to new digital twin and 3D modeling technologies.",False,,,,,
C1_b57,57,Design and Implement Audio Systems,"Design and implement audio systems for various applications by selecting appropriate hardware and software components, and configuring them to meet specified acoustic and functional requirements.","[""design audio systems"", ""install audio systems"", ""operate audio systems for concerts and events""]",design audio systems (Bloom: Create); install audio systems (Bloom: Apply); operate audio systems for concerts and events (Bloom: Evaluate),Hard,solve problems; think critically; work independently; deliver high-quality work; adapt to change,"Learners need to solve technical problems, think critically about system design, and adapt to different event requirements to deliver reliable audio support.",7,7,"Mampu merencanakan dan mengelola sumberdaya, mengevaluasi kerjanya secara komprehensif untuk menghasilkan langkah-langkah pengembangan strategis organisasi. Memecahkan permasalahan melalui pendekatan monodisipliner. Mampu melakukan riset dan mengambil keputusan strategis dengan akuntabilitas penuh.","Audio system design and operation remain essential for live events, entertainment, and interactive media, requiring integration with modern digital and networked technologies.",False,,,,,
C3_b25,25,Analyze and Optimize Business and Industrial Processes,"Analyze and optimize industrial and business processes by evaluating workflows, developing models, and implementing improvements to increase efficiency.","[""analyse workflows"", ""develop process models"", ""optimize industrial processes"", ""streamline processes"", ""focus on process reengineering"", ""strengthen FP&A processes""]",analyse workflows (Bloom: Apply); develop process models (Bloom: Create); optimize industrial processes (Bloom: Evaluate); streamline processes (Bloom: Apply); focus on process reengineering (Bloom: Create); strengthen FP&A processes (Bloom: Apply),Hard,think critically; solve problems; understand business needs; work closely with stakeholders; communicate ideas; align stakeholders,"Learners apply critical thinking to solve problems, while communicating with stakeholders to understand business needs and align improvements.",7,7,"Mampu merencanakan dan mengelola sumberdaya, mengevaluasi kerjanya secara komprehensif untuk menghasilkan langkah-langkah pengembangan strategis organisasi. Memecahkan permasalahan melalui pendekatan monodisipliner. Mampu melakukan riset dan mengambil keputusan strategis dengan akuntabilitas penuh.","Process optimization remains vital for operational excellence, with growing use of data-driven analysis to eliminate inefficiencies and enhance productivity.",False,,,,,
C1_b116,116,Design and Implement Network Infrastructure,"Design and implement physical network infrastructure by planning cable routes, selecting appropriate fiber and copper cabling, and installing them according to industry standards to establish reliable connectivity.","[""run fiber and copper cabling""]",run fiber and copper cabling (Bloom: Apply),Hard,work independently; solve problems; deliver high-quality work; adapt to change,"Learners need to work independently to complete installations, solve unexpected problems, maintain quality standards, and adapt to different site conditions.",4,4,Mampu menyelesaikan tugas berlingkup luas dan kasus spesifik dengan menganalisis informasi secara terbatas dan memilih metode dari beberapa pilihan baku. Menguasai beberapa prinsip dasar bidang keahlian tertentu.,"This competency is foundational for building and maintaining the physical layer of modern cloud and data center infrastructures, which are critical for supporting growing data and AI workloads.",False,,,,,
C1_b121,121,Integrating Multi-Tenant Platform Systems,Design and implement secure connections between tenant platforms by applying integration patterns and configuring APIs to enable data exchange and interoperability.,"[""connect tenant platforms""]",connect tenant platforms (Bloom: Apply),Hard,solve problems; think critically; work independently; adapt to change; collaborate with team,"Learners need to solve integration problems independently, think critically about system interactions, and adapt configurations while collaborating on shared platforms.",5,4,"Mampu menyelesaikan pekerjaan berlingkup luas, memilih metode dari beragam pilihan baku/non-baku dengan menganalisis data. Menguasai konsep teoritis bidang pengetahuan tertentu secara umum, mampu memformulasikan penyelesaian masalah prosedural.","This competency is essential for the growing ecosystem of SaaS and platform-based services, where seamless integration between systems is critical for scalability and user experience.",False,,,,,
C3_b56,56,Marketing Strategy Evaluation and Optimization,Evaluate marketing strategies and campaign effectiveness by providing feedback and analyzing data to optimize marketing investment and inform future strategic directions.,"[""inform marketing strategies"", ""optimise marketing investment"", ""provide feedback on marketing campaign effectiveness""]",inform marketing strategies (Bloom: Evaluate); optimise marketing investment (Bloom: Remember); provide feedback on marketing campaign effectiveness (Bloom: Remember),Hard,solve problems; think critically; deliver high-quality work; communicate ideas; work with stakeholders,Critical problem-solving and clear communication of ideas are required to analyze campaign data and provide actionable feedback to stakeholders.,6,6,"Mampu mengaplikasikan bidang keahliannya dan memanfaatkan ilmu pengetahuan, teknologi, dan/atau seni dalam penyelesaian masalah, serta beradaptasi terhadap situasi yang dihadapi. Menguasai konsep teoritis bidang pengetahuan tertentu secara umum dan bagian khusus secara mendalam.",Data-driven marketing optimization is increasingly important for efficient resource allocation and demonstrating ROI in digital and technology-focused campaigns.,False,,,,,
C2_b16,16,Design Software Architectures and Layouts,"Design software architectures and user interface layouts by creating new architectures, end-to-end solutions, and layout designs to meet specified requirements.","[""design layout"", ""design improvements"", ""design solutions"", ""develop new architectures"", ""design end-to-end solutions"", ""design mixed-use projects""]",design layout (Bloom: Create); design improvements (Bloom: Create); design solutions (Bloom: Create); develop new architectures (Bloom: Create); design end-to-end solutions (Bloom: Create); design mixed-use projects (Bloom: Create),Hard,think critically; solve complex challenges; work collaboratively; communicate ideas; understand business needs,"Learners must think critically to solve complex architectural challenges, collaborating with others and communicating ideas to align designs with needs.",7,7,"Mampu merencanakan dan mengelola sumberdaya, mengevaluasi kerjanya secara komprehensif untuk menghasilkan langkah-langkah pengembangan strategis organisasi. Memecahkan permasalahan melalui pendekatan monodisipliner. Mampu melakukan riset dan mengambil keputusan strategis dengan akuntabilitas penuh.","Architectural design is critical for scalable and maintainable systems, with growing importance in cloud-native and distributed computing environments.",False,,,,,
C1_b129,129,Designing Server Infrastructure Port Configurations,Design and document the necessary port configurations for server infrastructure by analyzing network requirements and security considerations to ensure reliable and secure communication.,"[""plan ports needed for servers""]",plan ports needed for servers (Bloom: Create),Hard,think critically; solve problems; work independently; adapt to change; deliver high-quality work,"Critical thinking and problem-solving are needed to analyze requirements and design secure configurations, while independence and adaptability ensure effective planning in dynamic technical environments.",7,7,"Mampu merencanakan dan mengelola sumberdaya, mengevaluasi kerjanya secara komprehensif untuk menghasilkan langkah-langkah pengembangan strategis organisasi. Memecahkan permasalahan melalui pendekatan monodisipliner. Mampu melakukan riset dan mengambil keputusan strategis dengan akuntabilitas penuh.","As cloud computing and server infrastructure continue to grow, the ability to design secure and efficient network configurations remains critical for ensuring system reliability and data protection.",False,,,,,
C3_b40,40,Administering Secure Program and System Procedures,Administer program and system procedures by creating and implementing operational protocols while adhering to established security procedures to ensure system integrity.,"[""administer program procedures"", ""work with security per procedures"", ""oversee UPS"", ""oversee daily operations""]",administer program procedures (Bloom: Create); work with security per procedures (Bloom: Apply); oversee UPS (Bloom: Apply); oversee daily operations (Bloom: Apply),Hard,work independently; manage time; deliver high-quality work; adapt to change; follow procedures meticulously,"Learners need to work independently and manage time to administer procedures, while adapting to change and meticulously following protocols to deliver secure, high-quality system operations.",7,7,"Mampu merencanakan dan mengelola sumberdaya, mengevaluasi kerjanya secara komprehensif untuk menghasilkan langkah-langkah pengembangan strategis organisasi. Memecahkan permasalahan melalui pendekatan monodisipliner. Mampu melakukan riset dan mengambil keputusan strategis dengan akuntabilitas penuh.","Secure administration of systems remains a foundational skill, with growing importance as cyber threats increase and cloud infrastructure demands robust procedural security and reliability.",False,,,,,
C1_b23,23,Digital Product Design and Prototyping,Create and prototype the visual and interactive elements of digital products by applying user-centered design principles to produce functional mockups and design specifications.,"[""design products"", ""research, design, and prototype the look and feel of digital products"", ""ensure high-quality delivery through functional design"", ""bring thoughtful product experiences to life""]","design products (Bloom: Create); research, design, and prototype the look and feel of digital products (Bloom: Create); ensure high-quality delivery through functional design (Bloom: Create); bring thoughtful product experiences to life (Bloom: Apply)",Hard,collaborate with team; communicate effectively; solve problems; think critically; deliver high-quality work,"Learners need to communicate design ideas, solve user experience problems, and collaborate to refine prototypes based on feedback.",7,7,"Mampu merencanakan dan mengelola sumberdaya, mengevaluasi kerjanya secara komprehensif untuk menghasilkan langkah-langkah pengembangan strategis organisasi. Memecahkan permasalahan melalui pendekatan monodisipliner. Mampu melakukan riset dan mengambil keputusan strategis dengan akuntabilitas penuh.","User experience is a critical differentiator in digital markets, and the ability to design intuitive, engaging products is essential for meeting evolving user expectations and technological advancements.",False,,,,,
C1_b66,66,Operational Setup and Maintenance of Audiovisual Systems,"Analyze and maintain audiovisual equipment by performing routine checks, troubleshooting common issues, and configuring systems according to technical specifications to ensure operational readiness.","[""maintain AV equipment"", ""operate AV equipment"", ""setup AV equipment"", ""use a range of equipment and techniques"", ""maintain equipment""]",maintain AV equipment (Bloom: Analyze); operate AV equipment (Bloom: Evaluate); setup AV equipment (Bloom: Apply); use a range of equipment and techniques (Bloom: Apply); maintain equipment (Bloom: Analyze),Hard,work independently; solve problems; adapt to change; deliver high-quality work,"Learners need to work independently to diagnose issues, solve problems during setup, adapt to different equipment, and ensure work meets quality standards.",6,6,"Mampu mengaplikasikan bidang keahliannya dan memanfaatkan ilmu pengetahuan, teknologi, dan/atau seni dalam penyelesaian masalah, serta beradaptasi terhadap situasi yang dihadapi. Menguasai konsep teoritis bidang pengetahuan tertentu secara umum dan bagian khusus secara mendalam.","While specific AV maintenance tasks may decline, the foundational ability to configure, operate, and troubleshoot integrated hardware-software systems remains critical for supporting modern collaboration and presentation technologies.",False,,,,,
C1_b70,70,Applied Research and Technical Communication,"Create and publish technical documents, such as case studies, articles, and papers, by conducting applied research to communicate findings and solutions effectively.","[""write case studies"", ""focus on applied research"", ""write articles"", ""write papers"", ""publish papers""]",write case studies (Bloom: Create); focus on applied research (Bloom: Remember); write articles (Bloom: Create); write papers (Bloom: Create); publish papers (Bloom: Create),Hard,communicate effectively; work independently; deliver high-quality work; think critically; solve problems,"These skills enable learners to conduct rigorous research, structure clear arguments, and produce polished, credible written work.",7,7,"Mampu merencanakan dan mengelola sumberdaya, mengevaluasi kerjanya secara komprehensif untuk menghasilkan langkah-langkah pengembangan strategis organisasi. Memecahkan permasalahan melalui pendekatan monodisipliner. Mampu melakukan riset dan mengambil keputusan strategis dengan akuntabilitas penuh.","The ability to document and share technical knowledge through research and publication remains essential for innovation, knowledge transfer, and professional credibility in evolving tech fields.",False,,,,,
C1_b94,94,User and Context Analysis for Virtual Environments,Analyze user needs and contextual factors within virtual environments by applying observation and research methods to inform design decisions.,"[""perceive context in virtual environments"", ""understand context in virtual environments"", ""understand users""]",perceive context in virtual environments (Bloom: Apply); understand context in virtual environments (Bloom: Apply); understand users (Bloom: Apply),Hard,collaborate with team; communicate effectively; think critically; work independently; adapt to change; understand business needs,Critical thinking and communication are needed to analyze user data and collaborate with teams to translate findings into design insights.,5,4,"Mampu menyelesaikan pekerjaan berlingkup luas, memilih metode dari beragam pilihan baku/non-baku dengan menganalisis data. Menguasai konsep teoritis bidang pengetahuan tertentu secara umum, mampu memformulasikan penyelesaian masalah prosedural.","This competency is critical as virtual and augmented reality applications grow, requiring designers to create intuitive and effective user experiences grounded in real user behavior and environmental understanding.",False,,,,,
C5_b48,48,Apply and Codify Database Expertise,Apply deep database knowledge by codifying expertise into practical solutions and contributing to data validation processes to ensure data integrity.,"[""codify deep database expertise"", ""contribute to data validation""]",codify deep database expertise (Bloom: Apply); contribute to data validation (Bloom: Apply),Hard,work independently; solve problems; think critically; deliver high-quality work; adapt to change,"Independent problem-solving and critical thinking enable the application of database knowledge to create robust, validated data solutions.",5,4,"Mampu menyelesaikan pekerjaan berlingkup luas, memilih metode dari beragam pilihan baku/non-baku dengan menganalisis data. Menguasai konsep teoritis bidang pengetahuan tertentu secara umum, mampu memformulasikan penyelesaian masalah prosedural.","Database management remains crucial for all data-driven applications, and the ability to formalize and apply this expertise supports reliable system development.",False,,,,,
C4_b31,31,Development of Technical Standards and Frameworks,"Create technical standards, frameworks, and best practices by contributing to the development of RFCs and applying established design patterns to set coherent development standards.","[""contribute to the development of RFCs, standards, and frameworks"", ""set standards"", ""follow established best practices and design patterns""]","contribute to the development of RFCs, standards, and frameworks (Bloom: Create); set standards (Bloom: Apply); follow established best practices and design patterns (Bloom: Create)",Hard,collaborate with cross-functional teams; drive innovation; think critically; communicate ideas; work with cross-functional teams; provide technical leadership,"Learners must collaborate with cross-functional teams, drive innovation, and communicate ideas effectively to develop and set technical standards.",7,7,"Mampu merencanakan dan mengelola sumberdaya, mengevaluasi kerjanya secara komprehensif untuk menghasilkan langkah-langkah pengembangan strategis organisasi. Memecahkan permasalahan melalui pendekatan monodisipliner. Mampu melakukan riset dan mengambil keputusan strategis dengan akuntabilitas penuh.","Contributing to standards development fosters innovation and interoperability, especially in emerging domains like blockchain and advanced communication, supporting ecosystem growth.",False,,,,,
C1_b77,77,Recruitment Process Management,"Design and execute comprehensive recruitment functions by planning candidate sourcing strategies, managing application workflows, and coordinating selection activities to fill organizational positions.","[""manage recruitment"", ""execute recruitment functions""]",manage recruitment (Bloom: Apply); execute recruitment functions (Bloom: Apply),Hard,collaborate with team; communicate effectively; manage time; work independently; adapt to change; understand business needs,"Learners need to communicate with hiring teams, adapt processes to changing needs, and manage timelines independently to execute recruitment effectively.",5,4,"Mampu menyelesaikan pekerjaan berlingkup luas, memilih metode dari beragam pilihan baku/non-baku dengan menganalisis data. Menguasai konsep teoritis bidang pengetahuan tertentu secara umum, mampu memformulasikan penyelesaian masalah prosedural.","Effective talent acquisition remains critical as organizations grow and evolve, requiring skilled professionals to manage recruitment processes that attract qualified candidates in competitive markets.",False,,,,,
C2_b67,67,Execute and Analyze Technical Experiments,"Conduct and analyze technical experiments by applying systematic methods to gather data, focusing on instrumentation setup and interpreting results to verify electronic principles.","[""conduct experiment analyses"", ""focus on instrumentation""]",conduct experiment analyses (Bloom: Apply); focus on instrumentation (Bloom: Apply),Hard,solve problems; work collaboratively; adapt to change,"Problem-solving guides experimental troubleshooting, collaboration improves data interpretation, and adaptability allows for method adjustments.",5,4,"Mampu menyelesaikan pekerjaan berlingkup luas, memilih metode dari beragam pilihan baku/non-baku dengan menganalisis data. Menguasai konsep teoritis bidang pengetahuan tertentu secara umum, mampu memformulasikan penyelesaian masalah prosedural.","Experimental analysis and instrumentation skills are critical for R&D in fast-growing domains like AI hardware testing, sensor development, and prototyping new technologies.",False,,,,,
C1_b10,10,Software Testing Design and Planning,"Design comprehensive test plans and procedures by analyzing software requirements, selecting appropriate testing methodologies, and defining measurable criteria for validation.","[""develop test plans and procedures""]",develop test plans and procedures (Bloom: Create),Hard,think critically; solve problems; manage time; work independently; deliver high-quality work; adapt to change,"Critical thinking and problem-solving are needed to analyze requirements and design effective tests, while time management and a focus on quality ensure thorough and reliable validation.",7,7,"Mampu merencanakan dan mengelola sumberdaya, mengevaluasi kerjanya secara komprehensif untuk menghasilkan langkah-langkah pengembangan strategis organisasi. Memecahkan permasalahan melalui pendekatan monodisipliner. Mampu melakukan riset dan mengambil keputusan strategis dengan akuntabilitas penuh.","As software systems grow in complexity and criticality, the ability to systematically design and plan testing ensures software reliability, security, and user satisfaction, which are essential for all future software development.",False,,,,,
C8_b34,34,Apply Robotics and AI in Live Field Operations,"Apply principles of advanced robotics and AI in live field operations by deploying and troubleshooting robotic systems in real-world, unstructured environments.","[""work at the intersection of advanced robotics and live field operations"", ""develop and operate Autonomous Underwater Vehicles (AUVs) and Autonomous Surface Vehicles (USVs)""]",work at the intersection of advanced robotics and live field operations (Bloom: Apply); develop and operate Autonomous Underwater Vehicles (AUVs) and Autonomous Surface Vehicles (USVs) (Bloom: Create),Hard,solve problems; adapt to change; work independently; thrive in ambiguity; work collaboratively,"Problem-solving and adaptability are crucial for troubleshooting robotic systems in unpredictable field conditions, often requiring independent judgment.",7,7,"Mampu merencanakan dan mengelola sumberdaya, mengevaluasi kerjanya secara komprehensif untuk menghasilkan langkah-langkah pengembangan strategis organisasi. Memecahkan permasalahan melalui pendekatan monodisipliner. Mampu melakukan riset dan mengambil keputusan strategis dengan akuntabilitas penuh.","Field robotics in agriculture, inspection, and defense require practical skills to bridge the gap between AI software and physical world deployment.",False,,,,,
C1_b133,133,Applying Construction Software for Digital Documentation,"Apply specialized construction software to create, review, and manage digital project documents by following established workflows and quality standards.","[""use Bluebeam""]",use Bluebeam (Bloom: Apply),Hard,work independently; deliver high-quality work; manage time; adapt to change; collaborate with team,"Learners need to work independently with precision, manage their time to meet deadlines, and adapt to software updates while collaborating on shared documents.",4,4,Mampu menyelesaikan tugas berlingkup luas dan kasus spesifik dengan menganalisis informasi secara terbatas dan memilih metode dari beberapa pilihan baku. Menguasai beberapa prinsip dasar bidang keahlian tertentu.,"Digital documentation and collaboration tools remain essential in construction and engineering, supporting efficiency and accuracy in project delivery as industries modernize.",False,,,,,
C3_b26,26,Applying IT Process Alignment and Maintenance,Apply IT process alignment and maintenance by following established procedures to ensure consistent and reliable operational outcomes.,"[""align IT processes and procedures"", ""maintain process models""]",align IT processes and procedures (Bloom: Apply); maintain process models (Bloom: Create),Hard,work independently; deliver high-quality work; manage time; adjust and be flexible to change,"Independence and time management enable consistent task execution, while flexibility helps adapt to procedural updates.",7,7,"Mampu merencanakan dan mengelola sumberdaya, mengevaluasi kerjanya secara komprehensif untuk menghasilkan langkah-langkah pengembangan strategis organisasi. Memecahkan permasalahan melalui pendekatan monodisipliner. Mampu melakukan riset dan mengambil keputusan strategis dengan akuntabilitas penuh.","While some routine maintenance tasks may decline, foundational skills in process alignment remain important for ensuring system stability and compliance in evolving IT environments.",False,,,,,
C1_b95,95,Data Management and Processing,"Apply data management techniques by accurately transferring, updating, and inputting data into designated systems using established procedures and tools.","[""transfer data"", ""update data"", ""input data""]",transfer data (Bloom: Apply); update data (Bloom: Apply); input data (Bloom: Apply),Hard,work independently; deliver high-quality work; manage time,Learners need to work independently and manage their time to deliver accurate and high-quality data processing work.,4,4,Mampu menyelesaikan tugas berlingkup luas dan kasus spesifik dengan menganalisis informasi secara terbatas dan memilih metode dari beberapa pilihan baku. Menguasai beberapa prinsip dasar bidang keahlian tertentu.,"While specific routine tasks may be automated, foundational data management skills remain essential for understanding data workflows and ensuring data integrity in increasingly automated environments.",False,,,,,
C4_b29,29,Build and Maintain Data and ML Pipelines,"Build and maintain data and machine learning pipelines by designing automated workflows for data ingestion, processing, and model deployment to support analytics and AI applications.","[""build data pipelines"", ""build ML pipelines"", ""build automation pipelines"", ""maintain ML pipelines"", ""deploy advanced algorithms""]",build data pipelines (Bloom: Create); build ML pipelines (Bloom: Create); build automation pipelines (Bloom: Create); maintain ML pipelines (Bloom: Analyze); deploy advanced algorithms (Bloom: Apply),Hard,solve complex challenges; think critically; work independently; grow professionally; work closely with data scientists,Learners need to solve complex data flow challenges independently and collaborate with data scientists to understand pipeline requirements.,7,7,"Mampu merencanakan dan mengelola sumberdaya, mengevaluasi kerjanya secara komprehensif untuk menghasilkan langkah-langkah pengembangan strategis organisasi. Memecahkan permasalahan melalui pendekatan monodisipliner. Mampu melakukan riset dan mengambil keputusan strategis dengan akuntabilitas penuh.","Data and ML pipelines are core to AI and analytics initiatives, enabling organizations to derive insights and deploy intelligent systems at scale.",False,,,,,
C3_b61,61,Analyze and Respond to Security Alarms,"Evaluate and respond to cybersecurity alarms by analyzing alert data, following established incident response procedures, and documenting actions to mitigate potential threats.","[""respond to alarms""]",respond to alarms (Bloom: Apply),Hard,solve complex challenges; think critically; thrive in ambiguity; work collaboratively,"Responding to security threats requires solving complex problems under pressure, thinking critically about data, and collaborating with security teams.",5,4,"Mampu menyelesaikan pekerjaan berlingkup luas, memilih metode dari beragam pilihan baku/non-baku dengan menganalisis data. Menguasai konsep teoritis bidang pengetahuan tertentu secara umum, mampu memformulasikan penyelesaian masalah prosedural.",Cybersecurity threat detection and response is a high-growth area critical for protecting digital assets and ensuring compliance in an increasingly connected world.,False,,,,,
C1_b65,65,Technology Strategy Development and Evaluation,"Evaluate and define comprehensive technology strategies by analyzing organizational needs, researching technological developments, and selecting appropriate frameworks to guide implementation.","[""define technology strategies"", ""own technology strategy"", ""research latest technological developments""]",define technology strategies (Bloom: Evaluate); own technology strategy (Bloom: Evaluate); research latest technological developments (Bloom: Create),Hard,think critically; solve complex challenges; work independently; adapt to change; understand business needs; align stakeholders,"Critical thinking and independent research are needed to analyze trends, while stakeholder alignment ensures strategies meet business needs.",7,7,"Mampu merencanakan dan mengelola sumberdaya, mengevaluasi kerjanya secara komprehensif untuk menghasilkan langkah-langkah pengembangan strategis organisasi. Memecahkan permasalahan melalui pendekatan monodisipliner. Mampu melakukan riset dan mengambil keputusan strategis dengan akuntabilitas penuh.","Strategic technology planning is critical for organizational agility and innovation, ensuring alignment with rapidly evolving digital landscapes and future business requirements.",False,,,,,
C1_b98,98,Applying Makeup Techniques for Diverse Client Needs,"Apply makeup techniques by selecting appropriate products and tools to adapt styles for different customer preferences and facial features, demonstrating proficiency in color theory and application methods.","[""adapt makeup style to different customers"", ""apply makeup""]",adapt makeup style to different customers (Bloom: Apply); apply makeup (Bloom: Apply),Hard,adapt to change; communicate effectively; deliver high-quality work; understand business needs,"Adapting to client feedback and communicating clearly ensures personalized, high-quality results that meet customer expectations.",4,4,Mampu menyelesaikan tugas berlingkup luas dan kasus spesifik dengan menganalisis informasi secara terbatas dan memilih metode dari beberapa pilihan baku. Menguasai beberapa prinsip dasar bidang keahlian tertentu.,"While automation may impact routine tasks, personalized beauty services emphasize human creativity and adaptability, ensuring relevance in customer-facing and artistic industries.",False,,,,,
C1_b54,54,Design and Implement Data Quality Solutions,"Design and implement technical and business data quality solutions by applying data validation rules, reconciliation methods, and quality control processes to ensure accurate and reliable data systems.","[""build solutions for Technical Data Quality (TDQ)"", ""build solutions for Business Data Quality (BDQ)"", ""ensure quality control"", ""build robust reconciliation/accounting systems""]",build solutions for Technical Data Quality (TDQ) (Bloom: Create); build solutions for Business Data Quality (BDQ) (Bloom: Create); ensure quality control (Bloom: Analyze); build robust reconciliation/accounting systems (Bloom: Create),Hard,solve complex challenges; think critically; work collaboratively; adapt to change; deliver high-quality work,Critical thinking and collaboration are needed to analyze data problems and design effective quality solutions in evolving technical environments.,7,7,"Mampu merencanakan dan mengelola sumberdaya, mengevaluasi kerjanya secara komprehensif untuk menghasilkan langkah-langkah pengembangan strategis organisasi. Memecahkan permasalahan melalui pendekatan monodisipliner. Mampu melakukan riset dan mengambil keputusan strategis dengan akuntabilitas penuh.","Data quality is foundational for AI, analytics, and automated decision-making, making these skills critical for reliable data-driven systems.",False,,,,,
C1_b6,6,Database Management and Administration,"Administer and manage database systems by performing operations such as configuration, backup, restoration, and user access control to ensure data integrity and availability.","[""manage databases""]",manage databases (Bloom: Apply),Hard,work independently; solve problems; deliver high-quality work; manage time; think critically; adapt to change,"Learners need to work independently to perform routine tasks, solve technical problems, and manage their time to ensure reliable database operations.",4,4,Mampu menyelesaikan tugas berlingkup luas dan kasus spesifik dengan menganalisis informasi secara terbatas dan memilih metode dari beberapa pilihan baku. Menguasai beberapa prinsip dasar bidang keahlian tertentu.,"Database management remains a foundational skill for data-driven applications and systems, with continued demand as organizations rely on structured data storage and retrieval.",False,,,,,
C1_b90,90,Advanced Information Retrieval System Development,"Design and implement hybrid retrieval systems by integrating lexical, vector, and semantic methods to enhance information access and processing capabilities.","[""deploy retrieval-enhanced LLMs and hybrid retrieval pipelines"", ""advance lexical, vector, and hybrid retrieval systems"", ""build retrieval and evaluation capabilities""]","deploy retrieval-enhanced LLMs and hybrid retrieval pipelines (Bloom: Create); advance lexical, vector, and hybrid retrieval systems (Bloom: Apply); build retrieval and evaluation capabilities (Bloom: Create)",Hard,solve complex challenges; think critically; work independently; deliver high-quality work; adapt to change; grow professionally,Learners need critical thinking to solve complex retrieval problems and adaptability to integrate evolving AI methods while independently delivering high-quality systems.,7,7,"Mampu merencanakan dan mengelola sumberdaya, mengevaluasi kerjanya secara komprehensif untuk menghasilkan langkah-langkah pengembangan strategis organisasi. Memecahkan permasalahan melalui pendekatan monodisipliner. Mampu melakukan riset dan mengambil keputusan strategis dengan akuntabilitas penuh.","This competency is critical for developing next-generation search engines, AI assistants, and data analysis tools, which are foundational to AI and big data applications. Mastery of hybrid retrieval techniques enables learners to contribute to systems that efficiently process vast and complex information sources.",False,,,,,
C1_b74,74,Mathematical Modeling and Implementation,Create and implement mathematical models by applying theoretical principles and integrating research to solve computational problems in specified domains.,"[""apply basic principles, theories, and concepts"", ""apply theoretical knowledge"", ""develop mathematical models"", ""implement mathematical models"", ""integrate mathematical research""]","apply basic principles, theories, and concepts (Bloom: Apply); apply theoretical knowledge (Bloom: Apply); develop mathematical models (Bloom: Create); implement mathematical models (Bloom: Create); integrate mathematical research (Bloom: Create)",Hard,think critically; solve complex challenges; work independently; deliver high-quality work; adapt to change,"Critical thinking and independent work are needed to develop accurate models, while adaptability ensures models remain relevant to evolving problem contexts.",7,7,"Mampu merencanakan dan mengelola sumberdaya, mengevaluasi kerjanya secara komprehensif untuk menghasilkan langkah-langkah pengembangan strategis organisasi. Memecahkan permasalahan melalui pendekatan monodisipliner. Mampu melakukan riset dan mengambil keputusan strategis dengan akuntabilitas penuh.","Mathematical modeling is foundational for emerging fields like AI, machine learning, and data analytics, where it is used to simulate complex systems and drive data-informed solutions.",False,,,,,
C2_b79,79,Cloud Infrastructure and Device Management,"Implement and manage cloud computing infrastructure and Windows device deployments by configuring services, provisioning resources, and administering device lifecycles to support organizational operations.","[""manage Windows devices"", ""manage device lifecycle""]",manage Windows devices (Bloom: Apply); manage device lifecycle (Bloom: Apply),Hard,adapt to change; solve problems; work collaboratively; understand business needs; thrive in ambiguity,"Managing evolving cloud systems requires problem-solving, collaboration, and adaptability to align technical implementations with changing business needs.",5,4,"Mampu menyelesaikan pekerjaan berlingkup luas, memilih metode dari beragam pilihan baku/non-baku dengan menganalisis data. Menguasai konsep teoritis bidang pengetahuan tertentu secara umum, mampu memformulasikan penyelesaian masalah prosedural.","Skills in cloud infrastructure and device management are in strong demand due to the widespread adoption of cloud services and the need for scalable, secure IT environments.",False,,,,,
C5_b50,50,Apply Vendor Assessment and Selection Processes,Apply systematic vendor assessment processes by analyzing seller methodologies and performance data to filter and select reliable partners.,"[""filter out sellers by digging into their process""]",filter out sellers by digging into their process (Bloom: Apply),Hard,think critically; analyze information; work independently; deliver high-quality work,Critical thinking and independent analysis are required to assess vendor processes thoroughly and ensure selection of high-quality partners.,5,4,"Mampu menyelesaikan pekerjaan berlingkup luas, memilih metode dari beragam pilihan baku/non-baku dengan menganalisis data. Menguasai konsep teoritis bidang pengetahuan tertentu secara umum, mampu memformulasikan penyelesaian masalah prosedural.","Robust vendor assessment is crucial for ensuring supply chain reliability, quality control, and ethical sourcing in an interconnected global economy.",False,,,,,
C2_b36,36,Build and Scale Global Cloud Service Operations,"Build, configure, and scale cloud service operations across multiple regions by defining service boundaries and implementing monitoring to ensure high availability for a global user base.","[""scale service operations"", ""serve entities worldwide"", ""build service operations"", ""define service boundaries"", ""develop and configure services"", ""develop and operate across regions"", ""own the service level of a platform""]",scale service operations (Bloom: Apply); serve entities worldwide (Bloom: Apply); build service operations (Bloom: Create); define service boundaries (Bloom: Remember); develop and configure services (Bloom: Create); develop and operate across regions (Bloom: Create); own the service level of a platform (Bloom: Apply),Hard,work independently; manage time; thrive in ambiguity; understand business needs; work with cross-functional teams,"These skills help learners autonomously manage operational tasks, prioritize under pressure, and align technical decisions with broader organizational goals.",7,7,"Mampu merencanakan dan mengelola sumberdaya, mengevaluasi kerjanya secara komprehensif untuk menghasilkan langkah-langkah pengembangan strategis organisasi. Memecahkan permasalahan melalui pendekatan monodisipliner. Mampu melakukan riset dan mengambil keputusan strategis dengan akuntabilitas penuh.","The ability to deploy and manage resilient, globally distributed services is fundamental to modern digital business and the expansion of cloud computing infrastructure.",False,,,,,
C1_b35,35,Enterprise Analytics Platform Support and Evaluation,Evaluate and support enterprise analytics platforms and systems by applying diagnostic procedures to ensure operational integrity and data accuracy.,"[""support enterprise analytics platforms"", ""support analytics systems"", ""support aggregation accuracy""]",support enterprise analytics platforms (Bloom: Evaluate); support analytics systems (Bloom: Evaluate); support aggregation accuracy (Bloom: Evaluate),Hard,solve problems; think critically; work independently; deliver high-quality work; understand business needs,"Critical thinking and problem-solving are needed to diagnose system issues, while understanding business needs ensures support aligns with organizational data goals.",6,6,"Mampu mengaplikasikan bidang keahliannya dan memanfaatkan ilmu pengetahuan, teknologi, dan/atau seni dalam penyelesaian masalah, serta beradaptasi terhadap situasi yang dihadapi. Menguasai konsep teoritis bidang pengetahuan tertentu secara umum dan bagian khusus secara mendalam.","Data-driven decision-making is central to modern business, requiring skilled professionals to maintain and evaluate the analytics infrastructure that provides critical insights.",False,,,,,
C1_b123,123,Designing Engaging Interactive Digital Experiences,Create interactive digital experiences that foster reflection and sharing by applying principles of user engagement and emotional design to produce demonstrable artifacts.,"[""create fun, share-worthy moments of reflection""]","create fun, share-worthy moments of reflection (Bloom: Create)",Hard,think critically; drive innovation; deliver high-quality work; work independently; adapt to change; communicate ideas,"Learners need to think critically to design meaningful interactions, innovate to create engaging content, and independently produce high-quality work while adapting to feedback.",7,7,"Mampu merencanakan dan mengelola sumberdaya, mengevaluasi kerjanya secara komprehensif untuk menghasilkan langkah-langkah pengembangan strategis organisasi. Memecahkan permasalahan melalui pendekatan monodisipliner. Mampu melakukan riset dan mengambil keputusan strategis dengan akuntabilitas penuh.","This competency is crucial as digital experiences increasingly focus on user engagement, emotional connection, and shareable content, which are key for applications in education, marketing, and social platforms.",False,,,,,
C2_b8,8,Creating Technical Solutions with Design Software,Create and execute engineering designs and activities by utilizing specialized design and analysis software to develop functional technical solutions from defined requirements.,"[""use design/analysis software"", ""execute engineering activities""]",use design/analysis software (Bloom: Create); execute engineering activities (Bloom: Create),Hard,work independently; deliver high-quality work; solve problems; apply for roles; manage time,"Learners must work independently to manage time, solve problems, and apply technical knowledge to deliver high-quality work products.",7,7,"Mampu merencanakan dan mengelola sumberdaya, mengevaluasi kerjanya secara komprehensif untuk menghasilkan langkah-langkah pengembangan strategis organisasi. Memecahkan permasalahan melalui pendekatan monodisipliner. Mampu melakukan riset dan mengambil keputusan strategis dengan akuntabilitas penuh.","Proficiency with design and analysis tools is foundational for modern engineering and software development, enabling efficient creation and validation of complex systems.",False,,,,,
C1_b44,44,Cybersecurity Vulnerability Analysis,Analyze and interpret technical vulnerability data by evaluating scan results to identify security weaknesses and prioritize remediation actions.,"[""interpret technical vulnerability data"", ""assist with running vulnerability scans"", ""assist with scheduling vulnerability scans""]",interpret technical vulnerability data (Bloom: Understand); assist with running vulnerability scans (Bloom: Apply); assist with scheduling vulnerability scans (Bloom: Apply),Hard,think critically; work independently; solve complex challenges; deliver high-quality work; manage time,Critical thinking and independent problem-solving are needed to accurately interpret data and prioritize vulnerabilities effectively.,5,4,"Mampu menyelesaikan pekerjaan berlingkup luas, memilih metode dari beragam pilihan baku/non-baku dengan menganalisis data. Menguasai konsep teoritis bidang pengetahuan tertentu secara umum, mampu memformulasikan penyelesaian masalah prosedural.","This competency is critical as cybersecurity threats evolve, requiring skilled professionals to proactively identify and mitigate vulnerabilities in increasingly complex digital systems.",False,,,,,
C1_b71,71,Evaluating Software Quality through Technical Reviews,"Evaluate software quality and security by conducting systematic technical peer reviews and analyzing code and scan results to identify defects, vulnerabilities, and areas for improvement.","[""conduct technical peer reviews"", ""review scan results"", ""review code""]",conduct technical peer reviews (Bloom: Evaluate); review scan results (Bloom: Evaluate); review code (Bloom: Evaluate),Hard,think critically; collaborate with team; communicate effectively; deliver high-quality work; solve problems,"Critical thinking and effective communication are needed to analyze artifacts, provide constructive feedback, and collaborate with peers to improve software quality.",6,6,"Mampu mengaplikasikan bidang keahliannya dan memanfaatkan ilmu pengetahuan, teknologi, dan/atau seni dalam penyelesaian masalah, serta beradaptasi terhadap situasi yang dihadapi. Menguasai konsep teoritis bidang pengetahuan tertentu secara umum dan bagian khusus secara mendalam.","This competency is critical for maintaining software security and quality in increasingly complex and automated development environments, where human oversight remains essential for risk mitigation.",False,,,,,
C2_b78,78,User Story Development and Requirements Analysis,"Create and refine user stories by analyzing user needs and behavioral data to translate complex requirements into clear, actionable development tasks for cross-functional teams.","[""participate in user story development"", ""translate complex behavioral data into clear stories""]",participate in user story development (Bloom: Create); translate complex behavioral data into clear stories (Bloom: Understand),Hard,collaborate with cross-functional teams; think critically; communicate ideas; understand business needs; solve problems; work closely with stakeholders,"Developing user stories requires critical thinking to analyze data, collaboration with teams and stakeholders, and clear communication of ideas to align on requirements.",7,7,"Mampu merencanakan dan mengelola sumberdaya, mengevaluasi kerjanya secara komprehensif untuk menghasilkan langkah-langkah pengembangan strategis organisasi. Memecahkan permasalahan melalui pendekatan monodisipliner. Mampu melakukan riset dan mengambil keputusan strategis dengan akuntabilitas penuh.",Translating user data and needs into clear development artifacts is fundamental for creating user-centric software and will grow in importance with the rise of data-driven and AI-enhanced product development.,False,,,,,
C1_b111,111,Cloud Infrastructure Operations and Maintenance,Apply operational procedures for cloud infrastructure by maintaining shared spaces and allocating physical resources according to established specifications.,"[""maintain appearance of shared spaces"", ""allocate space and power""]",maintain appearance of shared spaces (Bloom: Analyze); allocate space and power (Bloom: Remember),Hard,work independently; deliver high-quality work; manage time; adapt to change; solve problems,Learners need to work independently and manage time to maintain infrastructure quality while adapting to changing operational needs.,4,4,Mampu menyelesaikan tugas berlingkup luas dan kasus spesifik dengan menganalisis informasi secara terbatas dan memilih metode dari beberapa pilihan baku. Menguasai beberapa prinsip dasar bidang keahlian tertentu.,"This competency is foundational for managing physical and virtual cloud environments, which are critical for supporting scalable digital services and emerging technologies like AI and big data.",False,,,,,
C1_b118,118,Database Performance Optimization,Design and implement efficient database indexing strategies by applying best practices to improve query performance and data retrieval speed.,"[""apply best practices for indexing""]",apply best practices for indexing (Bloom: Apply),Hard,think critically; solve problems; work independently; deliver high-quality work; manage time,"Critical thinking and problem-solving are needed to analyze query patterns and design effective indexes, while independent work and time management ensure high-quality, timely delivery.",5,4,"Mampu menyelesaikan pekerjaan berlingkup luas, memilih metode dari beragam pilihan baku/non-baku dengan menganalisis data. Menguasai konsep teoritis bidang pengetahuan tertentu secara umum, mampu memformulasikan penyelesaian masalah prosedural.","As data volumes continue to grow exponentially, the ability to optimize database performance remains critical for ensuring responsive applications and efficient data processing in all digital domains.",False,,,,,
C1_b9,9,Software Project Management and Planning,"Create and manage programming projects by developing comprehensive plans, allocating resources, and implementing structured methodologies to support management in project planning and execution.","[""manage projects"", ""support management in project planning"", ""manage programming projects""]",manage projects (Bloom: Apply); support management in project planning (Bloom: Create); manage programming projects (Bloom: Create),Both,collaborate with team; communicate effectively; manage time; work with cross-functional teams; solve problems; adapt to change,"Learners need to coordinate with diverse teams, communicate plans clearly, and adjust to changing project requirements to successfully manage software development projects.",7,7,"Mampu merencanakan dan mengelola sumberdaya, mengevaluasi kerjanya secara komprehensif untuk menghasilkan langkah-langkah pengembangan strategis organisasi. Memecahkan permasalahan melalui pendekatan monodisipliner. Mampu melakukan riset dan mengambil keputusan strategis dengan akuntabilitas penuh.","Project management skills are essential for delivering complex software solutions efficiently. As software development becomes more collaborative and integrated, the ability to plan and manage technical projects ensures timely delivery and resource optimization.",False,,,,,
C8_b14,14,Analyze Requirements and Project Contexts,"Analyze user projects and structural or domain-specific requirements to understand project scope, constraints, and technical foundations.","[""experience structural engineering"", ""experience energy projects"", ""apply construction regulations"", ""apply residential construction practices""]",experience structural engineering (Bloom: Create); experience energy projects (Bloom: Apply); apply construction regulations (Bloom: Create); apply residential construction practices (Bloom: Create),Hard,think critically; understand business needs; work closely with stakeholders; solve problems,Critical thinking and stakeholder engagement ensure accurate interpretation of domain-specific requirements and constraints.,7,7,"Mampu merencanakan dan mengelola sumberdaya, mengevaluasi kerjanya secara komprehensif untuk menghasilkan langkah-langkah pengembangan strategis organisasi. Memecahkan permasalahan melalui pendekatan monodisipliner. Mampu melakukan riset dan mengambil keputusan strategis dengan akuntabilitas penuh.",Understanding domain-specific contexts is vital for developing software that effectively solves real-world problems in industries like engineering and construction.,False,,,,,
C1_b96,96,Cloud Infrastructure Management with Kubernetes,"Operate and manage containerized applications and services using Kubernetes by configuring deployments, scaling resources, and monitoring cluster performance to ensure reliable system operation.","[""operate Kubernetes""]",operate Kubernetes (Bloom: Evaluate),Hard,solve problems; work independently; adapt to change; think critically; manage time; deliver high-quality work,"Learners need to troubleshoot issues independently, adapt to dynamic system changes, and manage their time to maintain reliable services.",6,6,"Mampu mengaplikasikan bidang keahliannya dan memanfaatkan ilmu pengetahuan, teknologi, dan/atau seni dalam penyelesaian masalah, serta beradaptasi terhadap situasi yang dihadapi. Menguasai konsep teoritis bidang pengetahuan tertentu secara umum dan bagian khusus secara mendalam.","Kubernetes is central to modern cloud-native application deployment and management, with strong growth forecasted in cloud computing and infrastructure domains, making this skill essential for scalable software operations.",False,,,,,
C1_b4,4,Design and Implement AI Systems for Operational Challenges,"Design and implement production-ready AI systems by translating complex operational challenges into functional specifications, selecting appropriate algorithms and frameworks, and deploying scalable solutions.","[""translate complex operational challenges into production-ready AI systems""]",translate complex operational challenges into production-ready AI systems (Bloom: Understand),Hard,solve complex challenges; think critically; work collaboratively; adapt to change; communicate effectively; understand business needs,"Learners need to critically analyze operational problems, collaborate with stakeholders to define requirements, and adapt solutions as challenges evolve, ensuring the AI system effectively meets business objectives.",3,2,"Mampu melaksanakan serangkaian tugas spesifik dengan menerjemahkan informasi dan menggunakan alat, berdasarkan sejumlah pilihan prosedur kerja. Memiliki pengetahuan operasional yang lengkap dan prinsip-prinsip terkait fakta bidang keahlian tertentu.","This competency addresses the growing demand for professionals who can bridge operational needs with AI capabilities, enabling organizations to automate complex processes and enhance decision-making through intelligent systems.",False,,,,,
C7_b18,18,Applying Platform Decoupling in Game Development,"Apply platform decoupling techniques in game development to separate game logic from platform-specific code, enabling greater portability and maintainability.","[""decouple platform from games""]",decouple platform from games (Bloom: Apply),Hard,solve problems; think critically; work collaboratively; adapt to change; understand business needs,"Problem-solving and critical thinking are needed to implement decoupling, while collaboration ensures alignment with game design and platform constraints.",4,4,Mampu menyelesaikan tugas berlingkup luas dan kasus spesifik dengan menganalisis informasi secara terbatas dan memilih metode dari beberapa pilihan baku. Menguasai beberapa prinsip dasar bidang keahlian tertentu.,Modular architecture in game development supports growth in interactive media by allowing games to be deployed across multiple platforms more efficiently.,False,,,,,
C1_b39,39,Strategic Planning and Forecasting Support,"Develop and manage planning and forecasting processes by creating tools to aggregate data, preparing financial and operational plans, and facilitating annual planning cycles to support strategic decision-making.","[""support business planning process"", ""support strategic initiatives"", ""support strategic decision-making"", ""assist in preparation of forecasts"", ""assist in preparation of profit plans"", ""build tools that aggregate and evaluate forecasts"", ""facilitate annual planning cycle"", ""manage demand planning"", ""manage forecasting"", ""shape the future of financial planning"", ""support financial planning process"", ""support forecasting process""]",support business planning process (Bloom: Create); support strategic initiatives (Bloom: Evaluate); support strategic decision-making (Bloom: Evaluate); assist in preparation of forecasts (Bloom: Apply); assist in preparation of profit plans (Bloom: Create); build tools that aggregate and evaluate forecasts (Bloom: Create); facilitate annual planning cycle (Bloom: Create); manage demand planning (Bloom: Create); manage forecasting (Bloom: Apply); shape the future of financial planning (Bloom: Create); support financial planning process (Bloom: Create); support forecasting process (Bloom: Evaluate),Hard,collaborate with cross-functional teams; communicate effectively; think critically; work independently; manage time; understand business needs,"Learners need to collaborate with diverse teams, communicate findings clearly, and think critically to translate data into actionable plans that align with business objectives.",7,7,"Mampu merencanakan dan mengelola sumberdaya, mengevaluasi kerjanya secara komprehensif untuk menghasilkan langkah-langkah pengembangan strategis organisasi. Memecahkan permasalahan melalui pendekatan monodisipliner. Mampu melakukan riset dan mengambil keputusan strategis dengan akuntabilitas penuh.","Data-driven planning and forecasting are increasingly critical for organizational agility and competitiveness, especially with the integration of AI and analytics tools to improve accuracy and strategic insight.",False,,,,,
C2_b73,73,Analyze and Troubleshoot Back-end Systems,"Analyze back-end logic and system operations by examining code, data flows, and processes to identify root causes of issues and verify system functionality.","[""dive into back-end logic""]",dive into back-end logic (Bloom: Analyze),Hard,solve problems; think critically; work independently; thrive in ambiguity; understand business needs,"Problem-solving and critical thinking are required to diagnose issues, while comfort with ambiguity helps when investigating unfamiliar code or systems.",5,5,"Mampu menyelesaikan pekerjaan berlingkup luas, memilih metode dari beragam pilihan baku/non-baku dengan menganalisis data. Menguasai konsep teoritis bidang pengetahuan tertentu secara umum, mampu memformulasikan penyelesaian masalah prosedural.","The ability to systematically analyze and debug complex software systems is a timeless and essential skill for ensuring application reliability and performance, regardless of technological advancements.",False,,,,,
C1_b134,134,Application Performance Analysis and Optimization,"Analyze and optimize application performance by using profiling tools to identify bottlenecks in code and the execution stack, and implementing targeted improvements.","[""work on profiler stack and application code""]",work on profiler stack and application code (Bloom: Analyze),Hard,think critically; solve complex challenges; work independently; deliver high-quality work; adapt to change,"Critical thinking and problem-solving are needed to diagnose performance issues, while independence and adaptability are required to implement effective solutions under technical constraints.",5,5,"Mampu menyelesaikan pekerjaan berlingkup luas, memilih metode dari beragam pilihan baku/non-baku dengan menganalisis data. Menguasai konsep teoritis bidang pengetahuan tertentu secara umum, mampu memformulasikan penyelesaian masalah prosedural.","Performance optimization remains critical for efficient resource use and user experience, especially as applications grow in complexity and scale within cloud and data-intensive environments.",False,,,,,
C1_b7,7,Software System Design and Engineering,"Design scalable software systems and components by applying engineering principles to create architectural diagrams, select appropriate technologies, and define infrastructure requirements.","[""design engineering"", ""design components"", ""design software"", ""design systems"", ""design infrastructure""]",design engineering (Bloom: Create); design components (Bloom: Create); design software (Bloom: Create); design systems (Bloom: Create); design infrastructure (Bloom: Create),Hard,think critically; solve complex challenges; work independently; collaborate with team; communicate effectively; adapt to change,"Critical thinking and problem-solving are needed to analyze requirements, while communication and collaboration are essential for discussing design decisions with team members.",7,7,"Mampu merencanakan dan mengelola sumberdaya, mengevaluasi kerjanya secara komprehensif untuk menghasilkan langkah-langkah pengembangan strategis organisasi. Memecahkan permasalahan melalui pendekatan monodisipliner. Mampu melakukan riset dan mengambil keputusan strategis dengan akuntabilitas penuh.","The ability to design robust and scalable systems is fundamental as software complexity increases and cloud-native architectures become standard, ensuring solutions are maintainable and adaptable to future technological shifts.",False,,,,,
C1_b102,102,Continuous Integration Pipeline Configuration,"Configure and set up continuous integration pipelines using Jenkins by defining build jobs, integrating version control systems, and automating test execution to ensure consistent software builds.","[""configure Jenkins"", ""set up Jenkins""]",configure Jenkins (Bloom: Apply); set up Jenkins (Bloom: Apply),Hard,work independently; solve problems; adapt to change; deliver high-quality work; manage time,"Working independently to solve configuration problems and adapt to changing requirements ensures the delivery of a reliable, high-quality pipeline.",4,4,Mampu menyelesaikan tugas berlingkup luas dan kasus spesifik dengan menganalisis informasi secara terbatas dan memilih metode dari beberapa pilihan baku. Menguasai beberapa prinsip dasar bidang keahlian tertentu.,"Automated CI/CD pipelines are foundational for modern software development, enabling faster, more reliable releases and are integral to DevOps practices which continue to grow in adoption.",False,,,,,
C1_b120,120,Designing Sustainable Technology Solutions,Create technology solutions that address environmental sustainability by integrating principles of ecological responsibility into the software development lifecycle and proposing actionable improvements.,"[""champion for a healthier planet""]",champion for a healthier planet (Bloom: Create),Hard,drive innovation; think critically; understand business needs; work collaboratively; solve complex challenges; communicate ideas,"Learners need to innovate responsibly, think critically about environmental impact, and communicate sustainable ideas effectively within a team.",7,7,"Mampu merencanakan dan mengelola sumberdaya, mengevaluasi kerjanya secara komprehensif untuk menghasilkan langkah-langkah pengembangan strategis organisasi. Memecahkan permasalahan melalui pendekatan monodisipliner. Mampu melakukan riset dan mengambil keputusan strategis dengan akuntabilitas penuh.","This competency is critical as global industries increasingly prioritize environmental, social, and governance (ESG) criteria, requiring technologists to build sustainable and responsible systems.",False,,,,,
C1_b110,110,Designing Digital and Environmental Systems,Create digital plant designs and review associated plans and forecasts by applying specialized software tools and analytical methods to produce functional models and validated projections.,"[""learn plant design"", ""review plant plans and forecasts""]",learn plant design (Bloom: Create); review plant plans and forecasts (Bloom: Create),Hard,think critically; work independently; adapt to change; deliver high-quality work; manage time,"Critical thinking and time management enable precise design and review, while adaptability ensures responsiveness to project changes and standards.",7,7,"Mampu merencanakan dan mengelola sumberdaya, mengevaluasi kerjanya secara komprehensif untuk menghasilkan langkah-langkah pengembangan strategis organisasi. Memecahkan permasalahan melalui pendekatan monodisipliner. Mampu melakukan riset dan mengambil keputusan strategis dengan akuntabilitas penuh.","This competency integrates digital design with sustainability planning, aligning with growing demands in environmental technology and smart infrastructure development.",False,,,,,
C1_b55,55,Develop Software Solutions Using Multiple Programming Languages,"Create functional software applications by selecting and applying appropriate programming languages, including C, C++, Python, and scripting languages, to solve defined computational problems.","[""program in C, C++ and scripting languages"", ""work across multiple programming languages"", ""create python code"", ""leverage Python for solutions"", ""script proficiently"", ""code proficiently"", ""write code""]","program in C, C++ and scripting languages (Bloom: Create); work across multiple programming languages (Bloom: Create); create python code (Bloom: Create); leverage Python for solutions (Bloom: Apply); script proficiently (Bloom: Apply); code proficiently (Bloom: Apply); write code (Bloom: Create)",Hard,adapt to change; think critically; solve problems; work independently; deliver high-quality work,"Learners need to adapt to different language syntaxes, think critically to select the right tool, and work independently to produce functional code.",7,7,"Mampu merencanakan dan mengelola sumberdaya, mengevaluasi kerjanya secara komprehensif untuk menghasilkan langkah-langkah pengembangan strategis organisasi. Memecahkan permasalahan melalui pendekatan monodisipliner. Mampu melakukan riset dan mengambil keputusan strategis dengan akuntabilitas penuh.","The ability to work across multiple languages is essential for adapting to diverse technology stacks and integrating with emerging systems like AI platforms and cloud services, which are in strong growth.",False,,,,,
C3_b51,51,Build and Customize Reporting Tools and Platforms,"Build and customize reporting tools, dashboards, and platforms by integrating various data components and applying software development practices to create functional data presentation systems.","[""build customized reporting tools"", ""build tools, dashboards and platform"", ""build dashboards""]","build customized reporting tools (Bloom: Create); build tools, dashboards and platform (Bloom: Create); build dashboards (Bloom: Create)",Hard,solve complex challenges; work independently; drive innovation; think critically; work with developers,"Building custom tools requires solving complex technical challenges independently, thinking critically, and innovating, often while coordinating with other developers.",7,7,"Mampu merencanakan dan mengelola sumberdaya, mengevaluasi kerjanya secara komprehensif untuk menghasilkan langkah-langkah pengembangan strategis organisasi. Memecahkan permasalahan melalui pendekatan monodisipliner. Mampu melakukan riset dan mengambil keputusan strategis dengan akuntabilitas penuh.","While foundational, the ability to build custom tools provides flexibility beyond off-the-shelf solutions, though focus should shift towards integrating with modern cloud and AI-driven analytics platforms.",False,,,,,
C1_b97,97,Containerized Application Deployment and Management,"Deploy and manage containerized applications by configuring Docker containers, orchestrating their lifecycle, and troubleshooting operational issues in simulated cloud environments.","[""work with docker containers"", ""operate Docker""]",work with docker containers (Bloom: Apply); operate Docker (Bloom: Evaluate),Hard,solve problems; work independently; adapt to change; think critically; deliver high-quality work,"Problem-solving and critical thinking are needed to troubleshoot container issues, while independence and adaptability allow for managing dynamic deployment environments to ensure quality outcomes.",6,6,"Mampu mengaplikasikan bidang keahliannya dan memanfaatkan ilmu pengetahuan, teknologi, dan/atau seni dalam penyelesaian masalah, serta beradaptasi terhadap situasi yang dihadapi. Menguasai konsep teoritis bidang pengetahuan tertentu secara umum dan bagian khusus secara mendalam.","Containerization is foundational for modern cloud-native and microservices architectures, enabling scalable, portable, and efficient software deployment, which is critical for future software development and DevOps practices.",False,,,,,
C1_b47,47,Design and Develop System Integration Interfaces,Design and develop secure and scalable interfaces between clinical and enterprise systems by applying integration patterns and selecting appropriate communication protocols to ensure data consistency and system interoperability.,"[""maintain interfaces between clinical and enterprise systems"", ""develop interfaces between clinical and enterprise systems"", ""troubleshoot interfaces between clinical and enterprise systems""]",maintain interfaces between clinical and enterprise systems (Bloom: Analyze); develop interfaces between clinical and enterprise systems (Bloom: Create); troubleshoot interfaces between clinical and enterprise systems (Bloom: Apply),Hard,solve complex challenges; think critically; work collaboratively; adapt to change; understand business needs,Solving complex integration problems requires critical thinking to analyze system interactions and collaboration to align with stakeholder needs.,7,7,"Mampu merencanakan dan mengelola sumberdaya, mengevaluasi kerjanya secara komprehensif untuk menghasilkan langkah-langkah pengembangan strategis organisasi. Memecahkan permasalahan melalui pendekatan monodisipliner. Mampu melakukan riset dan mengambil keputusan strategis dengan akuntabilitas penuh.","System integration is critical for modern healthcare and enterprise IT, enabling data flow and automation. Skills in designing robust interfaces remain in demand as organizations adopt more interconnected software ecosystems.",False,,,,,
C2_b136,136,Optimizing Development Processes and Infrastructure,Evaluate and improve software development procedures and infrastructure by analyzing existing workflows and creating enhancements to build tooling and operational processes.,"[""maintain and operate procedures"", ""continuously improve build tooling, developer workflows, and infrastructure""]","maintain and operate procedures (Bloom: Evaluate); continuously improve build tooling, developer workflows, and infrastructure (Bloom: Create)",Hard,solve problems; adapt to change; grow professionally,"Learners apply problem-solving and adaptability to analyze and improve technical processes, supporting continuous professional growth.",7,7,"Mampu merencanakan dan mengelola sumberdaya, mengevaluasi kerjanya secara komprehensif untuk menghasilkan langkah-langkah pengembangan strategis organisasi. Memecahkan permasalahan melalui pendekatan monodisipliner. Mampu melakukan riset dan mengambil keputusan strategis dengan akuntabilitas penuh.","As development environments become more complex and automated, the ability to critically assess and enhance tooling and workflows is key for team efficiency and adaptability.",False,,,,,
C2_b62,62,Architecting and Building High-Performance Mobile Applications,Design and construct high-performance mobile applications by creating scalable architectures and implementing efficient code to meet performance benchmarks.,"[""architect high-performance mobile applications"", ""build high-performance mobile applications"", ""scale high-performance mobile applications""]",architect high-performance mobile applications (Bloom: Create); build high-performance mobile applications (Bloom: Create); scale high-performance mobile applications (Bloom: Apply),Hard,solve complex challenges; think critically; work independently; deliver high-quality work,Designing complex systems requires solving intricate technical challenges through critical thinking and independent work to achieve high-quality outcomes.,7,7,"Mampu merencanakan dan mengelola sumberdaya, mengevaluasi kerjanya secara komprehensif untuk menghasilkan langkah-langkah pengembangan strategis organisasi. Memecahkan permasalahan melalui pendekatan monodisipliner. Mampu melakukan riset dan mengambil keputusan strategis dengan akuntabilitas penuh.","While specific legacy domains may decline, the core principles of designing for performance and scalability are transferable to emerging platforms and are critical for creating efficient software.",False,,,,,
C1_b135,135,Software Codebase Modernization,"Refactor and upgrade existing software codebases by applying systematic improvement techniques to enhance maintainability, performance, and adherence to modern standards.","[""refactor and upgrade codebase""]",refactor and upgrade codebase (Bloom: Create),Hard,think critically; solve problems; work independently; deliver high-quality work; adapt to change,"Critical thinking and problem-solving are needed to systematically improve code, while independence and adaptability ensure quality work amidst changing technical requirements.",7,7,"Mampu merencanakan dan mengelola sumberdaya, mengevaluasi kerjanya secara komprehensif untuk menghasilkan langkah-langkah pengembangan strategis organisasi. Memecahkan permasalahan melalui pendekatan monodisipliner. Mampu melakukan riset dan mengambil keputusan strategis dengan akuntabilitas penuh.","While routine maintenance coding shows a declining trend, the ability to modernize legacy systems remains critical for integrating new technologies and maintaining operational efficiency in evolving software environments.",False,,,,,
C2_b80,80,Evaluating Deal Mechanics and Candidate Assessment,Evaluate specific deal mechanics and assess candidate performance by applying defined criteria to make informed judgments about process effectiveness.,"[""assess candidates on specific deal mechanics"", ""dig into deal mechanics""]",assess candidates on specific deal mechanics (Bloom: Evaluate); dig into deal mechanics (Bloom: Apply),Hard,think critically; solve problems; work independently; understand business needs; deliver high-quality work,Critical thinking and problem-solving allow learners to thoroughly examine deal structures and assess candidate approaches.,6,6,"Mampu mengaplikasikan bidang keahliannya dan memanfaatkan ilmu pengetahuan, teknologi, dan/atau seni dalam penyelesaian masalah, serta beradaptasi terhadap situasi yang dihadapi. Menguasai konsep teoritis bidang pengetahuan tertentu secara umum dan bagian khusus secara mendalam.","Evaluating transactional processes remains relevant for business analysis roles, supporting moderate growth in understanding complex business operations.",False,,,,,
C2_b114,114,Evaluate Electronic Hardware Through Systematic Testing,"Evaluate the functionality and reliability of Circuit Card Assemblies by designing and executing test procedures, analyzing results against specifications, and documenting findings to verify performance.","[""test Circuit Card Assemblies""]",test Circuit Card Assemblies (Bloom: Evaluate),Hard,think critically; solve complex challenges; deliver high-quality work; work independently; adapt to change,"Critical thinking and problem-solving are required to design effective tests and adapt procedures to ensure high-quality, reliable evaluations.",6,6,"Mampu mengaplikasikan bidang keahliannya dan memanfaatkan ilmu pengetahuan, teknologi, dan/atau seni dalam penyelesaian masalah, serta beradaptasi terhadap situasi yang dihadapi. Menguasai konsep teoritis bidang pengetahuan tertentu secara umum dan bagian khusus secara mendalam.",Systematic testing and quality evaluation are enduring critical skills for ensuring the reliability and safety of electronic products in manufacturing and R&D sectors.,False,,,,,
C1_b92,92,Secure Software Development Practices,Design and implement software components by integrating security and safety best practices as foundational elements throughout the development lifecycle.,"[""ensure security is baked in by default"", ""ensure safety is baked in by default"", ""ensure best practices are baked in by default""]",ensure security is baked in by default (Bloom: Analyze); ensure safety is baked in by default (Bloom: Analyze); ensure best practices are baked in by default (Bloom: Analyze),Hard,think critically; solve complex challenges; deliver high-quality work; adapt to change; work independently,"Critical thinking and problem-solving are needed to anticipate risks, while adaptability and a commitment to quality ensure standards are consistently met.",6,5,"Mampu mengaplikasikan bidang keahliannya dan memanfaatkan ilmu pengetahuan, teknologi, dan/atau seni dalam penyelesaian masalah, serta beradaptasi terhadap situasi yang dihadapi. Menguasai konsep teoritis bidang pengetahuan tertentu secara umum dan bagian khusus secara mendalam.","This competency is critical as cybersecurity threats evolve and regulatory requirements increase, making proactive security and safety integration a fundamental expectation in all software development.",False,,,,,
C1_b42,42,Office Process Coordination and Support,"Coordinate office activities and support scheduling for meetings and events by managing calendars, taking meeting minutes, and assisting with employee workspace setup to ensure efficient daily operations.","[""assist with office coordination"", ""coordinate office activities"", ""manage calendars"", ""support scheduling for meetings and events"", ""take meeting minutes"", ""assist with employee workspace setup""]",assist with office coordination (Bloom: Apply); coordinate office activities (Bloom: Apply); manage calendars (Bloom: Apply); support scheduling for meetings and events (Bloom: Evaluate); take meeting minutes (Bloom: Apply); assist with employee workspace setup (Bloom: Apply),Hard,communicate effectively; manage time; work collaboratively; adapt to change,Clear communication and time management are needed to coordinate schedules and support team activities effectively.,6,6,"Mampu mengaplikasikan bidang keahliannya dan memanfaatkan ilmu pengetahuan, teknologi, dan/atau seni dalam penyelesaian masalah, serta beradaptasi terhadap situasi yang dihadapi. Menguasai konsep teoritis bidang pengetahuan tertentu secara umum dan bagian khusus secara mendalam.","Effective coordination and support remain essential for organizational efficiency, especially as hybrid and remote work models increase reliance on digital scheduling and communication tools.",False,,,,,
C3_b59,59,Driving Product Growth and User Engagement,"Apply strategies for user acquisition, activation, retention, and monetization by analyzing user data and implementing targeted features or campaigns within a software product.","[""drive user acquisition"", ""drive user activation"", ""drive user retention"", ""drive user monetization""]",drive user acquisition (Bloom: Apply); drive user activation (Bloom: Apply); drive user retention (Bloom: Apply); drive user monetization (Bloom: Apply),Hard,solve problems; analyze data; communicate ideas; work with cross-functional teams; adapt to change,"Learners need to solve problems by analyzing data, communicate their ideas to teams, and adapt strategies based on user feedback and market changes.",5,4,"Mampu menyelesaikan pekerjaan berlingkup luas, memilih metode dari beragam pilihan baku/non-baku dengan menganalisis data. Menguasai konsep teoritis bidang pengetahuan tertentu secara umum, mampu memformulasikan penyelesaian masalah prosedural.",Understanding the full user lifecycle is key to building sustainable software products and services in a competitive digital marketplace.,False,,,,,
C1_b91,91,Interactive Media Asset Development,"Create interactive digital assets, such as creatures and user interface components, by applying design principles and iterative development processes to meet specified functional requirements.","[""develop creatures"", ""evolve interfaces"", ""evolve patterns and components""]",develop creatures (Bloom: Create); evolve interfaces (Bloom: Apply); evolve patterns and components (Bloom: Apply),Hard,collaborate with team; solve problems; adapt to change; deliver high-quality work; think critically; work independently,"Learners need to solve design problems independently, adapt to feedback, and collaborate to deliver polished, functional assets.",7,7,"Mampu merencanakan dan mengelola sumberdaya, mengevaluasi kerjanya secara komprehensif untuk menghasilkan langkah-langkah pengembangan strategis organisasi. Memecahkan permasalahan melalui pendekatan monodisipliner. Mampu melakukan riset dan mengambil keputusan strategis dengan akuntabilitas penuh.","The ability to create and adapt interactive digital assets remains foundational for game development and user experience design, fields that continue to grow with the expansion of digital entertainment and immersive media.",False,,,,,
