job_id,raw_text,final_skills,final_skills_count,final_knowledge,final_knowledge_count,final_hard_skills,final_soft_skills,final_bloom_distribution,coverage_percentage,skill_coverage_pct,knowledge_coverage_pct,missing_components_count,model_agreement_score,final_avg_confidence,avg_semantic_density,avg_context_agreement
in-02ef051e5141ce4b,This role is based in San Francisco. Learn more about the data science team in this blog What you’ll do Responsibilities: Be the go -to data partner for the CEO and Regional Business Leads. Use causal inference methods to understand how macroeconomic events impact the business. Leverage AI to generate insights and improve business and team efficiency. Lead Airwallex’s forecasting efforts by 1 ) building tools that aggregate and evaluate forecasts 2 ) applying advanced statistical methods to buil,"[""use causal inference methods"", ""leveraging AI to generate insights"", ""lead forecasting efforts"", ""build tools that aggregate and evaluate forecasts"", ""apply advanced statistical methods"", ""scope and build data products""]",6,"[""causal inference"", ""macroeconomics"", ""statistical methods"", ""data products""]",4,6,0,"{""Remember"": 0, ""Understand"": 0, ""Apply"": 2, ""Analyze"": 1, ""Evaluate"": 0, ""Create"": 3, ""N/A"": 0}",0.0614342258175709,0.034508402102157,0.0380606682677018,15,0.0,0.6405745059085715,0.7923809523809524,0.9
in-018a8a6c4578b687,"The targeted combined range for this position is 194,100 - 411,600 USD.
Requisition ID: 443863 | Work Area: Presales | Expected Travel: 0 - 50% | Career Status: Professional | Employment Type: Regular Full Time | Additional Locations: #LI -Hybrid
Candidate(s) will be required to work 3 days a week in office/client site as per our Pledge to Flex return to office policy Bring out your best SAP innovations help more than four hundred thousand customers worldwide work together more efficiently and u","[""lead solution-architecture initiatives"", ""support the entire sales cycle"", ""identify sales opportunities"", ""provide post-sale customer support"", ""assist customers in expanding SAP footprint""]",5,"[""SAP"", ""enterprise software"", ""platform"", ""PaaS""]",4,2,3,"{""Remember"": 0, ""Understand"": 0, ""Apply"": 1, ""Analyze"": 0, ""Evaluate"": 0, ""Create"": 1, ""N/A"": 3}",0.0596680095321253,0.0,0.0596680095321253,16,0.0,0.6107513241600001,0.8277000000000001,0.9
in-06c523ff1cf86edd,"The expected base pay range for this position is: Plano, TX: $99,500 $117,303 $135,000",[],0,[],0,0,0,"{""Remember"": 0, ""Understand"": 0, ""Apply"": 0, ""Analyze"": 0, ""Evaluate"": 0, ""Create"": 0, ""N/A"": 0}",0.0,0.0,0.0,19,0.0,0.0,0.0,0.0
in-06b5e96976a3f626,"Accounting Generalist (Term Position) = This is a term position to October 15, 2026 . Banff Centre for Arts and Creativity aims to inspire everyone who attends our campus – artists, leaders, and thinkers – to unleash their creative potential.
We acknowledge, with deep respect and gratitude, our home on the side of Sacred Buffalo Guardian Mountain.
In the spirit of respect and truth, we honour and acknowledge the Banff area, known as “Minhrpa” (translated in Stoney Nakoda as “the waterfalls”) and","[""provide information on financial policies"", ""ensure smooth running of department"", ""administer candidate profiles"", ""evaluate eligibility for positions"", ""communicate about applications""]",5,"[""financial policies"", ""Protection of Privacy Act (Alberta)"", ""Access to Information Act"", ""financial reporting""]",4,3,2,"{""Remember"": 0, ""Understand"": 0, ""Apply"": 1, ""Analyze"": 1, ""Evaluate"": 1, ""Create"": 0, ""N/A"": 2}",0.0201746708468387,0.0,0.0201746708468387,18,0.0,0.6258825040320002,0.8381000000000001,0.9
in-07094449f509827e,"The ideal candidate is someone who loves production technology, enjoys solving technical problems, and takes pride in building systems that run smoothly.
You will be responsible for ensuring that cameras, microphones, lighting, and production software operate flawlessly across our office studio, auditorium, and podcast environments.
Description: Location: Las Vegas, NV Full -Time About the Role We are building a modern in -house studio environment to produce high -quality podcasts, interviews, a","[""solve technical problems"", ""build systems that run smoothly"", ""ensure cameras operate flawlessly"", ""ensure microphones operate flawlessly"", ""ensure lighting operates flawlessly"", ""ensure production software operates flawlessly""]",6,"[""production technology"", ""cameras"", ""microphones"", ""lighting"", ""production software"", ""studio"", ""auditorium"", ""podcast environments"", ""video technology"", ""studio equipment"", ""production systems""]",11,6,0,"{""Remember"": 0, ""Understand"": 0, ""Apply"": 1, ""Analyze"": 0, ""Evaluate"": 4, ""Create"": 1, ""N/A"": 0}",0.2142968624425074,0.0635165863093533,0.1658581777622825,8,0.0,0.6497568046080001,0.8256666666666668,0.9
in-0203fddefc4a7b12,"As a Senior Product Manager, you will play a critical role in identifying and executing on opportunities to innovate and deliver new value to our developer customers.
DESCRIPTION - Amazon Interactive Video Service (Amazon IVS) is AWS's fully managed live streaming service, built on the same battle -tested technology that powers Twitch and trusted by thousands of enterprises across gaming, social, live commerce, sports, and entertainment.
The ideal candidate will bring both expertise in video str","[""identify opportunities"", ""execute on opportunities"", ""innovate value"", ""deliver value"", ""partner with engineers"", ""partner with customers"", ""work with developers"", ""understand developer needs"", ""build products"", ""solve business problems"", ""own product strategy"", ""own business strategy"", ""conduct customer discovery"", ""execute go-to-market""]",14,"[""Amazon Interactive Video Service (Amazon IVS)"", ""AWS"", ""live streaming service"", ""video streaming technologies"", ""APIs"", ""SDKs"", ""Twitch"", ""gaming"", ""social"", ""live commerce"", ""sports"", ""entertainment""]",12,1,13,"{""Remember"": 0, ""Understand"": 0, ""Apply"": 0, ""Analyze"": 0, ""Evaluate"": 0, ""Create"": 1, ""N/A"": 13}",0.201861544508571,0.0667610780837502,0.1483720685306348,9,0.0,0.6168606517028572,0.8153571428571429,0.9000000000000001
in-090a862bf2348484,"Pay: £38,000 .00 -£42,000 .00 per year Benefits: Company pension Work from home Education: Bachelor's (preferred) Work Location: Hybrid remote in Staines -upon -Thames TW18 4AX Application deadline: 20/03/2026 Expected start date: 01/05/2026
About the Role We are looking for a detail -oriented and analytical Data Analyst to join our growing team.
The ideal candidate will be responsible for collecting, analysing, and interpreting complex datasets to help organisations make informed business decis","[""collect complex datasets"", ""analyse complex datasets"", ""interpret complex datasets"", ""transform raw data into meaningful insights"", ""create visual reports"", ""work closely with cross-functional teams"", ""help organisations make informed business decisions""]",7,"[""data analysis"", ""business intelligence""]",2,5,2,"{""Remember"": 0, ""Understand"": 1, ""Apply"": 3, ""Analyze"": 0, ""Evaluate"": 0, ""Create"": 1, ""N/A"": 2}",0.0671738345083538,0.0308975474675492,0.0558067597840961,15,0.0,0.6229581547885715,0.8151428571428572,0.9000000000000001
in-04248886f0c9f962,"Act as expert for system admins and Engineers to assit thorough the STIG hardening process.
Support tracking of remediation actions, Plans of Action and Milestones (POA &Ms), and exceptions in accordance with RMF guidance.
BASIC QUALIFICATIONS: Active DoD Secret clearance required. CompTIA Security + CE or higher DoD 8570 IAT Level II certification must meet 8140 ISSM role qualification. Bachelor's Degree and 4 -8 years of cybersecurity or system administration experience, with at least 1 year o","[""act as expert for system admins and engineers"", ""support tracking of remediation actions"", ""support tracking of POA&Ms"", ""support tracking of exceptions"", ""interpret technical vulnerability data"", ""communicate risk-based recommendations"", ""assist with scheduling vulnerability scans"", ""assist with running vulnerability scans"", ""review scan results"", ""identify potential CAT I/II/III findings"", ""identify false positives"", ""identify basic configuration issues"", ""identify hardening requirements"", ""apply Security Technical Implementation Guides (STIGs)""]",14,"[""STIG hardening process"", ""RMF guidance"", ""DoD Secret clearance"", ""CompTIA Security+ CE"", ""DoD 8570 IAT Level II certification"", ""cybersecurity"", ""system administration"", ""ACAS"", ""Tenable"", ""DISA STIGs"", ""vulnerability risk levels"", ""POA&M remediation strategies"", ""NIST SP 800-53"", ""RMF compliance"", ""Air Force cybersecurity policy (AFMAN 17-130)"", ""USAF"", ""DISA"", ""DoD mission systems"", ""EvaluateSTIG"", ""StigViewer"", ""OpenSCAP"", ""Nessus"", ""CCRI/CORA preparation"", ""vulnerability remediation campaigns"", ""automation tools/scripts"", ""PowerShell"", ""Nessus APIs"", ""Tenable SecurityCenter"", ""Nessus (ACAS)"", ""classified environments"", ""unclassified environments"", ""Security Technical Implementation Guides (STIGs)""]",32,12,2,"{""Remember"": 0, ""Understand"": 1, ""Apply"": 3, ""Analyze"": 4, ""Evaluate"": 4, ""Create"": 0, ""N/A"": 2}",0.178607914322301,0.0154654062151575,0.178607914322301,10,0.0,0.6776397360822859,0.8220714285714287,0.9000000000000001
in-0e980950f025d235,"Design Content Design Lead - TikTok Shop Location : Singapore Employment Type : Regular Job Code : A173308 Responsibilities The mission of the content design team is to make TikTok Shop an engaging and trusted global e -commerce platform by embedding our expertise in content systems, language, and writing into product development.","[""design content systems"", ""embed expertise into product development"", ""lead a team""]",3,"[""content systems"", ""e-commerce platform"", ""product development""]",3,2,1,"{""Remember"": 0, ""Understand"": 0, ""Apply"": 0, ""Analyze"": 0, ""Evaluate"": 0, ""Create"": 2, ""N/A"": 1}",0.1633435873482691,0.1096836954321713,0.10662619000987,11,0.0,0.6569812131840002,0.7686666666666667,0.9
in-0a7b6c95f2d71548,"The role may require overtime based on production needs. # EEO Statement Vertiv is an Equal Opportunity Employer.
# Job Summary The CNC Programmer – Haas is responsible for programming, setting up, and optimizing CNC machining operations using Haas equipment to produce high -quality components that meet engineering specifications and production requirements.","[""program CNC machining operations"", ""set up CNC machining operations"", ""optimize CNC machining operations"", ""produce high-quality components"", ""meet engineering specifications"", ""meet production requirements""]",6,"[""CNC machining"", ""Haas equipment""]",2,6,0,"{""Remember"": 0, ""Understand"": 0, ""Apply"": 2, ""Analyze"": 0, ""Evaluate"": 1, ""Create"": 3, ""N/A"": 0}",0.0268152416148971,0.0268152416148971,0.0,17,0.0,0.6295944026400001,0.84075,0.9
in-0250e3c3a534c646,"If you thrive in a collaborative, fast -moving environment where trust and impact matter, you’ll feel at home here. About the Role: We are looking for a Database Engineer with a platform mindset to join our Infrastructure department.In this role, you will not simply ""manage tickets"" or manually tune SQL queries.
Instead, you will be a force multiplier and an enabler, constantly mindful of reliability and scalability.
Your mission is to codify your deep database expertise into tools, modules, and","[""design and develop internal platform capabilities"", ""provision and manage data resources"", ""turn complex infrastructure requirements into simple interfaces"", ""write automation for best practices"", ""apply best practices for indexing"", ""apply best practices for schema design"", ""apply best practices for security configurations"", ""create out-of-the-box observability"", ""collaborate in a fast-moving environment"", ""build trust and impact"", ""enable and multiply force"", ""be mindful of reliability"", ""be mindful of scalability"", ""codify deep database expertise"", ""make database management effortless"", ""make observability effortless"", ""build golden paths for developers"", ""allow developers to spin up databases"", ""allow developers to scale databases"", ""allow developers to monitor databases"", ""ensure safety is baked in by default"", ""ensure security is baked in by default"", ""ensure best practices are baked in by default"", ""abstract the complexity of the data layer"", ""handle complexity for developers"", ""shift left database expertise"", ""embed knowledge into code"", ""democratize observability""]",28,"[""Database"", ""SQL"", ""Terraform"", ""AWS parameter groups"", ""replication lag"", ""infrastructure"", ""automation scripts"", ""indexing"", ""schema design"", ""security configurations"", ""observability"", ""platform"", ""self-service tooling"", ""declarative interfaces""]",14,23,5,"{""Remember"": 0, ""Understand"": 0, ""Apply"": 10, ""Analyze"": 4, ""Evaluate"": 0, ""Create"": 9, ""N/A"": 5}",0.2059086140833403,0.1088363869392762,0.2059086140833403,10,0.0,0.6443038852427756,0.8062244897959184,0.8999999999999998
in-105cf9739214f450,"This role focuses on applying machine learning, AI, and agent -based architectures to asset -intensive environments , enabling smarter operations, improved reliability, optimized capital deployment, and better decision -making at scale.
Working closely with business stakeholders, data scientists, and product teams, the Data Products Specialist translates complex operational challenges into production -ready AI systems .
Please note that compensation and benefits may be different based on the wor","[""apply machine learning to asset-intensive environments"", ""apply AI to asset-intensive environments"", ""apply agent-based architectures to asset-intensive environments"", ""translate complex operational challenges into production-ready AI systems"", ""design advanced artificial intelligence solutions"", ""build advanced artificial intelligence solutions"", ""operate advanced artificial intelligence solutions"", ""work closely with business stakeholders"", ""work closely with data scientists"", ""work closely with product teams""]",10,"[""machine learning"", ""agent-based architectures"", ""AI agents"", ""decision-support systems""]",4,7,3,"{""Remember"": 0, ""Understand"": 1, ""Apply"": 2, ""Analyze"": 0, ""Evaluate"": 1, ""Create"": 3, ""N/A"": 3}",0.1452858151865289,0.0567535001517923,0.1310031915965833,12,0.0,0.6530517280224002,0.83545,0.9
in-120cae709fd91b6b,"Manage the scheduling of all BWOF and compliance audits along with maintenance of our internal management platform (BICS).
We see the world through a Future Ready® lens, fuelled by a shared commitment to making a positive impact—one project and community at a time. Compliance Consultant - IQP, Auckland We have an excellent opportunity for a Building Compliance Consultant to join our talented Property team in Auckland.
You will play a key role in processing the day -to -day delivery of the Buildi","[""manage scheduling"", ""maintain internal management platform"", ""process day-to-day delivery"", ""make a positive impact""]",4,"[""BWOF"", ""compliance audits"", ""BICS"", ""Building Warrant of Fitness"", ""Property""]",5,1,3,"{""Remember"": 0, ""Understand"": 0, ""Apply"": 1, ""Analyze"": 0, ""Evaluate"": 0, ""Create"": 0, ""N/A"": 3}",0.0178589231089541,0.0,0.0178589231089541,18,0.0,0.60757326,0.8218750000000001,0.9
in-10c22ca2ab379104,"Rest’s Data, Technology and Delivery (DTD) business unit is accountable for planning and preparing the organisation for the future through strategic technology innovation, as well as charting our business strategy and executing for today and tomorrow.
Company Description Supporting millions of Aussies since 1988 with low fees and competitive long -term performance.
Rest is recognised as a Responsible Investment Leader by the Responsible Investment Association Australia (RIAA) in its Responsible ","[""support product owner"", ""understand business needs"", ""analyze solution options"", ""plan for the future"", ""execute business strategy""]",5,"[""business analysis"", ""strategic technology innovation"", ""responsible investment""]",3,1,4,"{""Remember"": 0, ""Understand"": 0, ""Apply"": 0, ""Analyze"": 1, ""Evaluate"": 0, ""Create"": 0, ""N/A"": 4}",0.0479546338912742,0.0298144176411055,0.0181402162501686,16,0.0,0.626743830528,0.798,0.9
in-1021728769a1b1b3,"Here at TJX Canada, we are an equal opportunity employer committed to the inclusion and accommodation of all individuals. Job Description: We are looking for a Senior Business Planning Analyst to drive impactful financial insights and support strategic decision -making across high -visibility projects.
You’ll have the opportunity to present directly to senior leadership, contribute to process improvements, and shape the future of financial planning at TJX.
Mathematics/Statistics, Information Sci","[""drive impactful financial insights"", ""support strategic decision-making"", ""present directly to senior leadership"", ""contribute to process improvements"", ""shape the future of financial planning"", ""collaborate cross-functionally"", ""build customized reporting tools"", ""build financial data models"", ""influence high-level strategies""]",9,"[""Mathematics"", ""Statistics"", ""Information Science"", ""Commerce"", ""Economics"", ""Engineering"", ""Finance"", ""Accounting"", ""financial planning""]",9,6,3,"{""Remember"": 0, ""Understand"": 0, ""Apply"": 1, ""Analyze"": 0, ""Evaluate"": 1, ""Create"": 4, ""N/A"": 3}",0.1165263041688695,0.0212111476839644,0.095315156484905,13,0.0,0.6327908550400001,0.8350555555555557,0.8999999999999999
in-0fcfe59aff7d7b19,"Our long -term vision is to build a massive AI engine capable of making every decision in a mining operation, down to moving individual rocks.
You will provide input into the development and implementation of our Machine Learning technology to ensure accurate and reliable resource estimations are generated.
You will be overseeing all aspects of mineral resource evaluation, including auditing of data analysis, resource block models, geometallurgical block models and ensuring quality control.
We a","[""provide input into development and implementation of Machine Learning technology"", ""oversee all aspects of mineral resource evaluation"", ""audit data analysis"", ""audit resource block models"", ""audit geometallurgical block models"", ""ensure quality control"", ""evaluate clients existing Kriging models"", ""evaluate Stratum models"", ""liaise with Business Development team"", ""determine how technology can add value to a client\u2019s mining operation"", ""collaborate closely with co-founders, Geologist and Lead Metallurgist"", ""ensure Stratum\u2019s goals are aligned"", ""work in remote mine sites with significant diversity"", ""travel up to 20% of the time""]",14,"[""Machine Learning"", ""mineral resource evaluation"", ""geometallurgy"", ""resource block models"", ""geometallurgical block models"", ""Kriging models"", ""neural networks"", ""copper deposit types"", ""gold deposit types"", ""Personal Protective Equipment (PPE)"", ""mine planning"", ""ore control"", ""target drilling"", ""blasthole optimisation"", ""ore type categorisation"", ""mineral processing routing"", ""blending""]",17,9,5,"{""Remember"": 0, ""Understand"": 0, ""Apply"": 1, ""Analyze"": 2, ""Evaluate"": 1, ""Create"": 5, ""N/A"": 5}",0.1181890895492152,0.0472541598425152,0.1181890895492152,14,0.0,0.6299385798354881,0.7894297309833025,0.9000000000000001
in-1291ef0e4f87819c,"This role is critical to our success : you’ll drive the success of our Developer Experience & Developer Productivity program, working alongside the teams that innovate, operate and scale CI/CD pipelines, developer environments, developer tooling, and AI -enabled workflows across the company.
Driven by our core values, we push boundaries, build with speed and intensity, and consistently deliver incredible value to our customers. What's the opportunity? - At Intercom, we’re building a developer ex","[""drive success of developer experience program"", ""work alongside teams"", ""push boundaries"", ""build with speed and intensity"", ""deliver value to customers"", ""build developer experience"", ""innovate CI/CD pipelines"", ""operate CI/CD pipelines"", ""scale CI/CD pipelines"", ""innovate developer environments"", ""innovate developer tooling"", ""innovate AI-enabled workflows"", ""operate AI-enabled workflows"", ""scale AI-enabled workflows"", ""ship higher-quality work""]",15,"[""CI/CD pipelines"", ""developer environments"", ""developer tooling"", ""AI-enabled workflows"", ""AI first workflows""]",5,10,5,"{""Remember"": 0, ""Understand"": 0, ""Apply"": 3, ""Analyze"": 0, ""Evaluate"": 2, ""Create"": 5, ""N/A"": 5}",0.2242552267877679,0.1455848953968846,0.2242552267877679,8,0.0,0.6331945639680002,0.8199000000000001,0.9000000000000001
in-14734ee7aab2dff0,"Req ID: 5274 Solidus is an Equal Opportunity Employer and provides equal employment opportunities regarding all terms and conditions of employment to all employees and qualified applicants for employment and prohibits discrimination and harassment of any type without regard to race, color, religion, age, sex, national origin, disability status, genetics, protected veteran status, sexual orientation, gender identity or expression, or any other characteristic protected by federal, state or local l","[""develop enhancements to software systems"", ""manage databases"", ""run databases in Linux environment"", ""collaborate in a team environment""]",4,"[""PostGRES"", ""Linux""]",2,3,1,"{""Remember"": 0, ""Understand"": 0, ""Apply"": 2, ""Analyze"": 0, ""Evaluate"": 0, ""Create"": 1, ""N/A"": 1}",0.0773604598006122,0.0647109535225071,0.0283871111116911,16,0.0,0.677244692448,0.7987500000000001,0.9
in-1685751ab1e35ff9,"You’ll work closely with sales, service, and technical teams worldwide, influencing product development and driving strategic growth.
As a Solution Architect, you will design and deliver complex CIS solutions, combining our portfolio with leading partner technologies to meet evolving customer, regulatory, and operational needs.
This results in careers built on variety and the opportunity to work on a range of state -of -the -art solutions, where you can develop your knowledge and experience ever","[""work closely with sales, service, and technical teams"", ""influence product development"", ""drive strategic growth"", ""design complex CIS solutions"", ""deliver complex CIS solutions"", ""combine portfolio with partner technologies"", ""meet evolving customer needs"", ""meet evolving regulatory needs"", ""meet evolving operational needs"", ""work on state-of-the-art solutions"", ""develop knowledge and experience"", ""shape the next generation of CIS""]",12,"[""Cargo Inspection Systems (CIS)"", ""threat detection"", ""security screening technology"", ""Solution Architect"", ""partner technologies"", ""regulatory needs"", ""operational needs""]",7,5,7,"{""Remember"": 1, ""Understand"": 0, ""Apply"": 2, ""Analyze"": 1, ""Evaluate"": 0, ""Create"": 1, ""N/A"": 7}",0.1149293849342747,0.0557103607733151,0.1149293849342747,13,0.0,0.620201874624,0.8036666666666666,0.9
in-17826d4303fc4d24,"# Description The BI Developer plays a crucial role in developing and maintaining Business Intelligence (BI) solutions to support the data -driven needs of DACB.
This includes the creation of Power BI dashboards, paginated reports, and collaboration with cross -functional teams to understand their reporting requirements.
The ideal candidate will have a strong background in SQL, SSRS, and SSIS, with the additional capability of leveraging Azure data platforms and MS Purview.","[""develop Business Intelligence solutions"", ""maintain Business Intelligence solutions"", ""create Power BI dashboards"", ""create paginated reports"", ""collaborate with cross-functional teams"", ""understand reporting requirements"", ""leverage Azure data platforms"", ""leverage MS Purview""]",8,"[""Business Intelligence (BI)"", ""SQL"", ""SSRS"", ""SSIS"", ""Azure data platforms"", ""MS Purview"", ""Power BI""]",7,6,2,"{""Remember"": 0, ""Understand"": 0, ""Apply"": 2, ""Analyze"": 1, ""Evaluate"": 0, ""Create"": 3, ""N/A"": 2}",0.0548297919725116,0.0160244712924911,0.0548297919725116,17,0.0,0.6452882809200001,0.8343750000000001,0.9
in-184610fda3276dcc,"HR Recruiter / HR Assistant Position Summary The HR Recruiter / HR Assistant supports the HR Manager in executing recruitment, onboarding, and administrative HR functions for a medium -sized manufacturing organization.
Ce poste joue un rôle clé dans le recrutement et l'embauche de professionnels qualifiés, notamment des ingénieurs, des mécaniciens industriels, des soudeurs, des techniciens et du personnel de production.
This role plays a key part in attracting and hiring skilled professionals in","[""support HR Manager"", ""execute recruitment functions"", ""execute onboarding functions"", ""execute administrative HR functions"", ""attract skilled professionals"", ""hire skilled professionals""]",6,"[""recruitment"", ""onboarding"", ""HR functions"", ""manufacturing organization"", ""engineers"", ""heavy-duty mechanics"", ""welders"", ""technicians"", ""production staff""]",9,4,2,"{""Remember"": 0, ""Understand"": 0, ""Apply"": 4, ""Analyze"": 0, ""Evaluate"": 0, ""Create"": 0, ""N/A"": 2}",0.0364006199334797,0.0,0.0364006199334797,17,0.0,0.6481487068800001,0.84,0.9
in-18c592689d7d0491,"Razer is also a great place to work, providing you the unique, gamer -centric #LifeAtRazer experience that will put you in an accelerated growth, both personally and professionally. Job Responsibilities : - Job Description Summary Join our AI Software team as a Computer Vision Intern and help build intelligent systems that can perceive and understand the context in virtual environments.","[""build intelligent systems"", ""perceive context in virtual environments"", ""understand context in virtual environments""]",3,"[""Computer Vision"", ""AI Software""]",2,3,0,"{""Remember"": 0, ""Understand"": 0, ""Apply"": 2, ""Analyze"": 0, ""Evaluate"": 0, ""Create"": 1, ""N/A"": 0}",0.1152567556029872,0.0165862187823363,0.1152567556029872,14,0.0,0.6319424563200001,0.8246666666666668,0.9
in-12e4e1edda8ca7ae,"You will join a hands -on development team that fosters creativity and generates novel solutions based on engineering excellence, and will be a part of an innovative impactful team making a difference. Description Come join the ASE Core Services team!
We strive to provide a flawless experience for millions of developers and customers.
The ASE (Apple Services Engineering) Core Services team is looking for a Sr.
Software Engineer to help build creative features that will enhance the experience of ","[""build creative features"", ""build large-scale systems"", ""enhance large-scale systems"", ""develop solutions"", ""develop new architectures"", ""develop a data transformation platform"", ""context switch across multiple projects"", ""weave together various technologies"", ""model content metadata"", ""serve entities worldwide"", ""mentor other team members"", ""guide other team members"", ""motivate other team members"", ""collaborate with engineers, product managers, designers, collaborators, partners"", ""set a vision"", ""grow the team and platform"", ""work on scalable web services"", ""work on features that span multi-functional teams""]",18,"[""distributed data stores"", ""scalability"", ""performance"", ""Big Data technologies"", ""CAP theorem"", ""content metadata"", ""catalog entities"", ""editorial entities"", ""online content system"", ""offline feeds"", ""Spark"", ""Hadoop ecosystem"", ""data structures"", ""algorithms"", ""NoSQL data stores"", ""Solr"", ""Elastic Search"", ""Redis"", ""Memcached"", ""Cassandra"", ""Voldemort"", ""messaging technologies"", ""Kafka"", ""Java""]",24,10,8,"{""Remember"": 0, ""Understand"": 0, ""Apply"": 2, ""Analyze"": 1, ""Evaluate"": 0, ""Create"": 7, ""N/A"": 8}",0.2785932324938189,0.1393112149126568,0.2741990447044373,7,0.0,0.6586256185417142,0.7986964285714285,0.8999999999999999
in-16914020afc5dd69,"We use AI support tools to screen applicants for minimum role requirements.
Our Software Engineering team is currently developing end -to -end real -time solutions for the public safety and security industries.
DaNypzgTRI
If you have specific ergonomic needs or require other accommodation because of a disability or a medical need, please don’t hesitate to contact Larus at hr@larus.com to discuss arrangements.
Larus has an accommodation process and provides accommodation for applicants with disab","[""design software modules"", ""develop software modules"", ""develop end-to-end real-time solutions"", ""implement data interfacing"", ""implement data collection"", ""implement data aggregation"", ""implement data display"", ""implement data exploitation"", ""implement data fusion"", ""solve complex customer challenges""]",10,"[""Artificial Intelligence (AI)"", ""Machine Learning (ML)"", ""Big Data Analytics"", ""Decision Support Systems (DSS)"", ""Total:Insight\u2122 DSS"", ""Total:Perception\u2122 Systems Simulation Engine (SSE)"", ""Total:Vision\u2122 Video Analytics Solution (VAS)"", ""Data Fusion and Analytics"", ""Data Science"", ""Research and Engineering"", ""Retail"", ""Supply Chain Management"", ""Public Safety"", ""Defence"", ""AI/ML"", ""multi-sensor data collection"", ""aggregation"", ""exploitation"", ""fusion"", ""analytics""]",20,9,1,"{""Remember"": 0, ""Understand"": 0, ""Apply"": 6, ""Analyze"": 0, ""Evaluate"": 0, ""Create"": 3, ""N/A"": 1}",0.2351790016747992,0.1557063774855928,0.1301503639472158,7,0.0,0.6961029845760001,0.82675,0.9
in-17ecef6aa8580020,"You will actively participate in design work, including owning some CAD & performing analysis, simulation, calculation, testing, etc.
About Fellow - At Fellow, we're on a mission to help people brew ridiculously good coffee at home.
But we're more than just beautifully designed kettles and grinders—we're a brand built on innovation, community, and culture.
We believe great coffee isn't just about the final cup; it's about the experience, the ritual, and the people who make it all happen. This ro","[""participate in design work"", ""own CAD"", ""perform analysis"", ""perform simulation"", ""perform calculation"", ""perform testing"", ""lead product engineering efforts"", ""lead design efforts"", ""drive design of hardware products"", ""drive development of hardware products"", ""drive iteration of hardware products"", ""ensure products meet standards"", ""work with cross-functional teams"", ""drive cross-functional teams"", ""facilitate communication"", ""manage large CAD databases"", ""package electronics"", ""design mechanisms"", ""select sensors"", ""qualify sensors"", ""integrate sensors"", ""select actuators"", ""qualify actuators"", ""integrate actuators"", ""select valves"", ""qualify valves"", ""integrate valves"", ""manage heat transfer applications"", ""manage thermal management""]",29,"[""CAD"", ""electronics packaging"", ""mechanism design"", ""mechatronics"", ""sensors"", ""actuators"", ""valves"", ""heat transfer"", ""thermal management"", ""injection molding"", ""overmolding"", ""compression molding"", ""LSR"", ""progressive die"", ""deep draw sheet metal"", ""extrusion"", ""die casting"", ""CNC""]",18,21,8,"{""Remember"": 0, ""Understand"": 0, ""Apply"": 12, ""Analyze"": 1, ""Evaluate"": 1, ""Create"": 7, ""N/A"": 8}",0.1190095989231236,0.1190095989231236,0.0185290273867155,12,0.0,0.645231761001931,0.8164655172413794,0.8999999999999998
in-219553aa7e342a4a,"Technology Site Reliability Engineer, Global E -commerce - USDS Location : San Jose Employment Type : Regular Job Code : JRAFV Responsibilities About the Team The Global E -commerce SRE team of US Tech Services works with engineering and product teams to build and run large -scale, globally distributed, observable, fault -tolerant systems.
As an SRE, you will deliver on production ownership and be responsible for observability and automation across complex, large -scale service mesh architecture","[""build large-scale systems"", ""run large-scale systems"", ""deliver on production ownership"", ""be responsible for observability"", ""be responsible for automation"", ""own the service level of a platform"", ""work with engineering teams"", ""work with product teams""]",8,"[""service mesh architectures"", ""E-commerce platform"", ""infrastructure"", ""observability"", ""automation"", ""fault-tolerant systems"", ""globally distributed systems""]",7,6,2,"{""Remember"": 0, ""Understand"": 0, ""Apply"": 5, ""Analyze"": 0, ""Evaluate"": 0, ""Create"": 1, ""N/A"": 2}",0.0583421362073798,0.0259558322195653,0.0583421362073798,16,0.0,0.6360919761600001,0.7895982142857143,0.9
in-19253c0e90d0d4b7,"Having a desire to help achieve transformational healthcare improvement should serve as the inspiration behind the ideal candidate’s willingness to participate across many different activities within an agile working model.
In this role you will be the comprehensive subject matter expert in the technology products/platform feature space and apply, learn, and extend your skills beyond formal role boundaries.
The Full Stack Data Engineer, Consultant will report to the Manager, Data Services and So","[""achieve transformational healthcare improvement"", ""participate across many different activities"", ""work in an agile model"", ""serve as subject matter expert"", ""apply skills beyond formal role boundaries"", ""learn skills beyond formal role boundaries"", ""extend skills beyond formal role boundaries"", ""design data solutions"", ""develop data solutions"", ""test data solutions"", ""deploy data solutions"", ""operate data solutions""]",12,"[""enterprise data warehouse"", ""BI data solutions"", ""cloud technologies""]",3,5,7,"{""Remember"": 0, ""Understand"": 0, ""Apply"": 1, ""Analyze"": 0, ""Evaluate"": 2, ""Create"": 2, ""N/A"": 7}",0.1318490086805262,0.0806270817935582,0.0678598541962473,12,0.0,0.6392647872000001,0.7928333333333336,0.9
in-189e4607c218da31,"This position helps make gospel teachings, resources, and services accessible to all in a simple and affordable way, supporting the mission of the Church This role exists to provide support and leadership for Area sales channel operations, demand planning, inventory management, customer service, and inform/awareness in a non -US Church Area.
This is largely a sedentary role, requiring some bending and standing as necessary.
This role routinely uses standard office equipment such as computers, ph","[""provide support for sales channel operations"", ""provide leadership for sales channel operations"", ""manage demand planning"", ""manage inventory management"", ""manage customer service"", ""assist with creation of local inform/awareness materials"", ""provide feedback on marketing campaign effectiveness"", ""own customer inform/awareness activities"", ""partner with communications committee"", ""partner with publishing services manager"", ""adapt inform/awareness materials to local language"", ""adapt inform/awareness materials to customer needs"", ""execute inform/awareness activities"", ""ensure optimal customer experience"", ""ensure optimal inventory levels"", ""suggest opportunities for improvement"", ""back suggestions with analysis"", ""ensure access to products through sales channel mix"", ""manage work of other employees"", ""recommend employee advancement"", ""recommend employee promotions"", ""recommend change of employee status"", ""manage forecasting"", ""support local production needs"", ""maintain inventory levels in supply chain"", ""standardize sales channel operations"", ""understand local customs and practices""]",27,"[""sales channel operations"", ""demand planning"", ""inventory management"", ""customer service"", ""inform/awareness"", ""marketing campaigns"", ""online store"", ""retail stores"", ""supply chain"", ""standard office equipment""]",10,17,10,"{""Remember"": 1, ""Understand"": 0, ""Apply"": 9, ""Analyze"": 2, ""Evaluate"": 2, ""Create"": 3, ""N/A"": 10}",0.0945908075884768,0.0312539239225195,0.0945908075884768,15,0.0,0.6358368821866669,0.824399470899471,0.8999999999999999
in-193d18c2574de4de,"This is the century of biology, and the breakthroughs we make now have the potential to change the world.
Our tools have enabled fundamental discoveries across biology including cancer, immunology, and neuroscience.
Our teams are empowered and encouraged to follow their passions, pursue new ideas, and perform at their best in an inclusive and dynamic environment.
We know that behind every scientific breakthrough, there is a deep infrastructure of talented people driving the life sciences industr","[""lead mechanical design"", ""solve technical problems"", ""mentor team members"", ""work across disciplines"", ""drive innovation"", ""ensure system success""]",6,"[""mechanical engineering"", ""biotech consumables"", ""production""]",3,3,3,"{""Remember"": 0, ""Understand"": 0, ""Apply"": 1, ""Analyze"": 1, ""Evaluate"": 0, ""Create"": 1, ""N/A"": 3}",0.0702029374015255,0.0501907764227063,0.0200121609788191,15,0.0,0.6644223667200001,0.8025000000000001,0.9
in-245d39f4f47bb97d,"The Process Engineer will be based at our semiconductor client's premises, to oversee daily operations for Total Gas Management Systems.","[""oversee daily operations""]",1,"[""Total Gas Management Systems"", ""semiconductor""]",2,1,0,"{""Remember"": 0, ""Understand"": 0, ""Apply"": 1, ""Analyze"": 0, ""Evaluate"": 0, ""Create"": 0, ""N/A"": 0}",0.0,0.0,0.0,19,0.0,0.545130432,0.82,0.9
in-2335dacd2512b6a9,"Check us out on the web! Job Description We’re seeking a commercially savvy, customer -obsessed Customer Experience Join Journey Manager to lead the Join (Learn & Buy) experience rom service eligibility and plan selection through checkout, appointment scheduling, and handoff to install.
You will be critical to delivering a frictionless buying experience that drives higher conversion, lower CPGA, fewer pre -install cancels, and stronger early -tenure satisfaction.
Reporting directly to the Vice P","[""lead the join experience"", ""deliver a frictionless buying experience"", ""drive higher conversion"", ""manage cross-functional delivery"", ""own the roadmap"", ""own the backlog""]",6,[],0,1,5,"{""Remember"": 0, ""Understand"": 0, ""Apply"": 1, ""Analyze"": 0, ""Evaluate"": 0, ""Create"": 0, ""N/A"": 5}",0.0,0.0,0.0,19,0.0,0.6232394640000002,0.7905833333333335,0.9
in-21f3b05871873683,"As a Data Scientist MLOps , you will join a diverse, passionate team, dedicated to powering the world’s payments ecosystem! This purpose of the Data Scientist MLOps role is: As part of our commitment to advancing AI and machine learning capabilities, we are expanding our operational excellence in deploying, monitoring, and scaling ML solutions.
The ACI Worldwide recruitment team will always follow official channels and will never request payment.
Participate in continuous improvement initiatives","[""develop robust pipelines"", ""implement monitoring"", ""contribute to automation initiatives"", ""build ML pipelines"", ""maintain ML pipelines"", ""automate workflows"", ""support production deployments"", ""work closely with teams"", ""participate in continuous improvement initiatives"", ""help identify opportunities for automation""]",10,"[""MLOps"", ""ML engineering"", ""machine learning"", ""ML lifecycle"", ""Computer Science"", ""Data Engineering""]",6,7,3,"{""Remember"": 0, ""Understand"": 0, ""Apply"": 1, ""Analyze"": 2, ""Evaluate"": 1, ""Create"": 3, ""N/A"": 3}",0.1479137693904779,0.0868791986590207,0.1156557083129882,12,0.0,0.6494680971360001,0.8285500000000001,0.9
in-280d71e71496c506,Website: E -INFOSOL.com,[],0,[],0,0,0,"{""Remember"": 0, ""Understand"": 0, ""Apply"": 0, ""Analyze"": 0, ""Evaluate"": 0, ""Create"": 0, ""N/A"": 0}",0.0,0.0,0.0,19,0.0,0.0,0.0,0.0
in-2343dce8f94f0a1c,"They may be required to manage a team to deliver a discrete configuration package.
The post holder will act as a bridge between clinical teams, technical specialists, and suppliers, providing detailed analysis to inform product decisions and configuration standards.
The EPR Product Analyst will report into the EPR Product Specialist to support the design, configuration, and optimisation of the Electronic Patient Record (EPR) system by gathering requirements, analysing workflows, and ensuring acc","[""manage a team"", ""act as a bridge between teams"", ""provide detailed analysis"", ""support the design, configuration, and optimisation of the EPR system"", ""gather requirements"", ""analyse workflows"", ""ensure accurate documentation"", ""demonstrate the product to stakeholders"", ""contribute to testing"", ""contribute to data validation"", ""contribute to adoption activities"", ""ensure the EPR solution meets user needs"", ""ensure the EPR solution complies with safety and governance requirements""]",13,"[""Electronic Patient Record (EPR) system"", ""safety and governance requirements""]",2,10,3,"{""Remember"": 0, ""Understand"": 1, ""Apply"": 4, ""Analyze"": 2, ""Evaluate"": 2, ""Create"": 1, ""N/A"": 3}",0.0789390814905039,0.071041691411108,0.0208428815791481,13,0.0,0.6283681450085274,0.7934395604395605,0.9000000000000001
in-23d80004b8615742,"The Home Team provides the foundation that enables an entire ecosystem of secure and intelligent home connectivity.
We are developing technologies and building experiences that revolutionize the way people harmonize with their Homes.
Our goals are simple but the task is large; craft the most amazing home automation experience in the world that our customers will love.
The Home QE team is seeking a highly motivated Software Development Engineer in Test (SDET) who is passionate about analyzing and","[""develop technologies"", ""build experiences"", ""analyze iOS apps"", ""optimize iOS apps"", ""analyze systems"", ""optimize systems"", ""analyze frameworks"", ""optimize frameworks"", ""lead investigations"", ""pinpoint areas of improvement"", ""work cross functionally"", ""implement changes"", ""craft benchmarks"", ""craft tools"", ""streamline processes"", ""lead technical investigations"", ""improve stability"", ""develop tools"", ""develop automation frameworks""]",19,"[""iOS"", ""Python"", ""C/C++"", ""home automation""]",4,15,4,"{""Remember"": 0, ""Understand"": 0, ""Apply"": 3, ""Analyze"": 4, ""Evaluate"": 3, ""Create"": 5, ""N/A"": 4}",0.3248780266484579,0.251018204924788,0.1144132319249604,2,0.0,0.6697791347873685,0.8268421052631579,0.8999999999999999
in-25943c33b8b06d57,"Every aspect of our work, culture and commitment to innovation is driven by our core values. LOCATION: Onsite at Slingco's Head Office in Rawtenstall, Lancashire PAY & BENEFITS: Salary Dependant on Experience Company Pension – Enhanced Employer Contributions 30 Days Annual Leave – Increasing to 35 Birthday Off Life Insurance (x4 salary) Onsite Parking Gym Membership Cycle to Work Scheme Employee Loan Scheme Employee Assistance Programme (EAP) POSITION SUMMARY: We’re looking for a hands -on Data ","[""build enterprise data capability"", ""architect a modern data platform"", ""scale a modern data platform"", ""design products"", ""manufacture products"", ""test products to destruction"", ""provide a positive customer experience"", ""provide a positive employee experience"", ""work with utmost care and precision""]",9,"[""Data & AI"", ""oil & gas"", ""civil engineering"", ""aerospace"", ""transport"", ""utilities"", ""marine/offshore"", ""military"", ""safety critical applications"", ""cable installation"", ""cable handling""]",11,6,3,"{""Remember"": 0, ""Understand"": 0, ""Apply"": 2, ""Analyze"": 0, ""Evaluate"": 1, ""Create"": 3, ""N/A"": 3}",0.2188966613391942,0.1274977449149822,0.1215628812187596,6,0.0,0.6364054868480002,0.7966666666666666,0.8999999999999999
in-2bf49c3826340f07,"Come join us! Location: Singapore Reports to: Global Head of Broker Relations About the Team: The Broker Relations Team, which is responsible for developing and managing relationships within the global sell -side research community, sits within AlphaSense's Content Team, which is responsible for identifying, creating, licensing and integrating best -in -class content/data.
We value and uphold transparency, trust and accountability in our relationships within the team as well as with internal and","[""develop relationships"", ""manage relationships"", ""identify content"", ""create content"", ""license content"", ""integrate content"", ""grow collection""]",7,"[""sell-side research"", ""APAC"", ""global broker relations"", ""content/data integration""]",4,5,2,"{""Remember"": 0, ""Understand"": 0, ""Apply"": 2, ""Analyze"": 1, ""Evaluate"": 0, ""Create"": 2, ""N/A"": 2}",0.0423086011683575,0.0188042944002413,0.0418442901812101,17,0.0,0.645079995977143,0.8378571428571429,0.9000000000000001
in-29a1ec53620be6a8,"Harness is the AI Software Delivery Platform company, led by technologist and entrepreneur Jyoti Bansal (founder of AppDynamics, acquired by Cisco for $3 .7B).
If you believe that you have been the target of an interview/offer scam by someone posing as a representative of Harness, please do not provide any personal or financial information and contact us immediately at .
We offer solutions for every step of the software delivery lifecycle to build, test, secure, deploy and manage reliability, fe","[""qualify inbound interest"", ""convert inbound interest into pipeline"", ""respond quickly to prospects"", ""exceed sales expectations"", ""advance career in B2B software sales""]",5,"[""AI Software Delivery Platform"", ""Cloud Cost Management"", ""Feature Flags"", ""Service Reliability Management"", ""Security Testing Orchestration"", ""Chaos Engineering"", ""Software Delivery Knowledge Graph"", ""B2B software sales"", ""tech sales"", ""software delivery lifecycle""]",10,2,3,"{""Remember"": 0, ""Understand"": 1, ""Apply"": 1, ""Analyze"": 0, ""Evaluate"": 0, ""Create"": 0, ""N/A"": 3}",0.116269695041339,0.0152496079748894,0.1010200870664496,13,0.0,0.6236258236416001,0.7993,0.9
in-284b7cf30eb81914,"We will consider qualified applicants without regard to race, color, creed, religion, sex, sexual orientation, gender identity, national origin, citizenship, disability status, medical condition, pregnancy, protected veteran status, or any other characteristic protected by federal, state, or local law.
Job Description: Application Networking Security Business Unit As a technical support engineer, you will be providing support to customers, using VMware by Broadcom products, in isolating, diagnos","[""provide technical support to customers"", ""isolate technical issues"", ""diagnose technical issues"", ""reproduce technical issues"", ""fix technical issues"", ""innovate solutions"", ""lead initiatives"", ""challenge constraints"", ""tackle problems"", ""collaborate with team"", ""engage in active learning""]",11,"[""VMware by Broadcom products"", ""virtualization"", ""cloud infrastructure"", ""policy-driven automation"", ""software-defined data center"", ""hybrid cloud computing""]",6,5,6,"{""Remember"": 0, ""Understand"": 0, ""Apply"": 2, ""Analyze"": 1, ""Evaluate"": 1, ""Create"": 1, ""N/A"": 6}",0.1027310360502086,0.0360898740762903,0.0858753053765548,14,0.0,0.630887943168,0.819909090909091,0.9
in-2c3357aa80d35805,# Description The CNC Programmer role at Impulse will possess a comprehensive know -how of all CNC machining and programming operations.,"[""program CNC machines"", ""operate CNC machines""]",2,"[""CNC machining"", ""CNC programming""]",2,2,0,"{""Remember"": 0, ""Understand"": 0, ""Apply"": 0, ""Analyze"": 0, ""Evaluate"": 1, ""Create"": 1, ""N/A"": 0}",0.0,0.0,0.0,19,0.0,0.63011979072,0.78,0.9
in-2b0d7561fe568605,"You will work in a team of data engineers to develop data ingestion pipelines, create and mature data processing capabilities that ingest data into a data system used by GenAI applications.
Work includes but not limited to creation of the python code, tests, creation and modification of GitHub Action CICD pipelines, working with multiple cloud infrastructures and docker containers.
Job ID: 106488 - Boston - Chicago - New York City - San Francisco - Silicon Valley + 1 More Do you want to work on ","[""develop data ingestion pipelines"", ""create data processing capabilities"", ""create python code"", ""create tests"", ""create CI/CD pipelines"", ""modify CI/CD pipelines"", ""work with multiple cloud infrastructures"", ""work with docker containers"", ""work on complex challenges"", ""work closely with software engineers"", ""work closely with data scientists"", ""work closely with UI/UX designers"", ""work closely with other technologists""]",13,"[""Python"", ""GitHub Actions"", ""CI/CD"", ""cloud infrastructures"", ""AWS"", ""Azure"", ""GCP"", ""Docker"", ""data workflows"", ""knowledge graphs"", ""generative AI"", ""data system"", ""GenAI applications""]",13,8,5,"{""Remember"": 0, ""Understand"": 0, ""Apply"": 2, ""Analyze"": 1, ""Evaluate"": 0, ""Create"": 5, ""N/A"": 5}",0.2391788464451068,0.0774661680947354,0.2254902739273874,8,0.0,0.6498153079532311,0.7914615384615384,0.9000000000000001
in-2dbe2c923e947b35,"To be considered for the role of Electrical Engineer you need exposure to complex high value electrical projects, and a willingness to learn plant design in an upbeat, supportive environment. ECG Engineering offers a generous remuneration package, plus the opportunity to join an engineering firm with a workplace culture second to none.
If this sounds like the opportunity for you, apply via link below, orschedule a call with Mike Wylie (Perth, Australia!) for a confidential conversation on the ro","[""learn plant design"", ""apply for roles"", ""schedule calls"", ""engage in confidential conversations""]",4,"[""Electrical Engineering"", ""plant design"", ""complex high value electrical projects""]",3,1,3,"{""Remember"": 0, ""Understand"": 0, ""Apply"": 0, ""Analyze"": 0, ""Evaluate"": 0, ""Create"": 1, ""N/A"": 3}",0.0192309680737947,0.0,0.0192309680737947,18,0.0,0.6354546566400001,0.7831250000000001,0.9
in-2f5b3f13e615982a,"We’ll expect you to have proven design, implementation, and management of enterprise -grade networks using Cisco and Arista platforms with experience including, Arista Fabric with VxLAN on -prem deployment, Traditional Cisco enterprise deployment and extensive knowledge of layer 2 and 3 protocols to build scalable and resilient networks such as STP, OSPF, BGP, VxLAN, EVPN.
We’ll also look to you to conduct technical peer reviews of network changes and deployments to ensure quality and consistenc","[""design enterprise-grade networks"", ""implement enterprise-grade networks"", ""manage enterprise-grade networks"", ""build scalable and resilient networks"", ""conduct technical peer reviews"", ""deploy multicast market data delivery platforms"", ""troubleshoot multicast market data delivery platforms"", ""collaborate with Product Owners"", ""develop product roadmaps"", ""manage product lifecycle"", ""support engineered products"", ""respond to customer feedback"", ""resolve production issues"", ""help customers consume products"", ""lead VXLAN deployments"", ""ensure seamless integration"", ""proactively contribute improvement ideas"", ""challenge and review designs""]",18,"[""Cisco"", ""Arista"", ""Arista Fabric"", ""VxLAN"", ""on-prem deployment"", ""Traditional Cisco enterprise deployment"", ""layer 2 protocols"", ""layer 3 protocols"", ""STP"", ""OSPF"", ""BGP"", ""EVPN"", ""financial services environments"", ""multicast market data delivery platforms"", ""data centre fabrics""]",15,11,7,"{""Remember"": 0, ""Understand"": 0, ""Apply"": 4, ""Analyze"": 1, ""Evaluate"": 2, ""Create"": 4, ""N/A"": 7}",0.1167724271044142,0.0434253751687952,0.0880221134737918,13,0.0,0.6483291256319998,0.8329444444444445,0.8999999999999999
in-30cac704112e9e05,"ServiceNow Project Manager (OCM Experience) Contract Type: 3 .5 Month Contract – Outside IR35 Location: Hybrid – 1 day per week onsite (Canary Wharf, London) Start: ASAP Role Overview We are seeking an experienced ServiceNow Project Manager to lead the delivery of a ServiceNow programme within a large enterprise environment.
This is a 3 .5 -month contract (Outside IR35 ), requiring strong delivery governance, stakeholder engagement, and demonstrable experience managing ServiceNow implementations","[""lead ServiceNow programme delivery"", ""manage ServiceNow implementations"", ""manage delivery governance"", ""engage stakeholders"", ""manage organisational change"", ""ensure user adoption"", ""align stakeholders"", ""transition to business-as-usual operations""]",8,"[""ServiceNow"", ""Organisational Change Management (OCM)"", ""large enterprise environment""]",3,2,6,"{""Remember"": 0, ""Understand"": 0, ""Apply"": 1, ""Analyze"": 0, ""Evaluate"": 0, ""Create"": 1, ""N/A"": 6}",0.0,0.0,0.0,19,0.0,0.6422965905600001,0.85375,0.9
in-30af647e83a32e8c,"This position requires strong frontend and platform -level experience, the ability to lead complex technical initiatives, and the capability to support predictable, reliable delivery. ABOUT US Xsolla is a global commerce company with robust tools and services to help developers solve the inherent challenges of the video game industry.
The Tech Lead shapes the platform’s architecture, improves developer workflows, and ensures high -quality, scalable solutions that support storefronts, widgets, an","[""lead complex technical initiatives"", ""support predictable, reliable delivery"", ""shape platform architecture"", ""improve developer workflows"", ""ensure high-quality, scalable solutions"", ""guide a team of developers"", ""provide technical leadership""]",7,"[""frontend"", ""platform"", ""storefronts"", ""widgets"", ""monetization"", ""video game industry"", ""commerce"", ""architecture"", ""developer workflows"", ""scalable solutions"", ""Xsolla ecosystem"", ""user-facing experiences""]",12,3,4,"{""Remember"": 0, ""Understand"": 0, ""Apply"": 0, ""Analyze"": 1, ""Evaluate"": 0, ""Create"": 2, ""N/A"": 4}",0.2671183611217298,0.0614944176862929,0.2671183611217298,6,0.0,0.6519998624914286,0.8581428571428573,0.9000000000000001
in-31a68bf771762bbc,"If they join us, you’ll get a referral bonus as a thank you. Diversity, Equity, Inclusion & Belonging at Oakland At Oakland, we believe that diverse perspectives drive better outcomes for our people, our clients, and our business.
Occasional travel to client sites may also be required. The role: Thanks to growth in our client base, we are on the lookout for a mid -level Business Analyst to join our team.
This balance helps us stay connected, learn from each other, and build strong relationships ","[""analyze business challenges"", ""solve business challenges"", ""travel to client sites"", ""build strong relationships"", ""learn from each other""]",5,"[""Business Analysis"", ""Utilities"", ""Telecommunications"", ""Media"", ""Financial Services"", ""Public Sector""]",6,2,3,"{""Remember"": 0, ""Understand"": 0, ""Apply"": 1, ""Analyze"": 1, ""Evaluate"": 0, ""Create"": 0, ""N/A"": 3}",0.0687083266850415,0.0138554093651916,0.0548529173198499,15,0.0,0.6561098173440001,0.7995000000000001,0.9
in-32372b2a70a2998c,"You enjoy working collaboratively and take pride in delivering high -quality work.
Mō mātou | About us As a proudly kaupapa Māori tertiary educator, ‘tauira success’ is our mission and ‘whānau transformation through education’ is our vision.
These guide our commitment to delivering high -quality education programmes underpinned by Māori culture, values and Te Kaupapa Matua.
In this role, you will design and develop research -informed, engaging learning experiences that form the foundation for de","[""design learning experiences"", ""develop learning experiences"", ""work collaboratively"", ""deliver high-quality work"", ""ensure pedagogical soundness"", ""ensure cultural responsiveness"", ""align resources to outcomes""]",7,"[""M\u0101ori culture"", ""Te Kaupapa Matua"", ""pedagogy"", ""online learning"", ""blended learning"", ""regulatory requirements"", ""continuous improvement processes""]",7,5,2,"{""Remember"": 0, ""Understand"": 0, ""Apply"": 1, ""Analyze"": 2, ""Evaluate"": 0, ""Create"": 2, ""N/A"": 2}",0.0404501970391285,0.0404501970391285,0.0,16,0.0,0.6538008178285716,0.8492857142857143,0.9000000000000001
in-35b0fd014582dbaf,"Are you ready to meet your team?
We inspire possibilities, make shopping ridiculously easy, and help create special moments at home.
Trail Appliances is looking for a Business Development Manager (BDM) to lead and expand our Multi -Family Builder Sales team across BC.
Do you thrive in fast -paced environments where collaboration and execution matter?
Determination – We kick down walls.
Authenticity – We like people, not pretense.
Then we do it better.
Improvement – We do it well.
Join our team o","[""lead a team"", ""expand sales operations"", ""thrive in fast-paced environments"", ""collaborate with others"", ""execute strategies"", ""deliver exceptional customer experience"", ""build strong teams"", ""drive growth""]",8,[],0,4,4,"{""Remember"": 0, ""Understand"": 0, ""Apply"": 3, ""Analyze"": 0, ""Evaluate"": 1, ""Create"": 0, ""N/A"": 4}",0.008977124067331,0.008977124067331,0.0,18,0.0,0.6113418116400001,0.798125,0.9
in-35e79000a6810bd1,"Job Description The Role: We are seeking a highly skilled and experienced Senior Software Engineer to join our Continuous Integration Continuous Deployment (CICD) and Embedded Software Development Tools Group.
As a Senior Software Engineer specializing in DevOps, you will play a crucial role in supporting our CICD pipelines with build and test capabilities to support GM’s embedded software production.","[""support CI/CD pipelines"", ""develop embedded software tools""]",2,"[""Continuous Integration"", ""Continuous Deployment"", ""DevOps"", ""embedded software""]",4,2,0,"{""Remember"": 0, ""Understand"": 0, ""Apply"": 0, ""Analyze"": 0, ""Evaluate"": 1, ""Create"": 1, ""N/A"": 0}",0.1456986010414234,0.0714675393071778,0.1112547416436045,12,0.0,0.70303514112,0.81,0.9
in-34c6520c08d55db7,"The energy behind the brand is infectious, and as we grow, we are always looking for extraordinary talent who want to be part of this our success and help drive our limitless ambitions. About Your Role A Charlotte Tilbury Retail Artist is the true heart of where all the magic happens in our stores and counters.
Based on the shop floor, you are responsible for encompassing our mission of empowering our customers to be the most beautiful version of themselves, so they have the confidence to achiev","[""apply makeup"", ""adapt makeup style to different customers"", ""build lasting emotional connections"", ""adapt approach to activities and customers"", ""build solid relationships with team members"", ""champion world-class artistry"", ""exceed expectations"", ""work at a fast pace to achieve KPIs"", ""follow company grooming standards""]",9,"[""beauty"", ""retail"", ""FMCG"", ""NVQ-3 in Beauty Therapy"", ""artistry"", ""customer experience"", ""KPI"", ""structured induction programme"", ""Charlotte\u2019s Magic Academy""]",9,2,7,"{""Remember"": 0, ""Understand"": 0, ""Apply"": 2, ""Analyze"": 0, ""Evaluate"": 0, ""Create"": 0, ""N/A"": 7}",0.0582934084691499,0.0,0.0582934084691499,16,0.0,0.6474619875200002,0.8033333333333333,0.8999999999999999
in-3556957cea163733,"Strong understanding and hands -on experience with Azure DevOps tools like Azure Boards for project management, Azure Repos for version control, Azure Test Plans for test management, and Azure Artifacts for package management. For applications and inquiries, contact: hirings@openkyber.com
Scripting and Automation: Proficiency in scripting languages like PowerShell, Bash, or Python to automate tasks and build deployment pipelines.
Source Control: Familiarity with Git and experience with source co","[""automate tasks"", ""build deployment pipelines"", ""manage source control"", ""provision cloud infrastructure"", ""manage cloud infrastructure"", ""provision infrastructure"", ""manage infrastructure"", ""set up Jenkins"", ""configure Jenkins"", ""install plugins"", ""create build jobs"", ""manage build jobs"", ""integrate with source control systems"", ""integrate with other tools""]",14,"[""Azure DevOps"", ""Azure Boards"", ""Azure Repos"", ""Azure Test Plans"", ""Azure Artifacts"", ""PowerShell"", ""Bash"", ""Python"", ""Git"", ""Azure administration"", ""networking"", ""Terraform"", ""Ansible"", ""CI/CD pipeline"", ""Azure Resource Manager (ARM) templates"", ""Azure Bicep"", ""Azure Pipelines"", ""Azure Functions"", ""Azure App Service"", ""Azure Storage"", ""Jenkins""]",21,14,0,"{""Remember"": 0, ""Understand"": 0, ""Apply"": 4, ""Analyze"": 4, ""Evaluate"": 0, ""Create"": 6, ""N/A"": 0}",0.2837379726622066,0.1419290426740569,0.2321134253552085,6,0.0,0.6376367760480003,0.825392857142857,0.9000000000000001
in-35e03ae1caff1780,"Jira, Confluence, Excel) Excellent communication and leadership skills Problem -solving and conflict -resolution ability Outstanding organizational skills Pay: $1,800 .00 - $3,000 .00 per month Work Location: In person
Scrum, Kanban, XP, Automated Testing) Good knowledge of Project Management tools (e.g.
As an Assistant Project Manager, you will be responsible for creating strong delivery processes and ensuring on -time delivery for your agile teams.
You will collaborate with cross -functional t","[""create strong delivery processes"", ""ensure on-time delivery"", ""collaborate with cross-functional teams"", ""drive product from conception to rollout"", ""provide visibility on progress and timelines"", ""communicate effectively"", ""lead teams"", ""solve problems"", ""resolve conflicts"", ""organize work and processes""]",10,"[""Jira"", ""Confluence"", ""Excel"", ""Scrum"", ""Kanban"", ""Automated Testing"", ""Project Management tools""]",7,4,6,"{""Remember"": 0, ""Understand"": 0, ""Apply"": 2, ""Analyze"": 1, ""Evaluate"": 0, ""Create"": 1, ""N/A"": 6}",0.1320955583923741,0.0,0.1320955583923741,14,0.0,0.6394600841760001,0.81175,0.9
in-3a25de1e948c9510,"Explore our mission, values, and the world we're building at mambu.com/careers.
We are committed to providing equal opportunities for applicants with disabilities; if you need assistance during the application process, please contact talent.acquisition@mambu.com.
You act as the primary technical leader for customers, guiding them through solution design, orchestrating complex ecosystems, and ensuring successful adoption of Mambu’s composable banking platform.As a Senior Integration Consultant, y","[""lead solution design"", ""orchestrate complex ecosystems"", ""ensure successful adoption of platforms"", ""lead design and delivery of integration architectures"", ""guide customers""]",5,"[""cloud-native architecture"", ""scalable integration architecture"", ""digital banking"", ""composable banking platform"", ""SaaS"", ""fintech""]",6,4,1,"{""Remember"": 0, ""Understand"": 0, ""Apply"": 0, ""Analyze"": 1, ""Evaluate"": 0, ""Create"": 3, ""N/A"": 1}",0.0740729156293367,0.0139935110003824,0.0740729156293367,15,0.0,0.6852514801371429,0.8162857142857144,0.9
in-37ed4cd194d9bd61,"Working in close partnership with the Head of Delivery, Product Management, and senior stakeholders, you will ensure the planning function is a centre of excellence, one that combines clear role accountability, adaptive delivery models, and a relentless focus on value.
This role is accountable for developing and embedding the methods, frameworks, and governance needed to scale programmes up or down in response to strategic priorities and delivery capacity.
# Senior Portfolio & Planning Manager R","[""develop methods and frameworks"", ""embed governance"", ""scale programmes"", ""lead planning capability"", ""grow a team"", ""build a high-performing team"", ""deliver complex initiatives"", ""ensure planning function excellence"", ""work in partnership with stakeholders""]",9,"[""governance"", ""delivery models"", ""strategic priorities"", ""planning capability"", ""programme management""]",5,4,5,"{""Remember"": 0, ""Understand"": 0, ""Apply"": 2, ""Analyze"": 0, ""Evaluate"": 0, ""Create"": 2, ""N/A"": 5}",0.1191837832848551,0.043566756109454,0.0918189243266457,12,0.0,0.6264971246400001,0.8042222222222222,0.8999999999999999
in-366ed5fb266e1ee3,"May telecommute.
Uphold high standards for code quality, documentation, and platform usability.
Support teammates through design reviews, code reviews, and technical mentorship.
Employer: Uber Technologies, Inc. Job Title: Software Engineer Job Location: San Francisco, California Job Type: Full Time Rate of Pay: $167,000 to $204,000 per year You will be eligible to participate in Uber's bonus program, and may be offered other types of comp.
Position Requires: Software backend development; Progra","[""develop high-performance data ingestion systems"", ""test high-performance data ingestion systems"", ""deploy high-performance data ingestion systems"", ""enhance platform performance"", ""enhance platform scalability"", ""implement robust observability"", ""implement robust monitoring"", ""implement robust alerting"", ""operate distributed systems"", ""build monitoring systems"", ""uphold standards for code quality"", ""support teammates through design reviews"", ""support teammates through code reviews"", ""provide technical mentorship"", ""work closely with stakeholders"", ""work closely with partner teams""]",16,"[""software backend development"", ""Java"", ""C++"", ""Python"", ""distributed systems"", ""Spark"", ""HDFS"", ""Yarn"", ""Apache Flink"", ""OCI"", ""AWS"", ""Azure"", ""Apache Iceberg"", ""Apache Hudi"", ""DeltaLake""]",15,10,6,"{""Remember"": 0, ""Understand"": 0, ""Apply"": 3, ""Analyze"": 1, ""Evaluate"": 2, ""Create"": 4, ""N/A"": 6}",0.2467850980155399,0.0592156117794125,0.2178343741517318,7,0.0,0.671214456,0.83240625,0.9
in-361c0675a3147072,"Job Details: Salary Range: £32,061 - £33,699 per annum Work Location: Hampshire and Isle of Wight Fire and Rescue Service HQ, Eastleigh Hours per week: 37 Contract Type: Permanent Closing Date: 6 April 2026 Join Our Team as Planning and Change Officer!
Are you ready to contribute to the Services Planning and Change Management processes ensuring critical business activities are achieved according to timelines and expectations.
Hampshire and Isle of Wight Fire and Rescue Service (HIWFRS) are looki","[""facilitate annual planning cycle"", ""work closely with stakeholders"", ""monitor progress of change activity"", ""monitor progress of impact assessments"", ""perform data analysis"", ""generate insights"", ""ensure critical business activities are achieved"", ""communicate effectively"", ""organize work"", ""proactively manage tasks"", ""apply methodical approach""]",11,"[""Planning and Change Management processes"", ""assurance"", ""corporate governance"", ""change management"", ""data analysis""]",5,6,5,"{""Remember"": 0, ""Understand"": 0, ""Apply"": 1, ""Analyze"": 2, ""Evaluate"": 1, ""Create"": 2, ""N/A"": 5}",0.0768513077183773,0.0172331420689662,0.0768513077183773,15,0.0,0.6436164014836364,0.8168181818181818,0.9
in-368b730dfbfb2c56,"About the job The ideal candidate is a Licensed/Registered Architect with strong technical expertise who can work independently and collaboratively with the Principal and other discipline coworkers at Gold Land Architects and Engineers.
Job Types: Full -time, Permanent Benefits: Casual dress Dental care Extended health care On -site parking Vision care Ability to commute/relocate: Toronto, ON M1V 1V2: reliably commute or plan to relocate before starting work (required) Experience: professional (","[""work independently"", ""collaborate with team"", ""design residential projects"", ""design mixed-use projects"", ""design commercial projects"", ""use Revit"", ""use AutoCAD"", ""use Bluebeam"", ""design mid-rise residential"", ""design high-rise residential""]",10,"[""Revit"", ""AutoCAD"", ""Bluebeam"", ""Architecture"", ""Residential"", ""Mixed-use"", ""Commercial"", ""Mid-rise"", ""High-rise"", ""OAA""]",10,8,2,"{""Remember"": 0, ""Understand"": 0, ""Apply"": 3, ""Analyze"": 0, ""Evaluate"": 0, ""Create"": 5, ""N/A"": 2}",0.0855883374160834,0.0486317840742792,0.0846093686003434,15,0.0,0.6899483911679999,0.8109999999999999,0.9
in-4249d42ce8b49e38,"An extraordinarily talented group of individuals work together every day to drive TNS' success, from both professional and personal perspectives.
Come join the excellence!
Overview SUMMARY OF ROLE This role will involve participation at all stages of the project lifecycle, including contribution to pre‑sales and bids, requirements analysis, solution design and systems architecture, documentation, testing, implementation, and post‑implementation support.
TNS is an equal opportunity employer.
TNS ","[""participate in project lifecycle"", ""contribute to pre-sales and bids"", ""analyze requirements"", ""design solutions"", ""design systems architecture"", ""create documentation"", ""perform testing"", ""implement systems"", ""provide post-implementation support""]",9,[],0,9,0,"{""Remember"": 0, ""Understand"": 0, ""Apply"": 3, ""Analyze"": 1, ""Evaluate"": 2, ""Create"": 3, ""N/A"": 0}",0.2086774433260202,0.2086774433260202,0.0,7,0.0,0.6485296715200001,0.8589444444444445,0.8999999999999999
in-3a40f4b75ecb8f1e,"The salary range for this role is $205,000 - $212,500 USD annually. The total compensation package for this position is negotiable and may also include annual performance bonus, ESPP, enhanced time off packages and benefits.
Consensus is a trailblazer in our industry and believes that data transformation will reshape the world of healthcare.
Security clearance at the Public Trust level or higher preferred. Additional details… Location requirements: Fully remote within the U.S. (Los Angeles or La","[""champion a DevOps culture and practices"", ""provide expert full-stack support to software engineering teams"", ""integrate DevOps methodologies into development and deployment workflows"", ""develop internal tooling, modules, and libraries"", ""implement new projects"", ""maintain and enhance existing platforms"", ""focus on automation, resiliency, availability, scalability, and performance"", ""contribute to the development of RFCs, standards, and frameworks"", ""partner closely with Engineering and Information Security peers"", ""develop infrastructure solutions"", ""follow established best practices and design patterns"", ""drive the automation and optimization of operations"", ""support the tooling, pipelines, frameworks, and other technologies"", ""work collaboratively with a diverse team"", ""automate and streamline the entire software delivery lifecycle""]",15,"[""Java"", ""Python"", ""Node"", ""Infrastructure as Code (IaC)"", ""AWS Cloud infrastructure"", ""CI/CD platforms"", ""open-source technologies"", ""frameworks"", ""HL7/FHIR"", ""Natural Language Processing (NLP)"", ""Artificial Intelligence (AI)"", ""DevOps"", ""software engineering"", ""Information Security"", ""cloud fax"", ""interoperability solutions"", ""healthcare standards""]",17,11,4,"{""Remember"": 0, ""Understand"": 0, ""Apply"": 3, ""Analyze"": 0, ""Evaluate"": 1, ""Create"": 7, ""N/A"": 4}",0.2949767536705553,0.1306267080987661,0.2669357977415386,6,0.0,0.6684057113417142,0.8181468253968256,0.9000000000000001
in-427c59728dce7b1c,"This is a high -impact, cross -functional role at the heart of Tandems’ transformation.
Senior Product ManagerLocation: Canada (Remote) Come thrive at Tandems! At Tandems, we’re reimagining the future of financial advice.
We empower financial advisors to deliver smarter, more human guidance by combining data, empathy, and artificial intelligence.
Partnering with leading financial institutions, we deploy intelligent software and AI to enhance advisor productivity and deepen client relationships -","[""lead product development"", ""embed AI capabilities"", ""shape user workflows"", ""work with cross-functional teams"", ""define product vision"", ""deliver AI-powered products"", ""blend machine learning with design"", ""drive innovation"", ""influence company strategy"", ""conceptualize AI integration"", ""integrate AI across ecosystems""]",11,"[""machine learning"", ""behavioral insights"", ""human-centered design"", ""financial advice"", ""financial institutions"", ""advisor tools"", ""client engagement"", ""portfolio management"", ""Product Management""]",9,8,3,"{""Remember"": 1, ""Understand"": 0, ""Apply"": 4, ""Analyze"": 0, ""Evaluate"": 0, ""Create"": 3, ""N/A"": 3}",0.1872761941190375,0.0686668015562294,0.1662645371336686,10,0.0,0.6380311062109091,0.8140909090909091,0.9
in-443f3ba3c65aa81b,"The Canada base salary range for this full -time position is expected to be between $96,800 - $118,300 annually.
Preferred Qualifications Experience with Express.js or similar Node.js frameworks. Experience involving real -time networking and/or cloud -native development. Familiarity with cloud platforms (GCP) is a plus.
Technical Skills & Qualifications JavaScript Ecosystem: Strong fundamentals in JavaScript (ES6 +) , TypeScript , and Node.js . Backend Fundamentals: Basic proficiency in Golang ","[""build web applications"", ""deploy high-scale communication systems"", ""secure high-scale communication systems"", ""write clean concurrent code"", ""work across a diverse modern stack"", ""learn how to deploy and secure systems""]",6,"[""Express.js"", ""Node.js"", ""real-time networking"", ""cloud-native development"", ""GCP"", ""JavaScript"", ""ES6+"", ""TypeScript"", ""Golang"", ""structs"", ""interfaces"", ""React"", ""SQL"", ""PostgreSQL"", ""distributed caching"", ""Redis"", ""Linux"", ""Git"", ""containerization"", ""Kubernetes"", ""VoIP protocols"", ""SIP"", ""RTP"", ""API development"", ""backend services"", ""full-stack development"", ""web portal""]",27,2,4,"{""Remember"": 0, ""Understand"": 0, ""Apply"": 0, ""Analyze"": 0, ""Evaluate"": 0, ""Create"": 2, ""N/A"": 4}",0.2530618249092288,0.0495151915863704,0.2498275468223973,9,0.0,0.6673934965028572,0.800357142857143,0.9
in-45b09437e6f9d734,"# Principal DevOps Engineer - Azure Location: London (Hybrid) | Practice Area: Technology & Engineering | Type: Permanent # Build the Future of Financial Services with Scalable, Secure DevOps Solutions # The Role As a Principal DevOps Engineer at Capco, you'll lead the design, implementation, and evolution of cloud -based platforms that transform the financial services industry.
You'll work across multi -disciplinary teams to build automation pipelines, embed modern DevOps practices, and guide e","[""lead design of cloud-based platforms"", ""lead implementation of cloud-based platforms"", ""lead evolution of cloud-based platforms"", ""work across multi-disciplinary teams"", ""build automation pipelines"", ""embed modern DevOps practices"", ""guide engineers"", ""deliver digital solutions"", ""thrive in an agile environment"", ""solve complex problems at scale""]",10,"[""Azure"", ""DevOps"", ""cloud-based platforms"", ""automation pipelines"", ""financial services industry""]",5,7,3,"{""Remember"": 0, ""Understand"": 0, ""Apply"": 5, ""Analyze"": 0, ""Evaluate"": 0, ""Create"": 2, ""N/A"": 3}",0.1180595657467165,0.0774856814903362,0.1049927811873586,13,0.0,0.6417976900608,0.8082500000000001,0.9
in-476230db996030ac,"Locations Bristol, United Kingdom / Cardiff, United Kingdom / Glasgow, United Kingdom / Newcastle Upon Tyne, United Kingdom Country United Kingdom Contract type Permanent Work pattern Full Time Market Energy Discipline Energy, Civil Job ref 13628 Recruiter contact Abhijeet Barpanda Location/s: Glasgow/Brighton/Cardiff Recruiter contact: Abhijeet Barpanda Mott MacDonald is a global engineering, management, and development consultancy with over 20,000 employees across more than 50 countries and 14","[""design engineering"", ""experience structural engineering"", ""experience energy projects""]",3,"[""Civil Engineering"", ""Structural Engineering"", ""Professional Engineer License""]",3,3,0,"{""Remember"": 0, ""Understand"": 0, ""Apply"": 1, ""Analyze"": 0, ""Evaluate"": 0, ""Create"": 2, ""N/A"": 0}",0.0949937225592162,0.0949937225592162,0.0,13,0.0,0.6192826838400003,0.8650000000000002,0.9
in-4680a02c6d0fe13f,"Competitive, business -focused technologists at heart, they are also dedicated team players that take pride in team and company wins.
The company is a pioneer of global distributed collaboration, with 1000 + colleagues in 70 + countries and very few roles based in offices.
Canonical provides a unique window into the world of 21st -century digital business. # Canonical is an equal opportunity employer We are proud to foster a workplace free from discrimination.
We often say that our field enginee","[""explain solutions and products"", ""collaborate in a distributed team"", ""adapt to pace of change"", ""learn customer language and industries"", ""apply expert insights to customer problems"", ""develop low-level Linux boot, BIOS, firmware and embedded software"", ""code proficiently"", ""script proficiently"", ""build things reliably, efficiently and cost-effectively"", ""enable enterprise adoption of technologies""]",10,"[""Linux"", ""BIOS"", ""firmware"", ""embedded software"", ""open source stack"", ""kernel"", ""desktop"", ""cloud"", ""embedded"", ""Ubuntu"", ""OpenStack"", ""Kubernetes"", ""AI/MLOps"", ""Automotive"", ""distributed collaboration"", ""digital business""]",16,6,4,"{""Remember"": 0, ""Understand"": 0, ""Apply"": 3, ""Analyze"": 1, ""Evaluate"": 0, ""Create"": 2, ""N/A"": 4}",0.21569307066923,0.0616097270765167,0.1937924868182132,9,0.0,0.6625310040576,0.8060833333333333,0.9
in-431768e5d2264d2d,"Familiarity with React Native, related tools (Metro, Hermes), and bridging between JavaScript and native code.
Refactoring and upgrading the codebase to pay down tech debt, keep up with the state of the art in web development, and drive progress toward better maintainability.
What you have: 3 + years of working with JavaScript tools and the Node.js ecosystem.
Familiarity with and a desire to work across multiple programming languages (generally including JavaScript/TypeScript, Python, Rust, Kotl","[""refactor and upgrade codebase"", ""drive progress toward better maintainability"", ""work with JavaScript tools"", ""work across multiple programming languages"", ""orchestrate CI/CD"", ""develop and maintain CLI tools and packages"", ""write maintainable code"", ""deliberately document for the future"", ""understand tools involved in frontend development"", ""optimize performance of bundlers, linters, and formatters"", ""adopt and test new features early on"", ""continuously improve the developer experience"", ""maintain or write plugins for tools"", ""write new and unique tools"", ""become an expert in JavaScript tooling"", ""serve as a resource to help teams solve problems"", ""build and maintain tools, pipelines, and processes"", ""continuously improve build tooling, developer workflows, and infrastructure"", ""develop and operate foundational JavaScript build systems"", ""enable internal developers to ship features quickly and safely""]",20,"[""React Native"", ""Metro"", ""Hermes"", ""JavaScript"", ""native code"", ""Node.js"", ""TypeScript"", ""Python"", ""Rust"", ""Kotlin"", ""Swift"", ""CI/CD"", ""Cloudflare workers"", ""cloud storage providers"", ""application deployment processes"", ""CLI tools"", ""frontend development"", ""localization"", ""bundlers"", ""linters"", ""formatters"", ""editor plugins"", ""package managers"", ""automation"", ""web development"", ""desktop platforms"", ""mobile platforms""]",27,15,5,"{""Remember"": 0, ""Understand"": 0, ""Apply"": 2, ""Analyze"": 0, ""Evaluate"": 2, ""Create"": 11, ""N/A"": 5}",0.3036071194062087,0.1295977533191018,0.2819390397322805,6,0.0,0.6622785015222858,0.7850130952380951,0.8999999999999998
in-487df2b1087d73fa,"YOLO -seg, SAM) Ability to work independently and collaboratively in a multidisciplinary environment. Strong analytical, problem -solving, and communication skills. Prior experience in grant writing, project management, or mentoring students is advantageous.
The successful candidate will lead research that applies AI to tackle challenges in aquaculture and drug delivery, interface of materials science, biology, and computational modeling.
The School of Materials Science and Engineering (MSE) at ","[""work independently"", ""work collaboratively in a multidisciplinary environment"", ""apply AI to tackle challenges"", ""lead research"", ""write grants"", ""manage projects"", ""mentor students""]",7,"[""YOLO"", ""SAM"", ""Artificial Intelligence"", ""Aquaculture"", ""Drug Delivery"", ""Materials Science"", ""Biology"", ""Computational Modeling""]",8,2,5,"{""Remember"": 0, ""Understand"": 0, ""Apply"": 1, ""Analyze"": 0, ""Evaluate"": 0, ""Create"": 1, ""N/A"": 5}",0.1365214893692418,0.0449459870391659,0.1365214893692418,13,0.0,0.6466009935085716,0.802857142857143,0.9000000000000001
in-4aae1652e7ec2129,"You will build and scale service operations and foster a culture of accountability, continuous improvement, and customer success.
If you're ready to see your impact and unlock incredible career growth opportunities, join us, and build real world value. THE WORK: The PMO Director is responsible for the direction, governance, and management of all customer -facing projects worldwide.","[""build service operations"", ""scale service operations"", ""foster a culture of accountability"", ""foster a culture of continuous improvement"", ""foster a culture of customer success"", ""direct projects"", ""govern projects"", ""manage projects""]",8,"[""PMO"", ""customer-facing projects"", ""project governance""]",3,5,3,"{""Remember"": 0, ""Understand"": 0, ""Apply"": 4, ""Analyze"": 0, ""Evaluate"": 0, ""Create"": 1, ""N/A"": 3}",0.0547513232882296,0.0547513232882296,0.0228906342857762,16,0.0,0.6191701034400001,0.7987500000000001,0.9
in-4b8bdcf374513e65,"This role focuses on developing, maintaining, and troubleshooting interfaces between clinical and enterprise systems.
Epic Interface Engine Analyst Remote $82/HR (W2 Contract) Epic Interface Engine Analyst Overview We are seeking an Epic Interface Engine Analyst to support healthcare system integrations and data conversions using the Epic HealthConnect and Rhapsody integration engines.","[""develop interfaces between clinical and enterprise systems"", ""maintain interfaces between clinical and enterprise systems"", ""troubleshoot interfaces between clinical and enterprise systems"", ""support healthcare system integrations"", ""support data conversions""]",5,"[""Epic Interface Engine"", ""Epic HealthConnect"", ""Rhapsody"", ""healthcare system integrations"", ""data conversions"", ""integration engines""]",6,5,0,"{""Remember"": 0, ""Understand"": 0, ""Apply"": 1, ""Analyze"": 1, ""Evaluate"": 2, ""Create"": 1, ""N/A"": 0}",0.0570507250334087,0.0,0.0570507250334087,16,0.0,0.677293813234286,0.8353571428571429,0.9
in-4bfdb6f4c263beeb,"Entuitive is looking for an Intermediate Structural Engineer, based in our Edmonton office.",[],0,[],0,0,0,"{""Remember"": 0, ""Understand"": 0, ""Apply"": 0, ""Analyze"": 0, ""Evaluate"": 0, ""Create"": 0, ""N/A"": 0}",0.0,0.0,0.0,19,0.0,0.0,0.0,0.0
in-4607712162e9e8e3,"Knowledge of Page Object Model (POM) and TestNG/JUnit frameworks.
Implement REFramework to ensure scalable and robust bot performance.
Database Skills: Proficiency in SQL for data extraction, validation, and backend automation.
CI/CD Integration: Experience with version control tools (Git/Bitbucket) and integrating automation suites into Jenkins or Azure DevOps. Preferred Qualifications UiPath Advanced Developer Certification (UiARD).
Selenium Proficiency: Solid experience in Selenium WebDriver ",[],0,[],0,0,0,"{""Remember"": 0, ""Understand"": 0, ""Apply"": 0, ""Analyze"": 0, ""Evaluate"": 0, ""Create"": 0, ""N/A"": 0}",0.0,0.0,0.0,19,0.0,0.0,0.0,0.0
in-4cf5479496e4301e,"You will build dashboards and experiment analyses, track model and feature performance, and partner with engineers and data scientists to turn analysis into measurable business impact.
Overview: Role SummaryAs a Junior Analyst, you’ll measure, translate and prioritise data -driven insights to inform product and campaign decisions.","[""build dashboards"", ""conduct experiment analyses"", ""track model performance"", ""track feature performance"", ""partner with engineers"", ""partner with data scientists"", ""turn analysis into business impact"", ""measure data-driven insights"", ""translate data-driven insights"", ""prioritize data-driven insights"", ""inform product decisions"", ""inform campaign decisions""]",12,[],0,8,4,"{""Remember"": 0, ""Understand"": 1, ""Apply"": 3, ""Analyze"": 0, ""Evaluate"": 2, ""Create"": 2, ""N/A"": 4}",0.0231433517599358,0.0231433517599358,0.0,17,0.0,0.64906769304,0.8302083333333333,0.9
in-4aab702ede0af613,"Stakeholder Partnership Partner with Sales Leadership to define ""What Good Looks Like"" for each specific region and vertical. Provide real -time market data to hiring managers regarding salary bands, talent density, and competitor compensation. Challenge hiring managers when necessary - you are the expert on talent. 4 .
Strategic Sourcing & Headhunting Build and nurture a pipeline of top 1% sales talent (President’s Club winners, top 5% attainment). Map out competitor sales organisations and exe","[""partner with sales leadership"", ""provide real-time market data"", ""challenge hiring managers"", ""build and nurture a pipeline of talent"", ""map out competitor sales organisations"", ""execute targeted headhunting campaigns"", ""sell the company vision to passive candidates"", ""test a candidate's grasp of concepts"", ""thrive in ambiguity"", ""adapt quickly when priorities change"", ""use data to influence decisions"", ""track your own performance"", ""drive a rigorous interview process"", ""mentor other recruiters"", ""track conversion metrics"", ""optimise the funnel"", ""act as a strategic advisor"", ""conduct deep-dive competency interviews"", ""own the hiring strategy"", ""audit a candidate\u2019s sales acumen"", ""dig into deal mechanics"", ""assess candidates on specific deal mechanics"", ""filter out sellers by digging into their process""]",23,"[""MEDDIC"", ""MEDDPICC"", ""B2B SaaS"", ""Enterprise Software Sales"", ""sales terminology"", ""objection handling"", ""closing strategies"", ""Passthrough Rates"", ""Offer Acceptance Rates"", ""API"", ""Kong Konnect""]",11,17,6,"{""Remember"": 1, ""Understand"": 1, ""Apply"": 10, ""Analyze"": 1, ""Evaluate"": 3, ""Create"": 1, ""N/A"": 6}",0.1218004122470011,0.0495462187904516,0.0722541934565494,13,0.0,0.6311017115007206,0.7843928571428572,0.8999999999999997
in-4bd1ca2b1bfdfa6d,"Additionally, you will champion information architecture best practices, participate in audits, and maintain documentation to ensure consistency in information management processes. Job responsibilities Engages technical teams and business stakeholders to discuss and propose data architecture approaches to meet current and future needs Partner with the Lead Information Architect to build and enhance a modern data catalog and lineage platform for Corporate Technology, helping define data product ","[""champion information architecture best practices"", ""participate in audits"", ""maintain documentation"", ""engage technical teams and business stakeholders"", ""propose data architecture approaches"", ""partner with the Lead Information Architect"", ""build and enhance a modern data catalog and lineage platform"", ""help define data product taxonomies and ownership"", ""develop and maintain taxonomies"", ""develop and maintain metadata schemas"", ""develop and maintain data models"", ""engage with stakeholders"", ""gather requirements"", ""identify improvement opportunities"", ""design automated metadata ingestion processes"", ""integrate the catalog with various data services"", ""deliver self-service registration and governance"", ""develop high-quality data architecture solutions"", ""implement critical data architecture solutions"", ""build solutions for Data Catalog & Lineage"", ""build solutions for Entitlements"", ""build solutions for Data Retention and Destruction"", ""build solutions for Business Data Quality (BDQ)"", ""build solutions for Technical Data Quality (TDQ)"", ""take ownership of specific workstreams"", ""promote initiatives such as BCBS 239\u2013aligned traceability"", ""support aggregation accuracy"", ""support regulatory attestations""]",28,"[""information architecture"", ""data architecture"", ""data catalog"", ""lineage platform"", ""taxonomies"", ""metadata schemas"", ""data models"", ""automated metadata ingestion"", ""cloud-based technologies"", ""CT Data Strategy"", ""BCBS 239"", ""Corporate Technology""]",12,24,4,"{""Remember"": 1, ""Understand"": 0, ""Apply"": 2, ""Analyze"": 3, ""Evaluate"": 2, ""Create"": 16, ""N/A"": 4}",0.1913621346275093,0.0843691901190291,0.170219033642819,10,0.0,0.669677946964898,0.8376581632653062,0.8999999999999998
in-4e3bc9e1167b473b,"The reference Total Target Compensation (TTC) market range for this position, inclusive of annual base salary and the variable compensation target, is between Total Target Cash (TTC) 97,480 .23 - 183,600 .59 USD Annual This reflects how companies in a similar industry and geographic region generally pay for similar jobs.
Since the team is distributed between EMEA and US most of the meetings will occur during the morning. Travel: Might need to travel up to 5 times a year for team meetings or conf","[""redesign automation platforms"", ""rebuild automation platforms"", ""improve network programmability"", ""develop tools"", ""develop scalable distributed systems"", ""make automated network changes"", ""apply customer configurations"", ""collaborate with distributed team"", ""travel for team meetings""]",9,"[""Network Security""]",1,7,2,"{""Remember"": 0, ""Understand"": 0, ""Apply"": 2, ""Analyze"": 0, ""Evaluate"": 0, ""Create"": 5, ""N/A"": 2}",0.1464585031649171,0.1281432554689521,0.0482509638133802,11,0.0,0.6462983750068998,0.8336111111111113,0.8999999999999999
in-52e6f29b864a68b0,Retail Consultant - St Leonards About Bathroom Life We create dream bathrooms.,[],0,[],0,0,0,"{""Remember"": 0, ""Understand"": 0, ""Apply"": 0, ""Analyze"": 0, ""Evaluate"": 0, ""Create"": 0, ""N/A"": 0}",0.0,0.0,0.0,19,0.0,0.0,0.0,0.0
in-4fac46ba90c4b16c,"You will play a central role in developing and implementing advanced mathematical models that power the ToffeeX engineering design platform.
We are seeking outstanding candidates with a strong track record of high performance in academic or industrial settings.
Due to our recent growth, we have moved into a new office based in Central London where the team have a great space for collaboration.
ToffeeX has recently been named in the Startups.co.uk (https: www.linkedin.com/company/14033268/admin/p","[""develop mathematical models"", ""implement mathematical models"", ""deploy advanced algorithms"", ""integrate mathematical research"", ""create mechanical components"", ""collaborate with team""]",6,"[""mathematical models"", ""ToffeeX engineering design platform"", ""cloud platform"", ""microservice architecture"", ""optimization"", ""computational geometry"", ""machine learning"", ""engineering design technology"", ""artificial intelligence"", ""numerical simulation"", ""mathematical optimization""]",11,5,1,"{""Remember"": 0, ""Understand"": 0, ""Apply"": 1, ""Analyze"": 0, ""Evaluate"": 0, ""Create"": 4, ""N/A"": 1}",0.2185527524611465,0.0506499881603453,0.2047312824349654,9,0.0,0.68858836992,0.8500000000000001,0.9
in-4ede713a5581ba77,"Dental: with in -network and out -of -network benefit.
AD &D and supplemental insurance options to help ensure additional protection for you. + Happiness: Paid time off with flexibility to meet your life needs, including 5 weeks of vacation time, 7 health and wellness days, 3 floating holidays, as well as 6 company -paid holidays per year.
Vision: with in -network and out -of -network benefit. + Wealth: 401(k) with Roth option and matching contribution.
Actual salary offers will be determined by","[""develop production-quality code"", ""optimize technical solutions"", ""understand retail operations"", ""create personalized experiences""]",4,"[""retail data science"", ""optimization"", ""consumer packaged goods"", ""retail operations""]",4,4,0,"{""Remember"": 0, ""Understand"": 0, ""Apply"": 1, ""Analyze"": 0, ""Evaluate"": 1, ""Create"": 2, ""N/A"": 0}",0.0923253023780613,0.0448973024758302,0.0781961673184445,14,0.0,0.68485554432,0.8750000000000001,0.9
in-4e8588b946d21212,"You’ll design dashboards, reports, visualizations, and export flows that help strategic users answer real questions: What is working, what is not, and what should we do next?
YOUR MISSION As a Senior Product Designer focused on Customer Insights, you’ll design experiences that help admins, buyers, and managers understand the value of collaboration in Mural.
You’ll translate complex behavioral data into clear, trustworthy, and motivating stories that show return on investment, collaboration healt","[""design dashboards"", ""design reports"", ""design visualizations"", ""design export flows"", ""design experiences"", ""translate complex behavioral data into clear stories"", ""balance business goals with user trust"", ""work in ambiguity"", ""collaborate deeply with data partners"", ""design tools that support decision-making"", ""create fun, share-worthy moments of reflection"", ""turn data into insight"", ""leverage data to showcase transformational value""]",13,"[""ROI reporting"", ""B2B products"", ""collaboration analytics"", ""productivity metrics"", ""organizational health indicators"", ""AI-assisted insights"", ""consumer-driven insights"", ""customer success"", ""enablement"", ""admin-focused tooling"", ""Mural""]",11,10,3,"{""Remember"": 0, ""Understand"": 1, ""Apply"": 1, ""Analyze"": 0, ""Evaluate"": 1, ""Create"": 7, ""N/A"": 3}",0.2249890486684529,0.0947610418287007,0.1302280068397522,7,0.0,0.6566075157425936,0.8042032967032966,0.9000000000000001
in-53f9dbfe59309995,"If you like working in a close -knit family atmosphere Olympic Homes is the place for you.
Olympic Homes is looking for a Drafting Technician for a 1 -year term who will report to the Operations Manager of the division.
We work as a team to go above and beyond to help our customers build the home of their dreams.","[""work in a close-knit family atmosphere"", ""report to the Operations Manager"", ""work as a team"", ""go above and beyond to help customers"", ""help customers build homes""]",5,[],0,0,5,"{""Remember"": 0, ""Understand"": 0, ""Apply"": 0, ""Analyze"": 0, ""Evaluate"": 0, ""Create"": 0, ""N/A"": 5}",0.0,0.0,0.0,19,0.0,0.6284093348571429,0.7441714285714285,0.9
in-54a14ff32d718ad0,"Business Development Director, APAC will identify and develop new business opportunities for Vantage within the AI infrastructure ecosystem—focusing on foundational model developers, GPUaaS providers, OEMs, and hyperscalers.
Developing and operating across North America, EMEA and Asia Pacific, Vantage has evolved data center design in innovative ways to deliver dramatic gains in reliability, efficiency and sustainability in flexible environments that can scale as quickly as the market demands.","[""identify new business opportunities"", ""develop new business opportunities"", ""develop and operate across regions"", ""evolve data center design"", ""deliver gains in reliability, efficiency and sustainability"", ""scale environments quickly""]",6,"[""AI infrastructure ecosystem"", ""foundational model developers"", ""GPUaaS providers"", ""OEMs"", ""hyperscalers"", ""data center design"", ""North America"", ""EMEA"", ""Asia Pacific""]",9,4,2,"{""Remember"": 0, ""Understand"": 0, ""Apply"": 2, ""Analyze"": 0, ""Evaluate"": 0, ""Create"": 2, ""N/A"": 2}",0.0184269039254439,0.0,0.0184269039254439,18,0.0,0.6269031652800001,0.8141071428571429,0.9
in-5673cefe021ebc42,"Among the college’s most popular programs are Liberal Arts and Humanities, Nursing, EMT/Paramedic, Business Administration, and the Arts— reflecting a diverse student body with varied academic and professional interests.
PVCC’s Honors Program offers a rigorous academic experience for high -achieving students seeking greater intellectual engagement and leadership development.
PVCC fosters a vibrant and inclusive campus culture that supports the whole student.
A robust network of student services ","[""design audio systems"", ""install audio systems"", ""operate audio systems for concerts and events"", ""serve as a lab monitor for an electronic music lab"", ""assist students with audio hardware questions"", ""assist students with audio software questions"", ""adapt to a varying work schedule due to events"", ""work evenings and weekends for events""]",8,"[""audio system"", ""electronic music lab"", ""audio hardware"", ""audio software""]",4,6,2,"{""Remember"": 0, ""Understand"": 0, ""Apply"": 1, ""Analyze"": 3, ""Evaluate"": 1, ""Create"": 1, ""N/A"": 2}",0.0410577460339194,0.0222049782767001,0.0410577460339194,17,0.0,0.6408326319634287,0.7525178571428572,0.9
in-5a117bdee62644fa,"Excellent communication, stakeholder management, and documentation skills with continuous improvement mindset. Being You The “Kyn” in Kyndryl means kinship, which represents the strong bonds we have with each other, our customers and our communities.
Join us and experience a flexible, supportive environment where your well -being is prioritized and your potential can thrive. The Role Kyndryl’s Security & Resiliency is one of our most critical practices, ensuring enterprises, regardless of their ","[""communicate effectively"", ""manage stakeholders"", ""create documentation"", ""drive adoption of initiatives""]",4,"[""Cybersecurity"", ""CSP"", ""CCoP"", ""logging guidelines""]",4,1,3,"{""Remember"": 0, ""Understand"": 0, ""Apply"": 0, ""Analyze"": 0, ""Evaluate"": 0, ""Create"": 1, ""N/A"": 3}",0.0589867998407374,0.0217670558611327,0.0372197439796046,16,0.0,0.6399185068800002,0.8625,0.9
in-530771fbfe728d26,"On the production side, you will help move projects through client plant design, build, factory acceptance testing, and installation, while continuously improving processes to support scalability.
Your design work will focus on improving pneumatic ejection performance and packaging components to operate reliably in harsh, high -throughput environments.
Quantisort 2 .0 is a versatile, high -speed optical sorter used across multiple waste industries.
We are now looking for a Year in Industry Mecha","[""move projects through client plant design, build, factory acceptance testing, and installation"", ""continuously improve processes to support scalability"", ""improve pneumatic ejection performance"", ""design packaging components to operate reliably in harsh, high-throughput environments"", ""take ownership of key mechanical subsystems"", ""design components"", ""test components"", ""improve components"", ""work across design and production teams"", ""gain hands-on industrial experience""]",10,"[""mechanical design"", ""pneumatic ejection"", ""packaging components"", ""high-throughput environments"", ""optical sorter"", ""waste management"", ""product lifecycle"", ""factory acceptance testing"", ""client plant design"", ""mechanical subsystems""]",10,8,2,"{""Remember"": 0, ""Understand"": 0, ""Apply"": 1, ""Analyze"": 0, ""Evaluate"": 1, ""Create"": 6, ""N/A"": 2}",0.1015240971386393,0.0612931524784507,0.0577309595911126,13,0.0,0.6527810690784002,0.8246,0.9
in-63be0cc7d27e5935,"The successful candidate will need to be able to work full time hours Monday to Friday (35 hours per week).
You will assist in the development and maintenance of efficient systems used throughout the organisation for administrative, monitoring and reporting purposes.
You will perform a wide range of secretarial/clerical and associated duties for the team under the supervision of the Scheme Manager.
As Administrator, you will maintain and operate procedures within the the service.
Job Introductio","[""assist in development and maintenance of efficient systems"", ""perform secretarial and clerical duties"", ""maintain and operate procedures"", ""deliver a first class service"", ""maintain professional boundaries"", ""handle and manage confidential information"", ""work on own initiative"", ""prioritise tasks effectively"", ""build and maintain effective working relationships"", ""multi task and meet deadlines""]",10,"[""MS Office"", ""internal database systems"", ""word processing"", ""email"", ""internet"", ""GDPR"", ""internal housing management software"", ""Microsoft packages"", ""ICT""]",9,3,7,"{""Remember"": 0, ""Understand"": 0, ""Apply"": 1, ""Analyze"": 0, ""Evaluate"": 1, ""Create"": 1, ""N/A"": 7}",0.1578291859403872,0.0413571112070466,0.129367542894263,11,0.0,0.626152790016,0.806675,0.9
in-62a6486e8ffb7e03,"Job Description Job Title: React Developer City: Tampa State/Province: Florida Posting Start Date: 3/6/26 Wipro Limited (NYSE: WIT, BSE: 507685, NSE: WIPRO) is a leading technology services and consulting company focused on building innovative solutions that address clients’ most complex digital transformation needs.
Contribution to customer projects Quality, SLA, ETA, no. of tickets resolved, problem solved, # of change requests implemented, zero customer escalation, CSAT 2 .
Automation Process","[""provide solutions"", ""bridge the gap between technology and business"", ""deliver client solution"", ""upgrade skills"", ""build competency"", ""clear exams"", ""obtain certifications"", ""attend trainings"", ""attend seminars"", ""sharpen knowledge"", ""write papers"", ""write articles"", ""write case studies"", ""publish papers""]",14,"[""React JS""]",1,6,8,"{""Remember"": 0, ""Understand"": 0, ""Apply"": 2, ""Analyze"": 0, ""Evaluate"": 0, ""Create"": 4, ""N/A"": 8}",0.0813743626730971,0.0303952930135126,0.0509790696595844,14,0.0,0.633234394932245,0.8058163265306123,0.9000000000000001
in-689e468185a4b009,"Job Types: Full -time, Fixed term contract
Because that’s what drives you to be better, be more and ultimately, be more fulfilled Role Overview: We are seeking a Smart Hands Engineer with a strong background in Network Operations and Support to provide on -site assistance at local customer data centers and offices.",[],0,"[""Network Operations""]",1,0,0,"{""Remember"": 0, ""Understand"": 0, ""Apply"": 0, ""Analyze"": 0, ""Evaluate"": 0, ""Create"": 0, ""N/A"": 0}",0.0414465421124508,0.0,0.0414465421124508,17,0.0,0.0,0.0,0.0
in-5869692bb5b2b17a,"Compensation: Qualified candidates can expect a compensation range of $117,587 to 167,982 or more depending on experience.
Design Systems & Craft Excellence Contribute to our design system and help maintain consistency across the product ecosystem. Evolve patterns and components as new features emerge.
About the Role We’re looking for a Product Designer who blends creativity, curiosity, and user centered thinking to bring thoughtful product experiences to life.
In this role, you will help shape ","[""design systems"", ""maintain consistency across product ecosystem"", ""evolve patterns and components"", ""blend creativity, curiosity, and user centered thinking"", ""bring thoughtful product experiences to life"", ""shape key parts of commerce and monetization ecosystem"", ""visualize partner revenue"", ""simplify purchasing flows"", ""design moments that matter"", ""collaborate with UX researchers"", ""plan studies"", ""validate ideas"", ""bring user insights into every stage of design"", ""apply qualitative and quantitative data to inform decisions"", ""improve product outcomes""]",15,"[""design system"", ""product ecosystem"", ""patterns"", ""components"", ""product design"", ""user centered thinking"", ""commerce ecosystem"", ""monetization ecosystem"", ""purchasing flows"", ""UX research"", ""qualitative data"", ""quantitative data""]",12,13,2,"{""Remember"": 0, ""Understand"": 2, ""Apply"": 4, ""Analyze"": 1, ""Evaluate"": 1, ""Create"": 5, ""N/A"": 2}",0.2335722413161804,0.1286653822776092,0.2335288166999817,8,0.0,0.6464442947136001,0.7992333333333334,0.9000000000000001
in-655d9866cfe91a28,"The Commerce Engineering organisation is on a mission to build the leading SaaS ecommerce platform.
At a high level the Commerce B2B Engineering team builds the systems that allow BigCommerce merchants to run real -world B2B businesses—handling complex buyers, pricing, workflows, and scale that standard ecommerce platforms don’t support.
The Commerce B2B team is looking for a Senior Software Engineer who wants to make an impact at every level of society by powering innovators, creative thinkers,","[""build SaaS ecommerce platform"", ""build systems for B2B businesses"", ""handle complex buyers"", ""handle complex pricing"", ""handle complex workflows"", ""handle scale"", ""make an impact at every level of society"", ""power innovators"", ""power creative thinkers"", ""power entrepreneurs"", ""power business owners""]",11,"[""SaaS"", ""ecommerce platform"", ""B2B"", ""BigCommerce""]",4,6,5,"{""Remember"": 0, ""Understand"": 0, ""Apply"": 4, ""Analyze"": 0, ""Evaluate"": 0, ""Create"": 2, ""N/A"": 5}",0.037619314939871,0.037619314939871,0.0,16,0.0,0.6188355687796364,0.7960681818181818,0.9
in-6818c9f518bb5702,"Learn more about our recent valuation and story here. # About the role As a Senior Frontend Engineer at Hostaway, you'll take ownership of building and evolving the interfaces that our customers rely on every day.
You'll be a key contributor to our frontend architecture, working in close collaboration with Product, Design, and Backend teams to deliver intuitive, high -performance experiences at scale.","[""build interfaces"", ""evolve interfaces"", ""contribute to frontend architecture"", ""collaborate with product teams"", ""collaborate with design teams"", ""collaborate with backend teams"", ""deliver high-performance experiences""]",7,"[""frontend architecture""]",1,4,3,"{""Remember"": 0, ""Understand"": 0, ""Apply"": 2, ""Analyze"": 0, ""Evaluate"": 0, ""Create"": 2, ""N/A"": 3}",0.0780270285108579,0.0291097591406548,0.0647780261541667,15,0.0,0.6372789807085715,0.8507142857142859,0.9000000000000001
in-6c187121691e9a94,Join our Downer Professional Services team and play a key role in delivering complex defence and national security projects that safeguard Australia ’ s future.,"[""deliver complex projects"", ""safeguard national security""]",2,"[""defence"", ""national security""]",2,2,0,"{""Remember"": 0, ""Understand"": 0, ""Apply"": 2, ""Analyze"": 0, ""Evaluate"": 0, ""Create"": 0, ""N/A"": 0}",0.0229414117155977,0.0229414117155977,0.0,17,0.0,0.5716826640000001,0.835,0.9
in-6d91dacdaa2c2056,"Job Details Location: 9607 Brodie Ln, Austin, TX 78748 Camp Dates: 6/3/2026 (Wed) - 7/31/2026 (Fri) - (additionally, one weekend to set up, one weekend to breakdown, and an orientation date) Camp Hours: 8:00 am - 6:00 pm (actual shifts will vary) Hourly Wage: The hourly rate for this position is $17 .75 - $20 .25 per hour.
5jtdif9tRc",[],0,[],0,0,0,"{""Remember"": 0, ""Understand"": 0, ""Apply"": 0, ""Analyze"": 0, ""Evaluate"": 0, ""Create"": 0, ""N/A"": 0}",0.0,0.0,0.0,19,0.0,0.0,0.0,0.0
in-6953506b6f0d8ecb,"Apple’s Enterprise team is looking for an innovative and passionate Platform Engineer to join our growing Enterprise team.
We’ve got big ambitions and your work will be instrumental to realizing them and delivering great products to our users.
You will have the opportunity to work with other teams from across the company, across a variety of disciplines, while delivering functionality that millions of our customers depend on.
We are looking for a deeply capable engineer who has a strong backgrou","[""build high-performance systems"", ""build scalable systems"", ""build extensible systems"", ""craft software"", ""build complex software"", ""work with other teams"", ""deliver functionality"", ""support Product Engineering teams"", ""support customers"", ""participate in building software""]",10,"[""cloud-based infrastructures"", ""software engineering"", ""infrastructure"", ""DevOps"", ""SRE"", ""architecture"", ""foundational libraries"", ""platform product features"", ""developer efficiency"", ""privacy"", ""security""]",11,6,4,"{""Remember"": 0, ""Understand"": 0, ""Apply"": 1, ""Analyze"": 0, ""Evaluate"": 0, ""Create"": 5, ""N/A"": 4}",0.2872305691365461,0.1165205473666502,0.2695275193766544,6,0.0,0.6589558632960001,0.82125,0.9
in-725db5ff1965a5cf,"Salaries are based on a 40 -hour workweek and paid on a bi -weekly payroll schedule.
Pay range: $52,000 - $60,000 depending on experience and skill set Current Opening: This posting reflects a currently available position within our organization for which we are actively recruiting. We make technology work so people can do great things. CDW is a leading multi -brand provider of information technology solutions to business, government, education and healthcare customers in the United States, the ","[""identify issues related to outstanding payments"", ""address issues related to outstanding payments"", ""resolve issues related to outstanding payments""]",3,"[""Accounts Receivable""]",1,3,0,"{""Remember"": 0, ""Understand"": 0, ""Apply"": 2, ""Analyze"": 1, ""Evaluate"": 0, ""Create"": 0, ""N/A"": 0}",0.0,0.0,0.0,19,0.0,0.6474157516800001,0.8066666666666668,0.9
in-67e6b59a925f7a89,"We are proud to represent faculty who hold Canada Research Chairs, are members of the Order of Canada, and are national award -winning teachers.
The successful incumbent will coordinate support within the division of hematology -oncology along with two other administrative staff to administer general office, accounting and program procedures within a fast -paced, academic medical setting.
In this role, you will support both clinical and academic activities, by providing direct support to multipl","[""coordinate support within a division"", ""administer general office procedures"", ""administer accounting procedures"", ""administer program procedures"", ""support clinical activities"", ""support academic activities"", ""provide direct support to clinical faculty"", ""manage calendars"", ""take meeting minutes"", ""process RMA/OHIP billing"", ""manage clinic schedules"", ""manage learner schedules"", ""support research activities"", ""assist with grant applications"", ""assist with REB applications"", ""process financial expenses"", ""liaise with clinic team members"", ""liaise with allied health care team members"", ""liaise with learners"", ""liaise with research staff"", ""maintain activity tracking databases"", ""provide secretarial support"", ""provide administrative support"", ""comply with health and safety measures"", ""work on-site""]",25,"[""hematology-oncology"", ""academic medical setting"", ""RMA/OHIP billing"", ""grant applications"", ""REB applications"", ""pediatrics"", ""Faculty of Health Sciences"", ""McMaster University"", ""McMaster Children\u2019s Hospital"", ""vaccination mandate""]",10,17,8,"{""Remember"": 0, ""Understand"": 0, ""Apply"": 10, ""Analyze"": 1, ""Evaluate"": 5, ""Create"": 1, ""N/A"": 8}",0.0269564388613161,0.0269564388613161,0.0,17,0.0,0.6442536543634287,0.8164028571428572,0.9
in-6c717e860c5e6516,"Job DescriptionChanging Lives, Transforming Careers At Amplifon, we're more than a company.
With a shared vision to empower people and push boundaries, we thrive in a culture built on care, collaboration, and impact.
As the Global Leader in hearing care, we combine cutting -edge solutions with a personal touch to create unforgettable experiences for our customers.
As an employer that embraces Equal Opportunity and promotes inclusion and diversity, we encourage people of all ages and backgrounds ","[""deliver high-quality analytics"", ""uncover actionable insights"", ""support strategic initiatives"", ""optimise marketing investment"", ""shape data-driven strategies"", ""collaborate with team"", ""communicate ideas"", ""build strong working relationships"", ""adapt to change"", ""think critically"", ""lead a team"", ""manage time"", ""solve problems""]",13,"[""marketing"", ""analytics"", ""customer engagement"", ""revenue growth"", ""data-driven strategies"", ""development programs""]",6,5,8,"{""Remember"": 1, ""Understand"": 0, ""Apply"": 2, ""Analyze"": 0, ""Evaluate"": 2, ""Create"": 0, ""N/A"": 8}",0.1185740288935209,0.0114837592281885,0.1185740288935209,13,0.0,0.6275218973538462,0.8140384615384615,0.9000000000000001
in-6a0c6e81b38e7258,"You’ll apply basic principles, theories, and concepts to assist in building a design system and work on a team aiming to improve the user experience across web platforms while solving complex challenges.
UX/UI Designer, MidThe Opportunity: You know that a good tool, system, or site is more than just the code, infrastructure, and a nice -looking interface – it’s the way it addresses a user’s needs.
We’re looking for someone creative like you to work with a team of SMEs, developers, and designers ","[""apply basic principles, theories, and concepts"", ""assist in building a design system"", ""work on a team aiming to improve user experience"", ""solve complex challenges"", ""work with a team of SMEs, developers, and designers"", ""craft the ultimate UX"", ""research, design, and prototype the look and feel of digital products"", ""make digital products more intuitive, easy to use, and aesthetically pleasing""]",8,"[""design system"", ""user experience"", ""web platforms"", ""user needs"", ""digital products""]",5,5,3,"{""Remember"": 0, ""Understand"": 0, ""Apply"": 3, ""Analyze"": 0, ""Evaluate"": 0, ""Create"": 2, ""N/A"": 3}",0.2500762864163047,0.09813905441926,0.2500762864163047,7,0.0,0.6506882283927273,0.758844696969697,0.9
in-781169c7c7526b52,Let’s transform society together at Sweco.com/careers More about us ……. Approachable and committed people are the core of our business.,[],0,[],0,0,0,"{""Remember"": 0, ""Understand"": 0, ""Apply"": 0, ""Analyze"": 0, ""Evaluate"": 0, ""Create"": 0, ""N/A"": 0}",0.0,0.0,0.0,19,0.0,0.0,0.0,0.0
in-75f30913de1b7459,"We value teamwork, accountability, a roll -up -your -sleeves -and -pitch in spirit, and believe in honoring the individual talents and skills of our team members. Job Overview We are looking for a sharp, collaborative .NET Developer with deep Azure DevOps expertise to join our engineering team.
You'll own CI/CD pipelines, infrastructure automation, and release management - but this is not a siloed ops role.
Top -of -range compensation is available for candidates who bring strong Azure certificat","[""collaborate with team"", ""own CI/CD pipelines"", ""automate infrastructure"", ""manage releases"", ""integrate AI""]",5,"[""Azure DevOps"", ""Azure"", ""compliance""]",3,4,1,"{""Remember"": 0, ""Understand"": 0, ""Apply"": 2, ""Analyze"": 0, ""Evaluate"": 0, ""Create"": 2, ""N/A"": 1}",0.1213086178637717,0.0797737644840741,0.0596711359525981,13,0.0,0.6507391996800002,0.807,0.9
in-794e7d4677106122,"At Xperience, we unlock the full potential of businesses with digital solutions built for you and with you.",[],0,[],0,0,0,"{""Remember"": 0, ""Understand"": 0, ""Apply"": 0, ""Analyze"": 0, ""Evaluate"": 0, ""Create"": 0, ""N/A"": 0}",0.0,0.0,0.0,19,0.0,0.0,0.0,0.0
in-753a69a3294291c7,"In this fulfilling position, you'll leverage your credentials as a professional engineer to drive innovation.
Employing your sharp analytical capabilities and sound judgment, you'll navigate complex design obstacles, championing leading -edge methodologies that elevate CIMA +'s engineering prowess.
You will work on the most interesting project across Canada.
The CIMA + offices in Canada are in the middle of a large growth trajectory.
We are actively looking for people who want to develop their s","[""drive innovation"", ""navigate complex design obstacles"", ""champion leading-edge methodologies"", ""develop skills"", ""take on new challenges"", ""advance careers"", ""design lattice towers"", ""use design/analysis software"", ""use CAD systems"", ""communicate in English""]",10,"[""Professional Engineering association"", ""Power Line System"", ""CAD systems"", ""drawing standards"", ""Transmission Lines""]",5,4,6,"{""Remember"": 0, ""Understand"": 0, ""Apply"": 1, ""Analyze"": 0, ""Evaluate"": 0, ""Create"": 3, ""N/A"": 6}",0.0586972229015736,0.0538739103197804,0.0199974436508981,15,0.0,0.638210324736,0.8077500000000002,0.9
in-76d6057eab891b98,"Support: The internship program provides a robust support system, including weekly intern office hours, dedicated IT and HR support, and a program team committed to your success.
Learning Sessions: Exclusive learning sessions will further enhance your skills, granting you access to Amazon's cutting -edge learning platforms and the expertise of industry leaders.
This ensures you have the guidance and assistance needed to thrive.
You can also join specialized groups focused on areas like sustainab","[""own project lifecycle"", ""own code lifecycle"", ""design code"", ""deploy code"", ""operate code"", ""solve complex problems"", ""collaborate with interns"", ""network with peers"", ""broaden perspectives"", ""explore diverse interests""]",10,"[""Amazon learning platforms"", ""sustainability""]",2,6,4,"{""Remember"": 0, ""Understand"": 0, ""Apply"": 4, ""Analyze"": 0, ""Evaluate"": 1, ""Create"": 1, ""N/A"": 4}",0.1248303245235477,0.1248303245235477,0.0,12,0.0,0.64363283712,0.791,0.9
in-788288259e19ed8a,"This role is part of our Best Fit job match program.
We have a variety of Software Engineering roles, by applying to this role will be considered for multiple roles across our engineering teams.
We want to set you up for success in your role so we assess your capabilities and then match you up to the best team. # In this role you can expect to: + Design, build, and operate large -scale SaaS and cloud services, including distributed systems and data stores.
We empower engineers to learn new skill","[""design large-scale SaaS and cloud services"", ""build large-scale SaaS and cloud services"", ""operate large-scale SaaS and cloud services"", ""design distributed systems"", ""build distributed systems"", ""operate distributed systems"", ""design data stores"", ""build data stores"", ""operate data stores"", ""learn new skills"", ""use technology to solve customer problems""]",11,"[""SaaS"", ""cloud services"", ""distributed systems"", ""data stores"", ""IoT"", ""machine learning"", ""event-driven architecture""]",7,10,1,"{""Remember"": 0, ""Understand"": 0, ""Apply"": 0, ""Analyze"": 1, ""Evaluate"": 3, ""Create"": 6, ""N/A"": 1}",0.2279389734172015,0.100080379937864,0.1860527778926649,8,0.0,0.661510075810909,0.7886363636363637,0.9
in-7c6b469bd3c32c83,"The Administration Division is responsible for the oversight and support of all divisions and programs of the Commission.
This position will directly support the Commission by evaluating competitive bids and managing vendor relationships to secure high -value services and equipment.
This position oversees the development of complex contracts and provides expert technical analysis in compliance with State of Washington statutes.
The Procurement & Supply Specialist will manage the agency’s contrac","[""evaluate competitive bids"", ""manage vendor relationships"", ""oversee development of contracts"", ""provide expert technical analysis"", ""manage agency contracting"", ""manage agency purchasing"", ""manage facility operations"", ""serve as liaison for building management"", ""oversee agency fixed assets"", ""ensure compliance with statutes""]",10,"[""procurement"", ""contracts"", ""State of Washington statutes"", ""vendor management"", ""supply chain"", ""fixed assets inventory"", ""building management"", ""government procurement regulations""]",8,3,7,"{""Remember"": 0, ""Understand"": 0, ""Apply"": 1, ""Analyze"": 1, ""Evaluate"": 1, ""Create"": 0, ""N/A"": 7}",0.0511578989175966,0.0271302245529203,0.0403937477814523,16,0.0,0.635972214528,0.81775,0.9
in-795392ba67b03cb2,"Join OERP Canada and help us shape the future of ERP solutions. Please use the link below to submit your resume and cover letter detailing your relevant experience and why you are a great fit for this role.
We believe in fostering an environment where our people are consistently challenged, encouraged to collaborate, and empowered to grow both personally and professionally.
Empolyment type # Full time, Permanent Employment Location # On site Working schedule # 37 .5 hours per week Benefits # Hea","[""review code"", ""write code"", ""test code"", ""implement customizations"", ""lead projects"", ""collaborate with team"", ""grow professionally"", ""be proactive""]",8,"[""Odoo"", ""ERP solutions""]",2,4,4,"{""Remember"": 0, ""Understand"": 0, ""Apply"": 1, ""Analyze"": 0, ""Evaluate"": 2, ""Create"": 1, ""N/A"": 4}",0.1035579277757881,0.0947874941692626,0.0214352620275397,14,0.0,0.6635867011200001,0.7887500000000001,0.9
in-7c927f240a50a9cc,"If you want to find out more about life at Paysafe, check out our careers page here. How we work:We follow a hybrid working model, spending an average of three days per week at our office location.We are open to this role being based in either our London or Dublin hub.
The role is highly technical, requiring deep expertise in advanced machine learning techniques, capable of taking research -grade ideas (e.g.
Date: 26 Feb 2026 Location: Dublin, Ireland, IE, D01 K840 London, GB, EC2V 7AD Company: ","[""lead data scientists"", ""drive design of AI/ML models"", ""drive delivery of AI/ML models"", ""focus on advanced modelling"", ""focus on applied research"", ""focus on production delivery"", ""build on existing foundational models"", ""push capability into modern AI techniques"", ""turn research-grade ideas into production-ready solutions""]",9,"[""machine learning"", ""advanced machine learning techniques"", ""ML models"", ""Transformers"", ""representation learning"", ""graph models"", ""risk solutions"", ""payment platforms"", ""merchant risk""]",9,8,1,"{""Remember"": 1, ""Understand"": 0, ""Apply"": 2, ""Analyze"": 0, ""Evaluate"": 1, ""Create"": 4, ""N/A"": 1}",0.184694508643628,0.0461764644677188,0.1504601484850833,9,0.0,0.627959774464,0.7833888888888889,0.8999999999999999
in-7c9ea1b5273ae869,"Equity and diversity are essential to academic excellence.
Job End Date June 8, 2026 Hours per week: 5 -7 hours Anticipated Start Date: April 6, 2026 End Date: June 8, 2026 Supervisor: Dr.
If you have any accommodation or accessibility needs during the job application process, please contact the Centre for Workplace Accessibility at workplace.accessibility@ubc.ca.
All qualified candidates are encouraged to apply; however Canadians and permanent residents will be given priority.
Human Rights Code","[""support course coordination"", ""support course administration"", ""teach natural language processing"", ""teach data analytics"", ""teach artificial intelligence"", ""analyze clinical documents"", ""analyze user generated content"", ""commit to multiple courses""]",8,"[""Natural Language Processing"", ""Large Language Models"", ""data analytics"", ""artificial intelligence"", ""health context"", ""clinical documents"", ""user generated content"", ""online program administration"", ""course coordination""]",9,7,1,"{""Remember"": 0, ""Understand"": 0, ""Apply"": 3, ""Analyze"": 1, ""Evaluate"": 2, ""Create"": 1, ""N/A"": 1}",0.0952913252930892,0.052365454675023,0.0952913252930892,15,0.0,0.6422593968000001,0.82625,0.9
in-801e77fe9dd77c2d,"Operational concepts of the internet and the web, static and dynamic client content, dynamically served content, n -tiered architectures, web development processes and security on the web. Lecture Section: LEC01: THU 5 -7pm Course Enrollment (est.): 100 Number of Positions (est.): One Qualifications: The successful candidate must demonstrate thorough, solid, and technical expertise in the topics explored during the course.
These include components of web applications, architecture of a web serve","[""deliver a course"", ""demonstrate technical expertise"", ""manipulate the Document Object Model"", ""analyze and debug web applications"", ""develop working web applications""]",5,"[""operational concepts of the internet"", ""web"", ""static client content"", ""dynamic client content"", ""dynamically served content"", ""n-tiered architectures"", ""web development processes"", ""security on the web"", ""components of web applications"", ""architecture of a web server"", ""web service frameworks"", ""Document Object Model"", ""server-client communication models"", ""software development on the web""]",14,4,1,"{""Remember"": 0, ""Understand"": 0, ""Apply"": 0, ""Analyze"": 1, ""Evaluate"": 1, ""Create"": 2, ""N/A"": 1}",0.2022664920380191,0.1294877611091431,0.1606419023714567,9,0.0,0.6668811053568,0.8039,0.9
in-7e3654818d829d5e,"POSITION SUMMARY: Responsible to the HR Manager/ Director of People and Culture, the HR Officer will play a role in providing best practice in relation to HR support, including recruitment, training, performance management, employee engagement, employee data management, payroll and HR best practices while facilitating a positive relationship between employees and managers.
The post holder will be reliable, highly motivated, enthusiastic and flexible in their approach to the work and be open and ","[""provide HR support"", ""manage recruitment"", ""manage training"", ""manage performance"", ""manage employee engagement"", ""manage employee data"", ""manage payroll"", ""facilitate positive relationships"", ""support HR software"", ""maintain HR software"", ""input data"", ""update data"", ""transfer data"", ""process job applications"", ""be reliable"", ""be highly motivated"", ""be enthusiastic"", ""be flexible in approach"", ""contribute to wider objectives""]",19,"[""HR best practices"", ""HRIS System"", ""Bamboo""]",3,13,6,"{""Remember"": 0, ""Understand"": 0, ""Apply"": 10, ""Analyze"": 1, ""Evaluate"": 2, ""Create"": 0, ""N/A"": 6}",0.0956859816419079,0.0956859816419079,0.0,14,0.0,0.6529767079073685,0.7953947368421054,0.8999999999999999
in-8169c429e2a25414,"You will handle customer requests, monitor system health, assist with deployments, and work closely with senior engineers to resolve issues.
Job Description Role Overview As a Junior Forward Deployment & Support Engineer at Invigilo, you will support day -to -day customer operations and deployments, ensuring systems remain stable, responsive, and well -supported.
We work with customers across high -risk sectors such as oil & gas, construction, manufacturing, and logistics — enabling safer operat","[""handle customer requests"", ""monitor system health"", ""assist with deployments"", ""resolve issues"", ""support customer operations"", ""ensure system stability"", ""work closely with senior engineers"", ""work closely with customers""]",8,[],0,4,4,"{""Remember"": 0, ""Understand"": 0, ""Apply"": 2, ""Analyze"": 2, ""Evaluate"": 0, ""Create"": 0, ""N/A"": 4}",0.050494435545238,0.050494435545238,0.0,15,0.0,0.63481750272,0.8043750000000001,0.9
in-73b5ece9f9ecc3a9,"Familiarity with Agile methodologies and tools such as JIRA or Confluence.
Develop and configure services (SOAP/REST), message transformations (XSLT/XQuery), and routing logic using OSB and SOA components.
Lead the implementation of integration projects across cloud, on -premise, and hybrid environments using Oracle Fusion Middleware. Work closely with business analysts, architects, and other developers to understand requirements and translate them into robust technical solutions.
Role - Oracle ","[""develop and configure services"", ""develop and configure message transformations"", ""develop and configure routing logic"", ""lead implementation of integration projects"", ""work closely with business analysts"", ""work closely with architects"", ""work closely with other developers"", ""understand requirements"", ""translate requirements into technical solutions"", ""design integration solutions"", ""develop integration solutions"", ""participate in code reviews"", ""mentor junior developers"", ""support SIT/UAT testing cycles"", ""provide production support"", ""monitor integration services"", ""troubleshoot integration services"", ""optimize integration services"", ""monitor middleware performance"", ""troubleshoot middleware performance"", ""optimize middleware performance"", ""ensure secure integration architecture"", ""ensure reliable integration architecture"", ""ensure scalable integration architecture"", ""maintain documentation""]",25,"[""Agile methodologies"", ""JIRA"", ""Confluence"", ""SOAP"", ""REST"", ""XSLT"", ""XQuery"", ""OSB"", ""SOA components"", ""Oracle Fusion Middleware"", ""Oracle SOA Suite"", ""Oracle Service Bus (OSB)"", ""BPEL"", ""Mediators"", ""Adapters"", ""version control systems"", ""Git"", ""SVN"", ""CI/CD tools"", ""Oracle Integration Cloud (OIC)"", ""cloud-native integration platforms"", ""messaging"", ""event-driven architecture"", ""JMS"", ""Kafka"", ""Oracle certifications"", ""Fusion Middleware"", ""SOA Suite"", ""Java"", ""PL/SQL"", ""scripting"", ""middleware security"", ""error handling"", ""fault policies"", ""JDeveloper"", ""Enterprise Manager (OEM)"", ""WebLogic Server administration"", ""Oracle ERP"", ""Fusion"", ""EBS"", ""CRM"", ""XSD"", ""WSDL"", ""XML""]",44,19,6,"{""Remember"": 0, ""Understand"": 1, ""Apply"": 3, ""Analyze"": 3, ""Evaluate"": 4, ""Create"": 8, ""N/A"": 6}",0.4187157801283468,0.1211516473364549,0.3317725445094862,2,0.0,0.67455790221312,0.8621000000000001,0.9
in-83f00d28538ebd69,"Support UAT and facilitate user sign -off. Project Support: Assist in deployments and post -go -live support.
Manage the defect lifecycle and ensure quality standards.
Maintain functional documentation. Testing & QA: Develop and execute test plans (system, integration, UAT, regression).
Perform gap analyses and recommend improvements.
Translate them into functional specs, user stories, and process flows.
Act as liaison between stakeholders and technical teams.
Participate in Agile ceremonies (e.",[],0,[],0,0,0,"{""Remember"": 0, ""Understand"": 0, ""Apply"": 0, ""Analyze"": 0, ""Evaluate"": 0, ""Create"": 0, ""N/A"": 0}",0.0,0.0,0.0,19,0.0,0.0,0.0,0.0
in-7dc858872dcb56a7,"Your projects will primarily be located in the Lethbridge area, but you will have the opportunity to work on multi -disciplinary projects across all ISL offices.
You enjoy being outside and are prepared to work on active construction sites and are always prepared for varying weather conditions.
Ready to throw your name in? Your cover letter should include: Your interest in working for ISL’s Lethbridge office. Your survey knowledge and past experience. Your resume must display: Diploma or Degree ",[],0,[],0,0,0,"{""Remember"": 0, ""Understand"": 0, ""Apply"": 0, ""Analyze"": 0, ""Evaluate"": 0, ""Create"": 0, ""N/A"": 0}",0.0,0.0,0.0,19,0.0,0.0,0.0,0.0
in-84d2fa98d8fcc8bd,"In this position. . . In this role, you will work in a highly dynamic, fast -paced environment, developing cutting -edge powertrains that compete on racetracks around the world.
International and domestic travel may be required to support racing activities. Even better, you may have. Experience using Bosch Motorsport, Motec, Cosworth, and McLaren hardware and software. Proficiency in C #, Python, MATLAB, VBA, or an equivalent programming language for data analysis and automation. Exposure to mot",[],0,[],0,0,0,"{""Remember"": 0, ""Understand"": 0, ""Apply"": 0, ""Analyze"": 0, ""Evaluate"": 0, ""Create"": 0, ""N/A"": 0}",0.0,0.0,0.0,19,0.0,0.0,0.0,0.0
in-8259575278ff15e8,"Aboriginal and Torres Strait Islander peoples, people with disability, people from diverse cultural and linguistic backgrounds and people of the LGBTIQA + community are encouraged to apply.
Our differences are our strengths. Business Unit: GBU Renewables & Flexible Power Division: GEN International - Australia Legal Entity: PELICAN POINT POWER LIMITED Professional Experience: Skilled ( >3 experience <15 years) Education Level: Technical Qualification Company Name: ENGIE Australia Why this matter",[],0,[],0,0,0,"{""Remember"": 0, ""Understand"": 0, ""Apply"": 0, ""Analyze"": 0, ""Evaluate"": 0, ""Create"": 0, ""N/A"": 0}",0.0,0.0,0.0,19,0.0,0.0,0.0,0.0
in-855153acea2ff45b,"The term may be shortened or extended depending on operational needs. STATEMENT At the City of Maple Ridge, we are dedicated to cultivating an inclusive culture that actively values and embraces diversity.
As a key member of our Development Engineering team, you will lead transformative projects, influence policy, and collaborate with top -tier professionals to support one of British Columbia’s fastest -growing municipalities.
As the Project Engineer, Development, you will play a pivotal role in",[],0,[],0,0,0,"{""Remember"": 0, ""Understand"": 0, ""Apply"": 0, ""Analyze"": 0, ""Evaluate"": 0, ""Create"": 0, ""N/A"": 0}",0.0,0.0,0.0,19,0.0,0.0,0.0,0.0
in-85ae80433e755493,"As a company with offices around the world, we are proud of the range of cultures, skills, viewpoints and abilities that we bring to the service of our clients.
If you need any support, please don’t hesitate to reach out to us.
We also recognise that individual needs differ, and we are dedicated to providing accommodations for interviews, applications, and workplace adjustments to support people with disabilities, neurodivergence, or other specific requirements.
We are committed to creating a di",[],0,[],0,0,0,"{""Remember"": 0, ""Understand"": 0, ""Apply"": 0, ""Analyze"": 0, ""Evaluate"": 0, ""Create"": 0, ""N/A"": 0}",0.0,0.0,0.0,19,0.0,0.0,0.0,0.0
in-8965b5e134360c3a,"# Description Based in Singapore, you will contribute to the firm, by developing analysis and conveying insights to enhance clients’ decision making.
You will enjoy autonomy, the opportunity to substantially influence major decisions in the energy sector, and to grow into an industry expert under the guidance of senior members of the team with deep experience addressing major strategic issues at the world’s leading electricity market modelling firm.",[],0,[],0,0,0,"{""Remember"": 0, ""Understand"": 0, ""Apply"": 0, ""Analyze"": 0, ""Evaluate"": 0, ""Create"": 0, ""N/A"": 0}",0.0,0.0,0.0,19,0.0,0.0,0.0,0.0
in-8a65e23011f0b499,"Candidate must be available entire duration Join us at our Cedar Rapids, Iowa location.
The Navigation and Sensor Systems organization is a growing business area developing the next generation of advanced military navigation systems.
Job Description The duration of this position runs from June through mid -December, 2026 .
Leading the way in GPS systems, our array of products cover airborne, precision -guided munitions, ground handheld receivers and embedded applications.
Our navigation solution",[],0,[],0,0,0,"{""Remember"": 0, ""Understand"": 0, ""Apply"": 0, ""Analyze"": 0, ""Evaluate"": 0, ""Create"": 0, ""N/A"": 0}",0.0,0.0,0.0,19,0.0,0.0,0.0,0.0
in-8b20d58614610842,"We welcome you to join us on our mission of giving every student the opportunity to succeed in their academic lives and beyond.
This position requires creative problem solving and sound technical ability to understand requirements, and support the maintenance of the cybersecurity standards and compliances.
Vretta is looking for an Information Security Analyst to join our Systems and Security team.","[""solve problems creatively"", ""understand requirements"", ""maintain cybersecurity standards"", ""maintain cybersecurity compliances""]",4,"[""cybersecurity standards"", ""cybersecurity compliance""]",2,3,1,"{""Remember"": 0, ""Understand"": 0, ""Apply"": 1, ""Analyze"": 2, ""Evaluate"": 0, ""Create"": 0, ""N/A"": 1}",0.0482647444818462,0.0108517760470607,0.0374129684347855,16,0.0,0.6622487424,0.8825000000000001,0.9
in-8c46863a1ce899a0,"Location Noida, IN Category Other NTT DATA strives to hire exceptional, innovative and passionate individuals who want to grow with us.
We are currently seeking a Systems Integration Specialist Advisor to join our team in Noida, Uttar Pradesh (IN -UP), India (IN).
Masters preferred.
Role: - AI/ML Developer Location: - PAN India Notice Period: - 30 - 45 Days The candidate would play the role of an AI/ML Senior Developer/Team Lead participating in Designing, Developing and validating AI/ML solutio","[""design AI/ML solutions"", ""develop AI/ML solutions"", ""validate AI/ML solutions"", ""leverage Python for solutions"", ""leverage SQL for solutions"", ""participate in design and development"", ""play a team lead role""]",7,"[""AI/ML"", ""Python"", ""SQL"", ""US Healthcare""]",4,5,2,"{""Remember"": 0, ""Understand"": 0, ""Apply"": 2, ""Analyze"": 0, ""Evaluate"": 1, ""Create"": 2, ""N/A"": 2}",0.1757608595280818,0.0982500610147901,0.1458840043921219,11,0.0,0.634016491817143,0.785357142857143,0.9000000000000001
in-8f51743560d7b55b,We have a talented team of 600 + people across Ireland and the UK and are rapidly expanding our workforce across several disciplines to meet our ambitious growth plans. Glanua Limited is an equal opportunities employer.,[],0,[],0,0,0,"{""Remember"": 0, ""Understand"": 0, ""Apply"": 0, ""Analyze"": 0, ""Evaluate"": 0, ""Create"": 0, ""N/A"": 0}",0.0,0.0,0.0,19,0.0,0.0,0.0,0.0
in-8d007d54a6e9b3b3,"We are looking for someone with a proven track record of building production -grade platforms (10 -15 + years) Industry Knowledge: You must stay current with the ""latest and greatest"" in AI (e.g., rag -less inferencing, agentic frameworks). Problem Solver: Must be able to take a use case from a business unit and translate it into a scalable platform service. Experience with Scale: Experience working with large -scale GPU farms and high -volume data environments is highly preferred. For applicati","[""build production-grade platforms"", ""translate business use cases into scalable platform services"", ""work with large-scale GPU farms"", ""work with high-volume data environments"", ""architect AI factories"", ""stay current with industry knowledge"", ""solve problems""]",7,"[""rag-less inferencing"", ""agentic frameworks"", ""GenAI"", ""GPU farms"", ""platform services""]",5,5,2,"{""Remember"": 0, ""Understand"": 0, ""Apply"": 3, ""Analyze"": 0, ""Evaluate"": 0, ""Create"": 2, ""N/A"": 2}",0.0669718927254162,0.0608968951384014,0.0552482034030713,15,0.0,0.633245663417143,0.80825,0.9000000000000001
in-904355e3b43a86f2,"Compensation Range: $300K - $335K
You in? Why this role matters - Redis is the world’s fastest data platform, trusted by millions of developers and enterprises to power real -time applications at global scale.
Our partnership with Microsoft Azure powers Azure Managed Redis (AMR), one of the most strategically important managed Redis offerings in the cloud ecosystem.
The estimated gross base annual salary range for this role is $300 000 – $335 000 per year in New York, California, Washington, Col",[],0,[],0,0,0,"{""Remember"": 0, ""Understand"": 0, ""Apply"": 0, ""Analyze"": 0, ""Evaluate"": 0, ""Create"": 0, ""N/A"": 0}",0.0,0.0,0.0,19,0.0,0.0,0.0,0.0
in-8d9ae454713adb22,"We value individual impact, trust, ownership, and continuous growth.
Our culture is one of our greatest strengths: open, direct, collaborative, and built on trust and continuous growth.
As a company, we are a tight -knit, high -performing team of around 50 people across Australia, the United States, and Asia, including Forbes 30 Under 30 co -founders and leaders from global SaaS success stories.
More recently, we expanded our offering beyond automation with the launch of our AI -powered Matter M","[""build workflows"", ""automate workflows"", ""collaborate with team"", ""enable meaningful work"", ""empower non-technical teams""]",5,"[""no-code platform"", ""AI-powered Matter Management"", ""Legal Service Hub"", ""SaaS"", ""Series A funding"", ""engineering culture""]",6,2,3,"{""Remember"": 0, ""Understand"": 0, ""Apply"": 0, ""Analyze"": 0, ""Evaluate"": 0, ""Create"": 2, ""N/A"": 3}",0.0939756009121063,0.0909770206182133,0.0364696421121296,14,0.0,0.6707074268159999,0.8210000000000001,0.9
in-871bae54762204ea,"DHB6IP1uHp
You will play a key role in supporting executive decision -making, participating in C -suite discussions, and strengthening the structure, scalability, and modernization of our FP &A processes - including thoughtful use of automation and AI -enabled workflows.
As a public company, our Finance team operates in structured quarterly reporting cycles that require precision, accountability, and occasional intensity during earnings and board periods.
Manager, Financial Planning & Analysis =","[""support executive decision-making"", ""participate in C-suite discussions"", ""strengthen FP&A processes"", ""lead forecasting"", ""lead financial modeling"", ""lead performance analysis"", ""operate in structured quarterly reporting cycles""]",7,"[""Financial Planning & Analysis (FP&A)"", ""automation"", ""AI-enabled workflows"", ""public company"", ""Finance"", ""Lending"", ""Wealth"", ""Payments"", ""fintech"", ""TSX"", ""NASDAQ""]",11,5,2,"{""Remember"": 0, ""Understand"": 0, ""Apply"": 3, ""Analyze"": 0, ""Evaluate"": 1, ""Create"": 1, ""N/A"": 2}",0.0868371775275782,0.0,0.0868371775275782,15,0.0,0.6024662656457144,0.834642857142857,0.9000000000000001
in-8b3ede5765e5e1c9,"As a hands‑on engineer, you will evaluate proposed software changes, resolve issues and blockers, support feature planning, and ensure high‑quality delivery through systematic testing and functional design.
Working closely with technical teams and business partners across multiple geographies, you will contribute to feature design, integration testing, and continuous improvement of internally built tools that support operational teams.
You will be responsible for implementing generative and agen","[""evaluate proposed software changes"", ""resolve issues and blockers"", ""support feature planning"", ""ensure high-quality delivery through systematic testing"", ""ensure high-quality delivery through functional design"", ""work closely with technical teams and business partners"", ""contribute to feature design"", ""contribute to integration testing"", ""contribute to continuous improvement of internally built tools"", ""implement generative AI technologies"", ""implement agentic AI technologies"", ""augment core development workflows"", ""automate core development workflows"", ""program enhancements for the ServiceNow portal"", ""leverage Java to deliver reliable, scalable solutions"", ""leverage JavaScript to deliver reliable, scalable solutions"", ""leverage modern frameworks to deliver reliable, scalable solutions"", ""design internally-used digital products"", ""build internally-used digital products"", ""enhance internally-used digital products""]",20,"[""Java"", ""JavaScript"", ""modern frameworks"", ""generative AI"", ""agentic AI"", ""ServiceNow"", ""software engineering"", ""AI-driven development practices"", ""enterprise infrastructure"", ""incident management"", ""service portal""]",11,18,2,"{""Remember"": 0, ""Understand"": 0, ""Apply"": 4, ""Analyze"": 2, ""Evaluate"": 3, ""Create"": 9, ""N/A"": 2}",0.278300756587738,0.1337695533552647,0.2531766960495397,7,0.0,0.6547402147885715,0.8268035714285716,0.8999999999999998
in-9969a26138c87cd4,"Email to: eugenie.cheah@ascension -sg.com for more information. We do not charge our candidates any referral fee nor bind them with any contract. Eugenie Cheah Consulting Manager Reg no.: R24122293 EA No: 25C2861 Job Types: Full -time, Permanent Pay: $3,000 .00 - $3,800 .00 per month Benefits: Health insurance Work Location: In person",[],0,[],0,0,0,"{""Remember"": 0, ""Understand"": 0, ""Apply"": 0, ""Analyze"": 0, ""Evaluate"": 0, ""Create"": 0, ""N/A"": 0}",0.0,0.0,0.0,19,0.0,0.0,0.0,0.0
in-9378455c1bb091a1,"This fast -paced environment requires excellent time management, insightful debugging, critical thinking, problem -solving skills and deep knowledge of the Linux system.
We also work with OEMs and ODMs - Dell, HP, Lenovo, Advantech, ADLink and many more - to ensure that Ubuntu works perfectly on their hardware.
We work with the world's most significant silicon companies - Intel, AMD, Nvidia, Mediatek, Hisilicon, Samsung and more - to optimize Ubuntu on their next -generation chips.
In this role,","[""manage time"", ""debug systems"", ""think critically"", ""solve problems"", ""improve Ubuntu"", ""enable technology"", ""deliver user experience"", ""work with partners""]",8,"[""Linux"", ""Ubuntu"", ""Ubuntu Classic"", ""Ubuntu Core"", ""hardware"", ""OEMs"", ""ODMs"", ""Robotics"", ""Automotive"", ""SmartNIC"", ""Medical device"", ""Industry gateway"", ""IHV""]",13,4,4,"{""Remember"": 0, ""Understand"": 0, ""Apply"": 1, ""Analyze"": 2, ""Evaluate"": 0, ""Create"": 1, ""N/A"": 4}",0.1599866891747347,0.1029530549889436,0.0766069443602311,12,0.0,0.6335020944,0.794375,0.9
in-9ae984f1f5d1226c,"To safeguard our employees and their families, our visitors, and the broader community from COVID -19, and in consideration of recommendations from health authorities and the NBA’s own advisors, any individual working onsite in our New York and New Jersey offices must be fully vaccinated against COVID -19 .
The NBA will discuss accommodations for individuals who cannot be vaccinated due to a medical reason or sincerely held religious belief, practice, or observance. About the NBA The National Ba","[""oversee intercom and communications systems"", ""provide technical leadership"", ""provide hands-on expertise"", ""provide strategic direction"", ""ensure reliable communications"", ""ensure high-performance communications"", ""oversee broadcast operations""]",7,"[""broadcast operations"", ""intercom systems"", ""communications systems"", ""Broadcast Support Engineering""]",4,2,5,"{""Remember"": 0, ""Understand"": 0, ""Apply"": 2, ""Analyze"": 0, ""Evaluate"": 0, ""Create"": 0, ""N/A"": 5}",0.0176195232491744,0.0,0.0176195232491744,18,0.0,0.64737792,0.8605714285714287,0.9000000000000001
in-9be994077c46b7ef,"A willingness to dive into and take ownership of tasks outside of comfort zones is imperative. This position is hybrid remote with a minimum requirement of 3 days in office located in Crane, IN. Responsibilities: In this role, you will work closely with the CACI Program Team to coordinate program execution across a wide array of individual projects and teams.
The ideal candidate will be adaptable to varying team environments and able to work effectively with geographically dispersed stakeholders","[""coordinate program execution"", ""work with geographically dispersed stakeholders"", ""maintain exceptional attention to detail"", ""support management and execution of contracts""]",4,[],0,1,3,"{""Remember"": 0, ""Understand"": 0, ""Apply"": 0, ""Analyze"": 0, ""Evaluate"": 0, ""Create"": 1, ""N/A"": 3}",0.0123139994588999,0.0123139994588999,0.0,18,0.0,0.6426532713600002,0.8335000000000001,0.9
in-97191426cd97dd84,"You’ll ensure high -quality, timely project delivery in line with industry benchmarks and internal standards, serving as a key liaison between Atelier Ten and our clients and collaborators.
You’ll contribute specialist expertise to support other teams.
You’ll need to balance multiple deadlines, work well independently, and collaborate effectively across all levels of the team.
We’re looking for a proactive, self -motivated individual with strong interpersonal skills and the ability to thrive in ","[""ensure high-quality project delivery"", ""serve as a key liaison"", ""contribute specialist expertise"", ""balance multiple deadlines"", ""work well independently"", ""collaborate effectively across all levels"", ""thrive in a fast-paced environment"", ""work with architects, engineers, owners, and stakeholders"", ""accomplish sustainable vision"", ""solve problems for the built environment"", ""reimagine ways to create a smart and sustainable future"", ""create high-performing, sustainable, and award-winning buildings"", ""champion for a healthier planet"", ""leverage collective knowledge of sustainable spaces"", ""approach problems creatively and collaboratively"", ""mentor junior staff"", ""coordinate junior staff"", ""provide clear frameworks"", ""set standards"", ""ensure cohesive delivery across the team""]",20,"[""industry benchmarks"", ""internal standards"", ""sustainable design"", ""building services engineering"", ""environmental design"", ""mechanical engineering""]",6,10,10,"{""Remember"": 2, ""Understand"": 0, ""Apply"": 4, ""Analyze"": 1, ""Evaluate"": 0, ""Create"": 3, ""N/A"": 10}",0.0855230152003641,0.0421690274301094,0.0750673921484696,15,0.0,0.6291547916050286,0.8111869047619049,0.8999999999999998
in-92e57e0960d0c733,"Develop and test application code to resolve defects and improve application reliability and performance.
Analyzes software for defects and performance tuning opportunities.
Performs system analysis, troubleshooting, diagnosis and problem resolution.
Provides a strong customer and cross functional interface for application related activities & support.
45% EJF3: Provides leadership to application support (defect repair, maintenance, and production operations support) for applications utilizing t","[""develop application code"", ""test application code"", ""analyze software for defects"", ""perform system analysis"", ""troubleshoot systems"", ""resolve problems"", ""provide technical support"", ""develop data models"", ""maintain data models"", ""develop process models"", ""maintain process models"", ""deploy application code"", ""test frameworks"", ""develop Power Platform applications"", ""enhance Power Platform applications"", ""build Power BI reports"", ""lead solution architecture"", ""facilitate backlog grooming"", ""participate in user story development"", ""lead problem resolution efforts"", ""facilitate Agile ceremonies"", ""define technology strategies"", ""manage programming projects"", ""create technical documentation"", ""create design documentation"", ""provide technical direction"", ""provide technical oversight"", ""provide leadership to application support"", ""interface with customers"", ""interface with cross-functional teams"", ""work with product owners"", ""work with scrum masters"", ""work with solution architects"", ""work with developers"", ""work with administrators"", ""work with business analysts"", ""participate in inter-agency workgroups"", ""monitor deliveries"", ""monitor priorities"", ""escalate issues"", ""lead project meetings"", ""support management in project planning"", ""work under minimal direction"", ""use independent judgment"", ""assist with budget preparation"", ""contribute to teamwork"", ""attend walk-through meetings"", ""communicate effectively""]",48,"[""Microsoft 365 Power Platform"", ""Microsoft Azure AI document intelligence"", ""Microsoft Azure blob storage"", ""blob storage API"", ""Agile methodologies"", ""Process Automate"", ""Dataverse"", ""Power Apps"", ""Model-driven Apps"", ""Canvas Apps"", ""Power Pages"", ""Power BI"", ""system architecture"", ""programming standards"", ""Continuity of Operations (COOP)""]",15,28,20,"{""Remember"": 0, ""Understand"": 0, ""Apply"": 8, ""Analyze"": 2, ""Evaluate"": 4, ""Create"": 14, ""N/A"": 20}",0.3713593758756608,0.2947831487507843,0.17224091667878,3,0.0,0.6422184648000001,0.8301875000000001,0.9
in-9f2148688a920fb2,"As a Software Engineer at JPMorgan Chase within the Commercial and Investment Bank - Post Trade Technology Group, you are an integral part of an agile team that works to enhance, build, and deliver trusted market -leading technology products in a secure, stable, and scalable way.","[""enhance technology products"", ""build technology products"", ""deliver technology products"", ""work in an agile team""]",4,[],0,3,1,"{""Remember"": 0, ""Understand"": 0, ""Apply"": 0, ""Analyze"": 1, ""Evaluate"": 0, ""Create"": 2, ""N/A"": 1}",0.0458788404003443,0.0458788404003443,0.0,16,0.0,0.67256331264,0.808,0.9
in-a0434a0f405c6949,"At Samuel, we believe every team member brings unique and valuable skills, experiences and knowledge to our thriving business – enabling us to build on over 170 years of success in the metals industry.
SAMACO #LI -RP1 At Samuel, meeting our customer needs is our top priority.
This range reflects the expected full compensation range for the role; most offers will fall within the range and not at the maximum in order to allow for future growth.
We also consider internal equity to ensure fair and c",[],0,[],0,0,0,"{""Remember"": 0, ""Understand"": 0, ""Apply"": 0, ""Analyze"": 0, ""Evaluate"": 0, ""Create"": 0, ""N/A"": 0}",0.0,0.0,0.0,19,0.0,0.0,0.0,0.0
in-9da8b8c6e52feb61,"Microsoft 365 Enterprise Administrator Expert, an asset. Extensive hands -on experience with Microsoft Azure (IaaS, PaaS, networking, identity, automation, monitoring, and cost optimization).
Qualifications Education and Experience Postsecondary degree in information technology, Computer Science, or a related field. 10 + years of progressive experience in infrastructure engineering, including at least 5 years in a senior or lead technical role with a strong focus on design, implementation, and m","[""provide technical leadership"", ""oversee technology platforms"", ""work closely with architecture teams"", ""work closely with development teams"", ""work closely with data teams"", ""plan environments"", ""coordinate releases"", ""maintain readiness"", ""collaborate with cross-functional teams"", ""collaborate with stakeholders"", ""define requirements"", ""provide expert advice"", ""ensure effective project delivery"", ""ensure issue resolution"", ""interact with vendors"", ""interact with managed service providers"", ""ensure SLAs are met"", ""evaluate vendor capabilities"", ""lead enterprise automation initiatives"", ""eliminate manual tasks"", ""increase deployment consistency"", ""strengthen security posture"", ""manage disaster recovery plans"", ""manage backup plans"", ""manage failover plans"", ""develop infrastructure foundation"", ""maintain infrastructure foundation"", ""shape hybrid cloud environment"", ""maintain hybrid cloud environment""]",29,"[""Microsoft 365"", ""Microsoft Azure"", ""IaaS"", ""PaaS"", ""Azure Solutions Architect Expert"", ""Azure Administrator Associate"", ""Azure DevOps Engineer Expert"", ""PowerShell"", ""Azure Automation"", ""Terraform"", ""Bicep"", ""identity management"", ""access control"", ""encryption"", ""data protection"", ""SLAs""]",16,11,18,"{""Remember"": 0, ""Understand"": 0, ""Apply"": 4, ""Analyze"": 4, ""Evaluate"": 1, ""Create"": 2, ""N/A"": 18}",0.1394971166090889,0.0481923472398614,0.1157111707486604,12,0.0,0.6399044522813793,0.8360172413793102,0.8999999999999998
in-989af9a20b8f9ee7,"We are seeking an experienced Senior Laboratory / Facility Electrical Engineer for our Life Sciences business unit in our Kanata office.
This includes interpreting, organizing, executing and coordinating the design and production effort for one or more large or complex projects. Salary range for this position is $127,000 .00 - $156,000 .00 .","[""interpret design and production effort"", ""organize design and production effort"", ""execute design and production effort"", ""coordinate design and production effort"", ""design projects"", ""coordinate projects""]",6,"[""Life Sciences"", ""Electrical Engineering""]",2,3,3,"{""Remember"": 0, ""Understand"": 0, ""Apply"": 0, ""Analyze"": 0, ""Evaluate"": 0, ""Create"": 3, ""N/A"": 3}",0.1358457921518877,0.1166148240780929,0.0192309680737947,10,0.0,0.6559849607040001,0.8140000000000001,0.9
in-9e8b8167a52cb05c,"In particular, you will be involved in the process of guiding a team through designing and implementing websites, applications and mobiles apps that are used with our products.
Whether it's designing transformative technology or visiting farms to ensure our products are reliable and safe, we do whatever it takes to deliver for our customers.
Working here means tackling big problems with big impact.
You'll find opportunities to grow professionally, solve complex challenges, and make meaningful co","[""guide a team through designing and implementing websites, applications and mobile apps"", ""design transformative technology"", ""ensure products are reliable and safe"", ""tackle big problems"", ""grow professionally"", ""solve complex challenges"", ""make meaningful contributions"", ""act independently"", ""make practical, real-world decisions"", ""innovate"", ""execute ideas"", ""build AI and robotics products"", ""drive innovation"", ""reduce environmental impact"", ""promote soil health"", ""address labor shortages"", ""address rising costs"", ""set a new standard for automated weed control"", ""disrupt the market"", ""recruit and hire talented team"", ""support and enable growth and opportunity for every employee""]",21,"[""robotics"", ""computer vision"", ""deep learning"", ""lasers"", ""automated weed control"", ""manufacturing""]",6,6,15,"{""Remember"": 0, ""Understand"": 0, ""Apply"": 2, ""Analyze"": 1, ""Evaluate"": 0, ""Create"": 3, ""N/A"": 15}",0.1092113998024253,0.0806059898087154,0.0503930963967975,13,0.0,0.6257297131520001,0.799579365079365,0.8999999999999998
in-a0c45f0fdfea2762,"The Entertainment Audio Technician provides professional live -sound and technical audio support for entertainment and special events across multiple venues, including Sideline Stage, CM Stage, Pool Stage, and Ballroom.
This position ensures superior sound quality and seamless execution of live performances, supporting Morongo Casino Resort & Spa’s high standards for entertainment production.
We provide reasonable accommodations to qualified individuals with disabilities as required by the ADA.
","[""provide live-sound support"", ""provide technical audio support"", ""ensure superior sound quality"", ""ensure seamless execution of live performances"", ""work in moderate to loud noise levels"", ""work in a smoking environment"", ""maintain flexibility in scheduling"", ""work evenings, weekends, holidays, and special events"", ""communicate clearly and effectively with team members"", ""communicate clearly and effectively with management"", ""communicate clearly and effectively with guests""]",11,"[""live-sound"", ""technical audio"", ""entertainment production""]",3,4,7,"{""Remember"": 0, ""Understand"": 0, ""Apply"": 0, ""Analyze"": 2, ""Evaluate"": 2, ""Create"": 0, ""N/A"": 7}",0.0430450859822725,0.017038564934112,0.0430450859822725,17,0.0,0.6474010497662338,0.8007467532467533,0.9
in-9f929fe6c651de14,"Communicate results.
Pursue remediation of discovered gaps. Interface with company Business Continuity plan management and ensure alignment of IT processes and procedures with them. Monitor IT Change Management for infrastructure changes.
Analyze potential impact on recovery capabilities. Lead Severe Storm planning as part of Crisis Management and Business Continuity.
Maintain Operations and Data Center checklists.
Data Center Specific Individual would serve as the primary POC at the Sandston (Q","[""communicate results"", ""interface with business continuity plan management"", ""align IT processes and procedures"", ""monitor IT Change Management"", ""analyze potential impact on recovery capabilities"", ""lead Severe Storm planning"", ""maintain Operations and Data Center checklists"", ""rack and stack new servers"", ""allocate space and power"", ""run fiber and copper cabling"", ""plan ports needed for servers"", ""troubleshoot cabling issues"", ""troubleshoot network issues"", ""troubleshoot power issues"", ""troubleshoot ILO issues"", ""coordinate badging at location"", ""work with security per procedures"", ""perform periodic checks on equipment"", ""receive equipment"", ""surplus equipment"", ""coordinate with suppliers"", ""coordinate with shippers"", ""coordinate with teams"", ""coordinate with asset management"", ""maintain additional rack power"", ""order additional rack power"", ""maintain records"", ""coordinate with electricians"", ""oversee environmental monitoring"", ""oversee UPS"", ""respond to alarms""]",31,"[""Business Continuity plan"", ""IT Change Management"", ""Crisis Management"", ""Data Center"", ""servers"", ""fiber cabling"", ""copper cabling"", ""ILO"", ""DELL"", ""INFINIDAT"", ""HPE"", ""IBM"", ""Oracle"", ""rack power"", ""Halon"", ""UPS""]",16,24,7,"{""Remember"": 1, ""Understand"": 0, ""Apply"": 14, ""Analyze"": 5, ""Evaluate"": 2, ""Create"": 2, ""N/A"": 7}",0.1115247844281857,0.0635698038759586,0.0941458865215904,15,0.0,0.6236197630420647,0.8080967741935483,0.8999999999999997
in-a0fcbae76d831775,"Truckstop participates in the E -Verify program.
Truckstop provides equal employment opportunities to all employees and applicants for employment and prohibits discrimination and harassment of any type without regard to race, color, religion, age, sex, national origin, disability status, genetics, protected veteran status, sexual orientation, gender identity or expression, or any other characteristic protected by federal, state, or local laws.
Implement solutions to systematic failures.
The Infr","[""implement solutions"", ""provide leadership"", ""coach team members"", ""mentor subordinate group"", ""act as lead"", ""handle complex issues"", ""design improvements"", ""implement improvements"", ""ensure platforms are production ready"", ""rightsize infrastructure"", ""design infrastructure"", ""monitor SLIs"", ""negotiate SLOs"", ""manage alerting"", ""focus on operational readiness"", ""focus on automation"", ""focus on instrumentation"", ""focus on security"", ""focus on scalability"", ""focus on stability""]",20,"[""cloud infrastructure"", ""SaaS"", ""SLIs"", ""SLOs""]",4,14,6,"{""Remember"": 0, ""Understand"": 0, ""Apply"": 8, ""Analyze"": 3, ""Evaluate"": 0, ""Create"": 3, ""N/A"": 6}",0.1898476495869168,0.1555296777874076,0.0467596254850688,10,0.0,0.6338745105408001,0.8102750000000001,0.8999999999999998
in-a2a8769491dd2881,"Our Build department brings together engineering, product, and design to create the most trusted and effective crisis care platform in the industry.
Together, we are building technology that enables safe, reliable crisis conversations, empowers global affiliates to operate support services, and advances a services - and API -first architecture that integrates data and predictive insights across the platform. # The Role We are seeking an exceptional Senior Engineering Manager to lead the Conversa","[""lead engineering teams"", ""guide platform evolution"", ""transition legacy services"", ""strengthen API-first architecture"", ""strengthen platform reliability"", ""strengthen observability"", ""strengthen engineering delivery practices"", ""own technology strategy"", ""develop modernization plans"", ""define service boundaries"", ""define architectural patterns"", ""define dependency sequencing"", ""own feature execution and delivery"", ""lead teams committed to quality"", ""lead teams committed to velocity"", ""lead teams committed to customer impact""]",16,"[""PHP"", ""API-first architecture"", ""platform reliability"", ""observability"", ""engineering delivery practices"", ""service boundaries"", ""architectural patterns"", ""dependency sequencing"", ""Crisis Care Platform"", ""volunteer management lifecycle""]",10,12,4,"{""Remember"": 2, ""Understand"": 0, ""Apply"": 5, ""Analyze"": 0, ""Evaluate"": 1, ""Create"": 4, ""N/A"": 4}",0.1152894352611742,0.0530238973415697,0.1152894352611742,14,0.0,0.6423723273600002,0.8396875,0.9
in-a365d58724aaf9f6,"In this role, you will support worship services and church events by capturing, editing, and producing high -quality video content or mixing sound through a mixing console.
You will be responsible for the setup, operation, and maintenance of AV equipment including video cameras, microphones, lighting, streaming software, and more.
We work to reflect and be representative of the communities in which we serve and in which we reside.
Qualified individuals with disabilities and disabled veterans who","[""capture video content"", ""edit video content"", ""produce high-quality video content"", ""mix sound through a mixing console"", ""setup AV equipment"", ""operate AV equipment"", ""maintain AV equipment"", ""support worship services"", ""support church events""]",9,"[""video cameras"", ""microphones"", ""lighting"", ""streaming software"", ""mixing console"", ""AV equipment""]",6,7,2,"{""Remember"": 1, ""Understand"": 0, ""Apply"": 3, ""Analyze"": 1, ""Evaluate"": 1, ""Create"": 1, ""N/A"": 2}",0.1068018586810942,0.0408655886812747,0.1028244570681923,14,0.0,0.6454617203199999,0.7852777777777777,0.8999999999999999
in-a7d7380a191d11c4,"Such applications will unlikely be progressed to interview. View our staff values and behaviours here We believe there is no such thing as a 'typical' member of University of Birmingham staff and that diversity in its many forms is a strength that underpins the exchange of ideas, innovation and debate at the heart of University life.
Apprentice Grade 3 Full Time / Fixed Term for 30 Months Apprenticeship Standard: Engineering operative standard Level 2 Training Provider: Performance Through Peopl","[""perform technical support duties"", ""use a range of equipment and techniques"", ""work with public and private sector"", ""influence decision-making"", ""help shape future infrastructure""]",5,"[""Engineering operative standard"", ""United Nations Sustainable Development Goals""]",2,2,3,"{""Remember"": 0, ""Understand"": 0, ""Apply"": 1, ""Analyze"": 0, ""Evaluate"": 1, ""Create"": 0, ""N/A"": 3}",0.0181719039615831,0.0138755581700703,0.0181719039615831,18,0.0,0.6460931223771429,0.8052857142857144,0.9
in-a77e7fdadad1bd31,"Reviews the plant plans and forecasts for alignment with the business objectives and the ability to execute.
Assists in preparation of operations reviews, profit plans, forecasts and capital appropriation requests.
Identifies corrective actions and communicates these to the operations leadership Supports the financial/business planning and forecasting process for the plants in the region.
Factors, such as but not limited to, geographical location, relevant experience, education, and skill level ","[""review plant plans and forecasts"", ""assist in preparation of operations reviews"", ""assist in preparation of profit plans"", ""assist in preparation of forecasts"", ""assist in preparation of capital appropriation requests"", ""identify corrective actions"", ""communicate corrective actions to leadership"", ""support financial planning process"", ""support business planning process"", ""support forecasting process"", ""deliver value-added business analysis"", ""ensure integrity of financial information"", ""implement consistency improvements"", ""implement process improvements"", ""analyze monthly financial results"", ""establish key financial targets"", ""measure key financial targets""]",17,"[""Accounting"", ""Finance"", ""Financial Planning"", ""Business Analysis"", ""Forecasting""]",5,15,2,"{""Remember"": 0, ""Understand"": 0, ""Apply"": 3, ""Analyze"": 2, ""Evaluate"": 4, ""Create"": 6, ""N/A"": 2}",0.0357807077859577,0.0,0.0357807077859577,17,0.0,0.618574172340706,0.8230882352941178,0.9
in-a48e951226650184,"You will oversee the management of architects, consultants and professional partners within the McCarthy Stone framework, ensuring strong performance, collaboration and accountability across all development partners.
We are proud to have been certified as a Great Place to Work 2022 as well as making the Great Place to Work Wellbeing list!
Through your leadership, you will ensure the consistent delivery of high -quality retirement communities that support McCarthy Stone’s mission to create safe, ","[""oversee management of architects, consultants, and professional partners"", ""ensure strong performance, collaboration, and accountability"", ""ensure consistent delivery of high-quality retirement communities"", ""lead regional development function"", ""ensure portfolio progresses in accordance with programme, investment strategy, and quality standards"", ""turn vision into exceptional places to live"", ""deliver complex development programmes"", ""balance commercial performance, thoughtful design, and community impact"", ""lead development team"", ""drive successful delivery of a portfolio of developments"", ""ensure developments are commercially viable, technically robust, and aligned with customer proposition"", ""oversee progression of multiple developments from acquisition through planning, design development, and construction"", ""ensure projects are delivered safely, efficiently, and in line with commercial objectives"", ""combine strategic thinking with operational delivery"", ""lead multidisciplinary teams and external partners"", ""deliver developments that meet commercial, technical, and design excellence"", ""support the evolution of how we deliver our developments"", ""help to embed Modern Methods of Construction (MMC)""]",18,"[""McCarthy Stone framework"", ""Modern Methods of Construction (MMC)"", ""Light Gauge Steel (LGS) systems"", ""housebuilding"", ""property development"", ""construction"", ""retirement communities"", ""development programmes"", ""investment strategy"", ""quality standards"", ""commercial acumen"", ""stakeholder management"", ""strategic thinking"", ""operational delivery"", ""multidisciplinary teams"", ""external partners"", ""commercial objectives"", ""technical excellence"", ""design excellence"", ""build efficiency"", ""sustainability"", ""programme certainty""]",22,9,9,"{""Remember"": 0, ""Understand"": 0, ""Apply"": 0, ""Analyze"": 2, ""Evaluate"": 0, ""Create"": 7, ""N/A"": 9}",0.1381481107912565,0.0242392892964966,0.1381481107912565,12,0.0,0.6353953587200001,0.8140839947089947,0.8999999999999999
in-a794eba7547094f4,"At Okane, we're committed to fostering a diverse, equitable, and inclusive workplace, where every individual is valued for their unique contributions.
We believe in personal and professional development, offering opportunities for continuous learning and growth.
At Okane, we foster the opportunity for everyone to grow and develop their skills that align with their career path.
As we continue to expand our global presence, we're looking for individuals who share our values and are dedicated to ma","[""develop critical thinking skills"", ""formulate important insights"", ""translate insights into practical recommendations"", ""model core values in client interactions"", ""integrate health, safety and environmental considerations into work"", ""mentor junior staff"", ""navigate unexpected challenges"", ""communicate with technical leaders""]",8,"[""integrated mine closure planning"", ""geotechnical engineering""]",2,3,5,"{""Remember"": 0, ""Understand"": 0, ""Apply"": 0, ""Analyze"": 0, ""Evaluate"": 1, ""Create"": 2, ""N/A"": 5}",0.0264234079010715,0.0264234079010715,0.0,18,0.0,0.6367928227200002,0.8287500000000001,0.9
in-a93e72b7dcd9eafa,"Is a team player with strong interpersonal and communication skills Job Type: Full -time Pay: $5,800 .00 - $6,300 .00 per month Work Location: In person","[""collaborate with team"", ""communicate effectively""]",2,[],0,0,2,"{""Remember"": 0, ""Understand"": 0, ""Apply"": 0, ""Analyze"": 0, ""Evaluate"": 0, ""Create"": 0, ""N/A"": 2}",0.0,0.0,0.0,19,0.0,0.6556608,0.8450000000000001,0.9
in-aacd29a042e1e8f2,We are seeking a highly motivated and skilled Control Systems Engineer.,[],0,[],0,0,0,"{""Remember"": 0, ""Understand"": 0, ""Apply"": 0, ""Analyze"": 0, ""Evaluate"": 0, ""Create"": 0, ""N/A"": 0}",0.0,0.0,0.0,19,0.0,0.0,0.0,0.0
in-ac0e866a9f95bd35,"The successful candidate will be adept at supporting the business through changes associated with agreed upon solutions.
We’re always searching the globe for innovative, collaborative minds to join our best -in -class Aecon community! What is the Opportunity? The Senior Business Analyst is responsible for internal projects that focuses on process reengineering and automation.
Business Analyst Come Build Your Career at Aecon! As a Canadian leader in infrastructure development, Aecon is safely and","[""support business through changes"", ""focus on process reengineering"", ""focus on automation""]",3,[],0,2,1,"{""Remember"": 0, ""Understand"": 0, ""Apply"": 1, ""Analyze"": 0, ""Evaluate"": 0, ""Create"": 1, ""N/A"": 1}",0.0114821383001935,0.0114821383001935,0.0,18,0.0,0.5985665875200001,0.7966666666666667,0.9
in-b486754d4fef47b1,"You will apply your core skills across a range of deployment platforms such as mobile applications, cloud services, edge devices and AI platforms.
Once someone joins and proves they’re outlier talent, we adjust quickly to ensure their compensation aligns with their impact.
You will collaborate with cross -functional teams, including software development, regulatory affairs, and quality assurance, to uphold the highest standards of safety and effectiveness.
Sword Health is shifting healthcare fro","[""apply core skills across deployment platforms"", ""collaborate with cross-functional teams"", ""uphold standards of safety and effectiveness"", ""ensure quality and regulatory compliance""]",4,"[""mobile applications"", ""cloud services"", ""edge devices"", ""AI platforms"", ""AI Care platform"", ""SaMD"", ""regulatory affairs"", ""quality assurance""]",8,3,1,"{""Remember"": 0, ""Understand"": 0, ""Apply"": 2, ""Analyze"": 1, ""Evaluate"": 0, ""Create"": 0, ""N/A"": 1}",0.2245944198809172,0.0173131425572962,0.2245944198809172,9,0.0,0.6712334542080001,0.8452500000000001,0.9
in-acd852647e0ad998,"It's the diversity of those people and their ideas that supports the innovation that runs through everything we do, from amazing technology to industry -leading environmental efforts.
You will closely work with partners to gather requirements, develop scalable software, build tools, dashboards and platform that will be used inside/outside the team.
You'll be joining a team of elite engineers and interacting on a daily basis with teams that span across Apple including iOS software and hardware en","[""work with partners to gather requirements"", ""develop scalable software"", ""build tools, dashboards and platform"", ""work cross-functionally with architecture, platform design, and engineering teams"", ""understand needs of end customers"", ""deliver iOS apps""]",6,"[""iOS"", ""hardware engineering"", ""Apple Online Store"", ""Apple Retail"", ""Mobile Apps & Messaging Platforms"", ""Full Stack"", ""architecture"", ""platform design""]",8,3,3,"{""Remember"": 0, ""Understand"": 0, ""Apply"": 1, ""Analyze"": 0, ""Evaluate"": 0, ""Create"": 2, ""N/A"": 3}",0.2109425361218565,0.0443271283959436,0.1975443457302294,9,0.0,0.6452342154240001,0.7932222222222224,0.9
in-b2a73f3ed5db96fc,"Together, we create meaningful impact; for our clients, our communities, and each other. The Opportunity: At Equitable, our focus is on making a meaningful impact in the lives of Canadians by putting clients at the heart of everything we do.
If you’re selected to move forward, our Talent Acquisition team will walk you through all the details of our total rewards program, so you know exactly what’s included.
This position is available due to an existing vacancy.
In our caring and collaborative en","[""understand business needs"", ""advise on technology support"", ""build innovative responses"", ""create solutions"", ""work collaboratively"", ""lead with empathy"", ""act with intention"", ""stay curious"", ""support one another""]",9,"[""React"", ""Angular"", ""HTML5"", ""CSS3"", ""insurance industry""]",5,2,7,"{""Remember"": 0, ""Understand"": 0, ""Apply"": 0, ""Analyze"": 0, ""Evaluate"": 0, ""Create"": 2, ""N/A"": 7}",0.1183967612403373,0.0634624045257875,0.0549343567145498,14,0.0,0.63842963712,0.801388888888889,0.8999999999999999
in-b4af93f913150cac,"NICE TO HAVE: Understanding of group benefits, insurance industry, and health and benefits administration. Demonstrated success in managing client issues and relationships, some experience in growing relationships with current clients. Bilingualism (French/English) THE CULTURE We believe a career should be meaningful.
Our mission is to create better health for all Canadians, and we know that starts with our employees. THE ROLE IN A NUTSHELL Base Salary: $59,688 .00 - $91,109 .00 Reporting to the","[""manage client issues"", ""manage client relationships"", ""grow relationships with clients"", ""analyze business data"", ""analyze pharmacy operations data""]",5,"[""group benefits"", ""insurance industry"", ""health and benefits administration"", ""clinical services"", ""pharmacy operations""]",5,2,3,"{""Remember"": 0, ""Understand"": 0, ""Apply"": 0, ""Analyze"": 2, ""Evaluate"": 0, ""Create"": 0, ""N/A"": 3}",0.0256345155691228,0.0256345155691228,0.0,17,0.0,0.657370626336,0.8095000000000001,0.9
in-b5cb68d789cf3d9b,"Location:Singapore, SG Job Function: Technology Group Job Type: Permanent Req ID: 16854 GIC is one of the world’s largest sovereign wealth funds.",[],0,[],0,0,0,"{""Remember"": 0, ""Understand"": 0, ""Apply"": 0, ""Analyze"": 0, ""Evaluate"": 0, ""Create"": 0, ""N/A"": 0}",0.0,0.0,0.0,19,0.0,0.0,0.0,0.0
in-a778ff74a3735980,"Our products are also critical components of industrial gas turbines, automobiles, commercial transportation vehicles, and construction and industrial equipment. General Summary: Performs all types of precision EDM (Electrical Discharge Machine) work in steel and carbide to exacting tolerances.
Sets up parts on machines with proper power settings and depths.
Studies part prints and decides on correct procedures to obtain dimensions and forms of finished products.
Howmet Fastening Systems (HFS) i","[""perform precision EDM work"", ""set up parts on machines"", ""study part prints"", ""decide on correct procedures"", ""program EDM machines"", ""operate EDM machines"", ""plan setup and sequence of operations"", ""check dimensions and finish"", ""determine proper power settings"", ""prepare information for electrode construction"", ""check final forms using gauges"", ""verify tolerances and finishes"", ""make minor adjustments to process""]",13,"[""EDM (Electrical Discharge Machine)"", ""steel"", ""carbide"", ""machining principles"", ""tooling selection"", ""process optimization"", ""CAD/CAM software"", ""titanium"", ""aluminum"", ""specialized alloys"", ""ISO 9001"", ""AS9100"", ""quality management systems""]",13,13,0,"{""Remember"": 0, ""Understand"": 0, ""Apply"": 5, ""Analyze"": 0, ""Evaluate"": 5, ""Create"": 3, ""N/A"": 0}",0.097752698431209,0.0344073667416112,0.0834018437485945,14,0.0,0.6523327675273846,0.7788076923076924,0.9000000000000001
in-bae8b479625db1b2,"Founded by HR professionals, Businessolver's unwavering service -oriented culture and secure SaaS platform provide measurable success in its mission to provide complete client delight. A Brief Overview Responsible for safeguarding company networks and computer systems from any security threats or attacks by establishing and implementing security solutions that defend our networking assets.
We've built a multi -layered screening process designed to identify top talent and ensure the integrity of ","[""safeguard company networks and computer systems"", ""establish and implement security solutions"", ""serve as a liaison with the information security team"", ""drive adoption and compliance with information security and privacy practices"", ""maintain leading class security practices"", ""adhere to policy, procedures and controls"", ""serve as a security contact for the business unit"", ""filter out individuals who may misrepresent themselves""]",8,"[""SaaS platform"", ""security threats"", ""security solutions"", ""networking assets"", ""information security"", ""privacy matters"", ""client data""]",7,4,4,"{""Remember"": 0, ""Understand"": 0, ""Apply"": 3, ""Analyze"": 1, ""Evaluate"": 0, ""Create"": 0, ""N/A"": 4}",0.0831840972862137,0.0336427512994097,0.0663224195179186,15,0.0,0.6392522662217144,0.784547619047619,0.9
in-bae7da04393e2cef,"About the role: We’re seeking computer science interns to build a production -style QA platform delivered as a Streamlit app.
The app will trigger and monitor DRC runs, track cycle time (days to completion), iteration history, and rule stability, and provide a simple in -app chatbot for common engineer FAQs.","[""build QA platform"", ""deliver Streamlit app"", ""trigger DRC runs"", ""monitor DRC runs"", ""track cycle time"", ""track iteration history"", ""track rule stability"", ""provide in-app chatbot""]",8,"[""Streamlit"", ""DRC"", ""QA platform"", ""chatbot""]",4,8,0,"{""Remember"": 0, ""Understand"": 0, ""Apply"": 6, ""Analyze"": 1, ""Evaluate"": 0, ""Create"": 1, ""N/A"": 0}",0.0651592367573788,0.0129724068384152,0.0651592367573788,16,0.0,0.5929117394400001,0.76875,0.9
in-b580b7c014d5ef12,"Analyze business and technical requirements carefully to solve challenging problems in building a superior treasury platform.
Research the latest technological developments in the industry and work with fellow engineers in the team to promote rapid and efficient development cycles.
Responsible for the architecture design, construction and optimisation of Global Payments Treasury platform and its sub -systems, including reconciliation, accounting, financial reporting, liquidity management, settle","[""analyze business and technical requirements"", ""solve challenging problems"", ""research latest technological developments"", ""work with fellow engineers"", ""promote rapid and efficient development cycles"", ""design architecture"", ""construct platform and sub-systems"", ""optimize platform and sub-systems"", ""optimize money movements and foreign exchange"", ""build a solid financial data foundation"", ""build robust reconciliation/accounting systems"", ""produce correct financial reports"", ""develop software"", ""collaborate with a global team"", ""think critically in a wider business context"", ""develop backend server""]",16,"[""Java"", ""C++"", ""Python"", ""databases"", ""caches"", ""message queues"", ""reconciliation"", ""accounting"", ""financial reporting"", ""liquidity management"", ""settlement and clearing"", ""automation"", ""advanced algorithms"", ""payment acquisitions"", ""disbursements"", ""transaction monitoring"", ""payment method management"", ""foreign exchange conversion""]",18,11,5,"{""Remember"": 0, ""Understand"": 0, ""Apply"": 0, ""Analyze"": 1, ""Evaluate"": 2, ""Create"": 8, ""N/A"": 5}",0.4015718731688519,0.3042302567383689,0.2455358467603985,1,0.0,0.6746733820594286,0.8275223214285714,0.9
in-b717309a36d86a55,"Employees in the area also get to enjoy the world -renowned Albuquerque International Balloon Fiesta, which ExxonMobil has proudly sponsored since 2019 .
More information on our Company’s benefits can be found at www.exxonmobilfamily.com Please note benefits may be changed from time to time without notice, subject to applicable law. Stay connected with us - Learn more at our website Follow us on LinkedIN and Instagram Like us on Facebook Subscribe our channel at YouTube Employer equal opportunit","[""develop dashboards for operations troubleshooting"", ""support operations"", ""design instrumentation and electrical facilities"", ""develop best practices"", ""manage network switches"", ""enhance logistics and integrated value"", ""maximize resource development"", ""execute a plan for net zero emissions"", ""unveil a plan for net zero emissions"", ""produce barrels of oil"", ""work and live in operational areas"", ""stay connected with company communications"", ""learn more about company operations"", ""work together with teams"", ""promote mental health and resiliency""]",15,"[""MQTT"", ""Radio and fiber optic communications"", ""managed network switches"", ""Instrumentation and Electrical facility design"", ""analytics and visualization software applications"", ""Ignition"", ""SEEQ"", ""Power BI"", ""dashboards"", ""operations troubleshooting"", ""gathering and processing facilities"", ""Cowboy central delivery point"", ""infrastructure"", ""New Mexico"", ""Gulf Coast"", ""logistics"", ""integrated value"", ""Permian Basin"", ""net zero Scope 1 and 2 greenhouse gas emissions"", ""operated assets"", ""net zero ambition"", ""resource development"", ""fuels"", ""lubes"", ""chemicals"", ""Delaware and Midland basins"", ""oil equivalent resource"", ""energy exporter"", ""Unconventional business"", ""high-return development potential""]",30,8,7,"{""Remember"": 0, ""Understand"": 0, ""Apply"": 1, ""Analyze"": 0, ""Evaluate"": 1, ""Create"": 6, ""N/A"": 7}",0.1285759972457585,0.0223304475167626,0.1259233813536794,13,0.0,0.6618093712018287,0.7990285714285714,0.9000000000000001
in-bfc96d1f328a3175,"Location: Onsite — Austin, TX Employment Type: Direct Hire, Full -Time Job Title: Lead Digital Signal Processing Engineer About 9 Mothers The modern battlefield has changed.
If you want to see your code or hardware in the field next month—not next year—this is your playground. Position Summary We are seeking a Lead Digital Signal Processing Engineer to own the stack that turns raw multichannel audio into reliable bearings and alerts.
Citizenship and the ability to pass a background check Nice -t","[""own digital signal processing stack"", ""turn raw multichannel audio into bearings and alerts"", ""deploy embedded systems"", ""handle acoustic tracking"", ""apply temporal smoothing"", ""handle multi-source data""]",6,"[""NVIDIA Jetson"", ""defense startup""]",2,6,0,"{""Remember"": 0, ""Understand"": 0, ""Apply"": 6, ""Analyze"": 0, ""Evaluate"": 0, ""Create"": 0, ""N/A"": 0}",0.0230235212511617,0.0230235212511617,0.0,18,0.0,0.6292941321600001,0.804125,0.9
in-b96ed15875997926,"Additionally, you’ll integrate with REST/GraphQL APIs, implement effective caching strategies, and establish automated mobile CI/CD pipelines to ensure seamless testing, building, and deployment of reliable, real -time functionality at scale.
You will rely on strong typing to create robust data models, state management, and application architecture for complex, business -oriented apps.
Drawing on your prior experience with React for the web, you’ll design end -to -end solutions utilizing React N","[""integrate with REST/GraphQL APIs"", ""implement effective caching strategies"", ""establish automated mobile CI/CD pipelines"", ""create robust data models"", ""create state management"", ""create application architecture"", ""design end-to-end solutions"", ""craft a polished, dynamic mobile UI"", ""dive into back-end logic"", ""dive into API design"", ""dive into platform-specific native code"", ""explain mobile-specific constraints to designers"", ""explain strategic goals to other engineers"", ""articulate a compelling case for a technology"", ""articulate a compelling case for an architectural approach"", ""challenge assumptions"", ""explore what's possible on mobile"", ""deliver solutions that balance user experience with developer experience"", ""think in cross-platform systems"", ""design a React Native architecture"", ""prototype solutions to complex challenges"", ""architect and build polished, cross-platform mobile experiences"", ""architect high-performance mobile applications"", ""build high-performance mobile applications"", ""scale high-performance mobile applications"", ""collaborate closely with designers and strategists"", ""ensure seamless testing"", ""ensure seamless building"", ""ensure seamless deployment""]",29,"[""REST"", ""GraphQL"", ""CI/CD"", ""React Native"", ""Expo"", ""TypeScript"", ""Node.js"", ""React"", ""mobile UI"", ""native modules"", ""third-party SDKs"", ""state management libraries"", ""navigation patterns"", ""iOS"", ""Android"", ""cross-platform mobile applications""]",16,21,8,"{""Remember"": 0, ""Understand"": 0, ""Apply"": 3, ""Analyze"": 2, ""Evaluate"": 2, ""Create"": 14, ""N/A"": 8}",0.184604908316314,0.1612856237301565,0.063157898501346,11,0.0,0.6550206954561577,0.8340217569786536,0.8999999999999998
in-c1301d998f72000a,"We solve for business value—accelerating go -to -market, unlocking future readiness, and powering transformation at scale.
We deliver on this promise through the Opus trifecta—a domain -native engineering skillset, a value -creation mindset, and a toolset that drives business agility.
Maximization.
Realization.
Our promise is simple: Business Value Acceleration.
Opus Technologies is a trusted engineering partner to payment providers, banks, and fintechs navigating change in a real -time, digital",[],0,[],0,0,0,"{""Remember"": 0, ""Understand"": 0, ""Apply"": 0, ""Analyze"": 0, ""Evaluate"": 0, ""Create"": 0, ""N/A"": 0}",0.0,0.0,0.0,19,0.0,0.0,0.0,0.0
in-bbad41219cc740ed,"We’re hiring a passionate Growth Marketing individual to drive increased user acquisition, activation, retention, and monetization for Eleven Music.
You’ll play a key role in developing and scaling the product’s growth in markets globally, including user acquisition, paid marketing, SEO and ASO, lifecycle marketing (email/push), internationalization, and subscription campaigns.
You will work cross -functionally with Growth, Engineering, and Partnerships teams to deliver growth outcomes.
As a dat","[""drive user acquisition"", ""drive user activation"", ""drive user retention"", ""drive user monetization"", ""develop product growth"", ""scale product growth"", ""work cross-functionally with teams"", ""deliver growth outcomes"", ""develop data analyses"", ""inform marketing strategies"", ""understand users"", ""drive lasting growth"", ""build consumer products"", ""scale consumer products"", ""solve complex challenges"", ""deliver high-quality work"", ""take initiative"", ""work autonomously"", ""prioritize learning""]",19,"[""Growth Marketing"", ""SEO"", ""ASO"", ""lifecycle marketing"", ""email marketing"", ""push notifications"", ""internationalization"", ""subscription campaigns"", ""data-driven analysis"", ""consumer apps"", ""audio"", ""music"", ""media"", ""first principles mindset""]",14,13,6,"{""Remember"": 0, ""Understand"": 0, ""Apply"": 9, ""Analyze"": 0, ""Evaluate"": 1, ""Create"": 3, ""N/A"": 6}",0.1284352277074838,0.0590975495077145,0.1004767637503774,12,0.0,0.6275189970189474,0.8125,0.8999999999999999
in-bc40d95a380aa266,"As a forward -thinking company, we’re breaking new ground in software innovation too, redefining what’s possible for our customers worldwide. Job Description As a Software Development Team Leader, you will help to drive innovation, mentor top talent, and shape the future of our platform with cutting -edge technology to deliver optimal software solutions.
You will thrive in a fast paced environment and help drive progress and efficiency, whilst supporting the continued growth of the team.
A backg","[""drive innovation"", ""mentor top talent"", ""shape the future of platform"", ""deliver optimal software solutions"", ""drive progress and efficiency"", ""support growth of team"", ""develop critical site functionality"", ""support operational tooling"", ""build career in technical management"", ""drive delivery of new features"", ""drive delivery of functionality"", ""drive delivery of maintenance work pieces""]",12,"[""software development"", ""large-scale systems"", ""Risk and Regulatory""]",3,7,5,"{""Remember"": 0, ""Understand"": 0, ""Apply"": 5, ""Analyze"": 0, ""Evaluate"": 1, ""Create"": 1, ""N/A"": 5}",0.1877515698352286,0.0682961056065286,0.1672580311172887,9,0.0,0.6209710262400001,0.7930833333333333,0.9
in-c6866d971578e5f5,"Camfil offers a competitive compensation package in a team -oriented environment.
We thank all applicants for their interest but only those under consideration will be contacted. Job Type: Temps plein Benefits: Assurance Dentaire Assurance Invalidité Assurance Maladie Complémentaire Assurance Vie Assurance Vision Congés payés Gym sur place Nourriture à Prix Réduit ou Gratuite Programme d'Aide aux Employés Programmes de Bien -être Régime de retraite Stationnement sur place Travail à domicile Work",[],0,[],0,0,0,"{""Remember"": 0, ""Understand"": 0, ""Apply"": 0, ""Analyze"": 0, ""Evaluate"": 0, ""Create"": 0, ""N/A"": 0}",0.0,0.0,0.0,19,0.0,0.0,0.0,0.0
in-bc0aa6df2d805b7b,"Your Profile You’re a strategic thinker and hands -on problem solver who excels at bridging business and technology. and you thrive in client -facing environments.
We are growing across all levels from Consultant to Managing Consultant, offering opportunities to make a real impact In your role, you will deliver DevOps advisory that will enable the adoption, acceleration, and innovation for our clients.
Ref. code 360210 -en _GB Posted on 18 Nov 2025 Experience level Experienced Professionals Cont","[""bridge business and technology"", ""thrive in client-facing environments"", ""deliver DevOps advisory"", ""enable adoption, acceleration, and innovation"", ""lead a stream of work"", ""produce high quality deliverables"", ""provide key input to shape strategic direction"", ""support the design of propositions"", ""design and lead projects"", ""take ownership for elements of the proposition"", ""contribute to the growth and success of a consulting practice"", ""bring a product mindset to platform engineering"", ""focus on user-centric design"", ""focus on lifecycle ownership"", ""focus on cross-functional collaboration"", ""create business and revenue models"", ""generate growth"", ""ensure regulatory compliance"", ""reduce carbon footprint""]",19,"[""DevOps"", ""Cloud"", ""platform engineering"", ""regulatory compliance""]",4,12,7,"{""Remember"": 0, ""Understand"": 0, ""Apply"": 4, ""Analyze"": 1, ""Evaluate"": 0, ""Create"": 7, ""N/A"": 7}",0.1230017521131289,0.0561332238078041,0.1101005560473392,13,0.0,0.6394783582989475,0.7973721804511279,0.8999999999999999
in-ca1f7fd7915eac82,"As an Equal Opportunities Employer, we value applications from all backgrounds, cultures and ability. #LI -INFRASTRUCTURE | #LI -UK #EnviroJobs #PECCJobs",[],0,[],0,0,0,"{""Remember"": 0, ""Understand"": 0, ""Apply"": 0, ""Analyze"": 0, ""Evaluate"": 0, ""Create"": 0, ""N/A"": 0}",0.0,0.0,0.0,19,0.0,0.0,0.0,0.0
in-c537f69349c9b14d,"As an engineer at Lyft, you'll collaborate with teams like product, data science, analytics, and operations on code that empower us to iterate quickly, while focusing on delighting our passengers and drivers. About the Role: The Applied AI team is looking for a Backend Engineer to join the AI Entries team.
We are growing our team with people who want to build, improve and incorporate technologies that make the lives of our community more enriched.
By building these robust integration, you will h","[""collaborate with cross-functional teams"", ""drive high-impact projects"", ""innovate new solutions"", ""lead large features from idea to launch"", ""write well-crafted, well-tested, readable, maintainable code"", ""participate in code reviews"", ""participate in on-call rotation"", ""build foundational infrastructure"", ""architect APIs and orchestration layers""]",9,"[""Backend Engineering"", ""AI ecosystems"", ""multimodal interfaces"", ""third-party agents"", ""APIs"", ""orchestration layers"", ""infrastructure""]",7,5,4,"{""Remember"": 0, ""Understand"": 0, ""Apply"": 1, ""Analyze"": 0, ""Evaluate"": 1, ""Create"": 3, ""N/A"": 4}",0.1726467894114813,0.051897679194928,0.1528266379707738,11,0.0,0.6485822314057144,0.8251587301587302,0.8999999999999999
in-cc977b538c3a4a86,"Due to the high volume of applications, please note if you have not heard back from us in 10 working days, you have not been successful on this occasion.
You will have regular one -to -one meetings with your line manager to review your performance against these objectives and identify any areas for development and/or required support. Working Hours Full time – 35 hours per week Equal Opportunities Minster Law is committed to equality and diversity and being a workplace that creates a sense of be","[""lead project work streams"", ""review performance"", ""identify areas for development"", ""coordinate people-related projects"", ""deliver change initiatives"", ""business partner with teams""]",6,"[""change management"", ""workforce planning"", ""reward""]",3,0,6,"{""Remember"": 0, ""Understand"": 0, ""Apply"": 0, ""Analyze"": 0, ""Evaluate"": 0, ""Create"": 0, ""N/A"": 6}",0.0203914422737924,0.0,0.0203914422737924,18,0.0,0.6436392000000001,0.8237500000000001,0.9
in-c5d75e0c5b4f0888,"You will apply knowledge of compute programming models and compute architecture to craft tools that provide useful feedback to compute developers.
Ways to stand out from the crowd: Experience in writing performance or correctness tools. Familiarity with tools for performance analysis. Background in the field that requires high performance computing. Knowledge of GPU hardware architecture and compiler technologies.
We are seeking a software developer to join our effort to advance the state of per","[""apply knowledge of compute programming models and compute architecture"", ""craft tools for compute developers"", ""write performance or correctness tools"", ""advance performance analysis and tuning for GPUs"", ""build tools to enable developers"", ""develop performance analysis capability"", ""profile and analyze performance of applications and systems"", ""work on profiler stack and application code"", ""innovate next big features in tools"", ""program in C, C++ and scripting languages"", ""design software"", ""debug software"", ""patch assembly code on CPUs or GPUs"", ""communicate effectively"", ""collaborate with teams"", ""interact with other teams""]",16,"[""compute programming models"", ""compute architecture"", ""performance analysis"", ""correctness tools"", ""high performance computing"", ""GPU hardware architecture"", ""compiler technologies"", ""NVIDIA GPUs"", ""Automotive"", ""Gaming"", ""Deep Learning"", ""C++"", ""scripting languages"", ""GPU Compute API"", ""CUDA"", ""OpenCL"", ""assembly code"", ""CPUs"", ""GPUs""]",19,13,3,"{""Remember"": 0, ""Understand"": 0, ""Apply"": 2, ""Analyze"": 3, ""Evaluate"": 0, ""Create"": 8, ""N/A"": 3}",0.3013479826120475,0.2611481147787527,0.249045403380143,7,0.0,0.6683158812754286,0.7863452380952382,0.9
in-cf33fce1da9e5f1f,"Internships will start in July 2026 to December 2026 . Please indicate your exact availability in your application.
Join us as a C &S Marketing Intern to make an impact!
Location: Kallang The Role: Global Offer Marketing Intern Mission (About the Role) You will join the IA Control & Signaling line of business global marketing team Intern where we govern, standardize and automate our processes to drive industrial components offer to grow globally as market leader. This role will support global of","[""create global offer launch preparation"", ""optimize global offer launch preparation"", ""support global offer marketing managers"", ""govern processes"", ""standardize processes"", ""automate processes"", ""drive industrial components offer""]",7,"[""digital assets"", ""demo kits"", ""launch file"", ""global offer marketing"", ""IA Control & Signaling""]",5,3,4,"{""Remember"": 0, ""Understand"": 0, ""Apply"": 0, ""Analyze"": 0, ""Evaluate"": 0, ""Create"": 3, ""N/A"": 4}",0.0615605769889518,0.0232380686538383,0.0383225083351135,16,0.0,0.6520909186285716,0.8335714285714287,0.9000000000000001
in-ce4ba705be083cdb,"You’ll contribute directly to the real‑time control, safety, autonomy and mission execution at the heart of our platforms - pioneering technology that radically improves the security and prosperity of our customers.
Working at the intersection of advanced robotics and live field operations, you’ll help deliver reliable, high‑performance software that stands up to the harshest conditions, enabling us to push the boundaries of what uncrewed systems can do.
RS -232/485, acoustic, satellite) Knowled","[""contribute to real-time control, safety, autonomy and mission execution"", ""deliver reliable, high-performance software"", ""push the boundaries of what uncrewed systems can do"", ""build autonomous marine systems"", ""develop and operate Autonomous Underwater Vehicles (AUVs) and Autonomous Surface Vehicles (USVs)"", ""work at the intersection of advanced robotics and live field operations"", ""deploy, test, or troubleshoot autonomous systems in operational environments""]",7,"[""RS-232/485"", ""acoustic"", ""satellite"", ""geodetic calculations"", ""coordinate transformation systems"", ""DCCL"", ""compact data encoding standards"", ""autonomous systems"", ""autonomous marine systems"", ""Autonomous Underwater Vehicles (AUVs)"", ""Autonomous Surface Vehicles (USVs)"", ""maritime operations"", ""advanced robotics"", ""live field operations"", ""uncrewed systems""]",15,7,0,"{""Remember"": 0, ""Understand"": 0, ""Apply"": 4, ""Analyze"": 0, ""Evaluate"": 1, ""Create"": 2, ""N/A"": 0}",0.1006036312956559,0.0,0.1006036312956559,14,0.0,0.6293600830005195,0.788409090909091,0.9000000000000001
in-d058a60328482955,"Candidate information will be treated in accordance with our candidate privacy notice. Benefits and perks are subject to plan documents and may change at the company's discretion. Employment is contingent upon the satisfactory completion of our pre -employment background investigation and drug test.
In compliance with the California Consumer Privacy Act (CCPA), Qventus provides transparency into how applicant data is processed during the application process.
You'll share a strong portfolio that ","[""design impactful user experiences"", ""organize visually-complex information"", ""test interactive prototypes"", ""contribute to design system"", ""collaborate with product managers and engineers"", ""navigate ambiguity"", ""thrive in fast-paced collaborative environment"", ""showcase design impact via portfolio"", ""structure information and actions"", ""gather data on improvement performance""]",10,"[""Human Computer Interaction"", ""Interaction Design"", ""UX Design"", ""Service Design"", ""Visual design"", ""Information architecture"", ""machine learning"", ""generative AI"", ""behavioral science""]",9,7,3,"{""Remember"": 0, ""Understand"": 0, ""Apply"": 0, ""Analyze"": 2, ""Evaluate"": 0, ""Create"": 5, ""N/A"": 3}",0.2738740667777875,0.1321383635222442,0.2305666377669886,5,0.0,0.6610179474432,0.8292999999999999,0.9
in-c58b6cbd0462f519,"We have over 6500 employees across 4 continents and continue to grow every day.
MUFG Retirement Solutions is the largest business under MUFG Pension and Market Services and we are the leading administrator for super funds in Australia.
We are a diverse team with employees from various cultural and linguistic backgrounds, and we make sure to celebrate the successes of our clients and our people. Senior Business Analyst – PII & Data Compliance Are you an experienced Business Analyst with a passion","[""analyze business processes"", ""safeguard sensitive information"", ""ensure data integrity"", ""ensure privacy compliance"", ""play a pivotal role in projects"", ""collaborate with diverse teams"", ""celebrate successes""]",7,"[""PII"", ""Data Compliance"", ""super funds"", ""pension administration"", ""market services"", ""privacy compliance"", ""data integrity""]",7,3,4,"{""Remember"": 0, ""Understand"": 0, ""Apply"": 1, ""Analyze"": 2, ""Evaluate"": 0, ""Create"": 0, ""N/A"": 4}",0.1013543973717293,0.0583437928729871,0.0871825876988862,14,0.0,0.6511627073828573,0.8217857142857143,0.9000000000000001
in-d7d35694d4becf69,"Xcel Automation is an established integrator of Industrial Automation and SCADA solutions.
We apply this expertise within many types of industries across Western Canada.
We are currently seeking a Drafter/Designer to join our team.
This is a full -time position with preferred candidates being local to Xcel’s office in Calgary.
We offer highly competitive wages for both employees and contractors.
Please apply with resume directly to this ad or email to: info@xcelautomation.com.
Thank you to all a","[""produce technical drawings"", ""work closely with engineers"", ""work closely with automation specialists""]",3,"[""Industrial Automation"", ""SCADA"", ""technical drawings"", ""industrial control systems""]",4,1,2,"{""Remember"": 0, ""Understand"": 0, ""Apply"": 0, ""Analyze"": 0, ""Evaluate"": 0, ""Create"": 1, ""N/A"": 2}",0.0735704729431554,0.0,0.0735704729431554,15,0.0,0.6411416985600001,0.8119999999999999,0.9
in-dca34ad867616996,"DESCRIPTION - Would you like to be an Engineer that builds the cloud, rather than an Engineer that just uses it?
At Amazon Web Services (AWS) Infrastructure Services, our Network Development Engineers look after the behind -the -scenes network and tools that make the world's largest cloud computing infrastructure possible.
If you are motivated and passionate about the work you do and care about delivering for your customers, and have a love for learning and working with new technologies, then we","[""build cloud infrastructure"", ""look after network and tools"", ""deliver for customers"", ""learn new technologies"", ""work with advanced tools and processes"", ""ensure network fabrics and devices operate as expected""]",6,"[""cloud computing infrastructure"", ""network fabrics"", ""network devices""]",3,4,2,"{""Remember"": 0, ""Understand"": 0, ""Apply"": 2, ""Analyze"": 0, ""Evaluate"": 1, ""Create"": 1, ""N/A"": 2}",0.089970546366878,0.0609759373927945,0.0686650044039676,14,0.0,0.6104987630400002,0.7858750000000002,0.9
in-d2d8bf4d4164f68a,"Location: Cobalt Refinery, Temiskaming Shores, Ontario Reference No: 2024 -026 Position Type: Full -Time Position Status: This position is being advertised to fill an existing vacancy.
Rate of Pay: Annual salary range of $60,000 -$80,000 commensurate with experience, skills, and qualifications. ABOUT ELECTRA BATTERY MATERIALS Electra is a leader in advancing North America’s critical minerals supply chain for lithium -ion batteries.",[],0,[],0,0,0,"{""Remember"": 0, ""Understand"": 0, ""Apply"": 0, ""Analyze"": 0, ""Evaluate"": 0, ""Create"": 0, ""N/A"": 0}",0.0,0.0,0.0,19,0.0,0.0,0.0,0.0
in-c795d5647c5b2fa6,"Here at Apple, we believe that the right blend of hardware, software, and curated experiences can transform a house into a home that serves and entertains its residents.
You’ll contribute innovative solutions from product concept to production, leveraging your problem -solving and hands -on hardware development skills. Description In this role, you will collaborate closely with a multi -disciplinary team to develop and integrate cutting -edge hardware systems for future Apple products.
We're see","[""contribute innovative solutions"", ""solve problems"", ""develop hardware systems"", ""integrate hardware systems"", ""collaborate with a multi-disciplinary team"", ""design elegantly"", ""dive into details"", ""elevate conversations"", ""ensure alignment with user experience"", ""ensure alignment with product vision"", ""communicate with empathy"", ""communicate with precision"", ""tailor messages to resonate across audiences"", ""own critical aspects of electrical architecture"", ""own critical aspects of electrical implementation"", ""design schematics"", ""design layout"", ""bring up hardware"", ""debug hardware"", ""validate hardware"", ""thrive in ambiguity"", ""bring clarity through structured thinking"", ""bring clarity through creative thinking""]",23,"[""hardware development"", ""electrical system architecture"", ""schematic design"", ""hardware validation""]",4,11,12,"{""Remember"": 0, ""Understand"": 0, ""Apply"": 3, ""Analyze"": 1, ""Evaluate"": 1, ""Create"": 6, ""N/A"": 12}",0.1893932935918423,0.1876271186928252,0.0878409448422883,10,0.0,0.6447271940452175,0.8186956521739129,0.8999999999999997
in-da1eee9312990cd0,"This role is central to our data -driven maintenance strategy, focusing on Data Engineering and Power BI to deliver critical insights and decision support for our core operations.
Your work will directly influence preventive, condition -based, and predictive maintenance regimes.
You will take ownership of existing data solutions, enhance their reliability and performance, and build new data pipelines and dashboards that empower engineers to act faster and with greater confidence.
We leverage vas","[""build data pipelines"", ""build dashboards"", ""enhance reliability of data solutions"", ""enhance performance of data solutions"", ""identify defect trends"", ""drive proactive maintenance"", ""deliver critical insights"", ""deliver decision support"", ""take ownership of data solutions"", ""empower engineers""]",10,"[""Data Engineering"", ""Power BI"", ""data-driven maintenance strategy"", ""preventive maintenance"", ""condition-based maintenance"", ""predictive maintenance"", ""laser measurement systems"", ""photo imaging"", ""IoT sensors"", ""maintenance records"", ""railway infrastructure"", ""tracks"", ""tunnels"", ""viaducts"", ""routine inspection"", ""monitoring""]",16,5,5,"{""Remember"": 0, ""Understand"": 0, ""Apply"": 0, ""Analyze"": 1, ""Evaluate"": 0, ""Create"": 4, ""N/A"": 5}",0.1467331681199026,0.0455709780640584,0.1318203788054617,12,0.0,0.6590915569152,0.8109,0.9
in-e1f6fb04d77bbcd3,"Senior Kafka Engineer – Real Estate Data Platform Location: London, UK (Onsite) Type: Permanent ⸻ Role Overview We are seeking a Senior Kafka Engineer to design, build, and manage scalable real -time data streaming platforms that support enterprise property management and analytics systems.
The role will focus on building an event -driven data platform that connects property management systems, tenant platforms, financial systems, and building operations data to enterprise analytics and AI platf","[""design scalable real-time data streaming platforms"", ""build scalable real-time data streaming platforms"", ""manage scalable real-time data streaming platforms"", ""build event-driven data platforms"", ""connect property management systems"", ""connect tenant platforms"", ""connect financial systems"", ""connect building operations data"", ""support enterprise property management systems"", ""support analytics systems"", ""support enterprise analytics platforms"", ""support AI platforms""]",12,"[""Kafka"", ""real-time data streaming platforms"", ""event-driven data platform"", ""property management systems"", ""tenant platforms"", ""financial systems"", ""building operations data"", ""enterprise analytics"", ""AI platforms"", ""real estate data platform""]",10,12,0,"{""Remember"": 0, ""Understand"": 0, ""Apply"": 4, ""Analyze"": 0, ""Evaluate"": 4, ""Create"": 4, ""N/A"": 0}",0.1689525889640038,0.0744537262701683,0.1568472692840977,10,0.0,0.6621692438160002,0.8272500000000002,0.9
in-e402c63ea3c27129,"Click here to see all our benefits.
Join the Exciting Journey at tombola Ready to step into a senior role that exists because of real growth and real success?
It is the kind of place where you can see the impact of your work and feel the bounce every day. What will I be doing You will be stepping into a senior role that influences technical direction across the wider Platform Team at tombola.
We care about quality and we care about doing things well.
Someone who can help shape where we go next a","[""influence technical direction"", ""build foundations"", ""work on new projects"", ""drive forward mission"", ""decouple platform from games"", ""help shape future direction"", ""raise the bar""]",7,"[""platform development"", ""in-house development""]",2,3,4,"{""Remember"": 0, ""Understand"": 0, ""Apply"": 2, ""Analyze"": 0, ""Evaluate"": 0, ""Create"": 1, ""N/A"": 4}",0.0904512704092704,0.0113606588510589,0.0790906115582114,14,0.0,0.6154372948114286,0.7864285714285716,0.9000000000000001
in-e73fa6806d5f5e59,"Location Hyderabad, IN This job is associated with 2 categories See all Req ID: 359417 NTT DATA strives to hire exceptional, innovative and passionate individuals who want to grow with us.",[],0,[],0,0,0,"{""Remember"": 0, ""Understand"": 0, ""Apply"": 0, ""Analyze"": 0, ""Evaluate"": 0, ""Create"": 0, ""N/A"": 0}",0.0,0.0,0.0,19,0.0,0.0,0.0,0.0
in-e78abd8a232a690b,"Ergo IT Recruitment Services are looking for a customer focused Level 2 Engineer for a contract role with a client based in Ballina, County Mayo .
The successful candidate will join a team of engineers supporting a busy public sector client.","[""support clients"", ""focus on customers"", ""collaborate with a team""]",3,"[""public sector""]",1,1,2,"{""Remember"": 0, ""Understand"": 0, ""Apply"": 0, ""Analyze"": 0, ""Evaluate"": 1, ""Create"": 0, ""N/A"": 2}",0.0,0.0,0.0,19,0.0,0.65366227008,0.7733333333333334,0.9
in-e4187db23d86d9a0,"This is a unique opportunity to build retrieval and evaluation capabilities that power discovery experiences for millions of users — from researchers accelerating innovation to clinicians making evidence -based decisions.
This role will lead a group of applied scientists advancing lexical, vector, and hybrid retrieval systems; designing robust evaluation frameworks; and shaping the foundation of Elsevier’s next -generation search and AI ecosystem.
About the role: We are seeking a Search and Eval","[""build retrieval and evaluation capabilities"", ""lead a group of applied scientists"", ""advance lexical, vector, and hybrid retrieval systems"", ""design robust evaluation frameworks"", ""shape the foundation of search and AI ecosystem"", ""deploy retrieval-enhanced LLMs and hybrid retrieval pipelines"", ""bridge data science, engineering, and product domains"", ""pioneer intelligent discovery experiences"", ""manage stakeholder communication""]",9,"[""retrieval-augmented generation (RAG)"", ""semantic search"", ""generative AI"", ""scientific ontologies"", ""metadata standards"", ""MeSH"", ""UMLS"", ""ORCID"", ""CrossRef"", ""academic publishing"", ""research intelligence"", ""enterprise-scale AI systems"", ""Scopus AI"", ""LeapSpace"", ""ClinicalKey AI"", ""PharmaPendium"", ""life sciences platforms""]",17,6,3,"{""Remember"": 1, ""Understand"": 0, ""Apply"": 2, ""Analyze"": 0, ""Evaluate"": 0, ""Create"": 3, ""N/A"": 3}",0.1434647949118363,0.0230671998945166,0.1434647949118363,12,0.0,0.639963305161143,0.8213968253968256,0.8999999999999999
in-e7722395abd65cf4,"We’re looking for people who think big, act fearlessly, and create an inclusive environment that drives positive impact to join our team. What you'll do The Customer Engineering team is a group of highly technical engineers who are tasked with maintaining and developing the reliability, scalability, and performance of the Service to different Enterprise Customers.","[""think big"", ""act fearlessly"", ""create an inclusive environment"", ""drive positive impact"", ""maintain reliability"", ""maintain scalability"", ""maintain performance"", ""develop reliability"", ""develop scalability"", ""develop performance""]",10,[],0,6,4,"{""Remember"": 0, ""Understand"": 0, ""Apply"": 0, ""Analyze"": 3, ""Evaluate"": 0, ""Create"": 3, ""N/A"": 4}",0.0436534197795236,0.0436534197795236,0.0,17,0.0,0.669965891328,0.8380000000000001,0.9
in-ed82d490e0401f2c,"Job Types: Full -time, Permanent Pay: $85,000 .00 – $110,000 .00 per year Work Location: In person Application Deadline: 29/03/2026
Location: 5 Llandovery Lane, Maudsland QLD Employment Type: Full -time, Permanent Salary Package: $85,000 – $110,000 per annum (plus superannuation) Positions Available: 1 Architectural Draftsperson About the Company INSPIRE HOMES QLD PTY LTD is a residential design and construction company specialising in custom homes and renovation projects across Queensland.
We a","[""draft architectural plans"", ""apply residential construction practices"", ""apply construction regulations"", ""maintain high attention to detail"", ""demonstrate strong organisational skills"", ""work independently"", ""work collaboratively within a team""]",7,"[""AutoCAD"", ""Revit"", ""Australian residential construction practices"", ""Australian residential construction regulations"", ""Architectural Technology"", ""Building Design""]",6,3,4,"{""Remember"": 0, ""Understand"": 0, ""Apply"": 0, ""Analyze"": 0, ""Evaluate"": 0, ""Create"": 3, ""N/A"": 4}",0.0997795173996373,0.0,0.0997795173996373,14,0.0,0.6292016656457143,0.8391428571428573,0.9000000000000001
in-f07c8588be7350c3,"R -2025 -12 -15
New York, New York; Oakland, California; New York, New York Product Management Regular Employee Full -Time R -2025 -12 -15 Hybrid Who We Are: SiriusXM and its brands (Pandora, SiriusXM Media, AdsWizz, Simplecast, and SiriusXM Connect) are leading a new era of audio entertainment and services by delivering the most compelling subscription and ad -supported audio entertainment experience for listeners - in the car, at home, and anywhere on the go with connected devices.",[],0,[],0,0,0,"{""Remember"": 0, ""Understand"": 0, ""Apply"": 0, ""Analyze"": 0, ""Evaluate"": 0, ""Create"": 0, ""N/A"": 0}",0.0,0.0,0.0,19,0.0,0.0,0.0,0.0
in-ded3a3347d3bcae7,"Proficiency with Google Workspace (Docs, Sheets, Gmail, Calendar).
Ability to manage multiple priorities with a calm, solutions -oriented approach.
Comfortable working in a creative, fast -paced environment with shifting needs. Preferred Qualities Proactive and resourceful problem -solver.
Strong sense of ownership and reliability.
Perform other related duties as assigned. Qualifications High school diploma or equivalent required.
Comfortable working in a professional environment that includes e","[""manage multiple priorities"", ""work in a creative fast-paced environment"", ""solve problems proactively"", ""take ownership and be reliable"", ""work in a professional environment with diverse stakeholders"", ""create a polished office environment"", ""pay strong attention to detail"", ""follow through on tasks"", ""balance front desk responsibilities with office support"", ""coordinate shipments and deliveries"", ""address routine office issues"", ""coordinate with internal teams and external stakeholders"", ""communicate strongly"", ""organize tasks and processes"", ""coordinate tasks in a fast-paced setting"", ""assist with office coordination"", ""support administrative functions"", ""coordinate office activities"", ""serve as first point of contact for visitors"", ""welcome visitors professionally"", ""answer and route incoming calls and emails"", ""assist with planning office-wide processes"", ""ensure confidentiality of sensitive information"", ""support scheduling for meetings and events"", ""assist with employee workspace setup"", ""maintain appearance of shared spaces"", ""monitor inventory and place orders"", ""process incoming and outgoing mail"", ""coordinate with building management and vendors""]",29,"[""Google Workspace"", ""administrative processes"", ""office coordination"", ""facilities support"", ""operations support"", ""front desk management"", ""visitor management"", ""office operations"", ""facilities maintenance"", ""space planning"", ""inventory management"", ""mail processing"", ""vendor coordination""]",13,14,15,"{""Remember"": 0, ""Understand"": 0, ""Apply"": 8, ""Analyze"": 1, ""Evaluate"": 2, ""Create"": 3, ""N/A"": 15}",0.1378332947429857,0.0261839873457037,0.1378332947429857,13,0.0,0.6199963049332019,0.803857142857143,0.8999999999999998
in-ebb58af1f32d768c,"Salary: €55,000 - €65,000 per annum based on a 39 hour week Equal Opportunity Statement and Benefits UPMC is an equal opportunity employer.
Flexible working opportunities to support you to work around external family commitments. Development and Career Opportunities – Opportunities for each employee to reach their career goals through continued learning and/or advancement. About UPMC UPMC is a renowned multinational academic medical centre committed to delivering people -focused care that’s clos","[""troubleshoot network issues"", ""collaborate with engineering team on scaling"", ""maintain 24x7x365 network infrastructure"", ""use communication and collaborative technologies"", ""create strong documentation"", ""adjust and be flexible to change"", ""collaborate with team and offer feedback"", ""seek feedback from senior team members"", ""demonstrate clear written and oral communications"", ""design corporate production network"", ""implement corporate production network"", ""scale corporate production network"", ""complete projects with a team-first approach"", ""focus on process automation"", ""build network infrastructure"", ""deploy network infrastructure""]",16,"[""network infrastructure"", ""data centers"", ""WAN routing"", ""cloud components"", ""data communications"", ""secure infrastructure"", ""high performance infrastructure"", ""highly available infrastructure"", ""resilient infrastructure"", ""process automation""]",10,9,7,"{""Remember"": 0, ""Understand"": 0, ""Apply"": 2, ""Analyze"": 2, ""Evaluate"": 2, ""Create"": 3, ""N/A"": 7}",0.1424580272997052,0.0891875155350915,0.102855446464137,13,0.0,0.66766629096,0.8232187500000001,0.9
in-e26b52256be0f85c,"Engineering 2 is a core role at Creation Technologies, focused on executing moderately complex to complex engineering tasks required in the creation, configuration and optimization of industrial processes required to produce and/or test Circuit Card Assemblies (CCAs) and/or box assemblies.
We're committed to bringing passion and customer focus to the business.
It's fun to work in a company where people truly BELIEVE in what they're doing!
It’s a role that combines hands -on experience with profe","[""execute engineering tasks"", ""create industrial processes"", ""configure industrial processes"", ""optimize industrial processes"", ""produce Circuit Card Assemblies"", ""test Circuit Card Assemblies"", ""execute engineering activities"", ""apply theoretical knowledge"", ""adhere to industry standards"", ""deal with complex escalated issues"", ""document manufacturing processes"", ""ensure accurate records"", ""adhere to protocols"", ""maintain equipment"", ""troubleshoot equipment"", ""minimize downtime"", ""maintain production efficiency"", ""setup manufacturing processes"", ""ensure process readiness"", ""ensure optimal performance"", ""adhere to safety standards"", ""demonstrate understanding of electronics principles"", ""demonstrate understanding of manufacturing services processes"", ""execute standard engineering projects"", ""perform technical work"", ""ensure compliance with quality standards"", ""ensure products meet customer specifications""]",27,"[""electronics principles"", ""manufacturing services processes"", ""industrial processes"", ""Circuit Card Assemblies"", ""box assemblies"", ""electronic manufacturing processes"", ""quality standards"", ""industry standards"", ""safety standards"", ""protocols""]",10,26,1,"{""Remember"": 0, ""Understand"": 0, ""Apply"": 10, ""Analyze"": 6, ""Evaluate"": 5, ""Create"": 5, ""N/A"": 1}",0.1897744164071862,0.1729979696686114,0.0749415033742001,10,0.0,0.6649880797013333,0.8390925925925926,0.8999999999999999
in-f76e0ef50acdf181,"AECOM is proud to be a Fortune 500 Most Admired Company, a WGEA Employer of Choice for Gender Equality, #Work180 Equitable Workplace Awards 2025 Winner and an AWEI Bronze Tier LGBTQ + Inclusive Employer. Job Description Due to continued growth, we are looking for a Technical Director – Structural Engineer join our diverse Structures team in Sydney.",[],0,[],0,0,0,"{""Remember"": 0, ""Understand"": 0, ""Apply"": 0, ""Analyze"": 0, ""Evaluate"": 0, ""Create"": 0, ""N/A"": 0}",0.0,0.0,0.0,19,0.0,0.0,0.0,0.0
in-f389b05688a66b67,"CIG believes in raising the bar for the gaming industry and the community as a whole. About the Role: As we expand our universe, we’re looking for visionary Senior Creature Artists to help develop the extraordinary beings that inhabit it.","[""develop creatures""]",1,[],0,1,0,"{""Remember"": 0, ""Understand"": 0, ""Apply"": 0, ""Analyze"": 0, ""Evaluate"": 0, ""Create"": 1, ""N/A"": 0}",0.0,0.0,0.0,19,0.0,0.6779441433600002,0.8400000000000001,0.9
in-f8b6585374a18460,"There is a large and growing constituent of developers that need API access to insurance carriers but want a single integration, not 100's; this is the value we’re creating at Briza.
Briza strives to make interacting with commercial insurance products not only better but delightful.","[""integrate with APIs"", ""create value for developers"", ""improve user experience""]",3,"[""API"", ""commercial insurance""]",2,1,2,"{""Remember"": 0, ""Understand"": 0, ""Apply"": 0, ""Analyze"": 0, ""Evaluate"": 0, ""Create"": 1, ""N/A"": 2}",0.0794760923860955,0.0563085665715358,0.0722541915742974,16,0.0,0.6462074553600001,0.7866666666666667,0.9
in-ee0deef20dee727b,"This role will focus on environmental performance management, footprint tracking, regulatory compliance, and external environmental reporting (GHG and non -GHG).
WBCSD, UN Global Compact) to support continuous improvement in corporate environmental performance Monitor emerging environmental regulations, disclosure requirements, and best practices relevant to Bentley’s operations and commitments Products, Users & Technical Support Provide environmental and sustainability expertise to internal tea","[""manage environmental performance"", ""track environmental footprint"", ""ensure regulatory compliance"", ""prepare external environmental reports"", ""monitor emerging environmental regulations"", ""monitor disclosure requirements"", ""monitor environmental best practices"", ""provide environmental expertise"", ""support development of environmental analysis capabilities"", ""support testing of environmental analysis capabilities"", ""assess user projects"", ""contribute technical expertise to tool development"", ""drive environmental ESG strategy"", ""support continuous improvement"", ""collaborate with internal teams""]",15,"[""environmental performance management"", ""footprint tracking"", ""regulatory compliance"", ""external environmental reporting"", ""GHG"", ""WBCSD"", ""UN Global Compact"", ""environmental regulations"", ""disclosure requirements"", ""environmental best practices"", ""sustainability"", ""environmental analysis"", ""LCA"", ""digital tools"", ""ESG strategy""]",15,12,3,"{""Remember"": 0, ""Understand"": 0, ""Apply"": 4, ""Analyze"": 4, ""Evaluate"": 2, ""Create"": 2, ""N/A"": 3}",0.1075695469129247,0.0846407854415681,0.0799381971359253,13,0.0,0.6686593943039999,0.8556666666666668,0.9000000000000001
in-fc272651cf3a5dc3,"The pay range for this full -time position is $148,310 .00 - $249,160 .00 and reflects the minimum and maximum target for new hire salaries for this position based on the posted role, level, and location.
Position Type : Full timeType Of Hire : Experienced (relevant combo of work and education)Education Desired : Bachelor's DegreeTravel Percentage : 0%Job Description Are you curious, motivated, and forward -thinking?
In return, you receive exceptional benefits including: Opportunities to innovat",[],0,[],0,0,0,"{""Remember"": 0, ""Understand"": 0, ""Apply"": 0, ""Analyze"": 0, ""Evaluate"": 0, ""Create"": 0, ""N/A"": 0}",0.0,0.0,0.0,19,0.0,0.0,0.0,0.0
in-f156d49da1140e9c,"We value different perspectives and are committed to creating an environment that embraces diverse backgrounds and fosters inclusion.
We’re passionate, creative, and innovative, and together as a team, we continually strive to advance, accelerate, and expand the reach of our technology.
At iPipeline, you’ll play a major role in helping us to provide best -in -class, transformative solutions.
With one of the industry’s largest data sets, we help advisors/advisers and agents to transform paper and","[""support software testing activities"", ""develop test plans and procedures"", ""execute test plans and procedures"", ""maintain automated test scripts"", ""identify defects during the testing process"", ""collaborate with team"", ""embrace diverse backgrounds"", ""foster inclusion"", ""strive to advance technology"", ""provide transformative solutions"", ""help advisors transform operations"", ""build a supportive environment""]",12,"[""software testing"", ""test plans"", ""test procedures"", ""automated test scripts"", ""defects"", ""digital platforms"", ""data libraries"", ""life insurance"", ""financial services"", ""pensions"", ""software solutions""]",11,5,7,"{""Remember"": 0, ""Understand"": 0, ""Apply"": 0, ""Analyze"": 0, ""Evaluate"": 2, ""Create"": 3, ""N/A"": 7}",0.2156478260692797,0.0,0.2156478260692797,8,0.0,0.632954777088,0.814625,0.9
in-f4e53c2111bd6d2b,"Join Canada's largest IT Company as a ""Java Developer"" in our Banking Services Division.
Nice to Have Experience with CI/CD and DevOps for data pipelines. Exposure to ML frameworks. Knowledge of Docker and Kubernetes.","[""develop Java applications"", ""implement CI/CD for data pipelines"", ""apply DevOps practices"", ""use ML frameworks"", ""operate Docker"", ""operate Kubernetes""]",6,"[""Java"", ""CI/CD"", ""DevOps"", ""data pipelines"", ""ML frameworks"", ""Docker"", ""Kubernetes"", ""Banking Services""]",8,6,0,"{""Remember"": 0, ""Understand"": 0, ""Apply"": 3, ""Analyze"": 0, ""Evaluate"": 2, ""Create"": 1, ""N/A"": 0}",0.2002022326492434,0.1088038423475779,0.1863602268068414,10,0.0,0.6460472870400001,0.8016666666666667,0.9
in-fbb699e18d37f468,"If you need support in completing the application or if you require a different format of this document, please get in touch with us at UKI.Recruitment@tcs.com with the subject line: “Application Support Request”. Role: Senior Business Systems Data Analyst Job Type: Permanent Location: Letterkenny (Hybrid 2/3 days onsite) Ready to utilise your skills to drive Business Decisions? Are you passionate about helping customers modernize and unlock the power of data driven decision making?
Our diversit","[""analyze business processes"", ""analyze systems"", ""analyze data"", ""identify areas for improvement"", ""translate business needs into technical requirements"", ""support the design of solutions"", ""support the implementation of solutions"", ""drive business decisions"", ""help customers modernize"", ""unlock the power of data driven decision making"", ""make an impact that matters"", ""deliver impactful analytics""]",12,"[""data driven decision making"", ""operational efficiency"", ""analytics""]",3,7,5,"{""Remember"": 0, ""Understand"": 1, ""Apply"": 0, ""Analyze"": 3, ""Evaluate"": 1, ""Create"": 2, ""N/A"": 5}",0.1292833310139614,0.1268863778346064,0.0374351545384055,12,0.0,0.655869380352,0.8002083333333333,0.9
in-fb45f01ebbc2a223,"A delivery -focused Intune engineer who can deploy | migrate | package applications | troubleshoot | and stabilize Intune and co -managed environments.
Detection rules | requirements | dependencies | and supersedence.
Implement and operate SCCM Intune co -management | including workload migration.
Manage Windows 10 11 devices in cloud -native and hybrid environments.
Configure Intune configuration profiles | compliance policies | and security baselines.
Microsoft Endpoint or M365 certifications.","[""deploy Microsoft Intune"", ""migrate applications from SCCM to Intune"", ""package applications for Intune"", ""troubleshoot Intune environments"", ""stabilize Intune environments"", ""implement SCCM Intune co-management"", ""operate SCCM Intune co-management"", ""manage Windows devices"", ""configure Intune configuration profiles"", ""configure Intune compliance policies"", ""configure Intune security baselines"", ""manage device lifecycle"", ""configure Windows Update for Business via Intune"", ""integrate Intune with other services"", ""provide L3 L4 support for Intune"", ""create operational documentation"", ""create SOPs"", ""implement Windows Autopilot"", ""support Windows Autopilot"", ""troubleshoot Intune application deployment failures"", ""script PowerShell for automation"", ""manage modern endpoint management solutions""]",22,"[""Microsoft Intune"", ""SCCM"", ""co-management"", ""Windows 10"", ""Windows 11"", ""cloud-native environments"", ""hybrid environments"", ""configuration profiles"", ""compliance policies"", ""security baselines"", ""Microsoft Endpoint certifications"", ""M365 certifications"", ""iOS"", ""Android"", ""device lifecycle"", ""provisioning"", ""patching"", ""compliance"", ""retirement"", ""Windows Update for Business"", ""Entra ID"", ""Defender for Endpoint"", ""Conditional Access"", ""L3 support"", ""L4 support"", ""application deployment"", ""operational documentation"", ""SOPs"", ""Win32"", ""MSI"", ""EXE"", ""PowerShell"", ""application packaging"", ""enterprise-scale migration"", ""Windows Autopilot"", ""AAD Join"", ""Hybrid Join"", ""endpoint management platform"", ""PowerShell scripting"", ""automation"", ""remediation""]",41,22,0,"{""Remember"": 0, ""Understand"": 0, ""Apply"": 5, ""Analyze"": 0, ""Evaluate"": 14, ""Create"": 3, ""N/A"": 0}",0.2504996726387426,0.0559193390181246,0.2504996726387426,8,0.0,0.6330998443156366,0.8311818181818181,0.8999999999999997
in-ffcc36a373d8599a,"KBR strives to create a safer, more secure and sustainable world by bringing together the best and brightest to deliver technologies and solutions that help our customers accomplish their most critical missions and objectives. The Mission Ahead This role is with KBR’s Government Solutions U.S. division.
At KBR Government Solutions, we don't just envision a world that's safer, more secure, and sustainable - we create it.
As stewards of critical missions for the Department of Defense, Intelligence","[""support system requirements"", ""support system design"", ""support system analysis"", ""support system verification"", ""support system validation"", ""support government customers in engineering design"", ""support government customers in acquisitions"", ""support government customers in education and training"", ""deliver technologies and solutions"", ""accomplish critical missions and objectives"", ""ensure mission success"", ""improve operational readiness"", ""drive innovation"", ""deliver advanced full life cycle professional and technical solutions"", ""collaborate with team"", ""communicate ideas"", ""solve problems"", ""think critically"", ""adapt to change""]",19,"[""Model-Based Systems Engineering (MBSE)"", ""Department of Defense"", ""Intelligence Community"", ""NASA"", ""federal agencies"", ""engineering"", ""logistics"", ""operations"", ""science"", ""program management"", ""mission IT"", ""cybersecurity"", ""system requirements"", ""system design"", ""system analysis"", ""system verification"", ""system validation"", ""Government Secret Security Clearance""]",18,14,5,"{""Remember"": 0, ""Understand"": 0, ""Apply"": 3, ""Analyze"": 2, ""Evaluate"": 6, ""Create"": 3, ""N/A"": 5}",0.2591919045699271,0.0450385400848166,0.2591919045699271,6,0.0,0.660880679689624,0.81818671679198,0.8999999999999999
