skill,freq,mean_confidence,best_domain_id,best_future_domain,trend_label,trend_score,similarity,top1_similarity,top2_similarity,top3_similarity,mapping_margin,top2_domain_id,top3_domain_id,domain_source,future_weight,trend_tier,tier_weight,future_weight_tier
conceptualize AI integration,1,0.6,WEF07,Human-AI Collaboration,Strong_Growth,0.95,0.5810822,0.5810822,0.53413814,0.33849195,0.04694408,WEF01,MCK01,WEF_FutureOfJobs_2025,0.5520281136035919,Strong_Growth,1.0,0.5810822248458862
develop AI/ML solutions,1,0.674,WEF01,AI & Machine Learning,Strong_Growth,1.0,0.5516592,0.5516592,0.5026167,0.30348358,0.049042523,WEF07,MCK01,WEF_FutureOfJobs_2025,0.5516592264175415,Strong_Growth,1.0,0.5516592264175415
develop critical thinking skills,1,0.61,MCK04,Critical Thinking & Problem Solving,Strong_Growth,0.8,0.6632638,0.6632638,0.23861559,0.22834164,0.42464823,MCK02,WEF08,McKinsey_FutureOfWork_2025,0.5306110382080078,Strong_Growth,1.0,0.6632637977600098
build cloud infrastructure,1,0.678,WEF04,Cloud Computing & Infrastructure,Strong_Growth,0.85,0.60938823,0.60938823,0.24853416,0.24390557,0.3608541,ONET02,ONET06,WEF_FutureOfJobs_2025,0.517979997396469,Strong_Growth,1.0,0.6093882322311401
support AI platforms,1,0.67,WEF01,AI & Machine Learning,Strong_Growth,1.0,0.5143937,0.5143937,0.49024737,0.2992972,0.024146318,WEF07,WEF04,WEF_FutureOfJobs_2025,0.51439368724823,Strong_Growth,1.0,0.51439368724823
design AI/ML solutions,1,0.672,WEF01,AI & Machine Learning,Strong_Growth,1.0,0.5138756,0.5138756,0.46769553,0.27395844,0.04618007,WEF07,MCK01,WEF_FutureOfJobs_2025,0.5138756036758423,Strong_Growth,1.0,0.5138756036758423
build AI and robotics products,1,0.695,WEF07,Human-AI Collaboration,Strong_Growth,0.95,0.54091185,0.54091185,0.5006041,0.38146412,0.04030776,WEF01,MCK01,WEF_FutureOfJobs_2025,0.5138662606477737,Strong_Growth,1.0,0.540911853313446
work with multiple cloud infrastructures,1,0.621,WEF04,Cloud Computing & Infrastructure,Strong_Growth,0.85,0.6010329,0.6010329,0.30123883,0.28090847,0.29979408,ONET02,ONET06,WEF_FutureOfJobs_2025,0.5108779758214951,Strong_Growth,1.0,0.6010329127311707
provision cloud infrastructure,1,0.603,WEF04,Cloud Computing & Infrastructure,Strong_Growth,0.85,0.59365726,0.59365726,0.27055776,0.24259232,0.3230995,ONET06,ONET02,WEF_FutureOfJobs_2025,0.50460866689682,Strong_Growth,1.0,0.5936572551727295
manage cloud infrastructure,1,0.573,WEF04,Cloud Computing & Infrastructure,Strong_Growth,0.85,0.59206307,0.59206307,0.32829067,0.25480473,0.2637724,ONET02,ONET06,WEF_FutureOfJobs_2025,0.5032536089420319,Strong_Growth,1.0,0.5920630693435669
integrate AI,1,0.667,WEF07,Human-AI Collaboration,Strong_Growth,0.95,0.5118562,0.5118562,0.49433196,0.3286991,0.017524242,WEF01,MCK01,WEF_FutureOfJobs_2025,0.4862633883953094,Strong_Growth,1.0,0.511856198310852
teach artificial intelligence,1,0.601,WEF01,AI & Machine Learning,Strong_Growth,1.0,0.4743281,0.4743281,0.43586075,0.23755108,0.038467348,WEF07,MCK01,WEF_FutureOfJobs_2025,0.47432810068130493,Strong_Growth,1.0,0.47432810068130493
architect AI factories,1,0.672,WEF07,Human-AI Collaboration,Strong_Growth,0.95,0.4972621,0.4972621,0.46589732,0.34767765,0.03136477,WEF01,MCK01,WEF_FutureOfJobs_2025,0.47239898592233653,Strong_Growth,1.0,0.4972620904445648
teach data analytics,1,0.59,WEF02,Big Data & Analytics,Strong_Growth,0.9,0.5220984,0.5220984,0.35569185,0.32260388,0.16640657,ONET02,ESCO02,WEF_FutureOfJobs_2025,0.4698885798454285,Strong_Growth,1.0,0.5220984220504761
implement agentic AI technologies,1,0.622,WEF07,Human-AI Collaboration,Strong_Growth,0.95,0.49339896,0.49339896,0.47683567,0.32998717,0.016563296,WEF01,MCK01,WEF_FutureOfJobs_2025,0.4687290161848068,Strong_Growth,1.0,0.4933989644050598
provide input into development and implementation of Machine Learning technology,1,0.621,WEF01,AI & Machine Learning,Strong_Growth,1.0,0.4567395,0.4567395,0.27207506,0.26162326,0.18466443,MCK01,WEF07,WEF_FutureOfJobs_2025,0.45673948526382446,Strong_Growth,1.0,0.45673948526382446
maintain cybersecurity compliances,1,0.716,WEF03,Cybersecurity,Strong_Growth,0.9,0.5068792,0.5068792,0.30322787,0.2831744,0.20365134,DEC03,ONET02,WEF_FutureOfJobs_2025,0.45619128942489623,Strong_Growth,1.0,0.5068792104721069
innovate AI-enabled workflows,1,0.682,WEF07,Human-AI Collaboration,Strong_Growth,0.95,0.47983068,0.47983068,0.43605757,0.41493392,0.043773115,WEF01,MCK01,WEF_FutureOfJobs_2025,0.45583914816379545,Strong_Growth,1.0,0.47983068227767944
maintain cybersecurity standards,1,0.716,WEF03,Cybersecurity,Strong_Growth,0.9,0.506276,0.506276,0.26591164,0.23771048,0.24036437,DEC03,ONET06,WEF_FutureOfJobs_2025,0.45564841032028197,Strong_Growth,1.0,0.50627601146698
translate complex operational challenges into production-ready AI systems,1,0.679,WEF07,Human-AI Collaboration,Strong_Growth,0.95,0.4777406,0.4777406,0.38477075,0.32994676,0.092969835,WEF01,MCK01,WEF_FutureOfJobs_2025,0.4538535565137863,Strong_Growth,1.0,0.4777405858039856
drive delivery of AI/ML models,1,0.613,WEF01,AI & Machine Learning,Strong_Growth,1.0,0.4523961,0.4523961,0.3619222,0.22114825,0.09047389,WEF07,MCK01,WEF_FutureOfJobs_2025,0.45239609479904175,Strong_Growth,1.0,0.45239609479904175
build advanced artificial intelligence solutions,1,0.681,WEF07,Human-AI Collaboration,Strong_Growth,0.95,0.47119287,0.47119287,0.45328093,0.36071932,0.01791194,WEF01,MCK01,WEF_FutureOfJobs_2025,0.4476332232356071,Strong_Growth,1.0,0.471192866563797
contribute to automation initiatives,1,0.573,WEF07,Human-AI Collaboration,Strong_Growth,0.95,0.4699829,0.4699829,0.46353438,0.36274755,0.0064485073,MCK01,MCK02,WEF_FutureOfJobs_2025,0.4464837476611137,Strong_Growth,1.0,0.46998289227485657
integrate AI across ecosystems,1,0.702,WEF07,Human-AI Collaboration,Strong_Growth,0.95,0.46561742,0.46561742,0.43603536,0.3344642,0.029582053,WEF01,WEF04,WEF_FutureOfJobs_2025,0.44233654737472533,Strong_Growth,1.0,0.46561741828918457
embed AI capabilities,1,0.591,WEF01,AI & Machine Learning,Strong_Growth,1.0,0.44052315,0.44052315,0.42092043,0.18649764,0.019602716,WEF07,ONET04,WEF_FutureOfJobs_2025,0.4405231475830078,Strong_Growth,1.0,0.4405231475830078
operate AI-enabled workflows,1,0.601,WEF07,Human-AI Collaboration,Strong_Growth,0.95,0.46060216,0.46060216,0.43343368,0.4319356,0.027168483,WEF01,MCK01,WEF_FutureOfJobs_2025,0.43757205605506894,Strong_Growth,1.0,0.46060216426849365
apply AI to tackle challenges,1,0.665,WEF07,Human-AI Collaboration,Strong_Growth,0.95,0.4488926,0.4488926,0.39702034,0.25858754,0.051872253,WEF01,ESCO02,WEF_FutureOfJobs_2025,0.4264479637145996,Strong_Growth,1.0,0.44889259338378906
implement generative AI technologies,1,0.625,WEF01,AI & Machine Learning,Strong_Growth,1.0,0.42275098,0.42275098,0.3806752,0.2401294,0.042075783,WEF07,MCK01,WEF_FutureOfJobs_2025,0.42275097966194153,Strong_Growth,1.0,0.42275097966194153
deliver AI-powered products,1,0.598,WEF07,Human-AI Collaboration,Strong_Growth,0.95,0.44370466,0.44370466,0.39709717,0.293391,0.046607494,WEF01,MCK01,WEF_FutureOfJobs_2025,0.42151943147182463,Strong_Growth,1.0,0.44370466470718384
shape the foundation of search and AI ecosystem,1,0.665,WEF07,Human-AI Collaboration,Strong_Growth,0.95,0.44065702,0.44065702,0.41989577,0.26794606,0.020761251,WEF01,WEF04,WEF_FutureOfJobs_2025,0.41862416863441465,Strong_Growth,1.0,0.44065701961517334
build large-scale SaaS and cloud services,1,0.699,WEF04,Cloud Computing & Infrastructure,Strong_Growth,0.85,0.49207145,0.49207145,0.2852369,0.2616731,0.20683455,ONET02,ONET06,WEF_FutureOfJobs_2025,0.41826073229312893,Strong_Growth,1.0,0.4920714497566223
operate advanced artificial intelligence solutions,1,0.603,WEF07,Human-AI Collaboration,Strong_Growth,0.95,0.4390157,0.4390157,0.41498816,0.35929418,0.024027526,WEF01,MCK01,WEF_FutureOfJobs_2025,0.4170649021863937,Strong_Growth,1.0,0.4390156865119934
operate large-scale SaaS and cloud services,1,0.618,WEF04,Cloud Computing & Infrastructure,Strong_Growth,0.85,0.48443002,0.48443002,0.31871426,0.28145465,0.16571575,ONET02,ONET06,WEF_FutureOfJobs_2025,0.41176551282405854,Strong_Growth,1.0,0.4844300150871277
work closely with data scientists,2,0.6185,WEF02,Big Data & Analytics,Strong_Growth,0.9,0.45401824,0.45401824,0.3492512,0.34568447,0.104767025,DEC01,ONET02,WEF_FutureOfJobs_2025,0.4086164116859436,Strong_Growth,1.0,0.454018235206604
lead enterprise automation initiatives,1,0.616,WEF07,Human-AI Collaboration,Strong_Growth,0.95,0.42715517,0.42715517,0.40762514,0.395201,0.019530028,MCK01,MCK02,WEF_FutureOfJobs_2025,0.40579740852117535,Strong_Growth,1.0,0.42715516686439514
partner with data scientists,1,0.634,WEF02,Big Data & Analytics,Strong_Growth,0.9,0.45052445,0.45052445,0.35252127,0.3054574,0.09800318,ONET02,MCK02,WEF_FutureOfJobs_2025,0.40547200441360476,Strong_Growth,1.0,0.4505244493484497
provision infrastructure,1,0.606,WEF04,Cloud Computing & Infrastructure,Strong_Growth,0.85,0.47125697,0.47125697,0.33956677,0.28388673,0.1316902,ONET06,WEF05,WEF_FutureOfJobs_2025,0.400568425655365,Strong_Growth,1.0,0.47125697135925293
solve problems creatively,1,0.612,MCK04,Critical Thinking & Problem Solving,Strong_Growth,0.8,0.490713,0.490713,0.30292588,0.23061958,0.18778712,DEC03,WEF07,McKinsey_FutureOfWork_2025,0.39257040023803713,Strong_Growth,1.0,0.4907130002975464
leverage Azure data platforms,1,0.567,WEF04,Cloud Computing & Infrastructure,Strong_Growth,0.85,0.46068245,0.46068245,0.338265,0.2834409,0.12241745,WEF05,WEF02,WEF_FutureOfJobs_2025,0.39158008396625515,Strong_Growth,1.0,0.4606824517250061
lead evolution of cloud-based platforms,1,0.593,WEF04,Cloud Computing & Infrastructure,Strong_Growth,0.85,0.45959514,0.45959514,0.2876625,0.27688795,0.17193264,ONET02,WEF05,WEF_FutureOfJobs_2025,0.3906558722257614,Strong_Growth,1.0,0.4595951437950134
maintain hybrid cloud environment,1,0.705,WEF04,Cloud Computing & Infrastructure,Strong_Growth,0.85,0.4537943,0.4537943,0.18075758,0.17870367,0.27303672,MCK05,DEC02,WEF_FutureOfJobs_2025,0.38572515547275543,Strong_Growth,1.0,0.45379430055618286
validate AI/ML solutions,1,0.675,WEF01,AI & Machine Learning,Strong_Growth,1.0,0.38544413,0.38544413,0.3460652,0.19592743,0.03937894,WEF07,MCK01,WEF_FutureOfJobs_2025,0.38544413447380066,Strong_Growth,1.0,0.38544413447380066
use ML frameworks,1,0.665,WEF01,AI & Machine Learning,Strong_Growth,1.0,0.38472658,0.38472658,0.26559982,0.2632054,0.11912677,ESCO02,DEC02,WEF_FutureOfJobs_2025,0.3847265839576721,Strong_Growth,1.0,0.3847265839576721
support enterprise analytics platforms,1,0.681,WEF02,Big Data & Analytics,Strong_Growth,0.9,0.42730004,0.42730004,0.39604068,0.3564806,0.031259358,ONET02,WEF05,WEF_FutureOfJobs_2025,0.38457003235816956,Strong_Growth,1.0,0.42730003595352173
focus on security,1,0.586,WEF03,Cybersecurity,Strong_Growth,0.9,0.42654002,0.42654002,0.2598909,0.24295326,0.1666491,ONET02,MCK04,WEF_FutureOfJobs_2025,0.3838860154151917,Strong_Growth,1.0,0.4265400171279907
promote mental health and resiliency,1,0.607,MCK05,Resilience & Adaptability,Strong_Growth,0.75,0.51053625,0.51053625,0.21011588,0.1970347,0.30042037,MCK03,DEC03,WEF_FutureOfJobs_2025,0.38290219008922577,Moderate_Growth,0.7,0.3573753774166107
integrate DevOps methodologies into development and deployment workflows,1,0.719,WEF04,Cloud Computing & Infrastructure,Strong_Growth,0.85,0.4413371,0.4413371,0.37515765,0.359926,0.066179454,ONET01,MCK02,WEF_FutureOfJobs_2025,0.37513654232025145,Strong_Growth,1.0,0.44133710861206055
perform data analysis,1,0.671,WEF02,Big Data & Analytics,Strong_Growth,0.9,0.41523883,0.41523883,0.38374257,0.37296242,0.031496257,ESCO02,DEC01,WEF_FutureOfJobs_2025,0.3737149447202683,Strong_Growth,1.0,0.4152388274669647
design large-scale SaaS and cloud services,1,0.699,WEF04,Cloud Computing & Infrastructure,Strong_Growth,0.85,0.4396492,0.4396492,0.27074727,0.2682088,0.16890192,ONET02,ONET06,WEF_FutureOfJobs_2025,0.37370181530714036,Strong_Growth,1.0,0.43964919447898865
lead data scientists,1,0.606,WEF02,Big Data & Analytics,Strong_Growth,0.9,0.41173768,0.41173768,0.37334156,0.2708456,0.03839612,ONET02,DEC01,WEF_FutureOfJobs_2025,0.3705639123916626,Strong_Growth,1.0,0.41173768043518066
solve problems,6,0.6215,MCK04,Critical Thinking & Problem Solving,Strong_Growth,0.8,0.4631887,0.4631887,0.26382923,0.2123551,0.19935948,DEC03,ESCO01,McKinsey_FutureOfWork_2025,0.3705509662628174,Strong_Growth,1.0,0.46318870782852173
drive design of AI/ML models,1,0.693,WEF01,AI & Machine Learning,Strong_Growth,1.0,0.37003028,0.37003028,0.25578663,0.18839756,0.11424366,WEF07,ESCO02,WEF_FutureOfJobs_2025,0.3700302839279175,Strong_Growth,1.0,0.3700302839279175
collaborate with interns,1,0.611,WEF07,Human-AI Collaboration,Strong_Growth,0.95,0.38752395,0.38752395,0.29313093,0.22290674,0.094393015,MCK02,WEF01,WEF_FutureOfJobs_2025,0.3681477516889572,Strong_Growth,1.0,0.38752394914627075
apply AI to asset-intensive environments,1,0.675,WEF07,Human-AI Collaboration,Strong_Growth,0.95,0.38654348,0.38654348,0.35019705,0.2834634,0.036346436,WEF01,ONET04,WEF_FutureOfJobs_2025,0.367216308414936,Strong_Growth,1.0,0.38654348254203796
operate Kubernetes,1,0.6,WEF04,Cloud Computing & Infrastructure,Strong_Growth,0.85,0.43085638,0.43085638,0.18943503,0.18508828,0.24142134,MCK02,ONET02,WEF_FutureOfJobs_2025,0.3662279203534126,Strong_Growth,1.0,0.4308563768863678
design advanced artificial intelligence solutions,1,0.682,WEF07,Human-AI Collaboration,Strong_Growth,0.95,0.38530004,0.38530004,0.36240202,0.30938256,0.022898018,WEF01,MCK02,WEF_FutureOfJobs_2025,0.3660350382328033,Strong_Growth,1.0,0.38530004024505615
manage infrastructure,1,0.579,WEF04,Cloud Computing & Infrastructure,Strong_Growth,0.85,0.4301057,0.4301057,0.34327233,0.28109953,0.08683336,ONET02,ONET06,WEF_FutureOfJobs_2025,0.3655898332595825,Strong_Growth,1.0,0.43010568618774414
develop data solutions,1,0.702,WEF02,Big Data & Analytics,Strong_Growth,0.9,0.40548325,0.40548325,0.3816298,0.3502837,0.023853451,ONET02,ESCO02,WEF_FutureOfJobs_2025,0.36493492126464844,Strong_Growth,1.0,0.4054832458496094
"bridge data science, engineering, and product domains",1,0.636,WEF02,Big Data & Analytics,Strong_Growth,0.9,0.40155894,0.40155894,0.40131813,0.35989505,0.00024080276,ESCO02,ONET02,WEF_FutureOfJobs_2025,0.3614030420780182,Strong_Growth,1.0,0.40155893564224243
think critically in a wider business context,1,0.604,MCK04,Critical Thinking & Problem Solving,Strong_Growth,0.8,0.44728658,0.44728658,0.26532614,0.2056787,0.18196043,MCK02,ESCO02,McKinsey_FutureOfWork_2025,0.3578292608261109,Strong_Growth,1.0,0.44728657603263855
shape hybrid cloud environment,1,0.593,WEF04,Cloud Computing & Infrastructure,Strong_Growth,0.85,0.42062008,0.42062008,0.14838038,0.11608073,0.27223969,WEF02,ONET06,WEF_FutureOfJobs_2025,0.35752707123756405,Strong_Growth,1.0,0.4206200838088989
develop infrastructure solutions,1,0.716,WEF04,Cloud Computing & Infrastructure,Strong_Growth,0.85,0.4185137,0.4185137,0.3403539,0.27039817,0.07815978,MCK02,ESCO01,WEF_FutureOfJobs_2025,0.35573663264513017,Strong_Growth,1.0,0.418513685464859
learn new technologies,1,0.636,WEF08,Technological Literacy & Digital Fluency,Strong_Growth,0.85,0.41840136,0.41840136,0.34379983,0.33899626,0.07460153,MCK02,DEC02,WEF_FutureOfJobs_2025,0.3556411564350128,Strong_Growth,1.0,0.4184013605117798
serve as a liaison with the information security team,1,0.657,WEF03,Cybersecurity,Strong_Growth,0.9,0.3945855,0.3945855,0.35625786,0.25778818,0.038327634,MCK02,MCK03,WEF_FutureOfJobs_2025,0.35512694120407107,Strong_Growth,1.0,0.3945854902267456
collaborate with others,1,0.637,WEF07,Human-AI Collaboration,Strong_Growth,0.95,0.37176207,0.37176207,0.36477053,0.20146132,0.0069915354,MCK02,MCK03,WEF_FutureOfJobs_2025,0.35317396372556686,Strong_Growth,1.0,0.37176206707954407
solve problems proactively,1,0.641,MCK04,Critical Thinking & Problem Solving,Strong_Growth,0.8,0.4400125,0.4400125,0.31518096,0.24146709,0.12483156,DEC03,WEF07,McKinsey_FutureOfWork_2025,0.35201001167297363,Strong_Growth,1.0,0.44001251459121704
thrive in an agile environment,1,0.603,MCK05,Resilience & Adaptability,Strong_Growth,0.75,0.4689954,0.4689954,0.39631838,0.36888427,0.072677016,ESCO01,MCK02,WEF_FutureOfJobs_2025,0.3517465442419052,Moderate_Growth,0.7,0.32829677462577816
scale AI-enabled workflows,1,0.572,WEF07,Human-AI Collaboration,Strong_Growth,0.95,0.369464,0.369464,0.36673635,0.33278257,0.0027276576,WEF01,MCK01,WEF_FutureOfJobs_2025,0.35099080950021744,Strong_Growth,1.0,0.3694640100002289
push capability into modern AI techniques,1,0.59,WEF07,Human-AI Collaboration,Strong_Growth,0.95,0.36891556,0.36891556,0.3243655,0.20228565,0.04455006,WEF01,MCK01,WEF_FutureOfJobs_2025,0.35046977996826173,Strong_Growth,1.0,0.3689155578613281
lead design of cloud-based platforms,1,0.7,WEF04,Cloud Computing & Infrastructure,Strong_Growth,0.85,0.41184473,0.41184473,0.2936591,0.26249093,0.11818564,WEF05,ONET02,WEF_FutureOfJobs_2025,0.35006802082061766,Strong_Growth,1.0,0.41184473037719727
deliver high-quality analytics,1,0.577,WEF02,Big Data & Analytics,Strong_Growth,0.9,0.38634372,0.38634372,0.3090526,0.24414012,0.07729113,ONET02,ESCO02,WEF_FutureOfJobs_2025,0.3477093458175659,Strong_Growth,1.0,0.38634371757507324
leveraging AI to generate insights,1,0.67,WEF01,AI & Machine Learning,Strong_Growth,1.0,0.3468302,0.3468302,0.3138344,0.16528067,0.03299579,WEF07,WEF02,WEF_FutureOfJobs_2025,0.34683018922805786,Strong_Growth,1.0,0.34683018922805786
help shape future infrastructure,1,0.61,WEF04,Cloud Computing & Infrastructure,Strong_Growth,0.85,0.40766054,0.40766054,0.29724032,0.28586158,0.11042023,WEF06,MCK02,WEF_FutureOfJobs_2025,0.34651146233081814,Strong_Growth,1.0,0.4076605439186096
automate infrastructure,1,0.686,WEF04,Cloud Computing & Infrastructure,Strong_Growth,0.85,0.4068816,0.4068816,0.33799955,0.28567976,0.06888205,MCK01,WEF07,WEF_FutureOfJobs_2025,0.34584936052560805,Strong_Growth,1.0,0.4068816006183624
build intelligent systems,1,0.706,WEF07,Human-AI Collaboration,Strong_Growth,0.95,0.3596823,0.3596823,0.34115458,0.24417982,0.018527716,WEF01,ONET06,WEF_FutureOfJobs_2025,0.34169817715883255,Strong_Growth,1.0,0.3596822917461395
lead implementation of cloud-based platforms,1,0.624,WEF04,Cloud Computing & Infrastructure,Strong_Growth,0.85,0.40007862,0.40007862,0.28455058,0.2671426,0.11552805,ONET02,WEF05,WEF_FutureOfJobs_2025,0.3400668308138847,Strong_Growth,1.0,0.4000786244869232
approach problems creatively and collaboratively,1,0.616,MCK04,Critical Thinking & Problem Solving,Strong_Growth,0.8,0.42093444,0.42093444,0.36811525,0.3188489,0.052819192,MCK02,WEF07,McKinsey_FutureOfWork_2025,0.3367475509643555,Strong_Growth,1.0,0.42093443870544434
thrive in a fast-paced environment,1,0.606,MCK05,Resilience & Adaptability,Strong_Growth,0.75,0.44576526,0.44576526,0.2035855,0.1618897,0.24217975,DEC03,MCK03,WEF_FutureOfJobs_2025,0.3343239426612854,Moderate_Growth,0.7,0.3120356798171997
work autonomously,1,0.613,WEF07,Human-AI Collaboration,Strong_Growth,0.95,0.35084146,0.35084146,0.33163258,0.23939428,0.019208878,MCK01,WEF01,WEF_FutureOfJobs_2025,0.3332993894815445,Strong_Growth,1.0,0.3508414626121521
unlock the power of data driven decision making,1,0.602,WEF02,Big Data & Analytics,Strong_Growth,0.9,0.3683408,0.3683408,0.2806524,0.2466668,0.08768839,WEF01,ONET02,WEF_FutureOfJobs_2025,0.33150671124458314,Strong_Growth,1.0,0.36834079027175903
deploy network infrastructure,1,0.628,WEF04,Cloud Computing & Infrastructure,Strong_Growth,0.85,0.38932922,0.38932922,0.2142376,0.19584948,0.17509162,ONET02,DEC02,WEF_FutureOfJobs_2025,0.3309298411011696,Strong_Growth,1.0,0.3893292248249054
develop and operate Autonomous Underwater Vehicles (AUVs) and Autonomous Surface Vehicles (USVs),1,0.681,WEF07,Human-AI Collaboration,Strong_Growth,0.95,0.34742522,0.34742522,0.2833031,0.2547398,0.06412211,WEF04,MCK02,WEF_FutureOfJobs_2025,0.33005396127700803,Strong_Growth,1.0,0.3474252223968506
tackle problems,1,0.61,MCK04,Critical Thinking & Problem Solving,Strong_Growth,0.8,0.4106353,0.4106353,0.25732076,0.25645757,0.15331453,ESCO02,DEC03,McKinsey_FutureOfWork_2025,0.3285082340240479,Strong_Growth,1.0,0.4106352925300598
analyze solution options,1,0.704,MCK04,Critical Thinking & Problem Solving,Strong_Growth,0.8,0.40895826,0.40895826,0.31228453,0.24805945,0.09667373,ESCO02,ESCO01,McKinsey_FutureOfWork_2025,0.3271666049957276,Strong_Growth,1.0,0.4089582562446594
analyze business and technical requirements,1,0.707,ESCO02,Business Analysis & Requirements Engineering,Moderate_Growth,0.5,0.65361106,0.65361106,0.3271463,0.3101874,0.32646477,ONET03,ONET02,ESCO_v1.2_2024,0.3268055319786072,Moderate_Growth,0.7,0.45752774477005004
turn data into insight,1,0.561,WEF02,Big Data & Analytics,Strong_Growth,0.9,0.35919118,0.35919118,0.23894647,0.21928021,0.12024471,ONET02,DEC01,WEF_FutureOfJobs_2025,0.32327206134796144,Strong_Growth,1.0,0.3591911792755127
develop a data transformation platform,1,0.702,WEF02,Big Data & Analytics,Strong_Growth,0.9,0.3582483,0.3582483,0.30559862,0.30367792,0.052649677,ONET02,DEC01,WEF_FutureOfJobs_2025,0.32242346405982975,Strong_Growth,1.0,0.3582482933998108
rightsize infrastructure,1,0.632,WEF04,Cloud Computing & Infrastructure,Strong_Growth,0.85,0.3790642,0.3790642,0.21573348,0.21525912,0.16333072,WEF06,ONET06,WEF_FutureOfJobs_2025,0.3222045719623566,Strong_Growth,1.0,0.3790642023086548
champion a DevOps culture and practices,1,0.604,WEF04,Cloud Computing & Infrastructure,Strong_Growth,0.85,0.3777178,0.3777178,0.36055315,0.3243205,0.017164648,MCK02,DEC03,WEF_FutureOfJobs_2025,0.32106012403964995,Strong_Growth,1.0,0.3777177929878235
think critically,3,0.6203333333333333,MCK04,Critical Thinking & Problem Solving,Strong_Growth,0.8,0.40086403,0.40086403,0.1342633,0.1243469,0.26660073,WEF07,MCK05,McKinsey_FutureOfWork_2025,0.32069122791290283,Strong_Growth,1.0,0.40086403489112854
build data pipelines,1,0.699,WEF02,Big Data & Analytics,Strong_Growth,0.9,0.35573325,0.35573325,0.27653563,0.26042128,0.079197615,DEC01,WEF04,WEF_FutureOfJobs_2025,0.32015992105007174,Strong_Growth,1.0,0.3557332456111908
solve challenging problems,1,0.613,MCK04,Critical Thinking & Problem Solving,Strong_Growth,0.8,0.3995216,0.3995216,0.21428104,0.19819738,0.18524055,DEC03,ESCO02,McKinsey_FutureOfWork_2025,0.31961727142333984,Strong_Growth,1.0,0.3995215892791748
learn how to deploy and secure systems,1,0.6,WEF03,Cybersecurity,Strong_Growth,0.9,0.35504872,0.35504872,0.3063858,0.29592723,0.04866293,DEC03,WEF04,WEF_FutureOfJobs_2025,0.3195438444614411,Strong_Growth,1.0,0.3550487160682678
thrive in fast-paced environments,1,0.639,MCK05,Resilience & Adaptability,Strong_Growth,0.75,0.42575565,0.42575565,0.2043606,0.16594139,0.22139505,DEC03,MCK02,WEF_FutureOfJobs_2025,0.3193167373538017,Moderate_Growth,0.7,0.29802895486354825
interpret technical vulnerability data,1,0.711,WEF03,Cybersecurity,Strong_Growth,0.9,0.35413712,0.35413712,0.30759567,0.24479976,0.046541452,DEC03,MCK02,WEF_FutureOfJobs_2025,0.3187234103679657,Strong_Growth,1.0,0.354137122631073
solve complex challenges,3,0.611,MCK04,Critical Thinking & Problem Solving,Strong_Growth,0.8,0.39782798,0.39782798,0.28109533,0.26479083,0.11673266,ESCO01,WEF07,McKinsey_FutureOfWork_2025,0.31826238632202153,Strong_Growth,1.0,0.39782798290252686
apply Security Technical Implementation Guides (STIGs),1,0.708,WEF03,Cybersecurity,Strong_Growth,0.9,0.35101017,0.35101017,0.26538622,0.2639433,0.08562395,ESCO02,ONET03,WEF_FutureOfJobs_2025,0.31590915620327,Strong_Growth,1.0,0.35101017355918884
define technology strategies,1,0.627,WEF08,Technological Literacy & Digital Fluency,Strong_Growth,0.85,0.3712183,0.3712183,0.37104523,0.34730452,0.00017306209,MCK02,WEF06,WEF_FutureOfJobs_2025,0.31553554981946946,Strong_Growth,1.0,0.3712182939052582
craft tools for compute developers,1,0.616,WEF04,Cloud Computing & Infrastructure,Strong_Growth,0.85,0.3709774,0.3709774,0.32035017,0.31324744,0.05062723,WEF02,DEC03,WEF_FutureOfJobs_2025,0.31533079147338866,Strong_Growth,1.0,0.37097740173339844
accomplish critical missions and objectives,1,0.596,MCK04,Critical Thinking & Problem Solving,Strong_Growth,0.8,0.39332741,0.39332741,0.30933577,0.29210442,0.08399165,MCK03,MCK02,McKinsey_FutureOfWork_2025,0.31466193199157716,Strong_Growth,1.0,0.39332741498947144
"contribute to real-time control, safety, autonomy and mission execution",1,0.593,WEF07,Human-AI Collaboration,Strong_Growth,0.95,0.3305197,0.3305197,0.29098064,0.28554034,0.03953907,MCK02,MCK03,WEF_FutureOfJobs_2025,0.31399372071027754,Strong_Growth,1.0,0.3305197060108185
"program in C, C++ and scripting languages",1,0.694,WEF01,AI & Machine Learning,Strong_Growth,1.0,0.31298703,0.31298703,0.21883316,0.2001839,0.094153866,MCK01,ONET04,WEF_FutureOfJobs_2025,0.3129870295524597,Strong_Growth,1.0,0.3129870295524597
solve complex problems,1,0.702,MCK04,Critical Thinking & Problem Solving,Strong_Growth,0.8,0.38853228,0.38853228,0.18720545,0.18365155,0.20132683,ONET06,ESCO01,McKinsey_FutureOfWork_2025,0.31082582473754883,Strong_Growth,1.0,0.38853228092193604
deliver impactful analytics,1,0.615,WEF02,Big Data & Analytics,Strong_Growth,0.9,0.34261996,0.34261996,0.292373,0.26614746,0.050246954,ONET02,MCK02,WEF_FutureOfJobs_2025,0.30835795998573307,Strong_Growth,1.0,0.34261995553970337
establish and implement security solutions,1,0.706,WEF03,Cybersecurity,Strong_Growth,0.9,0.34128332,0.34128332,0.276807,0.25149012,0.06447631,ONET06,DEC03,WEF_FutureOfJobs_2025,0.30715498924255374,Strong_Growth,1.0,0.34128332138061523
develop critical site functionality,1,0.707,MCK04,Critical Thinking & Problem Solving,Strong_Growth,0.8,0.38391924,0.38391924,0.35417068,0.3110842,0.029748559,DEC02,DEC03,McKinsey_FutureOfWork_2025,0.3071353912353516,Strong_Growth,1.0,0.38391923904418945
support and enable growth and opportunity for every employee,1,0.596,MCK05,Resilience & Adaptability,Strong_Growth,0.75,0.40950033,0.40950033,0.34262806,0.23835707,0.06687227,MCK03,MCK02,WEF_FutureOfJobs_2025,0.3071252480149269,Moderate_Growth,0.7,0.2866502314805984
build ML pipelines,1,0.667,WEF01,AI & Machine Learning,Strong_Growth,1.0,0.30656666,0.30656666,0.2633108,0.25451374,0.043255866,WEF02,MCK01,WEF_FutureOfJobs_2025,0.30656665563583374,Strong_Growth,1.0,0.30656665563583374
work with security per procedures,1,0.564,WEF03,Cybersecurity,Strong_Growth,0.9,0.3402387,0.3402387,0.2565995,0.23942788,0.083639205,DEC01,ESCO02,WEF_FutureOfJobs_2025,0.3062148213386536,Strong_Growth,1.0,0.34023869037628174
build SaaS ecommerce platform,1,0.701,WEF05,Digital Platforms & E-commerce,Moderate_Growth,0.7,0.4361912,0.4361912,0.3053961,0.2853948,0.13079509,WEF04,ONET06,WEF_FutureOfJobs_2025,0.30533384084701537,Moderate_Growth,0.7,0.30533384084701537
deploy data solutions,1,0.7,WEF04,Cloud Computing & Infrastructure,Strong_Growth,0.85,0.35900885,0.35900885,0.31275275,0.29745185,0.046256095,DEC03,ONET02,WEF_FutureOfJobs_2025,0.305157521367073,Strong_Growth,1.0,0.3590088486671448
bring clarity through creative thinking,1,0.61,MCK04,Critical Thinking & Problem Solving,Strong_Growth,0.8,0.38144076,0.38144076,0.27657002,0.18376912,0.10487074,MCK02,WEF08,McKinsey_FutureOfWork_2025,0.30515260696411134,Strong_Growth,1.0,0.38144075870513916
measure data-driven insights,1,0.681,WEF02,Big Data & Analytics,Strong_Growth,0.9,0.33887342,0.33887342,0.26098388,0.25059885,0.07788953,MCK05,ESCO02,WEF_FutureOfJobs_2025,0.3049860745668411,Strong_Growth,1.0,0.33887341618537903
solve technical problems,2,0.704,MCK04,Critical Thinking & Problem Solving,Strong_Growth,0.8,0.3810258,0.3810258,0.3619692,0.34222525,0.019056588,DEC03,ESCO02,McKinsey_FutureOfWork_2025,0.30482063293457035,Strong_Growth,1.0,0.3810257911682129
lead development team,1,0.662,MCK03,Leadership & People Development,Moderate_Growth,0.55,0.55411077,0.55411077,0.4183386,0.39878434,0.13577217,MCK02,ESCO01,McKinsey_FutureOfWork_2025,0.30476092100143437,Moderate_Growth,0.7,0.3878775358200073
teach natural language processing,1,0.595,WEF01,AI & Machine Learning,Strong_Growth,1.0,0.30268267,0.30268267,0.20761538,0.20322737,0.09506729,ESCO02,MCK01,WEF_FutureOfJobs_2025,0.30268266797065735,Strong_Growth,1.0,0.30268266797065735
enable technology,1,0.624,WEF08,Technological Literacy & Digital Fluency,Strong_Growth,0.85,0.3559602,0.3559602,0.3501563,0.29368472,0.005803883,MCK02,WEF06,WEF_FutureOfJobs_2025,0.3025661617517471,Strong_Growth,1.0,0.3559601902961731
support production deployments,1,0.684,WEF04,Cloud Computing & Infrastructure,Strong_Growth,0.85,0.35562992,0.35562992,0.28425723,0.27608785,0.07137269,DEC02,MCK02,WEF_FutureOfJobs_2025,0.30228543281555176,Strong_Growth,1.0,0.35562992095947266
apply best practices for security configurations,1,0.704,WEF03,Cybersecurity,Strong_Growth,0.9,0.33507398,0.33507398,0.28296158,0.1981385,0.0521124,DEC03,ONET02,WEF_FutureOfJobs_2025,0.3015665799379349,Strong_Growth,1.0,0.33507397770881653
apply machine learning to asset-intensive environments,1,0.679,WEF01,AI & Machine Learning,Strong_Growth,1.0,0.30106503,0.30106503,0.2150155,0.20394056,0.08604953,ONET04,DEC03,WEF_FutureOfJobs_2025,0.30106502771377563,Strong_Growth,1.0,0.30106502771377563
apply DevOps practices,1,0.672,WEF04,Cloud Computing & Infrastructure,Strong_Growth,0.85,0.3540085,0.3540085,0.3465225,0.3033185,0.0074859858,DEC03,ONET01,WEF_FutureOfJobs_2025,0.30090722143650056,Strong_Growth,1.0,0.3540084958076477
deliver DevOps advisory,1,0.593,WEF04,Cloud Computing & Infrastructure,Strong_Growth,0.85,0.35343015,0.35343015,0.32052177,0.31101334,0.03290838,MCK02,ONET05,WEF_FutureOfJobs_2025,0.30041562914848324,Strong_Growth,1.0,0.3534301519393921
build deployment pipelines,1,0.7,WEF04,Cloud Computing & Infrastructure,Strong_Growth,0.85,0.35207868,0.35207868,0.22841519,0.21446984,0.123663485,DEC03,DEC02,WEF_FutureOfJobs_2025,0.29926687479019165,Strong_Growth,1.0,0.3520786762237549
safeguard national security,1,0.573,WEF03,Cybersecurity,Strong_Growth,0.9,0.33247805,0.33247805,0.15175937,0.10715863,0.18071868,MCK05,WEF07,WEF_FutureOfJobs_2025,0.2992302417755127,Strong_Growth,1.0,0.33247804641723633
develop infrastructure foundation,1,0.716,WEF04,Cloud Computing & Infrastructure,Strong_Growth,0.85,0.34890485,0.34890485,0.30049798,0.25213575,0.04840687,MCK02,WEF06,WEF_FutureOfJobs_2025,0.29656912088394166,Strong_Growth,1.0,0.3489048480987549
work on complex challenges,1,0.605,MCK04,Critical Thinking & Problem Solving,Strong_Growth,0.8,0.36597383,0.36597383,0.3026295,0.2935202,0.06334433,MCK02,ESCO02,McKinsey_FutureOfWork_2025,0.29277906417846683,Strong_Growth,1.0,0.3659738302230835
thrive in ambiguity,2,0.604,MCK05,Resilience & Adaptability,Strong_Growth,0.75,0.39027762,0.39027762,0.12598427,0.10295765,0.26429337,MCK02,WEF08,WEF_FutureOfJobs_2025,0.29270821809768677,Moderate_Growth,0.7,0.2731943368911743
build competency,1,0.611,MCK05,Resilience & Adaptability,Strong_Growth,0.75,0.38909605,0.38909605,0.3585053,0.35455403,0.030590743,MCK02,MCK03,WEF_FutureOfJobs_2025,0.29182203859090805,Moderate_Growth,0.7,0.2723672360181808
deploy embedded systems,1,0.703,WEF04,Cloud Computing & Infrastructure,Strong_Growth,0.85,0.34214762,0.34214762,0.28403854,0.21986234,0.058109075,DEC02,MCK02,WEF_FutureOfJobs_2025,0.2908254757523537,Strong_Growth,1.0,0.3421476185321808
combine strategic thinking with operational delivery,1,0.613,MCK04,Critical Thinking & Problem Solving,Strong_Growth,0.8,0.36319786,0.36319786,0.3511098,0.2637024,0.01208806,MCK02,ESCO02,McKinsey_FutureOfWork_2025,0.2905582904815674,Strong_Growth,1.0,0.36319786310195923
bring clarity through structured thinking,1,0.611,MCK04,Critical Thinking & Problem Solving,Strong_Growth,0.8,0.36223608,0.36223608,0.24209204,0.18682642,0.12014404,MCK02,MCK03,McKinsey_FutureOfWork_2025,0.28978886604309084,Strong_Growth,1.0,0.3622360825538635
ensure critical business activities are achieved,1,0.674,MCK04,Critical Thinking & Problem Solving,Strong_Growth,0.8,0.36160833,0.36160833,0.2910785,0.24298252,0.07052982,ESCO02,ESCO01,McKinsey_FutureOfWork_2025,0.2892866611480713,Strong_Growth,1.0,0.3616083264350891
build large-scale systems,2,0.706,WEF04,Cloud Computing & Infrastructure,Strong_Growth,0.85,0.33977687,0.33977687,0.29944766,0.25518924,0.040329218,ONET06,ONET02,WEF_FutureOfJobs_2025,0.2888103425502777,Strong_Growth,1.0,0.339776873588562
work with scrum masters,1,0.602,ESCO01,Project Management & Agile Methodologies,Moderate_Growth,0.55,0.52438194,0.52438194,0.3834009,0.37274978,0.14098105,MCK02,ONET01,ESCO_v1.2_2024,0.28841006457805635,Moderate_Growth,0.7,0.36706735491752623
prioritize data-driven insights,1,0.685,WEF02,Big Data & Analytics,Strong_Growth,0.9,0.32041544,0.32041544,0.25975117,0.19721349,0.060664266,ESCO02,ONET02,WEF_FutureOfJobs_2025,0.2883738934993744,Strong_Growth,1.0,0.3204154372215271
solve complex problems at scale,1,0.696,MCK04,Critical Thinking & Problem Solving,Strong_Growth,0.8,0.36010522,0.36010522,0.19223021,0.17437166,0.167875,DEC03,ESCO01,McKinsey_FutureOfWork_2025,0.28808417320251467,Strong_Growth,1.0,0.3601052165031433
maintain infrastructure foundation,1,0.716,WEF04,Cloud Computing & Infrastructure,Strong_Growth,0.85,0.33864173,0.33864173,0.25593266,0.2345492,0.082709074,DEC02,ONET02,WEF_FutureOfJobs_2025,0.2878454729914665,Strong_Growth,1.0,0.3386417329311371
translate data-driven insights,1,0.684,WEF02,Big Data & Analytics,Strong_Growth,0.9,0.31980428,0.31980428,0.2917878,0.27302667,0.028016478,ESCO02,MCK02,WEF_FutureOfJobs_2025,0.2878238528966904,Strong_Growth,1.0,0.31980428099632263
design engineering,1,0.68,ONET03,UX/UI & Digital Design,Moderate_Growth,0.55,0.52323097,0.52323097,0.4236744,0.35528132,0.099556565,ESCO02,ONET01,ONET_BrightOutlook_2024,0.2877770334482193,Moderate_Growth,0.7,0.3662616789340973
analyze data,1,0.696,WEF02,Big Data & Analytics,Strong_Growth,0.9,0.31906402,0.31906402,0.2615789,0.23339836,0.057485133,ESCO02,ONET02,WEF_FutureOfJobs_2025,0.2871576189994812,Strong_Growth,1.0,0.31906402111053467
mentor team members,1,0.659,MCK03,Leadership & People Development,Moderate_Growth,0.55,0.5214313,0.5214313,0.33739024,0.26846623,0.18404108,MCK02,MCK05,McKinsey_FutureOfWork_2025,0.2867872297763825,Moderate_Growth,0.7,0.3650019288063049
analyse complex datasets,1,0.57,WEF02,Big Data & Analytics,Strong_Growth,0.9,0.31789285,0.31789285,0.2578321,0.2441647,0.06006074,DEC01,ONET02,WEF_FutureOfJobs_2025,0.2861035645008087,Strong_Growth,1.0,0.317892849445343
prototype solutions to complex challenges,1,0.705,WEF07,Human-AI Collaboration,Strong_Growth,0.95,0.3011111,0.3011111,0.29516637,0.28467238,0.005944729,DEC03,MCK02,WEF_FutureOfJobs_2025,0.28605554699897767,Strong_Growth,1.0,0.301111102104187
resolve problems,1,0.622,MCK04,Critical Thinking & Problem Solving,Strong_Growth,0.8,0.35719424,0.35719424,0.26095796,0.21502191,0.09623629,DEC03,ONET02,McKinsey_FutureOfWork_2025,0.2857553958892822,Strong_Growth,1.0,0.3571942448616028
build developer experience,1,0.678,ONET01,Software Development & Engineering,Moderate_Growth,0.65,0.4376157,0.4376157,0.40718126,0.3883453,0.03043443,DEC02,DEC03,ONET_BrightOutlook_2024,0.2844502002000809,Moderate_Growth,0.7,0.3063309848308563
maintain 24x7x365 network infrastructure,1,0.713,WEF04,Cloud Computing & Infrastructure,Strong_Growth,0.85,0.33411893,0.33411893,0.23160557,0.20151863,0.10251336,DEC02,ONET06,WEF_FutureOfJobs_2025,0.28400109261274337,Strong_Growth,1.0,0.33411893248558044
analyze requirements,1,0.684,ESCO02,Business Analysis & Requirements Engineering,Moderate_Growth,0.5,0.5678171,0.5678171,0.33018905,0.2779865,0.23762804,ONET03,ONET02,ESCO_v1.2_2024,0.28390854597091675,Moderate_Growth,0.7,0.39747196435928345
power creative thinkers,1,0.61,MCK04,Critical Thinking & Problem Solving,Strong_Growth,0.8,0.354837,0.354837,0.2572449,0.24371234,0.097592086,MCK05,MCK02,McKinsey_FutureOfWork_2025,0.28386960029602054,Strong_Growth,1.0,0.35483700037002563
work with docker containers,1,0.59,WEF04,Cloud Computing & Infrastructure,Strong_Growth,0.85,0.33388686,0.33388686,0.12985022,0.1068723,0.20403664,DEC02,ONET06,WEF_FutureOfJobs_2025,0.28380383253097535,Strong_Growth,1.0,0.33388686180114746
strengthen security posture,1,0.598,WEF03,Cybersecurity,Strong_Growth,0.9,0.31477776,0.31477776,0.2353684,0.22569782,0.07940936,MCK05,DEC03,WEF_FutureOfJobs_2025,0.28329998552799224,Strong_Growth,1.0,0.31477776169776917
develop software,1,0.705,ONET01,Software Development & Engineering,Moderate_Growth,0.65,0.43496788,0.43496788,0.38125122,0.37845743,0.05371666,DEC03,MCK02,ONET_BrightOutlook_2024,0.2827291190624237,Moderate_Growth,0.7,0.3044775128364563
deploy high-scale communication systems,1,0.701,WEF04,Cloud Computing & Infrastructure,Strong_Growth,0.85,0.3319956,0.3319956,0.29143757,0.22001009,0.04055804,MCK02,DEC02,WEF_FutureOfJobs_2025,0.2821962654590607,Strong_Growth,1.0,0.3319956064224243
develop data ingestion pipelines,1,0.704,WEF02,Big Data & Analytics,Strong_Growth,0.9,0.31341988,0.31341988,0.2793576,0.27251726,0.034062266,ESCO02,MCK01,WEF_FutureOfJobs_2025,0.28207789063453675,Strong_Growth,1.0,0.3134198784828186
help identify opportunities for automation,1,0.64,MCK01,Process Automation & RPA,Moderate_Growth,0.5,0.56366193,0.56366193,0.48536652,0.40767545,0.07829541,WEF07,WEF01,McKinsey_FutureOfWork_2025,0.28183096647262573,Moderate_Growth,0.7,0.394563353061676
develop solutions,1,0.707,MCK04,Critical Thinking & Problem Solving,Strong_Growth,0.8,0.3516888,0.3516888,0.3200219,0.31148142,0.031666905,MCK02,DEC03,McKinsey_FutureOfWork_2025,0.28135104179382325,Strong_Growth,1.0,0.35168880224227905
run large-scale systems,1,0.703,WEF04,Cloud Computing & Infrastructure,Strong_Growth,0.85,0.32961562,0.32961562,0.28221232,0.27981824,0.047403306,ONET02,ONET06,WEF_FutureOfJobs_2025,0.28017327934503555,Strong_Growth,1.0,0.32961562275886536
work in an agile team,1,0.65,ESCO01,Project Management & Agile Methodologies,Moderate_Growth,0.55,0.50726986,0.50726986,0.46357352,0.39795488,0.043696344,MCK02,MCK03,ESCO_v1.2_2024,0.2789984226226807,Moderate_Growth,0.7,0.35508890151977535
adjust and be flexible to change,1,0.627,MCK05,Resilience & Adaptability,Strong_Growth,0.75,0.37143096,0.37143096,0.24109367,0.12299192,0.1303373,DEC03,MCK03,WEF_FutureOfJobs_2025,0.2785732224583626,Moderate_Growth,0.7,0.26000167429447174
build foundational infrastructure,1,0.716,WEF04,Cloud Computing & Infrastructure,Strong_Growth,0.85,0.3257321,0.3257321,0.27498695,0.25115758,0.05074516,DEC02,MCK02,WEF_FutureOfJobs_2025,0.2768722951412201,Strong_Growth,1.0,0.32573211193084717
upgrade skills,1,0.608,MCK05,Resilience & Adaptability,Strong_Growth,0.75,0.36851677,0.36851677,0.3678209,0.3007162,0.0006958842,DEC03,MCK03,WEF_FutureOfJobs_2025,0.2763875797390938,Moderate_Growth,0.7,0.25796174108982084
work closely with UI/UX designers,1,0.605,ONET03,UX/UI & Digital Design,Moderate_Growth,0.55,0.5007277,0.5007277,0.32712513,0.24292539,0.17360258,MCK02,WEF07,ONET_BrightOutlook_2024,0.27540024220943454,Moderate_Growth,0.7,0.3505093991756439
focus on process automation,1,0.59,MCK01,Process Automation & RPA,Moderate_Growth,0.5,0.54822576,0.54822576,0.27383584,0.26259783,0.27438992,ONET02,DEC03,McKinsey_FutureOfWork_2025,0.27411288022994995,Moderate_Growth,0.7,0.3837580323219299
develop reliability,1,0.712,MCK05,Resilience & Adaptability,Strong_Growth,0.75,0.36533892,0.36533892,0.25659677,0.23356515,0.10874215,DEC03,DEC02,WEF_FutureOfJobs_2025,0.274004191160202,Moderate_Growth,0.7,0.2557372450828552
lead multidisciplinary teams and external partners,1,0.667,MCK03,Leadership & People Development,Moderate_Growth,0.55,0.4981422,0.4981422,0.4623887,0.29041857,0.03575352,MCK02,WEF07,McKinsey_FutureOfWork_2025,0.27397821694612506,Moderate_Growth,0.7,0.34869954884052273
build scalable and resilient networks,1,0.701,MCK05,Resilience & Adaptability,Strong_Growth,0.75,0.36151335,0.36151335,0.26035967,0.23956037,0.10115367,ONET02,WEF04,WEF_FutureOfJobs_2025,0.27113500982522964,Moderate_Growth,0.7,0.25305934250354767
enhance platform scalability,1,0.71,WEF04,Cloud Computing & Infrastructure,Strong_Growth,0.85,0.31863654,0.31863654,0.3152503,0.25552833,0.0033862293,DEC02,WEF05,WEF_FutureOfJobs_2025,0.2708410561084747,Strong_Growth,1.0,0.31863653659820557
shape key parts of commerce and monetization ecosystem,1,0.565,WEF05,Digital Platforms & E-commerce,Moderate_Growth,0.7,0.38642707,0.38642707,0.35430592,0.20274505,0.03212115,ONET06,ONET02,WEF_FutureOfJobs_2025,0.2704989522695541,Moderate_Growth,0.7,0.2704989522695541
manage databases,1,0.646,ONET02,Database & Systems Administration,Moderate_Growth,0.5,0.54066753,0.54066753,0.25759944,0.25693753,0.2830681,DEC01,WEF02,ONET_BrightOutlook_2024,0.27033376693725586,Moderate_Growth,0.7,0.37846727371215816
translate business needs into technical requirements,1,0.707,ESCO02,Business Analysis & Requirements Engineering,Moderate_Growth,0.5,0.53949195,0.53949195,0.31571895,0.27348328,0.223773,MCK02,DEC01,ESCO_v1.2_2024,0.26974597573280334,Moderate_Growth,0.7,0.37764436602592466
lead problem resolution efforts,1,0.593,MCK04,Critical Thinking & Problem Solving,Strong_Growth,0.8,0.3362156,0.3362156,0.32537928,0.30703315,0.010836303,WEF07,MCK02,McKinsey_FutureOfWork_2025,0.2689724683761597,Strong_Growth,1.0,0.3362155854701996
meet evolving operational needs,1,0.61,MCK05,Resilience & Adaptability,Strong_Growth,0.75,0.3579178,0.3579178,0.31982765,0.29705656,0.03809014,DEC03,MCK02,WEF_FutureOfJobs_2025,0.26843833923339844,Moderate_Growth,0.7,0.25054244995117186
coach team members,1,0.658,MCK03,Leadership & People Development,Moderate_Growth,0.55,0.4864229,0.4864229,0.24279723,0.16399556,0.24362567,MCK02,ESCO01,McKinsey_FutureOfWork_2025,0.2675325930118561,Moderate_Growth,0.7,0.340496027469635
oversee technology platforms,1,0.616,WEF05,Digital Platforms & E-commerce,Moderate_Growth,0.7,0.3814069,0.3814069,0.33276206,0.3132413,0.04864484,WEF04,MCK02,WEF_FutureOfJobs_2025,0.2669848322868347,Moderate_Growth,0.7,0.2669848322868347
deploy advanced algorithms,1,0.707,WEF04,Cloud Computing & Infrastructure,Strong_Growth,0.85,0.3138363,0.3138363,0.2573471,0.2511459,0.0564892,MCK01,ONET02,WEF_FutureOfJobs_2025,0.2667608603835106,Strong_Growth,1.0,0.31383630633354187
build network infrastructure,1,0.71,WEF04,Cloud Computing & Infrastructure,Strong_Growth,0.85,0.31369758,0.31369758,0.20684068,0.20386152,0.1068569,ONET06,DEC02,WEF_FutureOfJobs_2025,0.2666429400444031,Strong_Growth,1.0,0.31369757652282715
thrive in client-facing environments,1,0.614,MCK05,Resilience & Adaptability,Strong_Growth,0.75,0.35513675,0.35513675,0.27848387,0.27409095,0.076652884,DEC02,MCK02,WEF_FutureOfJobs_2025,0.2663525640964508,Moderate_Growth,0.7,0.24859572649002074
focus on automation,2,0.5765,MCK01,Process Automation & RPA,Moderate_Growth,0.5,0.52946496,0.52946496,0.41923717,0.35390502,0.11022779,WEF07,WEF01,McKinsey_FutureOfWork_2025,0.2647324800491333,Moderate_Growth,0.7,0.3706254720687866
build a supportive environment,1,0.609,MCK05,Resilience & Adaptability,Strong_Growth,0.75,0.35229707,0.35229707,0.23746529,0.21665299,0.114831775,DEC03,MCK03,WEF_FutureOfJobs_2025,0.26422280073165894,Moderate_Growth,0.7,0.24660794734954833
lead engineering teams,1,0.664,MCK03,Leadership & People Development,Moderate_Growth,0.55,0.4803578,0.4803578,0.37895882,0.2954448,0.101398975,MCK02,WEF07,McKinsey_FutureOfWork_2025,0.26419678777456285,Moderate_Growth,0.7,0.3362504571676254
build scalable systems,1,0.702,WEF04,Cloud Computing & Infrastructure,Strong_Growth,0.85,0.31010172,0.31010172,0.2891846,0.2600004,0.020917118,ONET06,ONET02,WEF_FutureOfJobs_2025,0.2635864600539207,Strong_Growth,1.0,0.310101717710495
design content systems,1,0.702,ONET03,UX/UI & Digital Design,Moderate_Growth,0.55,0.47849816,0.47849816,0.43298608,0.3247435,0.04551208,DEC02,MCK02,ONET_BrightOutlook_2024,0.2631739884614945,Moderate_Growth,0.7,0.33494871258735653
deliver digital solutions,1,0.596,WEF05,Digital Platforms & E-commerce,Moderate_Growth,0.7,0.3759327,0.3759327,0.35385388,0.28690493,0.022078812,WEF08,MCK02,WEF_FutureOfJobs_2025,0.2631528854370117,Moderate_Growth,0.7,0.2631528854370117
adapt to pace of change,1,0.597,MCK05,Resilience & Adaptability,Strong_Growth,0.75,0.3506115,0.3506115,0.18385775,0.107265905,0.16675375,DEC03,MCK03,WEF_FutureOfJobs_2025,0.2629586309194565,Moderate_Growth,0.7,0.24542805552482602
manage projects,2,0.6555,ESCO01,Project Management & Agile Methodologies,Moderate_Growth,0.55,0.4753648,0.4753648,0.30230585,0.28924328,0.17305896,MCK02,MCK03,ESCO_v1.2_2024,0.26145064234733584,Moderate_Growth,0.7,0.3327553629875183
reimagine ways to create a smart and sustainable future,1,0.695,WEF06,Environmental & Sustainability Technology,Moderate_Growth,0.6,0.4352202,0.4352202,0.31780338,0.25243336,0.11741683,MCK05,MCK02,WEF_FutureOfJobs_2025,0.26113212704658506,Moderate_Growth,0.7,0.3046541482210159
scale service operations,1,0.57,WEF04,Cloud Computing & Infrastructure,Strong_Growth,0.85,0.30624074,0.30624074,0.2070677,0.19525391,0.09917304,ONET02,DEC03,WEF_FutureOfJobs_2025,0.26030462682247163,Strong_Growth,1.0,0.3062407374382019
design components,1,0.678,ONET03,UX/UI & Digital Design,Moderate_Growth,0.55,0.47200793,0.47200793,0.38289464,0.2835182,0.089113295,DEC02,MCK02,ONET_BrightOutlook_2024,0.25960436165332795,Moderate_Growth,0.7,0.33040555119514464
deliver critical insights,1,0.612,MCK04,Critical Thinking & Problem Solving,Strong_Growth,0.8,0.32308322,0.32308322,0.23225617,0.16472629,0.09082705,MCK02,MCK03,McKinsey_FutureOfWork_2025,0.25846657752990726,Strong_Growth,1.0,0.32308322191238403
design software,1,0.703,ONET03,UX/UI & Digital Design,Moderate_Growth,0.55,0.46972913,0.46972913,0.35826796,0.3347236,0.11146116,DEC02,DEC03,ONET_BrightOutlook_2024,0.25835101902484897,Moderate_Growth,0.7,0.3288103878498077
serve entities worldwide,1,0.595,WEF04,Cloud Computing & Infrastructure,Strong_Growth,0.85,0.3039354,0.3039354,0.29182214,0.23733464,0.012113273,ONET06,MCK02,WEF_FutureOfJobs_2025,0.2583450973033905,Strong_Growth,1.0,0.3039354085922241
plan studies,1,0.667,MCK04,Critical Thinking & Problem Solving,Strong_Growth,0.8,0.3229106,0.3229106,0.32062376,0.29420644,0.0022868514,ESCO02,MCK03,McKinsey_FutureOfWork_2025,0.2583284854888916,Strong_Growth,1.0,0.3229106068611145
manage a team,1,0.651,MCK03,Leadership & People Development,Moderate_Growth,0.55,0.4685082,0.4685082,0.3081409,0.27886945,0.16036731,ESCO01,MCK02,McKinsey_FutureOfWork_2025,0.2576795175671578,Moderate_Growth,0.7,0.327955749630928
bridge the gap between technology and business,1,0.605,WEF08,Technological Literacy & Digital Fluency,Strong_Growth,0.85,0.30270368,0.30270368,0.29550356,0.28671795,0.007200122,MCK02,WEF05,WEF_FutureOfJobs_2025,0.2572981268167496,Strong_Growth,1.0,0.3027036786079407
ensure successful adoption of platforms,1,0.703,WEF05,Digital Platforms & E-commerce,Moderate_Growth,0.7,0.36705762,0.36705762,0.2513122,0.185662,0.115745425,DEC02,MCK02,WEF_FutureOfJobs_2025,0.2569403350353241,Moderate_Growth,0.7,0.2569403350353241
support management in project planning,1,0.568,ESCO01,Project Management & Agile Methodologies,Moderate_Growth,0.55,0.46651024,0.46651024,0.32197875,0.29085198,0.14453149,MCK02,DEC03,ESCO_v1.2_2024,0.25658062994480135,Moderate_Growth,0.7,0.3265571653842926
use design/analysis software,1,0.627,ESCO02,Business Analysis & Requirements Engineering,Moderate_Growth,0.5,0.51251805,0.51251805,0.41746032,0.31465495,0.095057726,ONET03,ONET01,ESCO_v1.2_2024,0.256259024143219,Moderate_Growth,0.7,0.35876263380050655
work in an agile model,1,0.597,ESCO01,Project Management & Agile Methodologies,Moderate_Growth,0.55,0.4649602,0.4649602,0.3815127,0.35057846,0.083447486,MCK02,ONET01,ESCO_v1.2_2024,0.2557281032204628,Moderate_Growth,0.7,0.3254721313714981
design systems,1,0.672,ONET03,UX/UI & Digital Design,Moderate_Growth,0.55,0.46410286,0.46410286,0.34070688,0.32719225,0.12339598,ESCO02,DEC02,ONET_BrightOutlook_2024,0.25525657534599305,Moderate_Growth,0.7,0.3248720049858093
"deliver gains in reliability, efficiency and sustainability",1,0.571,MCK05,Resilience & Adaptability,Strong_Growth,0.75,0.33972493,0.33972493,0.32279688,0.22506711,0.016928047,WEF06,DEC03,WEF_FutureOfJobs_2025,0.2547936961054802,Moderate_Growth,0.7,0.23780744969844816
analyze potential impact on recovery capabilities,1,0.675,MCK05,Resilience & Adaptability,Strong_Growth,0.75,0.33940116,0.33940116,0.24466768,0.2405696,0.09473348,MCK02,DEC03,WEF_FutureOfJobs_2025,0.25455086678266525,Moderate_Growth,0.7,0.23758080899715422
develop test plans and procedures,1,0.698,ONET05,Quality Assurance & Testing,Moderate_Growth,0.55,0.46252638,0.46252638,0.37606865,0.2876042,0.08645773,ESCO02,ESCO01,ONET_BrightOutlook_2024,0.2543895095586777,Moderate_Growth,0.7,0.3237684667110443
design infrastructure,1,0.716,ONET03,UX/UI & Digital Design,Moderate_Growth,0.55,0.46076012,0.46076012,0.37017158,0.3178008,0.09058854,DEC02,WEF04,ONET_BrightOutlook_2024,0.2534180641174317,Moderate_Growth,0.7,0.3225320816040039
manage programming projects,1,0.573,ESCO01,Project Management & Agile Methodologies,Moderate_Growth,0.55,0.4587443,0.4587443,0.3891139,0.35445607,0.069630384,DEC03,ONET01,ESCO_v1.2_2024,0.25230935811996463,Moderate_Growth,0.7,0.3211210012435913
provide leadership,1,0.615,MCK03,Leadership & People Development,Moderate_Growth,0.55,0.45853168,0.45853168,0.2188969,0.21513517,0.23963478,ESCO01,MCK02,McKinsey_FutureOfWork_2025,0.252192422747612,Moderate_Growth,0.7,0.32097217440605164
analyze business challenges,1,0.679,ESCO02,Business Analysis & Requirements Engineering,Moderate_Growth,0.5,0.50428563,0.50428563,0.3080662,0.2908445,0.19621944,ESCO01,MCK04,ESCO_v1.2_2024,0.2521428167819977,Moderate_Growth,0.7,0.35299994349479674
support development of environmental analysis capabilities,1,0.627,WEF06,Environmental & Sustainability Technology,Moderate_Growth,0.6,0.41946632,0.41946632,0.37961197,0.33093137,0.039854348,ESCO02,MCK02,WEF_FutureOfJobs_2025,0.251679790019989,Moderate_Growth,0.7,0.29362642168998715
create solutions,1,0.705,MCK04,Critical Thinking & Problem Solving,Strong_Growth,0.8,0.31445676,0.31445676,0.24914423,0.23901609,0.065312535,DEC03,MCK05,McKinsey_FutureOfWork_2025,0.25156540870666505,Strong_Growth,1.0,0.3144567608833313
recruit and hire talented team,1,0.657,MCK03,Leadership & People Development,Moderate_Growth,0.55,0.45696056,0.45696056,0.28786325,0.26592737,0.1690973,MCK02,MCK05,McKinsey_FutureOfWork_2025,0.25132830739021306,Moderate_Growth,0.7,0.3198723912239074
handle complex issues,1,0.607,MCK04,Critical Thinking & Problem Solving,Strong_Growth,0.8,0.3138445,0.3138445,0.30013922,0.20171168,0.013705283,DEC03,ESCO02,McKinsey_FutureOfWork_2025,0.2510756015777588,Strong_Growth,1.0,0.3138445019721985
mentor other team members,1,0.659,MCK03,Leadership & People Development,Moderate_Growth,0.55,0.45538607,0.45538607,0.2766682,0.21481778,0.17871788,MCK02,MCK05,McKinsey_FutureOfWork_2025,0.25046233981847765,Moderate_Growth,0.7,0.3187702506780624
support software testing activities,1,0.707,ONET05,Quality Assurance & Testing,Moderate_Growth,0.55,0.45507133,0.45507133,0.405341,0.38309944,0.04973033,DEC03,ONET01,ONET_BrightOutlook_2024,0.2502892315387726,Moderate_Growth,0.7,0.3185499310493469
play a team lead role,1,0.65,MCK03,Leadership & People Development,Moderate_Growth,0.55,0.45275277,0.45275277,0.2338462,0.18578579,0.21890657,MCK02,ESCO01,McKinsey_FutureOfWork_2025,0.24901402294635774,Moderate_Growth,0.7,0.31692693829536434
grow professionally,2,0.617,MCK05,Resilience & Adaptability,Strong_Growth,0.75,0.33175927,0.33175927,0.18214473,0.09545688,0.14961454,MCK03,WEF04,WEF_FutureOfJobs_2025,0.24881945550441742,Moderate_Growth,0.7,0.23223149180412292
contribute to teamwork,1,0.664,MCK03,Leadership & People Development,Moderate_Growth,0.55,0.45110077,0.45110077,0.36763504,0.26075032,0.083465725,MCK02,MCK05,McKinsey_FutureOfWork_2025,0.24810542166233066,Moderate_Growth,0.7,0.31577053666114807
develop automation frameworks,1,0.712,MCK01,Process Automation & RPA,Moderate_Growth,0.5,0.4954762,0.4954762,0.3707831,0.368311,0.124693096,ONET05,WEF07,McKinsey_FutureOfWork_2025,0.2477380931377411,Moderate_Growth,0.7,0.3468333303928375
liaise with learners,1,0.633,MCK05,Resilience & Adaptability,Strong_Growth,0.75,0.32946798,0.32946798,0.2681031,0.26347727,0.06136489,MCK02,MCK03,WEF_FutureOfJobs_2025,0.24710098654031754,Moderate_Growth,0.7,0.23062758743762968
tackle big problems,1,0.604,MCK04,Critical Thinking & Problem Solving,Strong_Growth,0.8,0.30862564,0.30862564,0.220301,0.21998861,0.088324636,DEC03,WEF02,McKinsey_FutureOfWork_2025,0.24690051078796388,Strong_Growth,1.0,0.30862563848495483
test frameworks,1,0.703,ONET05,Quality Assurance & Testing,Moderate_Growth,0.55,0.44872212,0.44872212,0.28912768,0.28091747,0.15959445,DEC03,ONET03,ONET_BrightOutlook_2024,0.24679716825485232,Moderate_Growth,0.7,0.314105486869812
design projects,1,0.674,ONET03,UX/UI & Digital Design,Moderate_Growth,0.55,0.44684285,0.44684285,0.37407947,0.36659116,0.07276338,DEC02,ESCO02,ONET_BrightOutlook_2024,0.2457635670900345,Moderate_Growth,0.7,0.3127899944782257
reduce environmental impact,1,0.598,WEF06,Environmental & Sustainability Technology,Moderate_Growth,0.6,0.4069261,0.4069261,0.21847631,0.17312801,0.18844979,WEF04,MCK05,WEF_FutureOfJobs_2025,0.24415565729141234,Moderate_Growth,0.7,0.28484826683998105
translate requirements into technical solutions,1,0.71,ESCO02,Business Analysis & Requirements Engineering,Moderate_Growth,0.5,0.4877956,0.4877956,0.38419744,0.3370698,0.10359815,MCK02,DEC03,ESCO_v1.2_2024,0.24389779567718506,Moderate_Growth,0.7,0.34145691394805905
power entrepreneurs,1,0.617,MCK05,Resilience & Adaptability,Strong_Growth,0.75,0.3244025,0.3244025,0.25747183,0.22889704,0.06693068,MCK03,MCK02,WEF_FutureOfJobs_2025,0.2433018833398819,Moderate_Growth,0.7,0.22708175778388975
work closely with automation specialists,1,0.61,MCK01,Process Automation & RPA,Moderate_Growth,0.5,0.4855615,0.4855615,0.38323784,0.35992914,0.10232365,WEF07,MCK02,McKinsey_FutureOfWork_2025,0.24278074502944946,Moderate_Growth,0.7,0.33989304304122925
build and nurture a pipeline of talent,1,0.692,MCK03,Leadership & People Development,Moderate_Growth,0.55,0.44130957,0.44130957,0.34593654,0.24734285,0.095373034,MCK05,MCK02,McKinsey_FutureOfWork_2025,0.2427202641963959,Moderate_Growth,0.7,0.308916699886322
manage environmental performance,1,0.716,WEF06,Environmental & Sustainability Technology,Moderate_Growth,0.6,0.40395474,0.40395474,0.22692786,0.22655447,0.17702688,MCK05,WEF04,WEF_FutureOfJobs_2025,0.24237284660339353,Moderate_Growth,0.7,0.28276832103729244
innovate,1,0.613,MCK05,Resilience & Adaptability,Strong_Growth,0.75,0.32308334,0.32308334,0.2285357,0.22578603,0.094547644,DEC03,WEF08,WEF_FutureOfJobs_2025,0.2423125058412552,Moderate_Growth,0.7,0.2261583387851715
focus on stability,1,0.587,MCK05,Resilience & Adaptability,Strong_Growth,0.75,0.32267907,0.32267907,0.18865255,0.16149293,0.13402653,DEC03,MCK04,WEF_FutureOfJobs_2025,0.24200930446386337,Moderate_Growth,0.7,0.22587535083293914
"blend creativity, curiosity, and user centered thinking",1,0.637,MCK04,Critical Thinking & Problem Solving,Strong_Growth,0.8,0.30247596,0.30247596,0.2710796,0.2629038,0.03139636,MCK02,MCK05,McKinsey_FutureOfWork_2025,0.24198076725006104,Strong_Growth,1.0,0.3024759590625763
be flexible in approach,1,0.629,MCK05,Resilience & Adaptability,Strong_Growth,0.75,0.32150984,0.32150984,0.23979303,0.23825516,0.081716806,DEC03,MCK02,WEF_FutureOfJobs_2025,0.24113237857818604,Moderate_Growth,0.7,0.2250568866729736
"integrate health, safety and environmental considerations into work",1,0.705,MCK05,Resilience & Adaptability,Strong_Growth,0.75,0.3213748,0.3213748,0.276173,0.2564679,0.04520181,WEF06,DEC01,WEF_FutureOfJobs_2025,0.24103110283613205,Moderate_Growth,0.7,0.22496236264705657
lead a team,3,0.648,MCK03,Leadership & People Development,Moderate_Growth,0.55,0.43711716,0.43711716,0.20132127,0.19470698,0.23579589,ESCO01,MCK02,McKinsey_FutureOfWork_2025,0.24041443765163423,Moderate_Growth,0.7,0.30598201155662536
build a high-performing team,1,0.662,MCK03,Leadership & People Development,Moderate_Growth,0.55,0.43629155,0.43629155,0.35897508,0.26537892,0.07731646,MCK02,MCK05,McKinsey_FutureOfWork_2025,0.23996035009622577,Moderate_Growth,0.7,0.30540408194065094
focus on user-centric design,1,0.7,ONET03,UX/UI & Digital Design,Moderate_Growth,0.55,0.4338145,0.4338145,0.347656,0.29842794,0.086158484,DEC02,DEC03,ONET_BrightOutlook_2024,0.23859797269105912,Moderate_Growth,0.7,0.30367014706134793
work together with teams,1,0.658,MCK03,Leadership & People Development,Moderate_Growth,0.55,0.43381053,0.43381053,0.38965017,0.2394863,0.044160366,MCK02,WEF07,McKinsey_FutureOfWork_2025,0.23859579265117647,Moderate_Growth,0.7,0.30366737246513364
lead teams,1,0.655,MCK03,Leadership & People Development,Moderate_Growth,0.55,0.43175054,0.43175054,0.22288997,0.21134642,0.20886056,ESCO01,MCK02,McKinsey_FutureOfWork_2025,0.2374627947807312,Moderate_Growth,0.7,0.30222537517547604
learn new skills,1,0.601,MCK05,Resilience & Adaptability,Strong_Growth,0.75,0.3164537,0.3164537,0.2738689,0.26845777,0.042584807,DEC03,MCK03,WEF_FutureOfJobs_2025,0.2373402714729309,Moderate_Growth,0.7,0.22151758670806884
design transformative technology,1,0.716,ONET03,UX/UI & Digital Design,Moderate_Growth,0.55,0.4310845,0.4310845,0.32591027,0.28396297,0.10517424,DEC02,MCK02,ONET_BrightOutlook_2024,0.2370964825153351,Moderate_Growth,0.7,0.3017591595649719
identify areas for development,1,0.636,MCK03,Leadership & People Development,Moderate_Growth,0.55,0.43027782,0.43027782,0.42010847,0.39553005,0.010169357,ONET01,MCK02,McKinsey_FutureOfWork_2025,0.23665280342102052,Moderate_Growth,0.7,0.3011944770812988
design products,1,0.674,ONET03,UX/UI & Digital Design,Moderate_Growth,0.55,0.42999437,0.42999437,0.33304986,0.32130617,0.09694451,DEC02,ESCO02,ONET_BrightOutlook_2024,0.23649690598249437,Moderate_Growth,0.7,0.3009960621595382
serve as a resource to help teams solve problems,1,0.654,MCK03,Leadership & People Development,Moderate_Growth,0.55,0.42993397,0.42993397,0.39088935,0.308056,0.03904462,MCK02,MCK04,McKinsey_FutureOfWork_2025,0.23646368086338046,Moderate_Growth,0.7,0.30095377564430237
work with advanced tools and processes,1,0.563,MCK01,Process Automation & RPA,Moderate_Growth,0.5,0.47280926,0.47280926,0.45961714,0.34552604,0.013192117,MCK02,ESCO02,McKinsey_FutureOfWork_2025,0.2364046275615692,Moderate_Growth,0.7,0.3309664785861969
design reports,1,0.672,ONET03,UX/UI & Digital Design,Moderate_Growth,0.55,0.42847127,0.42847127,0.34210157,0.314218,0.08636969,ESCO02,DEC03,ONET_BrightOutlook_2024,0.235659196972847,Moderate_Growth,0.7,0.2999298870563507
design visualizations,1,0.686,ONET03,UX/UI & Digital Design,Moderate_Growth,0.55,0.42804354,0.42804354,0.32459763,0.269653,0.10344592,DEC02,ONET04,ONET_BrightOutlook_2024,0.23542394936084748,Moderate_Growth,0.7,0.29963048100471495
design software modules,1,0.703,ONET03,UX/UI & Digital Design,Moderate_Growth,0.55,0.42779648,0.42779648,0.38174772,0.3545072,0.04604876,DEC02,DEC03,ONET_BrightOutlook_2024,0.2352880656719208,Moderate_Growth,0.7,0.29945753812789916
be reliable,1,0.602,MCK05,Resilience & Adaptability,Strong_Growth,0.75,0.31222442,0.31222442,0.14608604,0.12778771,0.16613838,DEC03,ONET02,WEF_FutureOfJobs_2025,0.23416831344366074,Moderate_Growth,0.7,0.21855709254741668
innovate value,1,0.608,MCK05,Resilience & Adaptability,Strong_Growth,0.75,0.31161016,0.31161016,0.2056354,0.19972935,0.10597476,WEF08,DEC03,WEF_FutureOfJobs_2025,0.23370762169361115,Moderate_Growth,0.7,0.21812711358070372
develop software modules,1,0.704,ONET01,Software Development & Engineering,Moderate_Growth,0.65,0.3592931,0.3592931,0.35425675,0.32937098,0.005036354,DEC03,DEC02,ONET_BrightOutlook_2024,0.2335405170917511,Moderate_Growth,0.7,0.251505172252655
perform testing,2,0.607,ONET05,Quality Assurance & Testing,Moderate_Growth,0.55,0.42325515,0.42325515,0.18670285,0.14076911,0.2365523,DEC03,MCK04,ONET_BrightOutlook_2024,0.23279033005237582,Moderate_Growth,0.7,0.2962786018848419
be responsible for automation,1,0.592,MCK01,Process Automation & RPA,Moderate_Growth,0.5,0.46530443,0.46530443,0.42439508,0.28303605,0.04090935,WEF07,DEC03,McKinsey_FutureOfWork_2025,0.2326522171497345,Moderate_Growth,0.7,0.3257131040096283
build strong working relationships,1,0.668,MCK05,Resilience & Adaptability,Strong_Growth,0.75,0.30883634,0.30883634,0.26302332,0.2586478,0.045813024,MCK02,MCK03,WEF_FutureOfJobs_2025,0.23162725567817688,Moderate_Growth,0.7,0.21618543863296508
analyze business processes,2,0.6925,ESCO02,Business Analysis & Requirements Engineering,Moderate_Growth,0.5,0.46296751,0.46296751,0.30098706,0.26365212,0.16198045,ONET02,MCK01,ESCO_v1.2_2024,0.23148375749588013,Moderate_Growth,0.7,0.32407726049423213
grow a team,1,0.648,MCK03,Leadership & People Development,Moderate_Growth,0.55,0.42018092,0.42018092,0.322273,0.21049008,0.09790793,MCK05,MCK02,McKinsey_FutureOfWork_2025,0.23109950423240663,Moderate_Growth,0.7,0.29412664175033565
participate in design and development,1,0.636,ONET03,UX/UI & Digital Design,Moderate_Growth,0.55,0.41932702,0.41932702,0.38449228,0.3171235,0.034834743,MCK02,ESCO02,ONET_BrightOutlook_2024,0.2306298613548279,Moderate_Growth,0.7,0.2935289144515991
provide environmental expertise,1,0.603,WEF06,Environmental & Sustainability Technology,Moderate_Growth,0.6,0.3839787,0.3839787,0.32227647,0.22797503,0.06170222,MCK02,ESCO02,WEF_FutureOfJobs_2025,0.23038721680641172,Moderate_Growth,0.7,0.268785086274147
craft the ultimate UX,1,0.584,ONET03,UX/UI & Digital Design,Moderate_Growth,0.55,0.41831794,0.41831794,0.30361056,0.265075,0.11470738,MCK02,DEC02,ONET_BrightOutlook_2024,0.23007486909627917,Moderate_Growth,0.7,0.2928225606679916
execute engineering activities,1,0.629,ESCO02,Business Analysis & Requirements Engineering,Moderate_Growth,0.5,0.45839393,0.45839393,0.3592326,0.3454653,0.09916133,ONET01,MCK02,ESCO_v1.2_2024,0.2291969656944275,Moderate_Growth,0.7,0.3208757519721985
drive the automation and optimization of operations,1,0.591,MCK01,Process Automation & RPA,Moderate_Growth,0.5,0.45746762,0.45746762,0.32685232,0.3211183,0.1306153,DEC03,WEF07,McKinsey_FutureOfWork_2025,0.22873380780220032,Moderate_Growth,0.7,0.3202273309230804
design integration solutions,1,0.71,ONET03,UX/UI & Digital Design,Moderate_Growth,0.55,0.41587645,0.41587645,0.34766176,0.34129453,0.068214685,MCK02,DEC02,ONET_BrightOutlook_2024,0.22873204648494722,Moderate_Growth,0.7,0.2911135137081146
drive environmental ESG strategy,1,0.61,WEF06,Environmental & Sustainability Technology,Moderate_Growth,0.6,0.3809686,0.3809686,0.2105371,0.15773484,0.1704315,MCK02,ESCO01,WEF_FutureOfJobs_2025,0.22858116030693054,Moderate_Growth,0.7,0.26667802035808563
lead teams committed to quality,1,0.658,MCK03,Leadership & People Development,Moderate_Growth,0.55,0.41520733,0.41520733,0.25109452,0.24583244,0.1641128,MCK02,ESCO01,McKinsey_FutureOfWork_2025,0.22836402952671053,Moderate_Growth,0.7,0.2906451284885406
maintain reliability,1,0.714,MCK05,Resilience & Adaptability,Strong_Growth,0.75,0.30414307,0.30414307,0.29640317,0.1960408,0.0077399015,DEC03,DEC02,WEF_FutureOfJobs_2025,0.2281073033809662,Moderate_Growth,0.7,0.2129001498222351
build strong teams,1,0.658,MCK03,Leadership & People Development,Moderate_Growth,0.55,0.4123336,0.4123336,0.33523864,0.28768292,0.07709497,MCK05,MCK02,McKinsey_FutureOfWork_2025,0.2267834842205048,Moderate_Growth,0.7,0.2886335253715515
work with business analysts,1,0.606,ESCO02,Business Analysis & Requirements Engineering,Moderate_Growth,0.5,0.4530114,0.4530114,0.2974538,0.22861063,0.1555576,WEF02,MCK02,ESCO_v1.2_2024,0.22650569677352905,Moderate_Growth,0.7,0.3171079754829407
deploy multicast market data delivery platforms,1,0.703,WEF05,Digital Platforms & E-commerce,Moderate_Growth,0.7,0.32346117,0.32346117,0.26334986,0.22210288,0.060111314,WEF04,WEF02,WEF_FutureOfJobs_2025,0.22642282247543333,Moderate_Growth,0.7,0.22642282247543333
identify opportunities,1,0.621,MCK05,Resilience & Adaptability,Strong_Growth,0.75,0.30137524,0.30137524,0.26449728,0.25234765,0.03687796,MCK03,MCK02,WEF_FutureOfJobs_2025,0.22603143006563187,Moderate_Growth,0.7,0.2109626680612564
work closely with teams,1,0.657,MCK03,Leadership & People Development,Moderate_Growth,0.55,0.4106991,0.4106991,0.38448775,0.21092592,0.026211351,MCK02,WEF07,McKinsey_FutureOfWork_2025,0.22588450461626056,Moderate_Growth,0.7,0.2874893695116043
design systems architecture,1,0.7,ONET03,UX/UI & Digital Design,Moderate_Growth,0.55,0.41028485,0.41028485,0.3082943,0.2959067,0.10199055,ESCO02,DEC02,ONET_BrightOutlook_2024,0.22565666586160663,Moderate_Growth,0.7,0.28719939291477203
bring a product mindset to platform engineering,1,0.616,WEF05,Digital Platforms & E-commerce,Moderate_Growth,0.7,0.32162884,0.32162884,0.2772093,0.26868084,0.044419527,MCK02,ESCO02,WEF_FutureOfJobs_2025,0.22514018714427947,Moderate_Growth,0.7,0.22514018714427947
track environmental footprint,1,0.601,WEF06,Environmental & Sustainability Technology,Moderate_Growth,0.6,0.3747764,0.3747764,0.16814464,0.10923121,0.20663175,WEF04,ESCO01,WEF_FutureOfJobs_2025,0.22486583590507506,Moderate_Growth,0.7,0.26234347522258755
work alongside teams,1,0.661,MCK03,Leadership & People Development,Moderate_Growth,0.55,0.40849006,0.40849006,0.35426286,0.2017302,0.054227203,MCK02,ONET01,McKinsey_FutureOfWork_2025,0.22466953396797182,Moderate_Growth,0.7,0.28594304323196407
operate distributed systems,2,0.625,ONET06,Blockchain & Distributed Systems,Moderate_Growth,0.5,0.44931152,0.44931152,0.3373737,0.30343848,0.11193782,ONET02,WEF04,ONET_BrightOutlook_2024,0.22465576231479645,Moderate_Growth,0.7,0.314518067240715
create tests,1,0.696,ONET05,Quality Assurance & Testing,Moderate_Growth,0.55,0.40801525,0.40801525,0.16503933,0.16464326,0.24297592,ONET03,ESCO02,ONET_BrightOutlook_2024,0.2244083881378174,Moderate_Growth,0.7,0.2856106758117676
guide other team members,1,0.658,MCK03,Leadership & People Development,Moderate_Growth,0.55,0.40759358,0.40759358,0.36814797,0.2378217,0.03944561,MCK02,WEF07,McKinsey_FutureOfWork_2025,0.22417646795511248,Moderate_Growth,0.7,0.2853155046701431
automate processes,1,0.68,MCK01,Process Automation & RPA,Moderate_Growth,0.5,0.44790035,0.44790035,0.28187132,0.2748654,0.16602904,WEF07,DEC03,McKinsey_FutureOfWork_2025,0.22395017743110657,Moderate_Growth,0.7,0.31353024840354915
design experiences,1,0.68,ONET03,UX/UI & Digital Design,Moderate_Growth,0.55,0.40646642,0.40646642,0.3665575,0.31361872,0.039908916,DEC02,MCK02,ONET_BrightOutlook_2024,0.22355653345584872,Moderate_Growth,0.7,0.2845264971256256
monitor emerging environmental regulations,1,0.715,WEF06,Environmental & Sustainability Technology,Moderate_Growth,0.6,0.3724837,0.3724837,0.17782128,0.16890356,0.19466242,WEF03,WEF04,WEF_FutureOfJobs_2025,0.22349022030830382,Moderate_Growth,0.7,0.26073859035968777
extend skills beyond formal role boundaries,1,0.607,MCK03,Leadership & People Development,Moderate_Growth,0.55,0.4048397,0.4048397,0.39756924,0.28236678,0.0072704554,MCK02,MCK05,McKinsey_FutureOfWork_2025,0.22266183197498324,Moderate_Growth,0.7,0.2833877861499786
unveil a plan for net zero emissions,1,0.599,WEF06,Environmental & Sustainability Technology,Moderate_Growth,0.6,0.3690282,0.3690282,0.14468224,0.1362332,0.22434597,WEF04,WEF03,WEF_FutureOfJobs_2025,0.22141692638397217,Moderate_Growth,0.7,0.25831974744796754
meet engineering specifications,1,0.604,ESCO02,Business Analysis & Requirements Engineering,Moderate_Growth,0.5,0.44151515,0.44151515,0.3791597,0.30752188,0.06235546,ONET03,MCK02,ESCO_v1.2_2024,0.22075757384300232,Moderate_Growth,0.7,0.30906060338020325
mentor subordinate group,1,0.611,MCK03,Leadership & People Development,Moderate_Growth,0.55,0.39943957,0.39943957,0.27223736,0.2044467,0.12720221,MCK02,MCK05,McKinsey_FutureOfWork_2025,0.21969176530838014,Moderate_Growth,0.7,0.2796077013015747
demonstrate strong organisational skills,1,0.618,MCK03,Leadership & People Development,Moderate_Growth,0.55,0.39898664,0.39898664,0.3906147,0.3631354,0.008371949,MCK05,MCK02,McKinsey_FutureOfWork_2025,0.21944265067577365,Moderate_Growth,0.7,0.27929064631462097
identify sales opportunities,1,0.616,WEF05,Digital Platforms & E-commerce,Moderate_Growth,0.7,0.31319433,0.31319433,0.26303926,0.20351422,0.050155073,ESCO02,ONET02,WEF_FutureOfJobs_2025,0.21923603415489196,Moderate_Growth,0.7,0.21923603415489196
work closely with technical teams and business partners,1,0.661,MCK02,Advanced Communication & Collaboration,Moderate_Growth,0.4,0.54710674,0.54710674,0.36617243,0.2778316,0.18093431,ESCO02,MCK03,McKinsey_FutureOfWork_2025,0.2188426971435547,Stable,0.4,0.2188426971435547
focus on cross-functional collaboration,1,0.617,MCK02,Advanced Communication & Collaboration,Moderate_Growth,0.4,0.5465186,0.5465186,0.38332462,0.24142975,0.163194,WEF07,ONET03,McKinsey_FutureOfWork_2025,0.2186074495315552,Stable,0.4,0.2186074495315552
accomplish sustainable vision,1,0.601,WEF06,Environmental & Sustainability Technology,Moderate_Growth,0.6,0.363925,0.363925,0.2032958,0.17802179,0.16062921,MCK05,ESCO01,WEF_FutureOfJobs_2025,0.21835500597953797,Moderate_Growth,0.7,0.25474750697612764
lead initiatives,1,0.611,MCK03,Leadership & People Development,Moderate_Growth,0.55,0.3957905,0.3957905,0.29149246,0.29047877,0.104298025,MCK02,WEF07,McKinsey_FutureOfWork_2025,0.21768476814031604,Moderate_Growth,0.7,0.2770533412694931
understand requirements,2,0.613,ESCO02,Business Analysis & Requirements Engineering,Moderate_Growth,0.5,0.4352606,0.4352606,0.28807417,0.28167084,0.14718643,ONET03,DEC01,ESCO_v1.2_2024,0.2176302969455719,Moderate_Growth,0.7,0.3046824157238006
turn analysis into business impact,1,0.565,ESCO02,Business Analysis & Requirements Engineering,Moderate_Growth,0.5,0.43390694,0.43390694,0.27282244,0.25565746,0.1610845,WEF02,WEF05,ESCO_v1.2_2024,0.21695347130298615,Moderate_Growth,0.7,0.3037348598241806
oversee environmental monitoring,1,0.606,WEF06,Environmental & Sustainability Technology,Moderate_Growth,0.6,0.36158195,0.36158195,0.2251654,0.21843007,0.13641655,WEF04,ONET02,WEF_FutureOfJobs_2025,0.2169491708278656,Moderate_Growth,0.7,0.2531073659658432
learn skills beyond formal role boundaries,1,0.606,MCK03,Leadership & People Development,Moderate_Growth,0.55,0.39349717,0.39349717,0.37054306,0.28424042,0.022954106,MCK02,WEF08,McKinsey_FutureOfWork_2025,0.21642344295978547,Moderate_Growth,0.7,0.2754480183124542
design dashboards,1,0.678,ONET03,UX/UI & Digital Design,Moderate_Growth,0.55,0.3931467,0.3931467,0.34113416,0.2959477,0.052012533,DEC02,ESCO02,ONET_BrightOutlook_2024,0.21623068153858185,Moderate_Growth,0.7,0.2752026855945587
design architecture,1,0.731,ONET03,UX/UI & Digital Design,Moderate_Growth,0.55,0.39122498,0.39122498,0.30131093,0.25306448,0.08991405,DEC02,ESCO02,ONET_BrightOutlook_2024,0.21517373919487,Moderate_Growth,0.7,0.2738574862480163
provide expert technical analysis,1,0.595,ESCO02,Business Analysis & Requirements Engineering,Moderate_Growth,0.5,0.43004453,0.43004453,0.35650295,0.26980978,0.07354158,MCK02,ONET03,ESCO_v1.2_2024,0.2150222659111023,Moderate_Growth,0.7,0.3010311722755432
work as a team,1,0.647,MCK03,Leadership & People Development,Moderate_Growth,0.55,0.39085114,0.39085114,0.30303574,0.22144368,0.087815404,MCK02,MCK05,McKinsey_FutureOfWork_2025,0.21496812701225282,Moderate_Growth,0.7,0.27359579801559447
gather requirements,2,0.601,ESCO02,Business Analysis & Requirements Engineering,Moderate_Growth,0.5,0.42981493,0.42981493,0.28917974,0.2527081,0.14063519,MCK02,ONET03,ESCO_v1.2_2024,0.2149074673652649,Moderate_Growth,0.7,0.3008704543113708
build automation pipelines,1,0.707,MCK01,Process Automation & RPA,Moderate_Growth,0.5,0.4296909,0.4296909,0.3170748,0.30900866,0.11261609,WEF04,ONET05,McKinsey_FutureOfWork_2025,0.2148454487323761,Moderate_Growth,0.7,0.3007836282253265
work closely with business analysts,1,0.606,ESCO02,Business Analysis & Requirements Engineering,Moderate_Growth,0.5,0.42847443,0.42847443,0.28968152,0.25562012,0.1387929,WEF02,MCK02,ESCO_v1.2_2024,0.21423721313476562,Moderate_Growth,0.7,0.29993209838867185
analyze business data,1,0.671,ESCO02,Business Analysis & Requirements Engineering,Moderate_Growth,0.5,0.4282856,0.4282856,0.3246116,0.28966546,0.103673995,WEF02,ONET02,ESCO_v1.2_2024,0.2141427993774414,Moderate_Growth,0.7,0.29979991912841797
deliver value-added business analysis,1,0.6,ESCO02,Business Analysis & Requirements Engineering,Moderate_Growth,0.5,0.42692664,0.42692664,0.3032306,0.20694119,0.12369603,MCK02,WEF05,ESCO_v1.2_2024,0.21346332132816315,Moderate_Growth,0.7,0.2988486498594284
mentor top talent,1,0.602,MCK03,Leadership & People Development,Moderate_Growth,0.55,0.38751733,0.38751733,0.21168752,0.1897919,0.17582981,MCK05,MCK02,McKinsey_FutureOfWork_2025,0.21313453316688538,Moderate_Growth,0.7,0.27126213312149045
act as a bridge between teams,1,0.652,MCK03,Leadership & People Development,Moderate_Growth,0.55,0.38722265,0.38722265,0.3189646,0.20639619,0.06825805,MCK02,MCK05,McKinsey_FutureOfWork_2025,0.21297245621681216,Moderate_Growth,0.7,0.2710558533668518
build interfaces,1,0.676,ONET03,UX/UI & Digital Design,Moderate_Growth,0.55,0.38706297,0.38706297,0.3012084,0.24256831,0.08585456,DEC02,ONET04,ONET_BrightOutlook_2024,0.21288463175296785,Moderate_Growth,0.7,0.2709440767765045
develop skills,1,0.608,MCK03,Leadership & People Development,Moderate_Growth,0.55,0.3857986,0.3857986,0.3806207,0.3346456,0.005177915,MCK05,WEF08,McKinsey_FutureOfWork_2025,0.21218923181295396,Moderate_Growth,0.7,0.2700590223073959
bring user insights into every stage of design,1,0.665,ONET03,UX/UI & Digital Design,Moderate_Growth,0.55,0.3832562,0.3832562,0.36372504,0.3440525,0.01953116,ESCO02,DEC02,ONET_BrightOutlook_2024,0.2107909083366394,Moderate_Growth,0.7,0.26827933788299557
work collaboratively in a multidisciplinary environment,1,0.643,MCK02,Advanced Communication & Collaboration,Moderate_Growth,0.4,0.52691376,0.52691376,0.33822086,0.25224403,0.1886929,WEF07,MCK03,McKinsey_FutureOfWork_2025,0.21076550483703616,Stable,0.4,0.21076550483703616
grow the team and platform,1,0.654,MCK03,Leadership & People Development,Moderate_Growth,0.55,0.3827057,0.3827057,0.31476367,0.31199348,0.06794202,MCK05,MCK02,McKinsey_FutureOfWork_2025,0.2104881286621094,Moderate_Growth,0.7,0.2678939819335937
identify defects during the testing process,1,0.618,ONET05,Quality Assurance & Testing,Moderate_Growth,0.55,0.38270384,0.38270384,0.2246036,0.18868557,0.15810025,DEC03,ESCO02,ONET_BrightOutlook_2024,0.21048711240291598,Moderate_Growth,0.7,0.2678926885128021
redesign automation platforms,1,0.712,MCK01,Process Automation & RPA,Moderate_Growth,0.5,0.4207976,0.4207976,0.36776894,0.32420778,0.053028643,DEC03,WEF04,McKinsey_FutureOfWork_2025,0.21039879322052002,Moderate_Growth,0.7,0.294558310508728
leverage collective knowledge of sustainable spaces,1,0.623,WEF06,Environmental & Sustainability Technology,Moderate_Growth,0.6,0.3504855,0.3504855,0.22853425,0.21897447,0.12195125,MCK02,WEF04,WEF_FutureOfJobs_2025,0.21029130220413209,Moderate_Growth,0.7,0.2453398525714874
apply skills beyond formal role boundaries,1,0.606,MCK03,Leadership & People Development,Moderate_Growth,0.55,0.38201767,0.38201767,0.3662679,0.2797401,0.015749782,MCK02,ESCO02,McKinsey_FutureOfWork_2025,0.2101097196340561,Moderate_Growth,0.7,0.2674123704433441
execute a plan for net zero emissions,1,0.6,WEF06,Environmental & Sustainability Technology,Moderate_Growth,0.6,0.35004258,0.35004258,0.13919799,0.13424459,0.21084459,WEF04,WEF03,WEF_FutureOfJobs_2025,0.21002554893493652,Moderate_Growth,0.7,0.24502980709075925
test components,1,0.674,ONET05,Quality Assurance & Testing,Moderate_Growth,0.55,0.38080993,0.38080993,0.2075367,0.17607324,0.17327324,ONET03,DEC03,ONET_BrightOutlook_2024,0.20944546312093737,Moderate_Growth,0.7,0.26656695306301115
test data solutions,1,0.697,ONET05,Quality Assurance & Testing,Moderate_Growth,0.55,0.38006768,0.38006768,0.27019268,0.25984514,0.10987499,WEF02,DEC01,ONET_BrightOutlook_2024,0.209037221968174,Moderate_Growth,0.7,0.2660473734140396
prepare external environmental reports,1,0.711,WEF06,Environmental & Sustainability Technology,Moderate_Growth,0.6,0.34680519,0.34680519,0.19653696,0.17487538,0.15026823,MCK02,WEF02,WEF_FutureOfJobs_2025,0.20808311104774474,Moderate_Growth,0.7,0.2427636295557022
support analytics systems,1,0.677,ONET02,Database & Systems Administration,Moderate_Growth,0.5,0.41607857,0.41607857,0.3987374,0.3026774,0.017341167,WEF02,ESCO02,ONET_BrightOutlook_2024,0.2080392837524414,Moderate_Growth,0.7,0.29125499725341797
work with cross-functional teams,2,0.666,MCK02,Advanced Communication & Collaboration,Moderate_Growth,0.4,0.51980954,0.51980954,0.3548482,0.3120216,0.16496134,MCK03,WEF07,McKinsey_FutureOfWork_2025,0.20792381763458254,Stable,0.4,0.20792381763458254
monitor environmental best practices,1,0.709,WEF06,Environmental & Sustainability Technology,Moderate_Growth,0.6,0.34619856,0.34619856,0.20857798,0.19203392,0.13762058,DEC03,ONET02,WEF_FutureOfJobs_2025,0.20771913528442382,Moderate_Growth,0.7,0.2423389911651611
process job applications,1,0.595,MCK01,Process Automation & RPA,Moderate_Growth,0.5,0.4154083,0.4154083,0.3689377,0.363686,0.046470612,DEC01,ONET02,McKinsey_FutureOfWork_2025,0.20770415663719177,Moderate_Growth,0.7,0.2907858192920685
design impactful user experiences,1,0.705,ONET03,UX/UI & Digital Design,Moderate_Growth,0.55,0.37688035,0.37688035,0.34944886,0.2376588,0.027431488,DEC02,DEC03,ONET_BrightOutlook_2024,0.2072841912508011,Moderate_Growth,0.7,0.26381624341011045
provide leadership to application support,1,0.611,MCK03,Leadership & People Development,Moderate_Growth,0.55,0.376588,0.376588,0.27302933,0.24945854,0.10355866,MCK02,ESCO01,McKinsey_FutureOfWork_2025,0.2071233928203583,Moderate_Growth,0.7,0.26361159086227415
identify areas for improvement,1,0.619,MCK03,Leadership & People Development,Moderate_Growth,0.55,0.37646055,0.37646055,0.32758868,0.30067453,0.048871875,MCK02,DEC03,McKinsey_FutureOfWork_2025,0.20705330371856692,Moderate_Growth,0.7,0.2635223865509033
automate workflows,2,0.6950000000000001,MCK01,Process Automation & RPA,Moderate_Growth,0.5,0.41372555,0.41372555,0.35034746,0.26713443,0.063378096,DEC03,WEF07,McKinsey_FutureOfWork_2025,0.20686277747154236,Moderate_Growth,0.7,0.2896078884601593
participate in design work,1,0.698,ONET03,UX/UI & Digital Design,Moderate_Growth,0.55,0.37598962,0.37598962,0.3334703,0.2782778,0.0425193,MCK02,ESCO02,ONET_BrightOutlook_2024,0.2067942887544632,Moderate_Growth,0.7,0.26319273114204406
reduce carbon footprint,1,0.593,WEF06,Environmental & Sustainability Technology,Moderate_Growth,0.6,0.34465605,0.34465605,0.20190945,0.112150565,0.1427466,WEF04,ESCO01,WEF_FutureOfJobs_2025,0.20679363012313842,Moderate_Growth,0.7,0.2412592351436615
engage technical teams and business stakeholders,1,0.666,MCK02,Advanced Communication & Collaboration,Moderate_Growth,0.4,0.5166917,0.5166917,0.36055568,0.26901674,0.156136,ESCO02,ESCO01,McKinsey_FutureOfWork_2025,0.20667667388916017,Stable,0.4,0.20667667388916017
lead projects,1,0.606,MCK03,Leadership & People Development,Moderate_Growth,0.55,0.37560862,0.37560862,0.36313027,0.3445043,0.012478352,ESCO01,MCK02,McKinsey_FutureOfWork_2025,0.20658474266529084,Moderate_Growth,0.7,0.262926036119461
work closely with cross-functional teams,1,0.666,MCK02,Advanced Communication & Collaboration,Moderate_Growth,0.4,0.5160826,0.5160826,0.3577782,0.3032179,0.1583044,MCK03,WEF07,McKinsey_FutureOfWork_2025,0.20643303394317628,Stable,0.4,0.20643303394317628
collaborate with a multi-disciplinary team,1,0.667,MCK02,Advanced Communication & Collaboration,Moderate_Growth,0.4,0.51417977,0.51417977,0.38757887,0.35980168,0.12660089,WEF07,MCK03,McKinsey_FutureOfWork_2025,0.20567190647125244,Stable,0.4,0.20567190647125244
"collaborate with engineers, product managers, designers, collaborators, partners",1,0.618,MCK02,Advanced Communication & Collaboration,Moderate_Growth,0.4,0.51344764,0.51344764,0.4356286,0.34505075,0.07781905,WEF07,ONET03,McKinsey_FutureOfWork_2025,0.205379056930542,Stable,0.4,0.205379056930542
collaborate with cross-functional teams,5,0.673,MCK02,Advanced Communication & Collaboration,Moderate_Growth,0.4,0.5124573,0.5124573,0.39634067,0.28231075,0.11611664,WEF07,MCK03,McKinsey_FutureOfWork_2025,0.20498292446136476,Stable,0.4,0.20498292446136476
deliver user experience,1,0.62,ONET03,UX/UI & Digital Design,Moderate_Growth,0.55,0.37268722,0.37268722,0.3023419,0.27387923,0.07034531,DEC02,MCK02,ONET_BrightOutlook_2024,0.20497797131538392,Moderate_Growth,0.7,0.2608810544013977
assist in building a design system,1,0.694,ONET03,UX/UI & Digital Design,Moderate_Growth,0.55,0.3725963,0.3725963,0.2889447,0.2752756,0.0836516,MCK02,ESCO02,ONET_BrightOutlook_2024,0.20492796152830126,Moderate_Growth,0.7,0.2608174055814743
develop data analyses,1,0.7,ESCO02,Business Analysis & Requirements Engineering,Moderate_Growth,0.5,0.40872914,0.40872914,0.36128533,0.35225493,0.047443807,DEC01,WEF02,ESCO_v1.2_2024,0.2043645679950714,Moderate_Growth,0.7,0.28611039519309994
manage disaster recovery plans,1,0.609,ESCO01,Project Management & Agile Methodologies,Moderate_Growth,0.55,0.37146375,0.37146375,0.2863027,0.27061188,0.08516106,MCK05,ONET02,ESCO_v1.2_2024,0.2043050602078438,Moderate_Growth,0.7,0.26002462208271027
mentor junior staff,2,0.604,MCK03,Leadership & People Development,Moderate_Growth,0.55,0.3709894,0.3709894,0.2894488,0.23970726,0.081540614,MCK02,MCK05,McKinsey_FutureOfWork_2025,0.20404417663812638,Moderate_Growth,0.7,0.25969258844852444
work with other teams,1,0.655,MCK03,Leadership & People Development,Moderate_Growth,0.55,0.37050524,0.37050524,0.3168087,0.1694437,0.053696543,MCK02,MCK05,McKinsey_FutureOfWork_2025,0.2037778839468956,Moderate_Growth,0.7,0.2593536704778671
lead teams committed to customer impact,1,0.659,MCK03,Leadership & People Development,Moderate_Growth,0.55,0.3703648,0.3703648,0.3545897,0.3147387,0.015775084,MCK02,ESCO01,McKinsey_FutureOfWork_2025,0.20370063185691836,Moderate_Growth,0.7,0.2592553496360779
lead teams committed to velocity,1,0.659,MCK03,Leadership & People Development,Moderate_Growth,0.55,0.36856568,0.36856568,0.26229602,0.23116353,0.10626966,MCK02,ESCO01,McKinsey_FutureOfWork_2025,0.20271112322807314,Moderate_Growth,0.7,0.2579959750175476
implement systems,1,0.678,ONET06,Blockchain & Distributed Systems,Moderate_Growth,0.5,0.4051423,0.4051423,0.28617817,0.2675132,0.118964136,ONET03,ONET02,ONET_BrightOutlook_2024,0.20257115364074707,Moderate_Growth,0.7,0.2835996150970459
build solid relationships with team members,1,0.662,MCK03,Leadership & People Development,Moderate_Growth,0.55,0.36787271,0.36787271,0.3445775,0.18264988,0.023295224,MCK02,WEF07,McKinsey_FutureOfWork_2025,0.20232999324798587,Moderate_Growth,0.7,0.2575109004974365
operate data solutions,1,0.619,ONET02,Database & Systems Administration,Moderate_Growth,0.5,0.4043032,0.4043032,0.40208015,0.35584554,0.0022230446,DEC01,WEF02,ONET_BrightOutlook_2024,0.2021515965461731,Moderate_Growth,0.7,0.2830122351646423
operate data stores,1,0.615,ONET02,Database & Systems Administration,Moderate_Growth,0.5,0.4040283,0.4040283,0.38144332,0.3136158,0.022584975,DEC01,WEF02,ONET_BrightOutlook_2024,0.20201414823532104,Moderate_Growth,0.7,0.28281980752944946
"focus on automation, resiliency, availability, scalability, and performance",1,0.626,MCK01,Process Automation & RPA,Moderate_Growth,0.5,0.40381175,0.40381175,0.39365792,0.3503276,0.01015383,WEF04,MCK05,McKinsey_FutureOfWork_2025,0.20190587639808655,Moderate_Growth,0.7,0.28266822695732113
execute standard engineering projects,1,0.626,ESCO02,Business Analysis & Requirements Engineering,Moderate_Growth,0.5,0.40361443,0.40361443,0.33067197,0.30569932,0.072942466,MCK02,DEC03,ESCO_v1.2_2024,0.20180721580982208,Moderate_Growth,0.7,0.2825301021337509
understand business needs,2,0.612,ESCO02,Business Analysis & Requirements Engineering,Moderate_Growth,0.5,0.40360755,0.40360755,0.22592425,0.1899241,0.1776833,MCK05,MCK04,ESCO_v1.2_2024,0.2018037736415863,Moderate_Growth,0.7,0.2825252830982208
learn customer language and industries,1,0.609,ESCO02,Business Analysis & Requirements Engineering,Moderate_Growth,0.5,0.4031723,0.4031723,0.37554365,0.2700482,0.02762866,WEF05,MCK02,ESCO_v1.2_2024,0.20158615708351135,Moderate_Growth,0.7,0.2822206199169159
automate tasks,1,0.672,MCK01,Process Automation & RPA,Moderate_Growth,0.5,0.40288544,0.40288544,0.37011766,0.36117816,0.032767773,WEF07,DEC03,McKinsey_FutureOfWork_2025,0.20144271850585938,Moderate_Growth,0.7,0.2820198059082031
manage recruitment,1,0.71,MCK03,Leadership & People Development,Moderate_Growth,0.55,0.3655556,0.3655556,0.25426793,0.24589707,0.11128768,ESCO01,ONET02,McKinsey_FutureOfWork_2025,0.20105558782815935,Moderate_Growth,0.7,0.25588892996311186
support testing of environmental analysis capabilities,1,0.708,ONET05,Quality Assurance & Testing,Moderate_Growth,0.55,0.36522216,0.36522216,0.34279108,0.30803066,0.022431076,WEF06,ESCO02,ONET_BrightOutlook_2024,0.2008721858263016,Moderate_Growth,0.7,0.25565550923347474
participate in project lifecycle,1,0.57,ESCO01,Project Management & Agile Methodologies,Moderate_Growth,0.55,0.3651186,0.3651186,0.30052188,0.30001628,0.06459671,MCK05,MCK02,ESCO_v1.2_2024,0.2008152261376381,Moderate_Growth,0.7,0.2555830150842667
rebuild automation platforms,1,0.627,MCK01,Process Automation & RPA,Moderate_Growth,0.5,0.40155232,0.40155232,0.3732856,0.31229743,0.028266728,DEC03,WEF07,McKinsey_FutureOfWork_2025,0.20077615976333618,Moderate_Growth,0.7,0.28108662366867065
work cross-functionally with teams,1,0.668,MCK02,Advanced Communication & Collaboration,Moderate_Growth,0.4,0.50031745,0.50031745,0.34971297,0.26247075,0.15060449,MCK03,WEF07,McKinsey_FutureOfWork_2025,0.2001269817352295,Stable,0.4,0.2001269817352295
play a pivotal role in projects,1,0.627,ESCO01,Project Management & Agile Methodologies,Moderate_Growth,0.55,0.36381167,0.36381167,0.35139638,0.32260078,0.01241529,MCK02,MCK04,ESCO_v1.2_2024,0.20009641945362092,Moderate_Growth,0.7,0.2546681702136993
develop product roadmaps,1,0.704,ESCO02,Business Analysis & Requirements Engineering,Moderate_Growth,0.5,0.4001916,0.4001916,0.34243712,0.3056008,0.057754487,ONET03,MCK02,ESCO_v1.2_2024,0.20009580254554749,Moderate_Growth,0.7,0.28013412356376644
contribute to design system,1,0.699,ONET03,UX/UI & Digital Design,Moderate_Growth,0.55,0.36376077,0.36376077,0.28952062,0.26390356,0.07424015,MCK02,DEC03,ONET_BrightOutlook_2024,0.20006842315196993,Moderate_Growth,0.7,0.2546325385570526
design commercial projects,1,0.707,ONET03,UX/UI & Digital Design,Moderate_Growth,0.55,0.3634584,0.3634584,0.35784122,0.33519572,0.0056171715,MCK02,ESCO02,ONET_BrightOutlook_2024,0.19990211725234988,Moderate_Growth,0.7,0.2544208765029907
execute engineering tasks,1,0.623,ESCO02,Business Analysis & Requirements Engineering,Moderate_Growth,0.5,0.3987548,0.3987548,0.32827598,0.29765725,0.07047883,DEC03,ONET01,ESCO_v1.2_2024,0.1993774026632309,Moderate_Growth,0.7,0.27912836372852323
design learning experiences,1,0.679,ONET03,UX/UI & Digital Design,Moderate_Growth,0.55,0.36138284,0.36138284,0.3084315,0.27930522,0.052951336,DEC02,ESCO02,ONET_BrightOutlook_2024,0.19876056313514712,Moderate_Growth,0.7,0.25296798944473264
run databases in Linux environment,1,0.699,ONET02,Database & Systems Administration,Moderate_Growth,0.5,0.39739144,0.39739144,0.14985554,0.1461477,0.2475359,WEF02,DEC02,ONET_BrightOutlook_2024,0.19869571924209595,Moderate_Growth,0.7,0.2781740069389343
use communication and collaborative technologies,1,0.7,MCK02,Advanced Communication & Collaboration,Moderate_Growth,0.4,0.49662796,0.49662796,0.31002244,0.27108386,0.18660551,WEF07,ONET06,McKinsey_FutureOfWork_2025,0.1986511826515198,Stable,0.4,0.1986511826515198
lead complex technical initiatives,1,0.612,MCK02,Advanced Communication & Collaboration,Moderate_Growth,0.4,0.4958666,0.4958666,0.36483884,0.35412818,0.13102776,WEF07,MCK03,McKinsey_FutureOfWork_2025,0.19834663867950442,Stable,0.4,0.19834663867950442
develop scalable distributed systems,1,0.409,ONET06,Blockchain & Distributed Systems,Moderate_Growth,0.5,0.39667463,0.39667463,0.29388106,0.28394455,0.102793574,WEF04,ONET02,ONET_BrightOutlook_2024,0.19833731651306152,Moderate_Growth,0.7,0.2776722431182861
motivate other team members,1,0.661,MCK03,Leadership & People Development,Moderate_Growth,0.55,0.3605424,0.3605424,0.23105031,0.19833446,0.12949207,MCK05,MCK02,McKinsey_FutureOfWork_2025,0.19829831272363665,Moderate_Growth,0.7,0.2523796707391739
support growth of team,1,0.656,MCK03,Leadership & People Development,Moderate_Growth,0.55,0.36028066,0.36028066,0.31978768,0.24036014,0.04049298,MCK05,MCK02,McKinsey_FutureOfWork_2025,0.19815436452627183,Moderate_Growth,0.7,0.25219646394252776
contribute technical expertise to tool development,1,0.622,MCK02,Advanced Communication & Collaboration,Moderate_Growth,0.4,0.49440444,0.49440444,0.3332474,0.31809264,0.16115704,DEC03,ESCO02,McKinsey_FutureOfWork_2025,0.19776177406311035,Stable,0.4,0.19776177406311035
develop Business Intelligence solutions,1,0.682,ESCO02,Business Analysis & Requirements Engineering,Moderate_Growth,0.5,0.39525294,0.39525294,0.33955622,0.324448,0.055696726,WEF02,ONET02,ESCO_v1.2_2024,0.19762647151947021,Moderate_Growth,0.7,0.2766770601272583
mentor students,1,0.637,MCK03,Leadership & People Development,Moderate_Growth,0.55,0.35911953,0.35911953,0.2576992,0.24622838,0.10142034,MCK05,MCK02,McKinsey_FutureOfWork_2025,0.197515743970871,Moderate_Growth,0.7,0.2513836741447449
maintain automated test scripts,1,0.62,ONET05,Quality Assurance & Testing,Moderate_Growth,0.55,0.35911375,0.35911375,0.32064408,0.18413547,0.038469672,DEC03,MCK01,ONET_BrightOutlook_2024,0.19751256406307222,Moderate_Growth,0.7,0.2513796269893646
architect a modern data platform,1,0.668,ONET02,Database & Systems Administration,Moderate_Growth,0.5,0.39501193,0.39501193,0.3620981,0.32643116,0.032913834,WEF02,DEC02,ONET_BrightOutlook_2024,0.19750596582889557,Moderate_Growth,0.7,0.2765083521604538
"research, design, and prototype the look and feel of digital products",1,0.688,ONET03,UX/UI & Digital Design,Moderate_Growth,0.55,0.3588165,0.3588165,0.29405624,0.25769687,0.06476027,DEC02,WEF05,ONET_BrightOutlook_2024,0.19734907746315003,Moderate_Growth,0.7,0.2511715531349182
design schematics,1,0.707,ONET03,UX/UI & Digital Design,Moderate_Growth,0.55,0.3564893,0.3564893,0.30982232,0.26568058,0.04666698,DEC02,ESCO02,ONET_BrightOutlook_2024,0.19606911540031435,Moderate_Growth,0.7,0.24954251050949094
design data solutions,1,0.7,ONET03,UX/UI & Digital Design,Moderate_Growth,0.55,0.35571122,0.35571122,0.3474537,0.33030397,0.008257508,ESCO02,DEC02,ONET_BrightOutlook_2024,0.19564117193222047,Moderate_Growth,0.7,0.2489978551864624
"work closely with sales, service, and technical teams",1,0.66,MCK02,Advanced Communication & Collaboration,Moderate_Growth,0.4,0.48756045,0.48756045,0.3583841,0.3408638,0.12917635,MCK03,ESCO02,McKinsey_FutureOfWork_2025,0.1950241804122925,Stable,0.4,0.1950241804122925
contribute to integration testing,1,0.622,ONET05,Quality Assurance & Testing,Moderate_Growth,0.55,0.35440022,0.35440022,0.2113373,0.20860255,0.14306292,MCK02,ONET03,ONET_BrightOutlook_2024,0.19492011964321138,Moderate_Growth,0.7,0.2480801522731781
build distributed systems,1,0.706,ONET06,Blockchain & Distributed Systems,Moderate_Growth,0.5,0.38966137,0.38966137,0.32375333,0.3190148,0.065908045,WEF04,ONET02,ONET_BrightOutlook_2024,0.19483068585395813,Moderate_Growth,0.7,0.27276296019554136
mentor other recruiters,1,0.61,MCK03,Leadership & People Development,Moderate_Growth,0.55,0.35327533,0.35327533,0.24957553,0.23114502,0.1036998,MCK02,MCK05,McKinsey_FutureOfWork_2025,0.19430143088102342,Moderate_Growth,0.7,0.2472927302122116
collaborate with a global team,1,0.657,MCK02,Advanced Communication & Collaboration,Moderate_Growth,0.4,0.48544887,0.48544887,0.33094078,0.31414956,0.15450808,WEF07,MCK03,McKinsey_FutureOfWork_2025,0.19417954683303834,Stable,0.4,0.19417954683303834
drive cross-functional teams,1,0.672,MCK02,Advanced Communication & Collaboration,Moderate_Growth,0.4,0.48335785,0.48335785,0.35031587,0.3219629,0.13304198,MCK03,WEF07,McKinsey_FutureOfWork_2025,0.1933431386947632,Stable,0.4,0.1933431386947632
create industrial processes,1,0.709,MCK01,Process Automation & RPA,Moderate_Growth,0.5,0.38616055,0.38616055,0.2891935,0.22970085,0.09696704,ESCO02,ONET03,McKinsey_FutureOfWork_2025,0.19308027625083923,Moderate_Growth,0.7,0.2703123867511749
focus on process reengineering,1,0.593,MCK01,Process Automation & RPA,Moderate_Growth,0.5,0.3856994,0.3856994,0.294999,0.29183036,0.09070039,ESCO02,ONET02,McKinsey_FutureOfWork_2025,0.19284969568252563,Moderate_Growth,0.7,0.26998957395553586
work collaboratively within a team,1,0.661,MCK02,Advanced Communication & Collaboration,Moderate_Growth,0.4,0.48212296,0.48212296,0.3208372,0.30271167,0.16128576,MCK03,WEF07,McKinsey_FutureOfWork_2025,0.1928491830825806,Stable,0.4,0.1928491830825806
work across design and production teams,1,0.659,MCK02,Advanced Communication & Collaboration,Moderate_Growth,0.4,0.48150876,0.48150876,0.3469547,0.31024453,0.13455406,MCK03,ONET03,McKinsey_FutureOfWork_2025,0.19260350465774537,Stable,0.4,0.19260350465774537
design tools that support decision-making,1,0.675,ONET03,UX/UI & Digital Design,Moderate_Growth,0.55,0.34952933,0.34952933,0.32737094,0.3243338,0.022158384,MCK02,ESCO02,ONET_BrightOutlook_2024,0.19224112927913667,Moderate_Growth,0.7,0.24467052817344664
make database management effortless,1,0.59,ONET02,Database & Systems Administration,Moderate_Growth,0.5,0.38446152,0.38446152,0.27342093,0.19254221,0.11104059,DEC03,DEC02,ONET_BrightOutlook_2024,0.19223076105117798,Moderate_Growth,0.7,0.26912306547164916
"ensure strong performance, collaboration, and accountability",1,0.618,MCK03,Leadership & People Development,Moderate_Growth,0.55,0.34773517,0.34773517,0.34247637,0.23291206,0.0052587986,MCK02,WEF07,McKinsey_FutureOfWork_2025,0.19125434160232546,Moderate_Growth,0.7,0.2434146165847778
coordinate with teams,1,0.662,MCK03,Leadership & People Development,Moderate_Growth,0.55,0.34712023,0.34712023,0.2601474,0.17023584,0.08697283,MCK02,WEF07,McKinsey_FutureOfWork_2025,0.19091612398624422,Moderate_Growth,0.7,0.24298415780067442
allow developers to monitor databases,1,0.619,ONET02,Database & Systems Administration,Moderate_Growth,0.5,0.38096023,0.38096023,0.24483608,0.21597384,0.13612415,WEF02,DEC03,ONET_BrightOutlook_2024,0.19048011302947998,Moderate_Growth,0.7,0.26667215824127194
manage training,1,0.703,MCK03,Leadership & People Development,Moderate_Growth,0.55,0.3458302,0.3458302,0.3200084,0.25680026,0.025821805,MCK05,ESCO01,McKinsey_FutureOfWork_2025,0.19020661115646365,Moderate_Growth,0.7,0.24208114147186277
scope and build data products,1,0.665,ESCO02,Business Analysis & Requirements Engineering,Moderate_Growth,0.5,0.3800015,0.3800015,0.32187194,0.27270272,0.05812955,WEF02,ONET03,ESCO_v1.2_2024,0.1900007426738739,Moderate_Growth,0.7,0.26600103974342343
configure industrial processes,1,0.713,MCK01,Process Automation & RPA,Moderate_Growth,0.5,0.37980026,0.37980026,0.24209711,0.23134135,0.13770315,ESCO02,ONET02,McKinsey_FutureOfWork_2025,0.18990013003349304,Moderate_Growth,0.7,0.2658601820468902
integrate the catalog with various data services,1,0.699,ONET02,Database & Systems Administration,Moderate_Growth,0.5,0.37906578,0.37906578,0.31001654,0.3076859,0.06904924,WEF02,DEC01,ONET_BrightOutlook_2024,0.18953289091587067,Moderate_Growth,0.7,0.2653460472822189
design distributed systems,1,0.707,ONET06,Blockchain & Distributed Systems,Moderate_Growth,0.5,0.37904254,0.37904254,0.26799387,0.258443,0.11104867,ONET03,MCK02,ONET_BrightOutlook_2024,0.18952126801013947,Moderate_Growth,0.7,0.2653297752141952
maintain Operations and Data Center checklists,1,0.594,ONET02,Database & Systems Administration,Moderate_Growth,0.5,0.3782805,0.3782805,0.3526826,0.35226703,0.0255979,DEC01,DEC03,ONET_BrightOutlook_2024,0.18914024531841278,Moderate_Growth,0.7,0.26479634344577785
develop performance analysis capability,1,0.712,ESCO02,Business Analysis & Requirements Engineering,Moderate_Growth,0.5,0.37737986,0.37737986,0.3010813,0.26290327,0.076298565,MCK02,ONET05,ESCO_v1.2_2024,0.1886899322271347,Moderate_Growth,0.7,0.26416590511798854
"work cross-functionally with architecture, platform design, and engineering teams",1,0.67,MCK02,Advanced Communication & Collaboration,Moderate_Growth,0.4,0.47140375,0.47140375,0.38420665,0.36292776,0.087197095,ONET03,ONET01,McKinsey_FutureOfWork_2025,0.18856149911880493,Stable,0.4,0.18856149911880493
collaborate with backend teams,1,0.664,MCK02,Advanced Communication & Collaboration,Moderate_Growth,0.4,0.4711846,0.4711846,0.3612955,0.29977942,0.10988912,WEF07,MCK03,McKinsey_FutureOfWork_2025,0.18847384452819826,Stable,0.4,0.18847384452819826
allow developers to spin up databases,1,0.614,ONET02,Database & Systems Administration,Moderate_Growth,0.5,0.37632227,0.37632227,0.253728,0.20643282,0.12259427,DEC03,DEC02,ONET_BrightOutlook_2024,0.18816113471984863,Moderate_Growth,0.7,0.2634255886077881
advance career in B2B software sales,1,0.603,ESCO02,Business Analysis & Requirements Engineering,Moderate_Growth,0.5,0.37629274,0.37629274,0.30854475,0.30423725,0.06774798,WEF05,MCK02,ESCO_v1.2_2024,0.18814636766910553,Moderate_Growth,0.7,0.2634049147367477
ensure high-quality delivery through systematic testing,1,0.625,ONET05,Quality Assurance & Testing,Moderate_Growth,0.55,0.3417049,0.3417049,0.22575618,0.16148119,0.11594872,DEC03,MCK02,ONET_BrightOutlook_2024,0.18793769776821137,Moderate_Growth,0.7,0.2391934335231781
design residential projects,1,0.709,ONET03,UX/UI & Digital Design,Moderate_Growth,0.55,0.34148878,0.34148878,0.3257772,0.28568345,0.015711576,DEC02,ESCO01,ONET_BrightOutlook_2024,0.18781882822513582,Moderate_Growth,0.7,0.2390421450138092
establish automated mobile CI/CD pipelines,1,0.623,ONET05,Quality Assurance & Testing,Moderate_Growth,0.55,0.34137908,0.34137908,0.30901212,0.28254223,0.03236696,MCK01,WEF04,ONET_BrightOutlook_2024,0.18775849193334582,Moderate_Growth,0.7,0.2389653533697128
build solutions for Data Catalog & Lineage,1,0.695,ONET02,Database & Systems Administration,Moderate_Growth,0.5,0.3745904,0.3745904,0.317703,0.30647686,0.05688739,WEF02,DEC02,ONET_BrightOutlook_2024,0.18729519844055176,Moderate_Growth,0.7,0.26221327781677245
perform analysis,1,0.705,ESCO02,Business Analysis & Requirements Engineering,Moderate_Growth,0.5,0.37439343,0.37439343,0.24612275,0.24337113,0.12827069,WEF02,DEC01,ESCO_v1.2_2024,0.18719671666622162,Moderate_Growth,0.7,0.26207540333271023
create design documentation,1,0.709,ONET03,UX/UI & Digital Design,Moderate_Growth,0.55,0.34030426,0.34030426,0.3329994,0.31992942,0.0073048472,ESCO02,MCK02,ONET_BrightOutlook_2024,0.1871673405170441,Moderate_Growth,0.7,0.23821297883987425
work with geographically dispersed stakeholders,1,0.644,MCK02,Advanced Communication & Collaboration,Moderate_Growth,0.4,0.467372,0.467372,0.23007694,0.22607553,0.23729506,ESCO02,ESCO01,McKinsey_FutureOfWork_2025,0.18694880008697512,Stable,0.4,0.18694880008697512
collaborate with design teams,1,0.663,MCK02,Advanced Communication & Collaboration,Moderate_Growth,0.4,0.46675715,0.46675715,0.35782427,0.34060186,0.10893288,WEF07,ONET03,McKinsey_FutureOfWork_2025,0.1867028594017029,Stable,0.4,0.1867028594017029
work closely with development teams,1,0.662,MCK02,Advanced Communication & Collaboration,Moderate_Growth,0.4,0.46631145,0.46631145,0.4601766,0.31980067,0.0061348677,MCK03,ONET01,McKinsey_FutureOfWork_2025,0.1865245819091797,Stable,0.4,0.1865245819091797
create data processing capabilities,1,0.707,ONET02,Database & Systems Administration,Moderate_Growth,0.5,0.37202,0.37202,0.35752535,0.34601626,0.0144946575,DEC01,WEF02,ONET_BrightOutlook_2024,0.18601000308990479,Moderate_Growth,0.7,0.2604140043258667
demonstrate technical expertise,1,0.631,MCK02,Advanced Communication & Collaboration,Moderate_Growth,0.4,0.4634173,0.4634173,0.34106192,0.304419,0.12235537,ESCO02,WEF08,McKinsey_FutureOfWork_2025,0.18536691665649416,Stable,0.4,0.18536691665649416
build and enhance a modern data catalog and lineage platform,1,0.686,ONET02,Database & Systems Administration,Moderate_Growth,0.5,0.3706005,0.3706005,0.31306702,0.30621877,0.057533473,DEC02,WEF02,ONET_BrightOutlook_2024,0.18530024588108063,Moderate_Growth,0.7,0.25942034423351285
lead regional development function,1,0.612,MCK03,Leadership & People Development,Moderate_Growth,0.55,0.33585173,0.33585173,0.2833647,0.18388642,0.052487016,MCK02,ESCO01,McKinsey_FutureOfWork_2025,0.18471845090389252,Moderate_Growth,0.7,0.23509621024131774
collaborate with stakeholders,1,0.617,MCK02,Advanced Communication & Collaboration,Moderate_Growth,0.4,0.46135968,0.46135968,0.2652347,0.2641983,0.19612497,ESCO01,WEF07,McKinsey_FutureOfWork_2025,0.18454387187957766,Stable,0.4,0.18454387187957766
execute test plans and procedures,1,0.616,ONET05,Quality Assurance & Testing,Moderate_Growth,0.55,0.33491126,0.33491126,0.2153897,0.1853209,0.11952156,ESCO02,MCK04,ONET_BrightOutlook_2024,0.18420119136571886,Moderate_Growth,0.7,0.23443787992000578
interface with cross-functional teams,1,0.691,MCK02,Advanced Communication & Collaboration,Moderate_Growth,0.4,0.46041572,0.46041572,0.36058617,0.31471652,0.099829555,WEF07,ONET03,McKinsey_FutureOfWork_2025,0.1841662883758545,Stable,0.4,0.1841662883758545
manage build jobs,1,0.636,ESCO01,Project Management & Agile Methodologies,Moderate_Growth,0.55,0.33425006,0.33425006,0.30874825,0.2962916,0.025501817,MCK03,DEC03,ESCO_v1.2_2024,0.1838375344872475,Moderate_Growth,0.7,0.2339750438928604
analyse workflows,1,0.597,ESCO02,Business Analysis & Requirements Engineering,Moderate_Growth,0.5,0.3676741,0.3676741,0.31418902,0.30504763,0.053485096,DEC03,ONET02,ESCO_v1.2_2024,0.18383705615997314,Moderate_Growth,0.7,0.2573718786239624
implement new projects,1,0.702,ESCO01,Project Management & Agile Methodologies,Moderate_Growth,0.55,0.33406776,0.33406776,0.3005103,0.29264808,0.033557475,MCK02,DEC03,ESCO_v1.2_2024,0.18373726904392243,Moderate_Growth,0.7,0.23384743332862853
test interactive prototypes,1,0.625,ONET05,Quality Assurance & Testing,Moderate_Growth,0.55,0.33360934,0.33360934,0.29137227,0.23178264,0.042237073,ONET03,ONET04,ONET_BrightOutlook_2024,0.1834851384162903,Moderate_Growth,0.7,0.23352653980255125
communicate with technical leaders,1,0.612,MCK02,Advanced Communication & Collaboration,Moderate_Growth,0.4,0.45848185,0.45848185,0.22730847,0.21649376,0.23117338,WEF07,MCK03,McKinsey_FutureOfWork_2025,0.18339273929595948,Stable,0.4,0.18339273929595948
collaborate in a distributed team,1,0.66,MCK02,Advanced Communication & Collaboration,Moderate_Growth,0.4,0.4582234,0.4582234,0.3325268,0.27158344,0.1256966,WEF07,ONET06,McKinsey_FutureOfWork_2025,0.18328936100006105,Stable,0.4,0.18328936100006105
experience structural engineering,1,0.606,ESCO02,Business Analysis & Requirements Engineering,Moderate_Growth,0.5,0.36611253,0.36611253,0.32908452,0.3027051,0.037028015,ONET03,DEC02,ESCO_v1.2_2024,0.18305626511573792,Moderate_Growth,0.7,0.25627877116203307
connect financial systems,1,0.677,ONET06,Blockchain & Distributed Systems,Moderate_Growth,0.5,0.36574775,0.36574775,0.2869581,0.2807519,0.07878965,ONET02,WEF05,ONET_BrightOutlook_2024,0.18287387490272522,Moderate_Growth,0.7,0.2560234248638153
work in partnership with stakeholders,1,0.636,MCK02,Advanced Communication & Collaboration,Moderate_Growth,0.4,0.45718244,0.45718244,0.28160203,0.24745697,0.17558041,ESCO01,MCK03,McKinsey_FutureOfWork_2025,0.18287297487258913,Stable,0.4,0.18287297487258913
use CAD systems,1,0.691,ONET03,UX/UI & Digital Design,Moderate_Growth,0.55,0.33241946,0.33241946,0.23623906,0.23238283,0.096180394,MCK01,ESCO02,ONET_BrightOutlook_2024,0.1828307002782822,Moderate_Growth,0.7,0.23269361853599546
work closely with partner teams,1,0.658,MCK02,Advanced Communication & Collaboration,Moderate_Growth,0.4,0.45691326,0.45691326,0.35533375,0.22160101,0.10157952,MCK03,WEF07,McKinsey_FutureOfWork_2025,0.18276530504226685,Stable,0.4,0.18276530504226685
dive into API design,1,0.713,ONET03,UX/UI & Digital Design,Moderate_Growth,0.55,0.3321643,0.3321643,0.3168741,0.27320445,0.015290201,ONET01,DEC03,ONET_BrightOutlook_2024,0.18269035816192628,Moderate_Growth,0.7,0.23251500129699706
"work with a team of SMEs, developers, and designers",1,0.656,MCK02,Advanced Communication & Collaboration,Moderate_Growth,0.4,0.4566304,0.4566304,0.36641002,0.330593,0.09022039,MCK03,ONET01,McKinsey_FutureOfWork_2025,0.18265216350555422,Stable,0.4,0.18265216350555422
solve business challenges,1,0.677,ESCO02,Business Analysis & Requirements Engineering,Moderate_Growth,0.5,0.36522332,0.36522332,0.30163053,0.29180497,0.06359279,MCK04,ESCO01,ESCO_v1.2_2024,0.18261165916919708,Moderate_Growth,0.7,0.2556563228368759
design moments that matter,1,0.668,ONET03,UX/UI & Digital Design,Moderate_Growth,0.55,0.3319707,0.3319707,0.30199823,0.22108915,0.029972464,DEC02,DEC03,ONET_BrightOutlook_2024,0.18258388042449952,Moderate_Growth,0.7,0.23237948417663573
define requirements,1,0.617,ESCO02,Business Analysis & Requirements Engineering,Moderate_Growth,0.5,0.36437023,0.36437023,0.19528091,0.18380319,0.16908932,ONET03,DEC02,ESCO_v1.2_2024,0.1821851134300232,Moderate_Growth,0.7,0.25505915880203245
collaborate with distributed team,1,0.667,MCK02,Advanced Communication & Collaboration,Moderate_Growth,0.4,0.45464474,0.45464474,0.33235335,0.28414315,0.122291386,WEF07,ONET06,McKinsey_FutureOfWork_2025,0.18185789585113527,Stable,0.4,0.18185789585113527
collaborate in a team environment,1,0.66,MCK02,Advanced Communication & Collaboration,Moderate_Growth,0.4,0.454628,0.454628,0.38025296,0.30689052,0.07437503,WEF07,MCK03,McKinsey_FutureOfWork_2025,0.18185119628906252,Stable,0.4,0.18185119628906252
improve user experience,1,0.637,ONET03,UX/UI & Digital Design,Moderate_Growth,0.55,0.33059227,0.33059227,0.2999596,0.2568627,0.030632675,DEC02,DEC03,ONET_BrightOutlook_2024,0.1818257510662079,Moderate_Growth,0.7,0.23141459226608274
collaborate with a team,1,0.657,MCK02,Advanced Communication & Collaboration,Moderate_Growth,0.4,0.45396107,0.45396107,0.37997103,0.3582449,0.07399005,WEF07,MCK03,McKinsey_FutureOfWork_2025,0.18158442974090577,Stable,0.4,0.18158442974090577
contribute to testing,1,0.618,ONET05,Quality Assurance & Testing,Moderate_Growth,0.55,0.33014086,0.33014086,0.19049644,0.18530503,0.13964441,MCK05,DEC03,ONET_BrightOutlook_2024,0.18157747238874436,Moderate_Growth,0.7,0.23109860122203826
"guide a team through designing and implementing websites, applications and mobile apps",1,0.655,MCK02,Advanced Communication & Collaboration,Moderate_Growth,0.4,0.45387417,0.45387417,0.36374784,0.35115373,0.090126336,ONET03,ONET01,McKinsey_FutureOfWork_2025,0.18154966831207275,Stable,0.4,0.18154966831207275
write case studies,1,0.696,ESCO02,Business Analysis & Requirements Engineering,Moderate_Growth,0.5,0.36222526,0.36222526,0.3213318,0.23453876,0.040893465,MCK02,ONET03,ESCO_v1.2_2024,0.1811126321554184,Moderate_Growth,0.7,0.25355768501758574
learn more about company operations,1,0.606,ESCO02,Business Analysis & Requirements Engineering,Moderate_Growth,0.5,0.3614254,0.3614254,0.35828778,0.30188367,0.0031376183,ONET02,MCK02,ESCO_v1.2_2024,0.18071269989013672,Moderate_Growth,0.7,0.2529977798461914
innovate CI/CD pipelines,1,0.675,ONET05,Quality Assurance & Testing,Moderate_Growth,0.55,0.328521,0.328521,0.3073985,0.2766001,0.021122515,WEF04,MCK01,ONET_BrightOutlook_2024,0.18068655729293825,Moderate_Growth,0.7,0.22996470928192136
work across multi-disciplinary teams,1,0.67,MCK02,Advanced Communication & Collaboration,Moderate_Growth,0.4,0.451509,0.451509,0.4001143,0.23596424,0.0513947,MCK03,ONET01,McKinsey_FutureOfWork_2025,0.18060359954833985,Stable,0.4,0.18060359954833985
assess user projects,1,0.699,ESCO02,Business Analysis & Requirements Engineering,Moderate_Growth,0.5,0.3606401,0.3606401,0.36054662,0.35037962,9.3489885e-05,ESCO01,ONET03,ESCO_v1.2_2024,0.18032005429267883,Moderate_Growth,0.7,0.25244807600975033
develop technologies,1,0.714,MCK02,Advanced Communication & Collaboration,Moderate_Growth,0.4,0.45079893,0.45079893,0.39713204,0.36296695,0.05366689,ONET03,DEC02,McKinsey_FutureOfWork_2025,0.18031957149505617,Stable,0.4,0.18031957149505617
develop tools,2,0.699,MCK02,Advanced Communication & Collaboration,Moderate_Growth,0.4,0.45035166,0.45035166,0.36922374,0.3674503,0.08112791,ONET03,DEC02,McKinsey_FutureOfWork_2025,0.18014066219329836,Stable,0.4,0.18014066219329836
work collaboratively,2,0.633,MCK02,Advanced Communication & Collaboration,Moderate_Growth,0.4,0.45002562,0.45002562,0.30771908,0.22888596,0.14230654,WEF07,MCK03,McKinsey_FutureOfWork_2025,0.1800102472305298,Stable,0.4,0.1800102472305298
develop process models,1,0.702,ESCO02,Business Analysis & Requirements Engineering,Moderate_Growth,0.5,0.35996282,0.35996282,0.3282439,0.24531299,0.03171891,MCK01,ONET02,ESCO_v1.2_2024,0.17998141050338745,Moderate_Growth,0.7,0.2519739747047424
collaborate with team,10,0.662,MCK02,Advanced Communication & Collaboration,Moderate_Growth,0.4,0.44911322,0.44911322,0.37970936,0.3485781,0.06940386,WEF07,MCK03,McKinsey_FutureOfWork_2025,0.17964528799057009,Stable,0.4,0.17964528799057009
work collaboratively with a diverse team,1,0.66,MCK02,Advanced Communication & Collaboration,Moderate_Growth,0.4,0.44903228,0.44903228,0.31291363,0.2575475,0.13611865,MCK03,WEF07,McKinsey_FutureOfWork_2025,0.17961291074752808,Stable,0.4,0.17961291074752808
"deploy, test, or troubleshoot autonomous systems in operational environments",1,0.622,ONET05,Quality Assurance & Testing,Moderate_Growth,0.55,0.3256725,0.3256725,0.31619483,0.31427038,0.009477675,DEC03,WEF07,ONET_BrightOutlook_2024,0.1791198790073395,Moderate_Growth,0.7,0.22797075510025022
facilitate Agile ceremonies,1,0.598,MCK02,Advanced Communication & Collaboration,Moderate_Growth,0.4,0.4474482,0.4474482,0.40666354,0.29088497,0.040784657,ESCO01,MCK03,McKinsey_FutureOfWork_2025,0.1789792776107788,Stable,0.4,0.1789792776107788
collaborate with teams,1,0.664,MCK02,Advanced Communication & Collaboration,Moderate_Growth,0.4,0.4463065,0.4463065,0.38894975,0.36606246,0.057356745,MCK03,WEF07,McKinsey_FutureOfWork_2025,0.17852259874343873,Stable,0.4,0.17852259874343873
participate in continuous improvement initiatives,1,0.645,MCK03,Leadership & People Development,Moderate_Growth,0.55,0.3234189,0.3234189,0.2685479,0.26565343,0.054870993,MCK02,MCK05,McKinsey_FutureOfWork_2025,0.17788038700819017,Moderate_Growth,0.7,0.22639321982860564
test application code,1,0.7,ONET05,Quality Assurance & Testing,Moderate_Growth,0.55,0.32270342,0.32270342,0.23693894,0.17907298,0.08576448,DEC03,ONET03,ONET_BrightOutlook_2024,0.1774868816137314,Moderate_Growth,0.7,0.22589239478111264
design instrumentation and electrical facilities,1,0.711,ONET03,UX/UI & Digital Design,Moderate_Growth,0.55,0.32245085,0.32245085,0.22364768,0.2013922,0.09880316,ESCO02,DEC02,ONET_BrightOutlook_2024,0.17734796553850177,Moderate_Growth,0.7,0.22571559250354764
demonstrate understanding of manufacturing services processes,1,0.629,MCK01,Process Automation & RPA,Moderate_Growth,0.5,0.3542543,0.3542543,0.321056,0.2414979,0.033198297,ESCO02,ONET03,McKinsey_FutureOfWork_2025,0.1771271526813507,Moderate_Growth,0.7,0.24797801375389097
apply expert insights to customer problems,1,0.699,ESCO02,Business Analysis & Requirements Engineering,Moderate_Growth,0.5,0.35389403,0.35389403,0.2729289,0.23369817,0.08096513,MCK04,DEC03,ESCO_v1.2_2024,0.17694701254367828,Moderate_Growth,0.7,0.24772581756114959
focus on advanced modelling,1,0.616,ESCO02,Business Analysis & Requirements Engineering,Moderate_Growth,0.5,0.35349783,0.35349783,0.3362283,0.3187195,0.017269522,MCK02,ONET03,ESCO_v1.2_2024,0.17674891650676727,Moderate_Growth,0.7,0.24744848310947418
support course administration,1,0.712,MCK03,Leadership & People Development,Moderate_Growth,0.55,0.32091865,0.32091865,0.2909659,0.23761651,0.029952735,ONET02,MCK02,McKinsey_FutureOfWork_2025,0.17650525718927385,Moderate_Growth,0.7,0.22464305460453032
collaborate effectively across all levels,1,0.611,MCK02,Advanced Communication & Collaboration,Moderate_Growth,0.4,0.4410435,0.4410435,0.3548358,0.28076386,0.08620769,WEF07,MCK03,McKinsey_FutureOfWork_2025,0.1764173984527588,Stable,0.4,0.1764173984527588
build solutions for Technical Data Quality (TDQ),1,0.699,ONET05,Quality Assurance & Testing,Moderate_Growth,0.55,0.32014644,0.32014644,0.27354234,0.23964885,0.046604097,DEC03,MCK02,ONET_BrightOutlook_2024,0.17608054280281069,Moderate_Growth,0.7,0.22410250902175902
drive a rigorous interview process,1,0.59,ESCO02,Business Analysis & Requirements Engineering,Moderate_Growth,0.5,0.35198462,0.35198462,0.20065373,0.1999658,0.15133089,MCK04,DEC01,ESCO_v1.2_2024,0.17599231004714966,Moderate_Growth,0.7,0.24638923406600952
"ensure projects are delivered safely, efficiently, and in line with commercial objectives",1,0.701,ESCO01,Project Management & Agile Methodologies,Moderate_Growth,0.55,0.3187685,0.3187685,0.29654932,0.24860957,0.022219181,MCK02,DEC03,ESCO_v1.2_2024,0.17532267570495608,Moderate_Growth,0.7,0.22313795089721677
guide a team of developers,1,0.654,MCK02,Advanced Communication & Collaboration,Moderate_Growth,0.4,0.43808115,0.43808115,0.36932993,0.36928102,0.068751216,MCK03,DEC03,McKinsey_FutureOfWork_2025,0.17523245811462404,Stable,0.4,0.17523245811462404
support Product Engineering teams,1,0.667,MCK02,Advanced Communication & Collaboration,Moderate_Growth,0.4,0.43804112,0.43804112,0.4217343,0.34057802,0.016306818,ESCO02,ONET03,McKinsey_FutureOfWork_2025,0.17521644830703736,Stable,0.4,0.17521644830703736
"work with architects, engineers, owners, and stakeholders",1,0.611,MCK02,Advanced Communication & Collaboration,Moderate_Growth,0.4,0.43750072,0.43750072,0.40102166,0.33171347,0.036479056,ESCO02,ONET03,McKinsey_FutureOfWork_2025,0.17500028610229493,Stable,0.4,0.17500028610229493
influence high-level strategies,1,0.648,MCK03,Leadership & People Development,Moderate_Growth,0.55,0.31810886,0.31810886,0.28637627,0.21378145,0.03173259,MCK02,MCK05,McKinsey_FutureOfWork_2025,0.17495987117290498,Moderate_Growth,0.7,0.2226761996746063
work at the intersection of advanced robotics and live field operations,1,0.588,MCK01,Process Automation & RPA,Moderate_Growth,0.5,0.34963274,0.34963274,0.30907792,0.28878316,0.04055482,MCK02,WEF07,McKinsey_FutureOfWork_2025,0.17481637001037598,Moderate_Growth,0.7,0.24474291801452636
maintain Business Intelligence solutions,1,0.683,ONET02,Database & Systems Administration,Moderate_Growth,0.5,0.34909725,0.34909725,0.32903415,0.30764854,0.020063102,DEC03,ESCO02,ONET_BrightOutlook_2024,0.17454862594604492,Moderate_Growth,0.7,0.24436807632446286
explain strategic goals to other engineers,1,0.606,ESCO02,Business Analysis & Requirements Engineering,Moderate_Growth,0.5,0.34871852,0.34871852,0.34174109,0.28748527,0.006977439,MCK02,MCK04,ESCO_v1.2_2024,0.1743592619895935,Moderate_Growth,0.7,0.2441029667854309
work in a professional environment with diverse stakeholders,1,0.608,MCK02,Advanced Communication & Collaboration,Moderate_Growth,0.4,0.4357782,0.4357782,0.30258423,0.27722466,0.13319397,MCK05,MCK03,McKinsey_FutureOfWork_2025,0.17431128025054932,Stable,0.4,0.17431128025054932
develop new business opportunities,1,0.64,ESCO02,Business Analysis & Requirements Engineering,Moderate_Growth,0.5,0.34830302,0.34830302,0.24257949,0.23788632,0.10572353,WEF05,MCK05,ESCO_v1.2_2024,0.17415151000022888,Moderate_Growth,0.7,0.2438121140003204
develop dashboards for operations troubleshooting,1,0.712,ESCO02,Business Analysis & Requirements Engineering,Moderate_Growth,0.5,0.34805566,0.34805566,0.34557664,0.32303023,0.0024790168,DEC03,ONET02,ESCO_v1.2_2024,0.17402783036231995,Moderate_Growth,0.7,0.2436389625072479
maintain internal management platform,1,0.615,ONET02,Database & Systems Administration,Moderate_Growth,0.5,0.34800556,0.34800556,0.23841941,0.23023514,0.10958615,DEC02,WEF04,ONET_BrightOutlook_2024,0.1740027815103531,Moderate_Growth,0.7,0.24360389411449432
collaborate with internal teams,1,0.665,MCK02,Advanced Communication & Collaboration,Moderate_Growth,0.4,0.43491012,0.43491012,0.3631965,0.36056173,0.07171363,WEF07,MCK03,McKinsey_FutureOfWork_2025,0.17396404743194582,Stable,0.4,0.17396404743194582
work closely with stakeholders,2,0.6225,MCK02,Advanced Communication & Collaboration,Moderate_Growth,0.4,0.43471855,0.43471855,0.24797213,0.2376487,0.18674642,ESCO01,ESCO02,McKinsey_FutureOfWork_2025,0.17388741970062258,Stable,0.4,0.17388741970062258
work with solution architects,1,0.608,ESCO02,Business Analysis & Requirements Engineering,Moderate_Growth,0.5,0.3477469,0.3477469,0.3285523,0.3222312,0.019194603,MCK04,MCK02,ESCO_v1.2_2024,0.17387345433235168,Moderate_Growth,0.7,0.24342283606529233
deliver technologies and solutions,1,0.623,MCK02,Advanced Communication & Collaboration,Moderate_Growth,0.4,0.43450275,0.43450275,0.32329208,0.30044377,0.111210674,WEF05,WEF08,McKinsey_FutureOfWork_2025,0.17380110025405884,Stable,0.4,0.17380110025405884
work closely with data teams,1,0.656,MCK02,Advanced Communication & Collaboration,Moderate_Growth,0.4,0.43404394,0.43404394,0.3789154,0.34873778,0.055128545,WEF02,ONET02,McKinsey_FutureOfWork_2025,0.17361757755279542,Stable,0.4,0.17361757755279542
lead research,1,0.633,MCK03,Leadership & People Development,Moderate_Growth,0.55,0.31561565,0.31561565,0.27039745,0.26081014,0.0452182,MCK02,WEF07,McKinsey_FutureOfWork_2025,0.17358860969543458,Moderate_Growth,0.7,0.22093095779418945
navigate complex design obstacles,1,0.705,ONET03,UX/UI & Digital Design,Moderate_Growth,0.55,0.31550398,0.31550398,0.28590164,0.2795152,0.029602349,ESCO02,MCK04,ONET_BrightOutlook_2024,0.1735271915793419,Moderate_Growth,0.7,0.22085278928279875
turn complex infrastructure requirements into simple interfaces,1,0.625,ONET03,UX/UI & Digital Design,Moderate_Growth,0.55,0.31549472,0.31549472,0.31263217,0.29835904,0.0028625429,DEC02,WEF04,ONET_BrightOutlook_2024,0.1735220938920975,Moderate_Growth,0.7,0.22084630131721494
solve business problems,1,0.61,ESCO02,Business Analysis & Requirements Engineering,Moderate_Growth,0.5,0.3467176,0.3467176,0.34298578,0.25552115,0.003731817,MCK04,WEF05,ESCO_v1.2_2024,0.17335879802703857,Moderate_Growth,0.7,0.242702317237854
manage large CAD databases,1,0.605,ONET02,Database & Systems Administration,Moderate_Growth,0.5,0.3457781,0.3457781,0.27432066,0.24886265,0.071457446,WEF02,DEC01,ONET_BrightOutlook_2024,0.17288905382156372,Moderate_Growth,0.7,0.2420446753501892
work across disciplines,1,0.61,MCK02,Advanced Communication & Collaboration,Moderate_Growth,0.4,0.43176815,0.43176815,0.34664378,0.31777012,0.08512437,ESCO02,MCK03,McKinsey_FutureOfWork_2025,0.17270725965499878,Stable,0.4,0.17270725965499878
design mechanisms,1,0.707,ONET03,UX/UI & Digital Design,Moderate_Growth,0.55,0.31307805,0.31307805,0.26301453,0.21540932,0.05006352,DEC02,MCK02,ONET_BrightOutlook_2024,0.17219292521476748,Moderate_Growth,0.7,0.2191546320915222
support business planning process,1,0.596,ESCO02,Business Analysis & Requirements Engineering,Moderate_Growth,0.5,0.34432432,0.34432432,0.22205889,0.20331484,0.12226543,ESCO01,MCK02,ESCO_v1.2_2024,0.17216216027736664,Moderate_Growth,0.7,0.24102702438831328
manage modern endpoint management solutions,1,0.677,ONET02,Database & Systems Administration,Moderate_Growth,0.5,0.344306,0.344306,0.3193846,0.30390048,0.024921387,MCK02,ESCO01,ONET_BrightOutlook_2024,0.17215299606323242,Moderate_Growth,0.7,0.24101419448852537
drive success of developer experience program,1,0.636,ESCO02,Business Analysis & Requirements Engineering,Moderate_Growth,0.5,0.34425884,0.34425884,0.29475605,0.28335962,0.04950279,ONET01,DEC03,ESCO_v1.2_2024,0.17212942242622375,Moderate_Growth,0.7,0.24098119139671323
explain mobile-specific constraints to designers,1,0.616,ONET03,UX/UI & Digital Design,Moderate_Growth,0.55,0.3128336,0.3128336,0.2486021,0.20686223,0.0642315,ESCO02,DEC02,ONET_BrightOutlook_2024,0.17205848395824433,Moderate_Growth,0.7,0.2189835250377655
build data stores,1,0.694,ONET02,Database & Systems Administration,Moderate_Growth,0.5,0.3435374,0.3435374,0.29732198,0.26169813,0.046215415,WEF02,DEC01,ONET_BrightOutlook_2024,0.1717686951160431,Moderate_Growth,0.7,0.2404761731624603
work with fellow engineers,1,0.605,ONET03,UX/UI & Digital Design,Moderate_Growth,0.55,0.3112473,0.3112473,0.29640424,0.26614934,0.014843047,MCK02,ESCO02,ONET_BrightOutlook_2024,0.1711860090494156,Moderate_Growth,0.7,0.2178731024265289
perform technical work,1,0.702,MCK02,Advanced Communication & Collaboration,Moderate_Growth,0.4,0.42765307,0.42765307,0.30781612,0.30334944,0.119836956,DEC03,DEC01,McKinsey_FutureOfWork_2025,0.17106122970581056,Stable,0.4,0.17106122970581056
provision and manage data resources,1,0.641,ONET02,Database & Systems Administration,Moderate_Growth,0.5,0.3413486,0.3413486,0.32533038,0.27561072,0.016018212,WEF04,DEC01,ONET_BrightOutlook_2024,0.17067429423332214,Moderate_Growth,0.7,0.238944011926651
present directly to senior leadership,1,0.636,MCK03,Leadership & People Development,Moderate_Growth,0.55,0.3100091,0.3100091,0.22032553,0.1340737,0.08968356,MCK02,ESCO01,McKinsey_FutureOfWork_2025,0.17050500065088273,Moderate_Growth,0.7,0.21700636446475982
collaborate closely with designers and strategists,1,0.611,MCK02,Advanced Communication & Collaboration,Moderate_Growth,0.4,0.42595422,0.42595422,0.312692,0.27843076,0.113262236,WEF07,ONET03,McKinsey_FutureOfWork_2025,0.1703816890716553,Stable,0.4,0.1703816890716553
maintain activity tracking databases,1,0.679,ONET02,Database & Systems Administration,Moderate_Growth,0.5,0.34055048,0.34055048,0.26345235,0.2461595,0.07709813,DEC03,DEC01,ONET_BrightOutlook_2024,0.1702752411365509,Moderate_Growth,0.7,0.23838533759117125
collaborate with product teams,1,0.664,MCK02,Advanced Communication & Collaboration,Moderate_Growth,0.4,0.42555088,0.42555088,0.3425308,0.26903707,0.08302009,WEF07,MCK03,McKinsey_FutureOfWork_2025,0.17022035121917725,Stable,0.4,0.17022035121917725
design audio systems,1,0.699,ONET03,UX/UI & Digital Design,Moderate_Growth,0.55,0.3086417,0.3086417,0.25497243,0.17738673,0.053669274,DEC02,ONET06,ONET_BrightOutlook_2024,0.169752936065197,Moderate_Growth,0.7,0.21604919135570524
develop hardware systems,1,0.704,ONET03,UX/UI & Digital Design,Moderate_Growth,0.55,0.30845183,0.30845183,0.2880382,0.28353825,0.020413637,ESCO02,DEC02,ONET_BrightOutlook_2024,0.1696485072374344,Moderate_Growth,0.7,0.21591628193855283
develop data models,1,0.697,ESCO02,Business Analysis & Requirements Engineering,Moderate_Growth,0.5,0.33902103,0.33902103,0.3177682,0.30614132,0.02125284,DEC01,WEF02,ESCO_v1.2_2024,0.16951051354408264,Moderate_Growth,0.7,0.2373147189617157
participate in building software,1,0.621,MCK02,Advanced Communication & Collaboration,Moderate_Growth,0.4,0.4233591,0.4233591,0.36065146,0.3509135,0.06270763,ONET01,ONET03,McKinsey_FutureOfWork_2025,0.169343638420105,Stable,0.4,0.169343638420105
assist with planning office-wide processes,1,0.571,MCK01,Process Automation & RPA,Moderate_Growth,0.5,0.338377,0.338377,0.3178637,0.27687973,0.020513296,MCK02,DEC01,McKinsey_FutureOfWork_2025,0.1691884994506836,Moderate_Growth,0.7,0.23686389923095702
contribute to wider objectives,1,0.609,MCK03,Leadership & People Development,Moderate_Growth,0.55,0.30748665,0.30748665,0.29999822,0.26955068,0.0074884295,MCK02,ESCO01,McKinsey_FutureOfWork_2025,0.16911765933036804,Moderate_Growth,0.7,0.21524065732955933
create personalized experiences,1,0.715,ONET03,UX/UI & Digital Design,Moderate_Growth,0.55,0.30725837,0.30725837,0.25222352,0.24278912,0.055034846,ESCO02,ONET04,ONET_BrightOutlook_2024,0.16899210214614868,Moderate_Growth,0.7,0.2150808572769165
collaborate with diverse teams,1,0.664,MCK02,Advanced Communication & Collaboration,Moderate_Growth,0.4,0.4223146,0.4223146,0.3609773,0.30073547,0.061337322,MCK03,WEF07,McKinsey_FutureOfWork_2025,0.16892584562301638,Stable,0.4,0.16892584562301638
communicate corrective actions to leadership,1,0.641,MCK03,Leadership & People Development,Moderate_Growth,0.55,0.30646473,0.30646473,0.28371686,0.18984254,0.022747874,MCK02,WEF07,McKinsey_FutureOfWork_2025,0.1685556024312973,Moderate_Growth,0.7,0.21452531218528748
script PowerShell for automation,1,0.675,MCK01,Process Automation & RPA,Moderate_Growth,0.5,0.33654827,0.33654827,0.1900244,0.18326585,0.14652386,WEF07,DEC03,McKinsey_FutureOfWork_2025,0.1682741343975067,Moderate_Growth,0.7,0.23558378815650938
translate complex behavioral data into clear stories,1,0.672,ESCO02,Business Analysis & Requirements Engineering,Moderate_Growth,0.5,0.33556682,0.33556682,0.30931306,0.2843207,0.02625376,DEC03,MCK02,ESCO_v1.2_2024,0.16778340935707092,Moderate_Growth,0.7,0.2348967730998993
"support the tooling, pipelines, frameworks, and other technologies",1,0.705,MCK02,Advanced Communication & Collaboration,Moderate_Growth,0.4,0.4188676,0.4188676,0.41652802,0.3996386,0.0023395717,WEF04,DEC03,McKinsey_FutureOfWork_2025,0.16754703521728517,Stable,0.4,0.16754703521728517
liaise with clinic team members,1,0.658,MCK03,Leadership & People Development,Moderate_Growth,0.55,0.30463037,0.30463037,0.29235512,0.17476976,0.012275249,MCK02,WEF07,McKinsey_FutureOfWork_2025,0.16754670292139054,Moderate_Growth,0.7,0.21324125826358795
provide technical mentorship,1,0.616,MCK02,Advanced Communication & Collaboration,Moderate_Growth,0.4,0.41886598,0.41886598,0.26811266,0.26093647,0.15075332,MCK03,WEF08,McKinsey_FutureOfWork_2025,0.16754639148712158,Stable,0.4,0.16754639148712158
provide hands-on expertise,1,0.597,MCK02,Advanced Communication & Collaboration,Moderate_Growth,0.4,0.41830704,0.41830704,0.32924262,0.2661866,0.08906442,WEF07,ESCO02,McKinsey_FutureOfWork_2025,0.1673228144645691,Stable,0.4,0.1673228144645691
collaborate with team and offer feedback,1,0.66,MCK02,Advanced Communication & Collaboration,Moderate_Growth,0.4,0.41779387,0.41779387,0.26017094,0.25015312,0.15762293,WEF07,MCK03,McKinsey_FutureOfWork_2025,0.1671175479888916,Stable,0.4,0.1671175479888916
build systems for B2B businesses,1,0.697,ESCO02,Business Analysis & Requirements Engineering,Moderate_Growth,0.5,0.3338702,0.3338702,0.27978387,0.26755714,0.054086328,WEF05,ONET02,ESCO_v1.2_2024,0.16693510115146637,Moderate_Growth,0.7,0.2337091416120529
work with partners to gather requirements,1,0.606,MCK02,Advanced Communication & Collaboration,Moderate_Growth,0.4,0.4173132,0.4173132,0.40832162,0.23484528,0.008991569,ESCO02,MCK03,McKinsey_FutureOfWork_2025,0.16692527532577517,Stable,0.4,0.16692527532577517
drive business decisions,1,0.611,ESCO02,Business Analysis & Requirements Engineering,Moderate_Growth,0.5,0.33330202,0.33330202,0.20154953,0.19195375,0.13175249,MCK04,ONET02,ESCO_v1.2_2024,0.16665101051330566,Moderate_Growth,0.7,0.2333114147186279
understand tools involved in frontend development,1,0.622,MCK02,Advanced Communication & Collaboration,Moderate_Growth,0.4,0.4162323,0.4162323,0.41565594,0.38751692,0.0005763471,DEC02,DEC03,McKinsey_FutureOfWork_2025,0.16649291515350342,Stable,0.4,0.16649291515350342
translate business use cases into scalable platform services,1,0.672,ESCO02,Business Analysis & Requirements Engineering,Moderate_Growth,0.5,0.33239508,0.33239508,0.32992688,0.30939427,0.0024681985,WEF05,ONET02,ESCO_v1.2_2024,0.1661975383758545,Moderate_Growth,0.7,0.23267655372619628
work with high-volume data environments,1,0.569,ONET02,Database & Systems Administration,Moderate_Growth,0.5,0.3322083,0.3322083,0.31603575,0.27627504,0.016172558,WEF02,WEF04,ONET_BrightOutlook_2024,0.16610415279865265,Moderate_Growth,0.7,0.2325458139181137
provide technical leadership,3,0.6106666666666666,MCK02,Advanced Communication & Collaboration,Moderate_Growth,0.4,0.4151697,0.4151697,0.34240597,0.25427967,0.07276371,MCK03,ESCO01,McKinsey_FutureOfWork_2025,0.1660678744316101,Stable,0.4,0.1660678744316101
build QA platform,1,0.665,ONET05,Quality Assurance & Testing,Moderate_Growth,0.55,0.3018492,0.3018492,0.23528937,0.21670718,0.06655982,DEC02,ONET03,ONET_BrightOutlook_2024,0.16601705253124238,Moderate_Growth,0.7,0.21129443049430846
manage stakeholder communication,1,0.706,MCK02,Advanced Communication & Collaboration,Moderate_Growth,0.4,0.41491848,0.41491848,0.28586334,0.20715477,0.12905514,ESCO01,ONET06,McKinsey_FutureOfWork_2025,0.16596739292144777,Stable,0.4,0.16596739292144777
develop and operate across regions,1,0.67,MCK02,Advanced Communication & Collaboration,Moderate_Growth,0.4,0.41328925,0.41328925,0.29333282,0.27772582,0.119956434,WEF04,ESCO02,McKinsey_FutureOfWork_2025,0.16531569957733155,Stable,0.4,0.16531569957733155
seek feedback from senior team members,1,0.659,MCK03,Leadership & People Development,Moderate_Growth,0.55,0.3004992,0.3004992,0.26347247,0.16923597,0.037026733,MCK02,DEC03,McKinsey_FutureOfWork_2025,0.16527456045150757,Moderate_Growth,0.7,0.210349440574646
"deliver developments that meet commercial, technical, and design excellence",1,0.705,MCK02,Advanced Communication & Collaboration,Moderate_Growth,0.4,0.4131676,0.4131676,0.33795968,0.32014608,0.07520792,ONET03,DEC02,McKinsey_FutureOfWork_2025,0.16526703834533693,Stable,0.4,0.16526703834533693
administer program procedures,1,0.682,ONET02,Database & Systems Administration,Moderate_Growth,0.5,0.33043435,0.33043435,0.30878618,0.27488834,0.021648169,DEC03,DEC01,ONET_BrightOutlook_2024,0.16521717607975006,Moderate_Growth,0.7,0.23130404651165007
build enterprise data capability,1,0.675,ESCO02,Business Analysis & Requirements Engineering,Moderate_Growth,0.5,0.32998943,0.32998943,0.3225252,0.31074226,0.00746423,WEF02,MCK02,ESCO_v1.2_2024,0.1649947166442871,Moderate_Growth,0.7,0.23099260330200194
partner closely with Engineering and Information Security peers,1,0.61,MCK02,Advanced Communication & Collaboration,Moderate_Growth,0.4,0.41199696,0.41199696,0.356313,0.30577064,0.05568397,WEF03,ESCO02,McKinsey_FutureOfWork_2025,0.16479878425598146,Stable,0.4,0.16479878425598146
work closely with product teams,1,0.658,MCK02,Advanced Communication & Collaboration,Moderate_Growth,0.4,0.41175717,0.41175717,0.329082,0.26711926,0.08267516,MCK03,ESCO02,McKinsey_FutureOfWork_2025,0.1647028684616089,Stable,0.4,0.1647028684616089
deliver advanced full life cycle professional and technical solutions,1,0.593,MCK02,Advanced Communication & Collaboration,Moderate_Growth,0.4,0.41166353,0.41166353,0.37050104,0.3113277,0.04116249,DEC03,ESCO02,McKinsey_FutureOfWork_2025,0.16466541290283204,Stable,0.4,0.16466541290283204
implement critical data architecture solutions,1,0.641,ONET02,Database & Systems Administration,Moderate_Growth,0.5,0.3289947,0.3289947,0.30836695,0.25371015,0.020627737,MCK04,DEC03,ONET_BrightOutlook_2024,0.16449734568595886,Moderate_Growth,0.7,0.23029628396034238
create technical documentation,1,0.713,MCK02,Advanced Communication & Collaboration,Moderate_Growth,0.4,0.41078603,0.41078603,0.3314014,0.2940197,0.079384625,ESCO02,DEC01,McKinsey_FutureOfWork_2025,0.16431441307067873,Stable,0.4,0.16431441307067873
meet production requirements,1,0.575,ESCO02,Business Analysis & Requirements Engineering,Moderate_Growth,0.5,0.3278897,0.3278897,0.31306642,0.23180775,0.014823288,MCK02,DEC02,ESCO_v1.2_2024,0.16394485533237457,Moderate_Growth,0.7,0.2295227974653244
work on features that span multi-functional teams,1,0.661,MCK02,Advanced Communication & Collaboration,Moderate_Growth,0.4,0.4091293,0.4091293,0.3299639,0.31204203,0.0791654,MCK03,WEF07,McKinsey_FutureOfWork_2025,0.16365171670913697,Stable,0.4,0.16365171670913697
work on a team aiming to improve user experience,1,0.654,MCK02,Advanced Communication & Collaboration,Moderate_Growth,0.4,0.40817565,0.40817565,0.3759559,0.2863104,0.032219738,MCK03,ONET03,McKinsey_FutureOfWork_2025,0.16327025890350344,Stable,0.4,0.16327025890350344
work with engineering teams,1,0.661,MCK02,Advanced Communication & Collaboration,Moderate_Growth,0.4,0.407338,0.407338,0.37638837,0.36937472,0.030949622,MCK03,ESCO02,McKinsey_FutureOfWork_2025,0.16293519735336304,Stable,0.4,0.16293519735336304
empower non-technical teams,1,0.67,MCK02,Advanced Communication & Collaboration,Moderate_Growth,0.4,0.40704858,0.40704858,0.27926594,0.22843069,0.12778264,MCK03,WEF07,McKinsey_FutureOfWork_2025,0.1628194332122803,Stable,0.4,0.1628194332122803
scale a modern data platform,1,0.561,ONET02,Database & Systems Administration,Moderate_Growth,0.5,0.3253188,0.3253188,0.30083537,0.28152096,0.024483442,WEF04,WEF02,ONET_BrightOutlook_2024,0.1626594066619873,Moderate_Growth,0.7,0.22772316932678222
weave together various technologies,1,0.624,MCK02,Advanced Communication & Collaboration,Moderate_Growth,0.4,0.40625966,0.40625966,0.35026515,0.313434,0.05599451,ONET03,DEC02,McKinsey_FutureOfWork_2025,0.16250386238098147,Stable,0.4,0.16250386238098147
collaborate cross-functionally,1,0.649,MCK02,Advanced Communication & Collaboration,Moderate_Growth,0.4,0.40624648,0.40624648,0.34556693,0.16484103,0.060679555,WEF07,ONET06,McKinsey_FutureOfWork_2025,0.1624985933303833,Stable,0.4,0.1624985933303833
business partner with teams,1,0.661,MCK02,Advanced Communication & Collaboration,Moderate_Growth,0.4,0.40559438,0.40559438,0.33414808,0.2615698,0.0714463,MCK03,ESCO02,McKinsey_FutureOfWork_2025,0.16223775148391725,Stable,0.4,0.16223775148391725
identify new business opportunities,1,0.641,ESCO02,Business Analysis & Requirements Engineering,Moderate_Growth,0.5,0.3241303,0.3241303,0.26439252,0.22869161,0.05973777,WEF05,MCK02,ESCO_v1.2_2024,0.16206514835357666,Moderate_Growth,0.7,0.2268912076950073
package applications for Intune,1,0.594,ONET02,Database & Systems Administration,Moderate_Growth,0.5,0.32360184,0.32360184,0.27969003,0.16795872,0.043911815,DEC03,ONET03,ONET_BrightOutlook_2024,0.16180092096328735,Moderate_Growth,0.7,0.22652128934860227
work with developers,2,0.606,MCK02,Advanced Communication & Collaboration,Moderate_Growth,0.4,0.40435547,0.40435547,0.37294844,0.3663304,0.03140703,ONET01,DEC03,McKinsey_FutureOfWork_2025,0.1617421865463257,Stable,0.4,0.1617421865463257
assess candidates on specific deal mechanics,1,0.701,ESCO02,Business Analysis & Requirements Engineering,Moderate_Growth,0.5,0.3217407,0.3217407,0.26676047,0.22204995,0.05498022,MCK02,MCK03,ESCO_v1.2_2024,0.16087034344673157,Moderate_Growth,0.7,0.22521848082542417
work with product teams,1,0.657,MCK02,Advanced Communication & Collaboration,Moderate_Growth,0.4,0.4014848,0.4014848,0.33820313,0.28881457,0.063281655,MCK03,ESCO02,McKinsey_FutureOfWork_2025,0.16059391498565675,Stable,0.4,0.16059391498565675
communicate clearly and effectively with team members,1,0.664,MCK02,Advanced Communication & Collaboration,Moderate_Growth,0.4,0.40117115,0.40117115,0.2973677,0.23415792,0.103803456,MCK03,WEF07,McKinsey_FutureOfWork_2025,0.1604684591293335,Stable,0.4,0.1604684591293335
coordinate with internal teams and external stakeholders,1,0.666,MCK02,Advanced Communication & Collaboration,Moderate_Growth,0.4,0.3987351,0.3987351,0.32702637,0.24681255,0.07170874,MCK03,ESCO01,McKinsey_FutureOfWork_2025,0.1594940423965454,Stable,0.4,0.1594940423965454
execute business strategy,1,0.612,ESCO02,Business Analysis & Requirements Engineering,Moderate_Growth,0.5,0.3189201,0.3189201,0.22945166,0.17928573,0.08946845,ESCO01,MCK03,ESCO_v1.2_2024,0.15946005284786224,Moderate_Growth,0.7,0.22324407398700713
provide technical direction,1,0.598,MCK02,Advanced Communication & Collaboration,Moderate_Growth,0.4,0.39823645,0.39823645,0.2850027,0.24423778,0.113233745,ESCO02,WEF07,McKinsey_FutureOfWork_2025,0.15929458141326905,Stable,0.4,0.15929458141326905
analyze systems,2,0.703,ONET02,Database & Systems Administration,Moderate_Growth,0.5,0.3181516,0.3181516,0.31775504,0.2731328,0.0003965497,ESCO02,ONET06,ONET_BrightOutlook_2024,0.1590757966041565,Moderate_Growth,0.7,0.22270611524581907
integrate hardware systems,1,0.707,ONET02,Database & Systems Administration,Moderate_Growth,0.5,0.31802619,0.31802619,0.25254983,0.22899324,0.06547636,ONET03,WEF05,ONET_BrightOutlook_2024,0.15901309251785278,Moderate_Growth,0.7,0.22261832952499389
work closely with other developers,1,0.606,MCK02,Advanced Communication & Collaboration,Moderate_Growth,0.4,0.3970457,0.3970457,0.35168606,0.28170186,0.04535964,DEC03,ONET01,McKinsey_FutureOfWork_2025,0.1588182806968689,Stable,0.4,0.1588182806968689
support administrative functions,1,0.716,ONET02,Database & Systems Administration,Moderate_Growth,0.5,0.31736434,0.31736434,0.31110975,0.2536583,0.0062545836,DEC03,MCK02,ONET_BrightOutlook_2024,0.15868216753005981,Moderate_Growth,0.7,0.2221550345420837
program CNC machines,1,0.67,MCK01,Process Automation & RPA,Moderate_Growth,0.5,0.31725597,0.31725597,0.28399718,0.277654,0.033258796,WEF07,WEF01,McKinsey_FutureOfWork_2025,0.15862798690795898,Moderate_Growth,0.7,0.22207918167114257
support enterprise property management systems,1,0.65,ONET02,Database & Systems Administration,Moderate_Growth,0.5,0.31670612,0.31670612,0.28230858,0.24561659,0.034397542,MCK02,WEF04,ONET_BrightOutlook_2024,0.1583530604839325,Moderate_Growth,0.7,0.2216942846775055
work closely with architecture teams,1,0.679,MCK02,Advanced Communication & Collaboration,Moderate_Growth,0.4,0.39568454,0.39568454,0.34486037,0.29384297,0.050824165,MCK03,WEF07,McKinsey_FutureOfWork_2025,0.1582738161087036,Stable,0.4,0.1582738161087036
organize work and processes,1,0.633,ONET02,Database & Systems Administration,Moderate_Growth,0.5,0.3164152,0.3164152,0.26578903,0.26142767,0.05062616,MCK02,MCK01,ONET_BrightOutlook_2024,0.15820759534835815,Moderate_Growth,0.7,0.2214906334877014
interact with other teams,1,0.659,MCK02,Advanced Communication & Collaboration,Moderate_Growth,0.4,0.39510852,0.39510852,0.3084587,0.25760224,0.086649835,MCK03,WEF07,McKinsey_FutureOfWork_2025,0.15804340839385989,Stable,0.4,0.15804340839385989
guide engineers,1,0.61,MCK02,Advanced Communication & Collaboration,Moderate_Growth,0.4,0.39489758,0.39489758,0.36213177,0.33558035,0.032765806,ESCO02,ONET03,McKinsey_FutureOfWork_2025,0.15795903205871584,Stable,0.4,0.15795903205871584
build career in technical management,1,0.607,MCK02,Advanced Communication & Collaboration,Moderate_Growth,0.4,0.3947806,0.3947806,0.38897502,0.34286582,0.005805582,ESCO02,ESCO01,McKinsey_FutureOfWork_2025,0.15791224241256716,Stable,0.4,0.15791224241256716
collaborate with product managers and engineers,1,0.61,MCK02,Advanced Communication & Collaboration,Moderate_Growth,0.4,0.39384383,0.39384383,0.3141068,0.28601363,0.07973704,WEF07,ESCO02,McKinsey_FutureOfWork_2025,0.15753753185272218,Stable,0.4,0.15753753185272218
participate in inter-agency workgroups,1,0.616,MCK02,Advanced Communication & Collaboration,Moderate_Growth,0.4,0.3935609,0.3935609,0.32036012,0.23381183,0.07320076,MCK03,WEF07,McKinsey_FutureOfWork_2025,0.15742435455322268,Stable,0.4,0.15742435455322268
execute design and production effort,1,0.671,ESCO02,Business Analysis & Requirements Engineering,Moderate_Growth,0.5,0.31442076,0.31442076,0.28804827,0.28745097,0.026372492,MCK02,ONET03,ESCO_v1.2_2024,0.15721037983894348,Moderate_Growth,0.7,0.22009453177452085
support government customers in engineering design,1,0.705,ESCO02,Business Analysis & Requirements Engineering,Moderate_Growth,0.5,0.31427944,0.31427944,0.27840114,0.2742724,0.0358783,ONET03,MCK02,ESCO_v1.2_2024,0.15713971853256226,Moderate_Growth,0.7,0.21999560594558715
construct platform and sub-systems,1,0.706,ONET06,Blockchain & Distributed Systems,Moderate_Growth,0.5,0.3135323,0.3135323,0.30512667,0.28102815,0.008405626,WEF05,WEF04,ONET_BrightOutlook_2024,0.1567661464214325,Moderate_Growth,0.7,0.21947260499000548
lead project meetings,1,0.607,MCK02,Advanced Communication & Collaboration,Moderate_Growth,0.4,0.39117566,0.39117566,0.38036606,0.33469284,0.0108096,ESCO01,MCK03,McKinsey_FutureOfWork_2025,0.156470263004303,Stable,0.4,0.156470263004303
support strategic initiatives,1,0.682,MCK02,Advanced Communication & Collaboration,Moderate_Growth,0.4,0.3910114,0.3910114,0.3337427,0.32667953,0.05726868,MCK03,ESCO01,McKinsey_FutureOfWork_2025,0.1564045548439026,Stable,0.4,0.1564045548439026
build solutions for Data Retention and Destruction,1,0.7,ONET02,Database & Systems Administration,Moderate_Growth,0.5,0.31275266,0.31275266,0.28654343,0.25255254,0.026209235,DEC03,DEC01,ONET_BrightOutlook_2024,0.15637633204460144,Moderate_Growth,0.7,0.218926864862442
analyze frameworks,1,0.71,ESCO02,Business Analysis & Requirements Engineering,Moderate_Growth,0.5,0.3124106,0.3124106,0.31043783,0.29181582,0.0019727647,ONET02,DEC02,ESCO_v1.2_2024,0.15620529651641846,Moderate_Growth,0.7,0.21868741512298584
collaborate deeply with data partners,1,0.636,MCK02,Advanced Communication & Collaboration,Moderate_Growth,0.4,0.3903457,0.3903457,0.33040425,0.28586686,0.05994144,WEF07,WEF02,McKinsey_FutureOfWork_2025,0.156138277053833,Stable,0.4,0.156138277053833
propose data architecture approaches,1,0.644,ONET02,Database & Systems Administration,Moderate_Growth,0.5,0.31163,0.31163,0.30729735,0.25164875,0.0043326616,WEF02,DEC01,ONET_BrightOutlook_2024,0.1558150053024292,Moderate_Growth,0.7,0.21814100742340087
lead implementation of integration projects,1,0.623,MCK02,Advanced Communication & Collaboration,Moderate_Growth,0.4,0.38889033,0.38889033,0.32403615,0.30881378,0.064854175,ESCO01,WEF07,McKinsey_FutureOfWork_2025,0.15555613040924074,Stable,0.4,0.15555613040924074
strive to advance technology,1,0.607,MCK02,Advanced Communication & Collaboration,Moderate_Growth,0.4,0.3880227,0.3880227,0.34074467,0.28750646,0.047278017,WEF08,DEC02,McKinsey_FutureOfWork_2025,0.15520907640457154,Stable,0.4,0.15520907640457154
collaborate with engineering team on scaling,1,0.663,MCK02,Advanced Communication & Collaboration,Moderate_Growth,0.4,0.38761818,0.38761818,0.2742856,0.26024637,0.11333257,WEF04,WEF07,McKinsey_FutureOfWork_2025,0.15504727363586426,Stable,0.4,0.15504727363586426
perform system analysis,1,0.703,ESCO02,Business Analysis & Requirements Engineering,Moderate_Growth,0.5,0.3092149,0.3092149,0.25557232,0.24708745,0.05364257,ONET06,ONET02,ESCO_v1.2_2024,0.15460744500160217,Moderate_Growth,0.7,0.21645042300224304
implement data collection,1,0.706,ONET02,Database & Systems Administration,Moderate_Growth,0.5,0.3091153,0.3091153,0.3056719,0.2134535,0.0034433901,DEC01,WEF02,ONET_BrightOutlook_2024,0.15455764532089233,Moderate_Growth,0.7,0.21638070344924926
provide detailed analysis,1,0.623,ESCO02,Business Analysis & Requirements Engineering,Moderate_Growth,0.5,0.30831766,0.30831766,0.2264047,0.20637682,0.081912965,DEC01,MCK02,ESCO_v1.2_2024,0.1541588306427002,Moderate_Growth,0.7,0.21582236289978027
complete projects with a team-first approach,1,0.663,MCK02,Advanced Communication & Collaboration,Moderate_Growth,0.4,0.38499534,0.38499534,0.31481284,0.29406732,0.0701825,ESCO01,WEF07,McKinsey_FutureOfWork_2025,0.15399813652038574,Stable,0.4,0.15399813652038574
participate in user story development,1,0.619,MCK02,Advanced Communication & Collaboration,Moderate_Growth,0.4,0.3842728,0.3842728,0.3634224,0.310046,0.02085042,ONET03,ESCO02,McKinsey_FutureOfWork_2025,0.15370912551879884,Stable,0.4,0.15370912551879884
solve complex customer challenges,1,0.611,ESCO02,Business Analysis & Requirements Engineering,Moderate_Growth,0.5,0.3072605,0.3072605,0.29347003,0.27354205,0.013790488,ESCO01,MCK04,ESCO_v1.2_2024,0.15363025665283203,Moderate_Growth,0.7,0.21508235931396483
build tools to enable developers,1,0.697,MCK02,Advanced Communication & Collaboration,Moderate_Growth,0.4,0.38406914,0.38406914,0.3669595,0.3569653,0.017109632,DEC03,DEC02,McKinsey_FutureOfWork_2025,0.15362765789031985,Stable,0.4,0.15362765789031985
organize tasks and processes,1,0.607,ONET02,Database & Systems Administration,Moderate_Growth,0.5,0.30690306,0.30690306,0.24700937,0.24184579,0.059893698,MCK01,ESCO01,ONET_BrightOutlook_2024,0.15345153212547302,Moderate_Growth,0.7,0.21483214497566222
engage with stakeholders,1,0.611,MCK02,Advanced Communication & Collaboration,Moderate_Growth,0.4,0.38341844,0.38341844,0.23959932,0.21017814,0.14381912,ESCO01,ESCO02,McKinsey_FutureOfWork_2025,0.15336737632751465,Stable,0.4,0.15336737632751465
plan environments,1,0.648,ESCO02,Business Analysis & Requirements Engineering,Moderate_Growth,0.5,0.3066015,0.3066015,0.3030189,0.2915432,0.0035825968,ESCO01,MCK04,ESCO_v1.2_2024,0.15330074727535248,Moderate_Growth,0.7,0.21462104618549346
provide expert full-stack support to software engineering teams,1,0.665,MCK02,Advanced Communication & Collaboration,Moderate_Growth,0.4,0.38307852,0.38307852,0.31388253,0.3138565,0.069195986,WEF07,ONET01,McKinsey_FutureOfWork_2025,0.15323140621185305,Stable,0.4,0.15323140621185305
develop Java applications,1,0.677,ESCO02,Business Analysis & Requirements Engineering,Moderate_Growth,0.5,0.30628854,0.30628854,0.3017645,0.29439002,0.004524052,DEC02,ONET01,ESCO_v1.2_2024,0.15314427018165588,Moderate_Growth,0.7,0.21440197825431823
enhance performance of data solutions,1,0.701,ONET02,Database & Systems Administration,Moderate_Growth,0.5,0.30616963,0.30616963,0.2944495,0.27296287,0.011720121,WEF02,DEC03,ONET_BrightOutlook_2024,0.15308481454849243,Moderate_Growth,0.7,0.2143187403678894
collaborate with UX researchers,1,0.637,MCK02,Advanced Communication & Collaboration,Moderate_Growth,0.4,0.38208836,0.38208836,0.34721214,0.33262828,0.034876227,WEF07,ONET03,McKinsey_FutureOfWork_2025,0.15283534526824952,Stable,0.4,0.15283534526824952
apply core skills across deployment platforms,1,0.716,MCK02,Advanced Communication & Collaboration,Moderate_Growth,0.4,0.3809955,0.3809955,0.31158346,0.3113308,0.06941205,WEF04,ONET01,McKinsey_FutureOfWork_2025,0.1523982048034668,Stable,0.4,0.1523982048034668
ensure cohesive delivery across the team,1,0.66,MCK02,Advanced Communication & Collaboration,Moderate_Growth,0.4,0.38071227,0.38071227,0.25495228,0.21114475,0.12575999,MCK03,DEC03,McKinsey_FutureOfWork_2025,0.15228490829467775,Stable,0.4,0.15228490829467775
adhere to industry standards,1,0.591,ESCO02,Business Analysis & Requirements Engineering,Moderate_Growth,0.5,0.30453354,0.30453354,0.2707371,0.2503006,0.03379643,MCK02,WEF05,ESCO_v1.2_2024,0.15226677060127258,Moderate_Growth,0.7,0.21317347884178162
focus on applied research,1,0.614,ESCO02,Business Analysis & Requirements Engineering,Moderate_Growth,0.5,0.30423272,0.30423272,0.28217393,0.24693789,0.022058785,MCK02,ONET03,ESCO_v1.2_2024,0.15211635828018188,Moderate_Growth,0.7,0.21296290159225462
translate insights into practical recommendations,1,0.628,ESCO02,Business Analysis & Requirements Engineering,Moderate_Growth,0.5,0.30387497,0.30387497,0.2826159,0.2815961,0.02125907,MCK02,DEC03,ESCO_v1.2_2024,0.15193748474121094,Moderate_Growth,0.7,0.2127124786376953
deliver complex initiatives,1,0.573,MCK02,Advanced Communication & Collaboration,Moderate_Growth,0.4,0.37951562,0.37951562,0.29344368,0.28899917,0.08607194,MCK03,ESCO01,McKinsey_FutureOfWork_2025,0.1518062472343445,Stable,0.4,0.1518062472343445
maintain interfaces between clinical and enterprise systems,1,0.676,ONET02,Database & Systems Administration,Moderate_Growth,0.5,0.30356342,0.30356342,0.29088184,0.2765007,0.012681574,MCK02,DEC01,ONET_BrightOutlook_2024,0.15178170800209045,Moderate_Growth,0.7,0.21249439120292662
codify deep database expertise,1,0.611,ONET02,Database & Systems Administration,Moderate_Growth,0.5,0.30336162,0.30336162,0.2665378,0.25936943,0.03682384,WEF01,DEC03,ONET_BrightOutlook_2024,0.1516808122396469,Moderate_Growth,0.7,0.21235313713550566
build technology products,1,0.706,MCK02,Advanced Communication & Collaboration,Moderate_Growth,0.4,0.37913013,0.37913013,0.3470827,0.32990628,0.03204742,ONET03,ESCO02,McKinsey_FutureOfWork_2025,0.15165205001831056,Stable,0.4,0.15165205001831056
implement monitoring,1,0.604,ONET02,Database & Systems Administration,Moderate_Growth,0.5,0.30329812,0.30329812,0.22169513,0.20905888,0.08160299,DEC03,WEF02,ONET_BrightOutlook_2024,0.15164905786514282,Moderate_Growth,0.7,0.21230868101119993
engage stakeholders,1,0.645,MCK02,Advanced Communication & Collaboration,Moderate_Growth,0.4,0.3788563,0.3788563,0.24551095,0.20311813,0.13334535,ESCO01,ESCO02,McKinsey_FutureOfWork_2025,0.1515425205230713,Stable,0.4,0.1515425205230713
work closely with business stakeholders,1,0.637,MCK02,Advanced Communication & Collaboration,Moderate_Growth,0.4,0.37861884,0.37861884,0.31350514,0.21653235,0.06511369,ESCO02,ESCO01,McKinsey_FutureOfWork_2025,0.15144753456115723,Stable,0.4,0.15144753456115723
build event-driven data platforms,1,0.676,ONET02,Database & Systems Administration,Moderate_Growth,0.5,0.30255467,0.30255467,0.2776276,0.27471584,0.02492708,DEC02,WEF02,ONET_BrightOutlook_2024,0.1512773334980011,Moderate_Growth,0.7,0.21178826689720154
serve as subject matter expert,1,0.603,ESCO02,Business Analysis & Requirements Engineering,Moderate_Growth,0.5,0.3024744,0.3024744,0.26869094,0.26475942,0.033783466,MCK02,MCK04,ESCO_v1.2_2024,0.15123720467090607,Moderate_Growth,0.7,0.21173208653926848
transition to business-as-usual operations,1,0.648,ESCO02,Business Analysis & Requirements Engineering,Moderate_Growth,0.5,0.30217922,0.30217922,0.29051253,0.26287076,0.011666685,DEC01,DEC03,ESCO_v1.2_2024,0.151089608669281,Moderate_Growth,0.7,0.2115254521369934
"oversee progression of multiple developments from acquisition through planning, design development, and construction",1,0.613,MCK02,Advanced Communication & Collaboration,Moderate_Growth,0.4,0.37761313,0.37761313,0.35050124,0.3227901,0.027111888,ESCO01,ESCO02,McKinsey_FutureOfWork_2025,0.15104525089263918,Stable,0.4,0.15104525089263918
work closely with software engineers,1,0.607,MCK02,Advanced Communication & Collaboration,Moderate_Growth,0.4,0.37686595,0.37686595,0.35863534,0.34526056,0.018230617,ESCO02,ONET01,McKinsey_FutureOfWork_2025,0.1507463812828064,Stable,0.4,0.1507463812828064
facilitate communication,1,0.706,MCK02,Advanced Communication & Collaboration,Moderate_Growth,0.4,0.37676334,0.37676334,0.21283776,0.1654819,0.16392559,WEF07,MCK03,McKinsey_FutureOfWork_2025,0.15070533752441406,Stable,0.4,0.15070533752441406
manage stakeholders,1,0.617,MCK02,Advanced Communication & Collaboration,Moderate_Growth,0.4,0.3763485,0.3763485,0.3620758,0.25014582,0.01427269,ESCO01,MCK03,McKinsey_FutureOfWork_2025,0.15053939819335938,Stable,0.4,0.15053939819335938
lead solution-architecture initiatives,1,0.632,MCK02,Advanced Communication & Collaboration,Moderate_Growth,0.4,0.37576234,0.37576234,0.37137687,0.31361598,0.0043854713,WEF07,MCK03,McKinsey_FutureOfWork_2025,0.15030493736267092,Stable,0.4,0.15030493736267092
build experiences,1,0.707,MCK02,Advanced Communication & Collaboration,Moderate_Growth,0.4,0.3757053,0.3757053,0.37343645,0.36827916,0.0022688508,ONET03,DEC02,McKinsey_FutureOfWork_2025,0.15028212070465088,Stable,0.4,0.15028212070465088
design and lead projects,1,0.695,MCK02,Advanced Communication & Collaboration,Moderate_Growth,0.4,0.37449387,0.37449387,0.33804566,0.31710657,0.03644821,ESCO01,MCK03,McKinsey_FutureOfWork_2025,0.14979754686355592,Stable,0.4,0.14979754686355592
deliver complex projects,1,0.57,MCK02,Advanced Communication & Collaboration,Moderate_Growth,0.4,0.3734427,0.3734427,0.37077865,0.28172168,0.0026640594,ESCO01,DEC03,McKinsey_FutureOfWork_2025,0.14937708377838135,Stable,0.4,0.14937708377838135
partner with the Lead Information Architect,1,0.607,MCK02,Advanced Communication & Collaboration,Moderate_Growth,0.4,0.37191808,0.37191808,0.34203798,0.29377788,0.029880106,WEF07,ESCO02,McKinsey_FutureOfWork_2025,0.14876723289489746,Stable,0.4,0.14876723289489746
advise on technology support,1,0.607,MCK02,Advanced Communication & Collaboration,Moderate_Growth,0.4,0.37019974,0.37019974,0.32081166,0.2833863,0.04938808,DEC02,DEC03,McKinsey_FutureOfWork_2025,0.14807989597320556,Stable,0.4,0.14807989597320556
communicate ideas,2,0.627,MCK02,Advanced Communication & Collaboration,Moderate_Growth,0.4,0.3690083,0.3690083,0.283226,0.20050573,0.08578229,WEF07,MCK04,McKinsey_FutureOfWork_2025,0.14760332107543947,Stable,0.4,0.14760332107543947
advance careers,1,0.61,MCK02,Advanced Communication & Collaboration,Moderate_Growth,0.4,0.36665022,0.36665022,0.29299867,0.2651463,0.07365155,ESCO02,MCK03,McKinsey_FutureOfWork_2025,0.14666008949279785,Stable,0.4,0.14666008949279785
support research activities,1,0.679,MCK02,Advanced Communication & Collaboration,Moderate_Growth,0.4,0.3649611,0.3649611,0.30441037,0.27326015,0.06055072,MCK03,ONET02,McKinsey_FutureOfWork_2025,0.14598443508148193,Stable,0.4,0.14598443508148193
deliver technology products,1,0.625,MCK02,Advanced Communication & Collaboration,Moderate_Growth,0.4,0.36494833,0.36494833,0.32782573,0.2591863,0.037122607,WEF05,ONET03,McKinsey_FutureOfWork_2025,0.14597933292388918,Stable,0.4,0.14597933292388918
mentor junior developers,1,0.611,MCK02,Advanced Communication & Collaboration,Moderate_Growth,0.4,0.36473966,0.36473966,0.34693098,0.29706237,0.017808676,MCK03,DEC03,McKinsey_FutureOfWork_2025,0.1458958625793457,Stable,0.4,0.1458958625793457
gain hands-on industrial experience,1,0.572,MCK02,Advanced Communication & Collaboration,Moderate_Growth,0.4,0.3643609,0.3643609,0.33648062,0.32924268,0.027880281,ONET03,ESCO02,McKinsey_FutureOfWork_2025,0.14574435949325562,Stable,0.4,0.14574435949325562
deliver complex development programmes,1,0.627,MCK02,Advanced Communication & Collaboration,Moderate_Growth,0.4,0.36432695,0.36432695,0.3578402,0.34961444,0.0064867437,ESCO01,MCK03,McKinsey_FutureOfWork_2025,0.1457307815551758,Stable,0.4,0.1457307815551758
lead the join experience,1,0.63,MCK02,Advanced Communication & Collaboration,Moderate_Growth,0.4,0.36291218,0.36291218,0.34887612,0.286475,0.014036059,MCK03,ESCO02,McKinsey_FutureOfWork_2025,0.1451648712158203,Stable,0.4,0.1451648712158203
work closely with other technologists,1,0.608,MCK02,Advanced Communication & Collaboration,Moderate_Growth,0.4,0.3623712,0.3623712,0.2916385,0.2378524,0.07073271,WEF08,ESCO02,McKinsey_FutureOfWork_2025,0.14494848251342773,Stable,0.4,0.14494848251342773
combine portfolio with partner technologies,1,0.623,MCK02,Advanced Communication & Collaboration,Moderate_Growth,0.4,0.3622089,0.3622089,0.23026544,0.20123887,0.13194346,WEF05,WEF06,McKinsey_FutureOfWork_2025,0.1448835611343384,Stable,0.4,0.1448835611343384
provide technical support,1,0.706,MCK02,Advanced Communication & Collaboration,Moderate_Growth,0.4,0.3601743,0.3601743,0.3232352,0.25624928,0.036939085,DEC03,DEC02,McKinsey_FutureOfWork_2025,0.1440697193145752,Stable,0.4,0.1440697193145752
collaborate in a fast-moving environment,1,0.61,MCK02,Advanced Communication & Collaboration,Moderate_Growth,0.4,0.35888728,0.35888728,0.31758204,0.18504688,0.041305244,WEF07,WEF04,McKinsey_FutureOfWork_2025,0.14355491399765016,Stable,0.4,0.14355491399765016
lead design efforts,1,0.604,MCK02,Advanced Communication & Collaboration,Moderate_Growth,0.4,0.3572039,0.3572039,0.30248752,0.28904763,0.05471638,ONET03,MCK03,McKinsey_FutureOfWork_2025,0.14288156032562258,Stable,0.4,0.14288156032562258
develop interfaces between clinical and enterprise systems,1,0.676,MCK02,Advanced Communication & Collaboration,Moderate_Growth,0.4,0.35672146,0.35672146,0.3393169,0.32467073,0.017404556,ONET03,ONET02,McKinsey_FutureOfWork_2025,0.14268858432769777,Stable,0.4,0.14268858432769777
partner with engineers,2,0.622,MCK02,Advanced Communication & Collaboration,Moderate_Growth,0.4,0.35659322,0.35659322,0.2858187,0.26896286,0.070774525,ESCO02,WEF07,McKinsey_FutureOfWork_2025,0.14263728857040406,Stable,0.4,0.14263728857040406
work cross functionally,1,0.61,MCK02,Advanced Communication & Collaboration,Moderate_Growth,0.4,0.356579,0.356579,0.26649213,0.21280193,0.09008688,MCK05,DEC01,McKinsey_FutureOfWork_2025,0.1426316022872925,Stable,0.4,0.1426316022872925
"develop internal tooling, modules, and libraries",1,0.704,MCK02,Advanced Communication & Collaboration,Moderate_Growth,0.4,0.35531884,0.35531884,0.33768344,0.33764005,0.017635405,DEC03,ONET03,McKinsey_FutureOfWork_2025,0.14212753772735595,Stable,0.4,0.14212753772735595
work across a diverse modern stack,1,0.601,MCK02,Advanced Communication & Collaboration,Moderate_Growth,0.4,0.35506445,0.35506445,0.29953843,0.26456028,0.05552602,DEC02,MCK05,McKinsey_FutureOfWork_2025,0.14202578067779542,Stable,0.4,0.14202578067779542
embed expertise into product development,1,0.621,MCK02,Advanced Communication & Collaboration,Moderate_Growth,0.4,0.35400373,0.35400373,0.34400135,0.27763268,0.010002375,ESCO02,WEF07,McKinsey_FutureOfWork_2025,0.1416014909744263,Stable,0.4,0.1416014909744263
strengthen engineering delivery practices,1,0.63,MCK02,Advanced Communication & Collaboration,Moderate_Growth,0.4,0.35378706,0.35378706,0.3167001,0.3112082,0.037086964,DEC03,ESCO02,McKinsey_FutureOfWork_2025,0.14151482582092287,Stable,0.4,0.14151482582092287
assist with creation of local inform/awareness materials,1,0.569,MCK02,Advanced Communication & Collaboration,Moderate_Growth,0.4,0.35245842,0.35245842,0.25196427,0.21049108,0.10049415,ONET03,WEF07,McKinsey_FutureOfWork_2025,0.14098336696624755,Stable,0.4,0.14098336696624755
lead product engineering efforts,1,0.61,MCK02,Advanced Communication & Collaboration,Moderate_Growth,0.4,0.35226905,0.35226905,0.34972352,0.28448653,0.0025455356,ESCO02,WEF07,McKinsey_FutureOfWork_2025,0.140907621383667,Stable,0.4,0.140907621383667
thrive in fast-paced collaborative environment,1,0.615,MCK02,Advanced Communication & Collaboration,Moderate_Growth,0.4,0.35220313,0.35220313,0.31424558,0.29432988,0.03795755,MCK05,WEF07,McKinsey_FutureOfWork_2025,0.14088125228881837,Stable,0.4,0.14088125228881837
align stakeholders,1,0.643,MCK02,Advanced Communication & Collaboration,Moderate_Growth,0.4,0.3518479,0.3518479,0.23416933,0.19372699,0.11767855,ESCO01,MCK04,McKinsey_FutureOfWork_2025,0.14073915481567384,Stable,0.4,0.14073915481567384
bridge business and technology,1,0.609,MCK02,Advanced Communication & Collaboration,Moderate_Growth,0.4,0.3509279,0.3509279,0.27323306,0.26767513,0.07769483,WEF06,WEF05,McKinsey_FutureOfWork_2025,0.14037115573883058,Stable,0.4,0.14037115573883058
contribute specialist expertise,1,0.631,MCK02,Advanced Communication & Collaboration,Moderate_Growth,0.4,0.34939,0.34939,0.2249875,0.21784592,0.12440249,DEC03,MCK05,McKinsey_FutureOfWork_2025,0.13975600004196168,Stable,0.4,0.13975600004196168
work and live in operational areas,1,0.601,MCK02,Advanced Communication & Collaboration,Moderate_Growth,0.4,0.3488232,0.3488232,0.32625973,0.28037068,0.022563457,MCK05,DEC01,McKinsey_FutureOfWork_2025,0.13952927589416506,Stable,0.4,0.13952927589416506
hire skilled professionals,1,0.572,MCK02,Advanced Communication & Collaboration,Moderate_Growth,0.4,0.34749728,0.34749728,0.28645474,0.28614056,0.061042547,WEF08,DEC01,McKinsey_FutureOfWork_2025,0.13899891376495363,Stable,0.4,0.13899891376495363
support strategic decision-making,1,0.686,MCK02,Advanced Communication & Collaboration,Moderate_Growth,0.4,0.34491846,0.34491846,0.26838684,0.2644725,0.07653162,ESCO02,ESCO01,McKinsey_FutureOfWork_2025,0.13796738386154175,Stable,0.4,0.13796738386154175
drive successful delivery of a portfolio of developments,1,0.607,MCK02,Advanced Communication & Collaboration,Moderate_Growth,0.4,0.34486657,0.34486657,0.28265274,0.27265215,0.062213838,DEC02,ESCO02,McKinsey_FutureOfWork_2025,0.13794662952423095,Stable,0.4,0.13794662952423095
direct projects,1,0.569,MCK02,Advanced Communication & Collaboration,Moderate_Growth,0.4,0.3446464,0.3446464,0.30396667,0.29219145,0.040679723,ESCO01,ONET04,McKinsey_FutureOfWork_2025,0.13785855770111086,Stable,0.4,0.13785855770111086
experience energy projects,1,0.572,MCK02,Advanced Communication & Collaboration,Moderate_Growth,0.4,0.34455913,0.34455913,0.32128853,0.29714918,0.023270607,WEF06,ESCO02,McKinsey_FutureOfWork_2025,0.13782365322113038,Stable,0.4,0.13782365322113038
lead design and delivery of integration architectures,1,0.702,MCK02,Advanced Communication & Collaboration,Moderate_Growth,0.4,0.34194615,0.34194615,0.32366872,0.2693179,0.018277436,ONET03,ONET02,McKinsey_FutureOfWork_2025,0.136778461933136,Stable,0.4,0.136778461933136
communicate clearly and effectively with management,1,0.612,MCK02,Advanced Communication & Collaboration,Moderate_Growth,0.4,0.3408689,0.3408689,0.24695867,0.24271718,0.09391022,ESCO01,MCK03,McKinsey_FutureOfWork_2025,0.13634755611419677,Stable,0.4,0.13634755611419677
enhance logistics and integrated value,1,0.702,MCK02,Advanced Communication & Collaboration,Moderate_Growth,0.4,0.33897886,0.33897886,0.25144994,0.21383967,0.087528914,MCK05,ESCO02,McKinsey_FutureOfWork_2025,0.13559154272079468,Stable,0.4,0.13559154272079468
serve as liaison for building management,1,0.633,MCK02,Advanced Communication & Collaboration,Moderate_Growth,0.4,0.33870852,0.33870852,0.3104631,0.28361943,0.02824542,MCK03,ESCO01,McKinsey_FutureOfWork_2025,0.13548340797424316,Stable,0.4,0.13548340797424316
work across multiple programming languages,1,0.623,MCK02,Advanced Communication & Collaboration,Moderate_Growth,0.4,0.33778757,0.33778757,0.2689811,0.24666493,0.06880647,DEC03,WEF05,McKinsey_FutureOfWork_2025,0.13511502742767334,Stable,0.4,0.13511502742767334
design enterprise-grade networks,1,0.716,MCK02,Advanced Communication & Collaboration,Moderate_Growth,0.4,0.33656085,0.33656085,0.31427068,0.3045535,0.02229017,ONET03,DEC02,McKinsey_FutureOfWork_2025,0.13462433815002442,Stable,0.4,0.13462433815002442
participate in C-suite discussions,1,0.64,MCK02,Advanced Communication & Collaboration,Moderate_Growth,0.4,0.33601382,0.33601382,0.27583325,0.2411483,0.060180575,ONET03,ESCO02,McKinsey_FutureOfWork_2025,0.13440552949905396,Stable,0.4,0.13440552949905396
produce technical drawings,1,0.707,MCK02,Advanced Communication & Collaboration,Moderate_Growth,0.4,0.33518767,0.33518767,0.33418936,0.2617241,0.0009983182,ONET03,ESCO02,McKinsey_FutureOfWork_2025,0.13407506942749023,Stable,0.4,0.13407506942749023
develop knowledge and experience,1,0.61,MCK02,Advanced Communication & Collaboration,Moderate_Growth,0.4,0.33478808,0.33478808,0.33126804,0.29871017,0.0035200417,MCK05,ESCO02,McKinsey_FutureOfWork_2025,0.13391523361206056,Stable,0.4,0.13391523361206056
design corporate production network,1,0.707,MCK02,Advanced Communication & Collaboration,Moderate_Growth,0.4,0.33453384,0.33453384,0.26400492,0.2572585,0.070528924,ESCO02,DEC02,McKinsey_FutureOfWork_2025,0.13381353616714478,Stable,0.4,0.13381353616714478
drive high-impact projects,1,0.613,MCK02,Advanced Communication & Collaboration,Moderate_Growth,0.4,0.33426327,0.33426327,0.29276577,0.2642106,0.0414975,ESCO01,ESCO02,McKinsey_FutureOfWork_2025,0.13370530605316164,Stable,0.4,0.13370530605316164
liaise with research staff,1,0.632,MCK02,Advanced Communication & Collaboration,Moderate_Growth,0.4,0.33398864,0.33398864,0.27846718,0.21704665,0.05552146,MCK03,ONET02,McKinsey_FutureOfWork_2025,0.1335954546928406,Stable,0.4,0.1335954546928406
partner with communications committee,1,0.699,MCK02,Advanced Communication & Collaboration,Moderate_Growth,0.4,0.333897,0.333897,0.17406476,0.14728113,0.15983224,WEF07,MCK03,McKinsey_FutureOfWork_2025,0.13355879783630373,Stable,0.4,0.13355879783630373
enable enterprise adoption of technologies,1,0.623,MCK02,Advanced Communication & Collaboration,Moderate_Growth,0.4,0.33367413,0.33367413,0.28744775,0.2703464,0.046226382,WEF08,WEF06,McKinsey_FutureOfWork_2025,0.13346965312957765,Stable,0.4,0.13346965312957765
manage cross-functional delivery,1,0.649,MCK02,Advanced Communication & Collaboration,Moderate_Growth,0.4,0.33274412,0.33274412,0.2281725,0.2085526,0.104571626,DEC03,MCK05,McKinsey_FutureOfWork_2025,0.13309764862060547,Stable,0.4,0.13309764862060547
collaborate with Product Owners,1,0.61,MCK02,Advanced Communication & Collaboration,Moderate_Growth,0.4,0.33210093,0.33210093,0.27921042,0.14544956,0.05289051,WEF07,DEC03,McKinsey_FutureOfWork_2025,0.13284037113189698,Stable,0.4,0.13284037113189698
"oversee management of architects, consultants, and professional partners",1,0.614,MCK02,Advanced Communication & Collaboration,Moderate_Growth,0.4,0.3319924,0.3319924,0.31311876,0.31157845,0.018873632,MCK03,ESCO01,McKinsey_FutureOfWork_2025,0.1327969551086426,Stable,0.4,0.1327969551086426
contribute to the growth and success of a consulting practice,1,0.603,MCK02,Advanced Communication & Collaboration,Moderate_Growth,0.4,0.32982123,0.32982123,0.26675183,0.23468883,0.0630694,MCK03,ESCO02,McKinsey_FutureOfWork_2025,0.13192849159240724,Stable,0.4,0.13192849159240724
work closely with engineers,1,0.606,MCK02,Advanced Communication & Collaboration,Moderate_Growth,0.4,0.32938832,0.32938832,0.29935366,0.24522291,0.030034661,ESCO02,ONET03,McKinsey_FutureOfWork_2025,0.13175532817840577,Stable,0.4,0.13175532817840577
turn research-grade ideas into production-ready solutions,1,0.627,MCK02,Advanced Communication & Collaboration,Moderate_Growth,0.4,0.32836843,0.32836843,0.2875169,0.26625627,0.040851533,MCK04,DEC03,McKinsey_FutureOfWork_2025,0.1313473701477051,Stable,0.4,0.1313473701477051
organize design and production effort,1,0.636,MCK02,Advanced Communication & Collaboration,Moderate_Growth,0.4,0.32760072,0.32760072,0.30391508,0.277081,0.023685634,ONET03,ESCO02,McKinsey_FutureOfWork_2025,0.13104028701782228,Stable,0.4,0.13104028701782228
create value for developers,1,0.633,MCK02,Advanced Communication & Collaboration,Moderate_Growth,0.4,0.32724062,0.32724062,0.32185876,0.3087964,0.0053818524,DEC03,MCK05,McKinsey_FutureOfWork_2025,0.13089624643325806,Stable,0.4,0.13089624643325806
"balance commercial performance, thoughtful design, and community impact",1,0.624,MCK02,Advanced Communication & Collaboration,Moderate_Growth,0.4,0.32628083,0.32628083,0.25865984,0.24572027,0.06762099,MCK05,DEC02,McKinsey_FutureOfWork_2025,0.13051233291625977,Stable,0.4,0.13051233291625977
attract skilled professionals,1,0.645,MCK02,Advanced Communication & Collaboration,Moderate_Growth,0.4,0.3250701,0.3250701,0.30672386,0.24847254,0.01834625,WEF08,MCK03,McKinsey_FutureOfWork_2025,0.13002804517745972,Stable,0.4,0.13002804517745972
communicate effectively,6,0.635,MCK02,Advanced Communication & Collaboration,Moderate_Growth,0.4,0.32501438,0.32501438,0.18980779,0.13576265,0.1352066,WEF07,WEF08,McKinsey_FutureOfWork_2025,0.13000575304031373,Stable,0.4,0.13000575304031373
conduct technical peer reviews,1,0.619,MCK02,Advanced Communication & Collaboration,Moderate_Growth,0.4,0.32453513,0.32453513,0.21313226,0.21046343,0.11140287,ONET03,ESCO02,McKinsey_FutureOfWork_2025,0.1298140525817871,Stable,0.4,0.1298140525817871
liaise with Business Development team,1,0.663,MCK02,Advanced Communication & Collaboration,Moderate_Growth,0.4,0.324505,0.324505,0.32216722,0.3029423,0.0023377836,MCK03,ESCO01,McKinsey_FutureOfWork_2025,0.12980200052261354,Stable,0.4,0.12980200052261354
influence technical direction,1,0.617,MCK02,Advanced Communication & Collaboration,Moderate_Growth,0.4,0.3245039,0.3245039,0.22344477,0.19322723,0.101059124,ESCO02,WEF08,McKinsey_FutureOfWork_2025,0.1298015594482422,Stable,0.4,0.1298015594482422
assist with office coordination,1,0.593,MCK02,Advanced Communication & Collaboration,Moderate_Growth,0.4,0.32432806,0.32432806,0.2727576,0.21013896,0.051570475,WEF07,DEC01,McKinsey_FutureOfWork_2025,0.12973122596740724,Stable,0.4,0.12973122596740724
work with partners,1,0.603,MCK02,Advanced Communication & Collaboration,Moderate_Growth,0.4,0.32211,0.32211,0.20363587,0.16509253,0.118474126,MCK03,WEF07,McKinsey_FutureOfWork_2025,0.1288439989089966,Stable,0.4,0.1288439989089966
demonstrate clear written and oral communications,1,0.694,MCK02,Advanced Communication & Collaboration,Moderate_Growth,0.4,0.32197922,0.32197922,0.20506006,0.19584486,0.11691916,DEC01,WEF08,McKinsey_FutureOfWork_2025,0.1287916898727417,Stable,0.4,0.1287916898727417
develop integration solutions,1,0.712,MCK02,Advanced Communication & Collaboration,Moderate_Growth,0.4,0.32133248,0.32133248,0.28570628,0.27192563,0.035626203,ONET02,ESCO02,McKinsey_FutureOfWork_2025,0.12853299379348757,Stable,0.4,0.12853299379348757
demonstrate the product to stakeholders,1,0.61,MCK02,Advanced Communication & Collaboration,Moderate_Growth,0.4,0.31895608,0.31895608,0.21800262,0.16518049,0.10095346,ESCO02,ESCO01,McKinsey_FutureOfWork_2025,0.12758243083953857,Stable,0.4,0.12758243083953857
provide technical support to customers,1,0.702,MCK02,Advanced Communication & Collaboration,Moderate_Growth,0.4,0.31877023,0.31877023,0.312239,0.21283874,0.0065312386,DEC03,DEC02,McKinsey_FutureOfWork_2025,0.12750809192657472,Stable,0.4,0.12750809192657472
work closely with senior engineers,1,0.606,MCK02,Advanced Communication & Collaboration,Moderate_Growth,0.4,0.31586376,0.31586376,0.24833152,0.20331329,0.06753224,MCK03,ESCO02,McKinsey_FutureOfWork_2025,0.12634550333023073,Stable,0.4,0.12634550333023073
assist with deployments,1,0.62,MCK02,Advanced Communication & Collaboration,Moderate_Growth,0.4,0.31567234,0.31567234,0.31302622,0.29044062,0.0026461184,DEC03,WEF04,McKinsey_FutureOfWork_2025,0.12626893520355226,Stable,0.4,0.12626893520355226
implement corporate production network,1,0.627,MCK02,Advanced Communication & Collaboration,Moderate_Growth,0.4,0.3155363,0.3155363,0.25683922,0.24418125,0.058697075,WEF04,ESCO01,McKinsey_FutureOfWork_2025,0.12621451616287233,Stable,0.4,0.12621451616287233
help advisors transform operations,1,0.612,MCK02,Advanced Communication & Collaboration,Moderate_Growth,0.4,0.31422752,0.31422752,0.26541865,0.2632046,0.048808873,WEF07,MCK03,McKinsey_FutureOfWork_2025,0.12569100856781007,Stable,0.4,0.12569100856781007
"contribute to the development of RFCs, standards, and frameworks",1,0.617,MCK02,Advanced Communication & Collaboration,Moderate_Growth,0.4,0.31325537,0.31325537,0.29879946,0.2943219,0.0144559145,ONET03,ESCO02,McKinsey_FutureOfWork_2025,0.12530214786529542,Stable,0.4,0.12530214786529542
create documentation,2,0.6990000000000001,MCK02,Advanced Communication & Collaboration,Moderate_Growth,0.4,0.3128953,0.3128953,0.23838761,0.23002738,0.07450768,ESCO02,DEC01,McKinsey_FutureOfWork_2025,0.12515811920166017,Stable,0.4,0.12515811920166017
provide strategic direction,1,0.615,MCK02,Advanced Communication & Collaboration,Moderate_Growth,0.4,0.31216693,0.31216693,0.27771932,0.22971751,0.03444761,MCK03,ESCO01,McKinsey_FutureOfWork_2025,0.12486677169799805,Stable,0.4,0.12486677169799805
troubleshoot interfaces between clinical and enterprise systems,1,0.679,MCK02,Advanced Communication & Collaboration,Moderate_Growth,0.4,0.31215495,0.31215495,0.30870146,0.28966033,0.0034534931,ONET02,ONET03,McKinsey_FutureOfWork_2025,0.12486197948455811,Stable,0.4,0.12486197948455811
lead product development,1,0.622,MCK02,Advanced Communication & Collaboration,Moderate_Growth,0.4,0.31138444,0.31138444,0.25189298,0.25163308,0.059491456,ESCO02,MCK03,McKinsey_FutureOfWork_2025,0.12455377578735352,Stable,0.4,0.12455377578735352
interact with vendors,1,0.607,MCK02,Advanced Communication & Collaboration,Moderate_Growth,0.4,0.31136334,0.31136334,0.30628955,0.25642273,0.005073786,WEF05,ONET06,McKinsey_FutureOfWork_2025,0.12454533576965332,Stable,0.4,0.12454533576965332
build and maintain effective working relationships,1,0.667,MCK02,Advanced Communication & Collaboration,Moderate_Growth,0.4,0.3108827,0.3108827,0.2846984,0.2722476,0.02618429,MCK05,MCK03,McKinsey_FutureOfWork_2025,0.12435307502746583,Stable,0.4,0.12435307502746583
lead project work streams,1,0.631,MCK02,Advanced Communication & Collaboration,Moderate_Growth,0.4,0.30950302,0.30950302,0.30373234,0.2816892,0.0057706833,ESCO01,MCK03,McKinsey_FutureOfWork_2025,0.12380120754241944,Stable,0.4,0.12380120754241944
contribute innovative solutions,1,0.603,MCK02,Advanced Communication & Collaboration,Moderate_Growth,0.4,0.30935693,0.30935693,0.24869898,0.24816956,0.06065795,MCK05,DEC03,McKinsey_FutureOfWork_2025,0.12374277114868165,Stable,0.4,0.12374277114868165
create operational documentation,1,0.686,MCK02,Advanced Communication & Collaboration,Moderate_Growth,0.4,0.30909538,0.30909538,0.2867914,0.2790978,0.022303969,ESCO02,DEC03,McKinsey_FutureOfWork_2025,0.12363815307617188,Stable,0.4,0.12363815307617188
oversee development of contracts,1,0.61,MCK02,Advanced Communication & Collaboration,Moderate_Growth,0.4,0.30908668,0.30908668,0.27470237,0.2668866,0.03438431,DEC03,ESCO01,McKinsey_FutureOfWork_2025,0.123634672164917,Stable,0.4,0.123634672164917
participate across many different activities,1,0.613,MCK02,Advanced Communication & Collaboration,Moderate_Growth,0.4,0.30873945,0.30873945,0.2809729,0.20628782,0.027766556,MCK03,MCK05,McKinsey_FutureOfWork_2025,0.12349578142166139,Stable,0.4,0.12349578142166139
support course coordination,1,0.709,MCK02,Advanced Communication & Collaboration,Moderate_Growth,0.4,0.30872154,0.30872154,0.2971763,0.23956683,0.011545241,MCK03,MCK05,McKinsey_FutureOfWork_2025,0.12348861694335939,Stable,0.4,0.12348861694335939
support clients,1,0.674,MCK02,Advanced Communication & Collaboration,Moderate_Growth,0.4,0.3084618,0.3084618,0.24070251,0.19452098,0.067759275,DEC03,ONET06,McKinsey_FutureOfWork_2025,0.12338471412658691,Stable,0.4,0.12338471412658691
ensure effective project delivery,1,0.611,MCK02,Advanced Communication & Collaboration,Moderate_Growth,0.4,0.30841267,0.30841267,0.30378225,0.21930689,0.0046304166,ESCO01,DEC03,McKinsey_FutureOfWork_2025,0.12336506843566895,Stable,0.4,0.12336506843566895
deliver decision support,1,0.611,MCK02,Advanced Communication & Collaboration,Moderate_Growth,0.4,0.3083782,0.3083782,0.21168044,0.20525023,0.09669775,DEC03,WEF07,McKinsey_FutureOfWork_2025,0.12335127592086792,Stable,0.4,0.12335127592086792
enhance technology products,1,0.709,MCK02,Advanced Communication & Collaboration,Moderate_Growth,0.4,0.30834514,0.30834514,0.2684699,0.26637045,0.03987524,WEF08,WEF05,McKinsey_FutureOfWork_2025,0.12333805561065675,Stable,0.4,0.12333805561065675
"collaborate closely with co-founders, Geologist and Lead Metallurgist",1,0.612,MCK02,Advanced Communication & Collaboration,Moderate_Growth,0.4,0.3083341,0.3083341,0.21746942,0.14144741,0.09086469,WEF07,MCK03,McKinsey_FutureOfWork_2025,0.12333364486694337,Stable,0.4,0.12333364486694337
travel for team meetings,1,0.658,MCK02,Advanced Communication & Collaboration,Moderate_Growth,0.4,0.30611748,0.30611748,0.30017418,0.2040664,0.0059432983,MCK03,ESCO01,McKinsey_FutureOfWork_2025,0.12244699001312256,Stable,0.4,0.12244699001312256
identify improvement opportunities,1,0.632,MCK02,Advanced Communication & Collaboration,Moderate_Growth,0.4,0.30489212,0.30489212,0.30201554,0.256608,0.0028765798,MCK03,DEC03,McKinsey_FutureOfWork_2025,0.12195684909820557,Stable,0.4,0.12195684909820557
provide technical oversight,1,0.598,MCK02,Advanced Communication & Collaboration,Moderate_Growth,0.4,0.30428132,0.30428132,0.28461552,0.22837606,0.019665807,DEC03,WEF07,McKinsey_FutureOfWork_2025,0.12171252965927125,Stable,0.4,0.12171252965927125
provide production support,1,0.707,MCK02,Advanced Communication & Collaboration,Moderate_Growth,0.4,0.30296028,0.30296028,0.25829452,0.24455379,0.044665754,DEC02,DEC03,McKinsey_FutureOfWork_2025,0.12118411064147949,Stable,0.4,0.12118411064147949
support teammates through design reviews,1,0.666,MCK02,Advanced Communication & Collaboration,Moderate_Growth,0.4,0.30187008,0.30187008,0.1803627,0.17201044,0.12150738,MCK03,ONET03,McKinsey_FutureOfWork_2025,0.12074803113937378,Stable,0.4,0.12074803113937378
liaise with allied health care team members,1,0.658,MCK02,Advanced Communication & Collaboration,Moderate_Growth,0.4,0.30174845,0.30174845,0.27151734,0.19239295,0.030231118,MCK03,WEF07,McKinsey_FutureOfWork_2025,0.12069938182830811,Stable,0.4,0.12069938182830811
optimize technical solutions,1,0.71,MCK02,Advanced Communication & Collaboration,Moderate_Growth,0.4,0.30107653,0.30107653,0.29478806,0.28779912,0.006288469,MCK04,DEC03,McKinsey_FutureOfWork_2025,0.12043061256408692,Stable,0.4,0.12043061256408692
develop scalable software,1,0.706,MCK02,Advanced Communication & Collaboration,Moderate_Growth,0.4,0.30089647,0.30089647,0.29265958,0.2737346,0.008236885,DEC03,DEC02,McKinsey_FutureOfWork_2025,0.12035858631134033,Stable,0.4,0.12035858631134033
help organisations make informed business decisions,1,0.64,MCK02,Advanced Communication & Collaboration,Moderate_Growth,0.4,0.3003351,0.3003351,0.2651711,0.21013044,0.035164,ESCO02,ONET02,McKinsey_FutureOfWork_2025,0.12013404369354248,Stable,0.4,0.12013404369354248
engage in active learning,1,0.604,WEF08,Technological Literacy & Digital Fluency,Strong_Growth,0.85,0.28890604,0.28890604,0.18438303,0.18232408,0.104523,MCK02,MCK05,WEF_FutureOfJobs_2025,0.0,Strong_Growth,1.0,0.0
enable meaningful work,1,0.608,MCK02,Advanced Communication & Collaboration,Moderate_Growth,0.4,0.23681003,0.23681003,0.22227795,0.19274558,0.014532074,MCK05,DEC03,McKinsey_FutureOfWork_2025,0.0,Stable,0.4,0.0
enable and multiply force,1,0.604,MCK05,Resilience & Adaptability,Strong_Growth,0.75,0.13284129,0.13284129,0.095710784,0.06075657,0.037130505,MCK02,WEF08,WEF_FutureOfJobs_2025,0.0,Moderate_Growth,0.7,0.0
"design packaging components to operate reliably in harsh, high-throughput environments",1,0.677,DEC02,Legacy Web Development,Decline,-0.4,0.2696737,0.2696737,0.16190699,0.15069053,0.10776672,ONET03,DEC03,Expert_consensus,0.0,Declining,0.0,0.0
design mid-rise residential,1,0.709,DEC02,Legacy Web Development,Decline,-0.4,0.26925024,0.26925024,0.22000086,0.18855548,0.04924938,ONET03,MCK02,Expert_consensus,0.0,Declining,0.0,0.0
design lattice towers,1,0.7,DEC02,Legacy Web Development,Decline,-0.4,0.1717436,0.1717436,0.13909706,0.12642872,0.032646537,ONET03,WEF04,Expert_consensus,0.0,Declining,0.0,0.0
"enable adoption, acceleration, and innovation",1,0.598,WEF05,Digital Platforms & E-commerce,Moderate_Growth,0.7,0.26193258,0.26193258,0.24487169,0.24066707,0.01706089,MCK02,WEF08,WEF_FutureOfJobs_2025,0.0,Moderate_Growth,0.7,0.0
empower engineers,1,0.613,MCK05,Resilience & Adaptability,Strong_Growth,0.75,0.2897609,0.2897609,0.28450626,0.27018374,0.0052546263,MCK02,MCK03,WEF_FutureOfJobs_2025,0.0,Moderate_Growth,0.7,0.0
embrace diverse backgrounds,1,0.615,MCK05,Resilience & Adaptability,Strong_Growth,0.75,0.2727737,0.2727737,0.22994937,0.20807211,0.042824343,MCK03,MCK02,WEF_FutureOfJobs_2025,0.0,Moderate_Growth,0.7,0.0
embed knowledge into code,1,0.696,DEC03,Routine Maintenance Coding,Decline,-0.3,0.27458507,0.27458507,0.23822713,0.2260527,0.03635794,WEF01,WEF07,McKinsey_FutureOfWork_2023,0.0,Declining,0.0,0.0
embed governance,1,0.571,DEC02,Legacy Web Development,Decline,-0.4,0.1782377,0.1782377,0.17665878,0.16353638,0.001578927,ONET06,MCK02,Expert_consensus,0.0,Declining,0.0,0.0
ensure alignment with user experience,1,0.608,DEC03,Routine Maintenance Coding,Decline,-0.3,0.14473797,0.14473797,0.12943004,0.09825553,0.015307933,MCK02,ONET03,McKinsey_FutureOfWork_2023,0.0,Declining,0.0,0.0
ensure alignment with product vision,1,0.607,WEF07,Human-AI Collaboration,Strong_Growth,0.95,0.055078406,0.055078406,0.034978136,0.02748733,0.02010027,ESCO01,ONET05,WEF_FutureOfJobs_2025,0.0,Strong_Growth,1.0,0.0
ensure accurate records,1,0.62,DEC01,Routine Data Entry & Clerical,Decline,-0.6,0.27204847,0.27204847,0.08355157,0.039436348,0.1884969,ONET02,DEC03,WEF_FutureOfJobs_2023,0.0,Declining,0.0,0.0
ensure accurate documentation,1,0.628,DEC01,Routine Data Entry & Clerical,Decline,-0.6,0.28906423,0.28906423,0.26885098,0.25205585,0.020213246,DEC03,MCK02,WEF_FutureOfJobs_2023,0.0,Declining,0.0,0.0
ensure access to products through sales channel mix,1,0.667,WEF05,Digital Platforms & E-commerce,Moderate_Growth,0.7,0.19961771,0.19961771,0.13719195,0.1341719,0.062425762,ESCO02,MCK02,WEF_FutureOfJobs_2025,0.0,Moderate_Growth,0.7,0.0
enhance Power Platform applications,1,0.707,WEF04,Cloud Computing & Infrastructure,Strong_Growth,0.85,0.22204334,0.22204334,0.20774134,0.1876563,0.014302,DEC02,WEF05,WEF_FutureOfJobs_2025,0.0,Strong_Growth,1.0,0.0
enhance platform performance,1,0.71,DEC02,Legacy Web Development,Decline,-0.4,0.27039218,0.27039218,0.21536338,0.2069595,0.055028796,WEF04,ONET02,Expert_consensus,0.0,Declining,0.0,0.0
enhance large-scale systems,1,0.709,WEF04,Cloud Computing & Infrastructure,Strong_Growth,0.85,0.28428444,0.28428444,0.2711736,0.24879774,0.013110846,ONET06,ONET02,WEF_FutureOfJobs_2025,0.0,Strong_Growth,1.0,0.0
enhance internally-used digital products,1,0.713,WEF05,Digital Platforms & E-commerce,Moderate_Growth,0.7,0.26771373,0.26771373,0.25754496,0.23935458,0.010168761,DEC02,ONET03,WEF_FutureOfJobs_2025,0.0,Moderate_Growth,0.7,0.0
ensure high-quality project delivery,1,0.709,MCK02,Advanced Communication & Collaboration,Moderate_Growth,0.4,0.259627,0.259627,0.24590552,0.21404424,0.013721496,ESCO01,DEC03,McKinsey_FutureOfWork_2025,0.0,Stable,0.4,0.0
ensure high-quality delivery through functional design,1,0.708,ONET03,UX/UI & Digital Design,Moderate_Growth,0.55,0.24659422,0.24659422,0.22661117,0.21749929,0.019983053,DEC02,ESCO02,ONET_BrightOutlook_2024,0.0,Moderate_Growth,0.7,0.0
ensure high-performance communications,1,0.706,MCK02,Advanced Communication & Collaboration,Moderate_Growth,0.4,0.17730586,0.17730586,0.13461137,0.11181265,0.042694494,ONET02,DEC02,McKinsey_FutureOfWork_2025,0.0,Stable,0.4,0.0
"ensure developments are commercially viable, technically robust, and aligned with customer proposition",1,0.623,DEC03,Routine Maintenance Coding,Decline,-0.3,0.27440757,0.27440757,0.26548353,0.2618374,0.008924037,MCK02,ESCO02,McKinsey_FutureOfWork_2023,0.0,Declining,0.0,0.0
ensure data integrity,1,0.69,DEC01,Routine Data Entry & Clerical,Decline,-0.6,0.23031794,0.23031794,0.21493497,0.17900673,0.01538296,ONET02,DEC03,WEF_FutureOfJobs_2023,0.0,Declining,0.0,0.0
ensure cultural responsiveness,1,0.684,MCK05,Resilience & Adaptability,Strong_Growth,0.75,0.19056976,0.19056976,0.18346101,0.15189868,0.007108748,MCK02,WEF08,WEF_FutureOfJobs_2025,0.0,Moderate_Growth,0.7,0.0
ensure consistent delivery of high-quality retirement communities,1,0.709,MCK05,Resilience & Adaptability,Strong_Growth,0.75,0.2564822,0.2564822,0.24045366,0.17653248,0.016028553,DEC02,MCK03,WEF_FutureOfJobs_2025,0.0,Moderate_Growth,0.7,0.0
ensure confidentiality of sensitive information,1,0.616,WEF03,Cybersecurity,Strong_Growth,0.9,0.18297462,0.18297462,0.13172404,0.10251715,0.051250577,DEC01,MCK02,WEF_FutureOfJobs_2025,0.0,Strong_Growth,1.0,0.0
ensure compliance with statutes,1,0.703,DEC01,Routine Data Entry & Clerical,Decline,-0.6,0.14923635,0.14923635,0.13988245,0.12756115,0.009353906,DEC03,ONET06,WEF_FutureOfJobs_2023,0.0,Declining,0.0,0.0
ensure compliance with quality standards,1,0.704,ONET05,Quality Assurance & Testing,Moderate_Growth,0.55,0.24699757,0.24699757,0.21153995,0.13035157,0.03545761,DEC03,DEC01,ONET_BrightOutlook_2024,0.0,Moderate_Growth,0.7,0.0
ensure cameras operate flawlessly,1,0.622,DEC03,Routine Maintenance Coding,Decline,-0.3,0.1772027,0.1772027,0.056101695,0.05371023,0.12110101,MCK01,DEC01,McKinsey_FutureOfWork_2023,0.0,Declining,0.0,0.0
ensure best practices are baked in by default,1,0.693,DEC03,Routine Maintenance Coding,Decline,-0.3,0.21273449,0.21273449,0.11009997,0.07880325,0.10263452,DEC01,DEC02,McKinsey_FutureOfWork_2023,0.0,Declining,0.0,0.0
ensure privacy compliance,1,0.677,WEF03,Cybersecurity,Strong_Growth,0.9,0.23435391,0.23435391,0.20458883,0.18700331,0.029765084,DEC01,ONET06,WEF_FutureOfJobs_2025,0.0,Strong_Growth,1.0,0.0
"ensure portfolio progresses in accordance with programme, investment strategy, and quality standards",1,0.622,ESCO01,Project Management & Agile Methodologies,Moderate_Growth,0.55,0.2519915,0.2519915,0.22745046,0.20643991,0.02454105,ESCO02,ONET05,ESCO_v1.2_2024,0.0,Moderate_Growth,0.7,0.0
ensure platforms are production ready,1,0.701,WEF04,Cloud Computing & Infrastructure,Strong_Growth,0.85,0.24560104,0.24560104,0.23950407,0.23475724,0.006096974,WEF05,DEC02,WEF_FutureOfJobs_2025,0.0,Strong_Growth,1.0,0.0
ensure planning function excellence,1,0.641,MCK03,Leadership & People Development,Moderate_Growth,0.55,0.26215696,0.26215696,0.24540602,0.21898475,0.016750947,ESCO01,MCK04,McKinsey_FutureOfWork_2025,0.0,Moderate_Growth,0.7,0.0
ensure pedagogical soundness,1,0.681,WEF08,Technological Literacy & Digital Fluency,Strong_Growth,0.85,0.20330937,0.20330937,0.13437264,0.117048144,0.068936735,MCK04,MCK02,WEF_FutureOfJobs_2025,0.0,Strong_Growth,1.0,0.0
ensure optimal performance,1,0.707,ONET02,Database & Systems Administration,Moderate_Growth,0.5,0.11016072,0.11016072,0.109009705,0.07997445,0.0011510178,DEC03,MCK05,ONET_BrightOutlook_2024,0.0,Moderate_Growth,0.7,0.0
ensure optimal inventory levels,1,0.594,ONET02,Database & Systems Administration,Moderate_Growth,0.5,0.104319826,0.104319826,0.099303484,0.09818899,0.005016342,MCK05,DEC03,ONET_BrightOutlook_2024,0.0,Moderate_Growth,0.7,0.0
ensure optimal customer experience,1,0.677,ESCO02,Business Analysis & Requirements Engineering,Moderate_Growth,0.5,0.21667625,0.21667625,0.14001653,0.13816863,0.076659724,DEC02,MCK02,ESCO_v1.2_2024,0.0,Moderate_Growth,0.7,0.0
ensure on-time delivery,1,0.674,DEC03,Routine Maintenance Coding,Decline,-0.3,0.12905098,0.12905098,0.12240617,0.0956051,0.006644815,MCK02,WEF05,McKinsey_FutureOfWork_2023,0.0,Declining,0.0,0.0
ensure network fabrics and devices operate as expected,1,0.59,ONET03,UX/UI & Digital Design,Moderate_Growth,0.55,0.14552855,0.14552855,0.118739255,0.11580388,0.0267893,DEC02,WEF04,ONET_BrightOutlook_2024,0.0,Moderate_Growth,0.7,0.0
ensure mission success,1,0.702,MCK02,Advanced Communication & Collaboration,Moderate_Growth,0.4,0.24054515,0.24054515,0.23508075,0.23036057,0.005464405,MCK03,MCK05,McKinsey_FutureOfWork_2025,0.0,Stable,0.4,0.0
ensure microphones operate flawlessly,1,0.626,DEC02,Legacy Web Development,Decline,-0.4,0.09953064,0.09953064,0.07057145,0.057915274,0.028959185,DEC03,DEC01,Expert_consensus,0.0,Declining,0.0,0.0
ensure lighting operates flawlessly,1,0.624,DEC03,Routine Maintenance Coding,Decline,-0.3,0.16016999,0.16016999,0.0641633,0.034039527,0.09600669,DEC02,MCK01,McKinsey_FutureOfWork_2023,0.0,Declining,0.0,0.0
ensure issue resolution,1,0.61,DEC03,Routine Maintenance Coding,Decline,-0.3,0.22315064,0.22315064,0.16934931,0.14272276,0.053801328,MCK04,MCK02,McKinsey_FutureOfWork_2023,0.0,Declining,0.0,0.0
ensure integrity of financial information,1,0.694,ONET06,Blockchain & Distributed Systems,Moderate_Growth,0.5,0.19431162,0.19431162,0.18225884,0.15430614,0.012052774,DEC01,ONET02,ONET_BrightOutlook_2024,0.0,Moderate_Growth,0.7,0.0
"ensure high-quality, scalable solutions",1,0.712,DEC03,Routine Maintenance Coding,Decline,-0.3,0.21658123,0.21658123,0.20679638,0.195398,0.0097848475,WEF04,ONET02,McKinsey_FutureOfWork_2023,0.0,Declining,0.0,0.0
ensure seamless execution of live performances,1,0.702,DEC02,Legacy Web Development,Decline,-0.4,0.18009613,0.18009613,0.14511831,0.1235057,0.034977823,DEC03,ONET04,Expert_consensus,0.0,Declining,0.0,0.0
ensure seamless deployment,1,0.731,WEF04,Cloud Computing & Infrastructure,Strong_Growth,0.85,0.22478646,0.22478646,0.20671538,0.17290968,0.018071085,DEC03,DEC02,WEF_FutureOfJobs_2025,0.0,Strong_Growth,1.0,0.0
ensure seamless building,1,0.622,DEC02,Legacy Web Development,Decline,-0.4,0.16420461,0.16420461,0.16367799,0.11389142,0.00052662194,DEC03,WEF04,Expert_consensus,0.0,Declining,0.0,0.0
ensure scalable integration architecture,1,0.645,WEF04,Cloud Computing & Infrastructure,Strong_Growth,0.85,0.23789838,0.23789838,0.20475975,0.1778557,0.033138633,ONET02,DEC02,WEF_FutureOfJobs_2025,0.0,Strong_Growth,1.0,0.0
ensure safety is baked in by default,1,0.691,DEC03,Routine Maintenance Coding,Decline,-0.3,0.111275434,0.111275434,0.099642664,0.06966008,0.01163277,WEF03,DEC01,McKinsey_FutureOfWork_2023,0.0,Declining,0.0,0.0
ensure reliable integration architecture,1,0.645,ONET02,Database & Systems Administration,Moderate_Growth,0.5,0.1963926,0.1963926,0.18386883,0.1753718,0.01252377,DEC03,DEC02,ONET_BrightOutlook_2024,0.0,Moderate_Growth,0.7,0.0
ensure reliable communications,1,0.703,MCK02,Advanced Communication & Collaboration,Moderate_Growth,0.4,0.1679972,0.1679972,0.099464476,0.09016305,0.06853272,ONET02,DEC03,McKinsey_FutureOfWork_2025,0.0,Stable,0.4,0.0
ensure regulatory compliance,2,0.71,DEC01,Routine Data Entry & Clerical,Decline,-0.6,0.17041479,0.17041479,0.16145337,0.14034444,0.008961424,DEC03,WEF03,WEF_FutureOfJobs_2023,0.0,Declining,0.0,0.0
ensure quality control,1,0.702,ONET05,Quality Assurance & Testing,Moderate_Growth,0.55,0.20356804,0.20356804,0.13371706,0.090516314,0.06985098,DEC03,ONET02,ONET_BrightOutlook_2024,0.0,Moderate_Growth,0.7,0.0
ensure quality and regulatory compliance,1,0.704,ONET05,Quality Assurance & Testing,Moderate_Growth,0.55,0.2054767,0.2054767,0.19879699,0.14491951,0.0066797137,DEC03,DEC01,ONET_BrightOutlook_2024,0.0,Moderate_Growth,0.7,0.0
design a React Native architecture,1,0.716,DEC02,Legacy Web Development,Decline,-0.4,0.2819304,0.2819304,0.21969342,0.1416514,0.062236965,ONET03,DEC03,Expert_consensus,0.0,Declining,0.0,0.0
deploy retrieval-enhanced LLMs and hybrid retrieval pipelines,1,0.598,DEC03,Routine Maintenance Coding,Decline,-0.3,0.2009876,0.2009876,0.19981024,0.19408509,0.0011773705,MCK02,ONET02,McKinsey_FutureOfWork_2023,0.0,Declining,0.0,0.0
design high-rise residential,1,0.71,DEC02,Legacy Web Development,Decline,-0.4,0.25420564,0.25420564,0.21404587,0.16126204,0.040159777,ONET03,MCK02,Expert_consensus,0.0,Declining,0.0,0.0
design export flows,1,0.668,ESCO02,Business Analysis & Requirements Engineering,Moderate_Growth,0.5,0.29708642,0.29708642,0.2712181,0.22256763,0.025868326,MCK02,ONET03,ESCO_v1.2_2024,0.0,Moderate_Growth,0.7,0.0
design elegantly,1,0.705,DEC02,Legacy Web Development,Decline,-0.4,0.26835832,0.26835832,0.21522799,0.16190827,0.05313033,DEC03,ONET03,Expert_consensus,0.0,Declining,0.0,0.0
ensure products meet standards,1,0.702,ESCO02,Business Analysis & Requirements Engineering,Moderate_Growth,0.5,0.17574674,0.17574674,0.16169292,0.15205619,0.014053822,WEF05,DEC03,ESCO_v1.2_2024,0.0,Moderate_Growth,0.7,0.0
ensure products meet customer specifications,1,0.707,ESCO02,Business Analysis & Requirements Engineering,Moderate_Growth,0.5,0.24669355,0.24669355,0.1824517,0.1592909,0.06424186,WEF05,DEC03,ESCO_v1.2_2024,0.0,Moderate_Growth,0.7,0.0
ensure products are reliable and safe,1,0.696,DEC03,Routine Maintenance Coding,Decline,-0.3,0.124183536,0.124183536,0.11919622,0.09663404,0.0049873143,MCK05,ONET05,McKinsey_FutureOfWork_2023,0.0,Declining,0.0,0.0
ensure process readiness,1,0.704,MCK01,Process Automation & RPA,Moderate_Growth,0.5,0.25449792,0.25449792,0.2354548,0.17677003,0.019043118,DEC03,ONET02,McKinsey_FutureOfWork_2025,0.0,Moderate_Growth,0.7,0.0
escalate issues,1,0.61,MCK02,Advanced Communication & Collaboration,Moderate_Growth,0.4,0.24305454,0.24305454,0.18969181,0.16726245,0.053362727,MCK04,MCK05,McKinsey_FutureOfWork_2025,0.0,Stable,0.4,0.0
ensure user adoption,1,0.633,ONET03,UX/UI & Digital Design,Moderate_Growth,0.55,0.1516172,0.1516172,0.12814592,0.10228643,0.023471281,DEC02,WEF08,ONET_BrightOutlook_2024,0.0,Moderate_Growth,0.7,0.0
ensure the EPR solution meets user needs,1,0.694,MCK02,Advanced Communication & Collaboration,Moderate_Growth,0.4,0.112972274,0.112972274,0.10687425,0.10678917,0.0060980245,DEC02,DEC03,McKinsey_FutureOfWork_2025,0.0,Stable,0.4,0.0
ensure the EPR solution complies with safety and governance requirements,1,0.7,MCK02,Advanced Communication & Collaboration,Moderate_Growth,0.4,0.19723329,0.19723329,0.14042976,0.11806248,0.056803524,DEC02,DEC03,McKinsey_FutureOfWork_2025,0.0,Stable,0.4,0.0
ensure system success,1,0.7,DEC03,Routine Maintenance Coding,Decline,-0.3,0.2380875,0.2380875,0.18332878,0.1560357,0.054758728,ONET02,ONET06,McKinsey_FutureOfWork_2023,0.0,Declining,0.0,0.0
ensure system stability,1,0.703,DEC03,Routine Maintenance Coding,Decline,-0.3,0.1815911,0.1815911,0.17182164,0.15582216,0.009769455,MCK05,ONET06,McKinsey_FutureOfWork_2023,0.0,Declining,0.0,0.0
ensure superior sound quality,1,0.701,ONET05,Quality Assurance & Testing,Moderate_Growth,0.55,0.112694696,0.112694696,0.06729717,0.044582285,0.045397528,WEF08,DEC02,ONET_BrightOutlook_2024,0.0,Moderate_Growth,0.7,0.0
ensure Stratum’s goals are aligned,1,0.606,ESCO01,Project Management & Agile Methodologies,Moderate_Growth,0.55,0.16481704,0.16481704,0.16145217,0.15705091,0.003364861,MCK05,MCK03,ESCO_v1.2_2024,0.0,Moderate_Growth,0.7,0.0
ensure smooth running of department,1,0.634,MCK03,Leadership & People Development,Moderate_Growth,0.55,0.13661137,0.13661137,0.12758026,0.103137314,0.009031117,DEC01,DEC03,McKinsey_FutureOfWork_2025,0.0,Moderate_Growth,0.7,0.0
ensure SLAs are met,1,0.69,MCK02,Advanced Communication & Collaboration,Moderate_Growth,0.4,0.18820181,0.18820181,0.15623689,0.11543584,0.031964928,WEF03,ONET02,McKinsey_FutureOfWork_2025,0.0,Stable,0.4,0.0
ensure security is baked in by default,1,0.692,WEF03,Cybersecurity,Strong_Growth,0.9,0.18412164,0.18412164,0.089011855,0.039042853,0.09510978,DEC03,WEF08,WEF_FutureOfJobs_2025,0.0,Strong_Growth,1.0,0.0
ensure secure integration architecture,1,0.645,WEF03,Cybersecurity,Strong_Growth,0.9,0.2533002,0.2533002,0.16311312,0.16291869,0.09018707,ONET02,ONET05,WEF_FutureOfJobs_2025,0.0,Strong_Growth,1.0,0.0
ensure seamless testing,1,0.62,ONET05,Quality Assurance & Testing,Moderate_Growth,0.55,0.2978407,0.2978407,0.17546701,0.09160738,0.1223737,DEC03,DEC02,ONET_BrightOutlook_2024,0.0,Moderate_Growth,0.7,0.0
ensure seamless integration,1,0.709,DEC03,Routine Maintenance Coding,Decline,-0.3,0.13794504,0.13794504,0.12908924,0.12578431,0.008855805,WEF04,MCK02,McKinsey_FutureOfWork_2023,0.0,Declining,0.0,0.0
execute administrative HR functions,1,0.678,MCK01,Process Automation & RPA,Moderate_Growth,0.5,0.23661952,0.23661952,0.18992285,0.17665583,0.046696663,DEC01,MCK03,McKinsey_FutureOfWork_2025,0.0,Moderate_Growth,0.7,0.0
exceed sales expectations,1,0.612,WEF05,Digital Platforms & E-commerce,Moderate_Growth,0.7,0.10008679,0.10008679,0.041511655,0.036641065,0.05857514,DEC02,DEC03,WEF_FutureOfJobs_2025,0.0,Moderate_Growth,0.7,0.0
exceed expectations,1,0.645,MCK05,Resilience & Adaptability,Strong_Growth,0.75,0.12953678,0.12953678,0.099603,0.062924094,0.02993378,DEC03,DEC02,WEF_FutureOfJobs_2025,0.0,Moderate_Growth,0.7,0.0
evolve patterns and components,1,0.568,DEC03,Routine Maintenance Coding,Decline,-0.3,0.16020237,0.16020237,0.12828521,0.12682404,0.031917155,MCK05,ONET03,McKinsey_FutureOfWork_2023,0.0,Declining,0.0,0.0
evolve interfaces,1,0.572,ONET03,UX/UI & Digital Design,Moderate_Growth,0.55,0.24595016,0.24595016,0.20464256,0.19895053,0.0413076,DEC02,WEF07,ONET_BrightOutlook_2024,0.0,Moderate_Growth,0.7,0.0
evolve data center design,1,0.667,WEF04,Cloud Computing & Infrastructure,Strong_Growth,0.85,0.25174823,0.25174823,0.23909217,0.23561588,0.012656063,ONET02,WEF02,WEF_FutureOfJobs_2025,0.0,Strong_Growth,1.0,0.0
evaluate vendor capabilities,1,0.71,MCK02,Advanced Communication & Collaboration,Moderate_Growth,0.4,0.29778636,0.29778636,0.2590824,0.22698368,0.03870395,ESCO02,WEF05,McKinsey_FutureOfWork_2025,0.0,Stable,0.4,0.0
evaluate Stratum models,1,0.62,ONET03,UX/UI & Digital Design,Moderate_Growth,0.55,0.12272072,0.12272072,0.10786514,0.10431932,0.014855579,WEF03,ESCO01,ONET_BrightOutlook_2024,0.0,Moderate_Growth,0.7,0.0
evaluate eligibility for positions,1,0.677,DEC01,Routine Data Entry & Clerical,Decline,-0.6,0.22967574,0.22967574,0.20662668,0.20066923,0.023049057,MCK05,MCK03,WEF_FutureOfJobs_2023,0.0,Declining,0.0,0.0
evaluate competitive bids,1,0.706,ESCO02,Business Analysis & Requirements Engineering,Moderate_Growth,0.5,0.2555766,0.2555766,0.22469822,0.18149029,0.030878395,MCK02,WEF05,ESCO_v1.2_2024,0.0,Moderate_Growth,0.7,0.0
evaluate clients existing Kriging models,1,0.621,WEF04,Cloud Computing & Infrastructure,Strong_Growth,0.85,0.17582405,0.17582405,0.16198555,0.15490726,0.0138385,WEF02,ONET02,WEF_FutureOfJobs_2025,0.0,Strong_Growth,1.0,0.0
establish key financial targets,1,0.569,ESCO01,Project Management & Agile Methodologies,Moderate_Growth,0.55,0.20021635,0.20021635,0.18615314,0.17276308,0.014063209,ONET06,WEF05,ESCO_v1.2_2024,0.0,Moderate_Growth,0.7,0.0
expand sales operations,1,0.569,WEF05,Digital Platforms & E-commerce,Moderate_Growth,0.7,0.2420927,0.2420927,0.17458355,0.16492704,0.067509145,ESCO02,DEC01,WEF_FutureOfJobs_2025,0.0,Moderate_Growth,0.7,0.0
execute targeted headhunting campaigns,1,0.711,WEF05,Digital Platforms & E-commerce,Moderate_Growth,0.7,0.15772337,0.15772337,0.15228173,0.15162522,0.005441636,ESCO01,MCK03,WEF_FutureOfJobs_2025,0.0,Moderate_Growth,0.7,0.0
execute strategies,1,0.6,MCK03,Leadership & People Development,Moderate_Growth,0.55,0.28565466,0.28565466,0.2510285,0.23633176,0.034626156,MCK02,ONET02,McKinsey_FutureOfWork_2025,0.0,Moderate_Growth,0.7,0.0
execute recruitment functions,1,0.682,MCK03,Leadership & People Development,Moderate_Growth,0.55,0.25510287,0.25510287,0.23946519,0.19088121,0.01563768,DEC01,ESCO02,McKinsey_FutureOfWork_2025,0.0,Moderate_Growth,0.7,0.0
execute onboarding functions,1,0.681,WEF07,Human-AI Collaboration,Strong_Growth,0.95,0.19331424,0.19331424,0.14682348,0.13495035,0.04649076,DEC01,ESCO02,WEF_FutureOfJobs_2025,0.0,Strong_Growth,1.0,0.0
execute on opportunities,1,0.611,ESCO02,Business Analysis & Requirements Engineering,Moderate_Growth,0.5,0.18716678,0.18716678,0.14306684,0.13774705,0.04409994,MCK03,ONET02,ESCO_v1.2_2024,0.0,Moderate_Growth,0.7,0.0
execute inform/awareness activities,1,0.686,MCK02,Advanced Communication & Collaboration,Moderate_Growth,0.4,0.28920698,0.28920698,0.25156844,0.24554712,0.037638545,DEC01,ONET02,McKinsey_FutureOfWork_2025,0.0,Stable,0.4,0.0
execute ideas,1,0.606,MCK04,Critical Thinking & Problem Solving,Strong_Growth,0.8,0.24415198,0.24415198,0.23317143,0.20679733,0.0109805465,WEF07,DEC03,McKinsey_FutureOfWork_2025,0.0,Strong_Growth,1.0,0.0
execute go-to-market,1,0.619,WEF05,Digital Platforms & E-commerce,Moderate_Growth,0.7,0.2601713,0.2601713,0.17506938,0.1389949,0.08510192,ESCO02,ONET02,WEF_FutureOfJobs_2025,0.0,Moderate_Growth,0.7,0.0
demonstrate understanding of electronics principles,1,0.63,ONET05,Quality Assurance & Testing,Moderate_Growth,0.55,0.16035217,0.16035217,0.1528593,0.14722624,0.00749287,DEC02,ONET06,ONET_BrightOutlook_2024,0.0,Moderate_Growth,0.7,0.0
democratize observability,1,0.605,ONET06,Blockchain & Distributed Systems,Moderate_Growth,0.5,0.118478954,0.118478954,0.107546814,0.09587781,0.01093214,MCK05,MCK04,ONET_BrightOutlook_2024,0.0,Moderate_Growth,0.7,0.0
design complex CIS solutions,1,0.7,MCK04,Critical Thinking & Problem Solving,Strong_Growth,0.8,0.23755625,0.23755625,0.20957318,0.20409091,0.02798307,WEF06,MCK02,McKinsey_FutureOfWork_2025,0.0,Strong_Growth,1.0,0.0
design automated metadata ingestion processes,1,0.708,MCK01,Process Automation & RPA,Moderate_Growth,0.5,0.27101457,0.27101457,0.2589092,0.20037365,0.0121053755,ONET02,ESCO02,McKinsey_FutureOfWork_2025,0.0,Moderate_Growth,0.7,0.0
filter out sellers by digging into their process,1,0.587,WEF05,Digital Platforms & E-commerce,Moderate_Growth,0.7,0.18069784,0.18069784,0.12479159,0.10157299,0.05590625,MCK01,MCK04,WEF_FutureOfJobs_2025,0.0,Moderate_Growth,0.7,0.0
filter out individuals who may misrepresent themselves,1,0.609,MCK04,Critical Thinking & Problem Solving,Strong_Growth,0.8,0.03546731,0.03546731,0.033295453,0.033017244,0.0021718591,MCK03,WEF07,McKinsey_FutureOfWork_2025,0.0,Strong_Growth,1.0,0.0
facilitate positive relationships,1,0.677,MCK03,Leadership & People Development,Moderate_Growth,0.55,0.16472182,0.16472182,0.16367571,0.121634886,0.0010461062,MCK05,MCK02,McKinsey_FutureOfWork_2025,0.0,Moderate_Growth,0.7,0.0
facilitate annual planning cycle,1,0.595,ESCO01,Project Management & Agile Methodologies,Moderate_Growth,0.55,0.23600884,0.23600884,0.2114174,0.20597799,0.024591431,WEF06,DEC03,ESCO_v1.2_2024,0.0,Moderate_Growth,0.7,0.0
explore what's possible on mobile,1,0.605,ONET03,UX/UI & Digital Design,Moderate_Growth,0.55,0.27336589,0.27336589,0.19917032,0.19452584,0.074195564,ESCO02,DEC02,ONET_BrightOutlook_2024,0.0,Moderate_Growth,0.7,0.0
explore diverse interests,1,0.612,MCK05,Resilience & Adaptability,Strong_Growth,0.75,0.26244566,0.26244566,0.2400781,0.20398304,0.022367552,MCK02,MCK03,WEF_FutureOfJobs_2025,0.0,Moderate_Growth,0.7,0.0
explain solutions and products,1,0.609,MCK04,Critical Thinking & Problem Solving,Strong_Growth,0.8,0.22718728,0.22718728,0.20749927,0.19239235,0.01968801,DEC03,ONET06,McKinsey_FutureOfWork_2025,0.0,Strong_Growth,1.0,0.0
deliver Streamlit app,1,0.566,WEF05,Digital Platforms & E-commerce,Moderate_Growth,0.7,0.15983604,0.15983604,0.121971235,0.103056595,0.037864804,MCK02,ONET04,WEF_FutureOfJobs_2025,0.0,Moderate_Growth,0.7,0.0
deliver self-service registration and governance,1,0.6,WEF04,Cloud Computing & Infrastructure,Strong_Growth,0.85,0.14875132,0.14875132,0.1348602,0.13145787,0.013891116,DEC03,DEC01,WEF_FutureOfJobs_2025,0.0,Strong_Growth,1.0,0.0
deliver on production ownership,1,0.593,MCK02,Advanced Communication & Collaboration,Moderate_Growth,0.4,0.17204142,0.17204142,0.08849713,0.07482228,0.083544284,DEC02,MCK03,McKinsey_FutureOfWork_2025,0.0,Stable,0.4,0.0
deliver iOS apps,1,0.585,WEF05,Digital Platforms & E-commerce,Moderate_Growth,0.7,0.20467141,0.20467141,0.15689696,0.124591336,0.04777445,ONET01,ONET03,WEF_FutureOfJobs_2025,0.0,Moderate_Growth,0.7,0.0
deliver high-quality work,2,0.626,MCK02,Advanced Communication & Collaboration,Moderate_Growth,0.4,0.28932026,0.28932026,0.25157046,0.18104523,0.037749797,DEC03,DEC02,McKinsey_FutureOfWork_2025,0.0,Stable,0.4,0.0
deliver high-performance experiences,1,0.606,MCK02,Advanced Communication & Collaboration,Moderate_Growth,0.4,0.28037363,0.28037363,0.2727151,0.25505388,0.007658541,DEC02,ONET03,McKinsey_FutureOfWork_2025,0.0,Stable,0.4,0.0
deploy Microsoft Intune,1,0.594,WEF04,Cloud Computing & Infrastructure,Strong_Growth,0.85,0.14783524,0.14783524,0.11753087,0.11531933,0.030304372,ONET02,DEC03,WEF_FutureOfJobs_2025,0.0,Strong_Growth,1.0,0.0
deploy high-performance data ingestion systems,1,0.709,WEF04,Cloud Computing & Infrastructure,Strong_Growth,0.85,0.26850176,0.26850176,0.2619189,0.2071014,0.006582856,ONET02,WEF02,WEF_FutureOfJobs_2025,0.0,Strong_Growth,1.0,0.0
deploy application code,1,0.703,DEC03,Routine Maintenance Coding,Decline,-0.3,0.25300393,0.25300393,0.2054756,0.18232316,0.047528327,DEC02,ONET01,McKinsey_FutureOfWork_2023,0.0,Declining,0.0,0.0
follow company grooming standards,1,0.639,DEC03,Routine Maintenance Coding,Decline,-0.3,0.1749647,0.1749647,0.12752979,0.103465706,0.04743491,MCK02,DEC02,McKinsey_FutureOfWork_2023,0.0,Declining,0.0,0.0
focus on scalability,1,0.59,WEF04,Cloud Computing & Infrastructure,Strong_Growth,0.85,0.26216042,0.26216042,0.26093104,0.25203872,0.0012293756,DEC02,ONET06,WEF_FutureOfJobs_2025,0.0,Strong_Growth,1.0,0.0
focus on production delivery,1,0.591,MCK02,Advanced Communication & Collaboration,Moderate_Growth,0.4,0.2757613,0.2757613,0.20747024,0.19874546,0.06829107,DEC02,ESCO01,McKinsey_FutureOfWork_2025,0.0,Stable,0.4,0.0
focus on lifecycle ownership,1,0.591,DEC03,Routine Maintenance Coding,Decline,-0.3,0.20241106,0.20241106,0.20049001,0.17413856,0.0019210428,MCK05,DEC02,McKinsey_FutureOfWork_2023,0.0,Declining,0.0,0.0
focus on instrumentation,1,0.595,ESCO02,Business Analysis & Requirements Engineering,Moderate_Growth,0.5,0.22692001,0.22692001,0.21441606,0.20897023,0.012503952,WEF02,ONET03,ESCO_v1.2_2024,0.0,Moderate_Growth,0.7,0.0
focus on customers,1,0.631,WEF05,Digital Platforms & E-commerce,Moderate_Growth,0.7,0.19199887,0.19199887,0.1796331,0.14545675,0.012365773,ESCO02,MCK04,WEF_FutureOfJobs_2025,0.0,Moderate_Growth,0.7,0.0
govern projects,1,0.569,ESCO01,Project Management & Agile Methodologies,Moderate_Growth,0.55,0.23968759,0.23968759,0.22475204,0.20252886,0.014935553,MCK03,ONET06,ESCO_v1.2_2024,0.0,Moderate_Growth,0.7,0.0
govern processes,1,0.639,MCK01,Process Automation & RPA,Moderate_Growth,0.5,0.24376774,0.24376774,0.2257989,0.19198027,0.017968833,ONET06,ONET02,McKinsey_FutureOfWork_2025,0.0,Moderate_Growth,0.7,0.0
go above and beyond to help customers,1,0.627,MCK02,Advanced Communication & Collaboration,Moderate_Growth,0.4,0.22394137,0.22394137,0.16912176,0.16589622,0.054819614,MCK03,WEF05,McKinsey_FutureOfWork_2025,0.0,Stable,0.4,0.0
generate insights,1,0.678,MCK05,Resilience & Adaptability,Strong_Growth,0.75,0.24375623,0.24375623,0.22247094,0.21615559,0.021285295,WEF02,ESCO02,WEF_FutureOfJobs_2025,0.0,Moderate_Growth,0.7,0.0
generate growth,1,0.703,MCK05,Resilience & Adaptability,Strong_Growth,0.75,0.25310728,0.25310728,0.12158619,0.097722545,0.13152109,MCK03,WEF04,WEF_FutureOfJobs_2025,0.0,Moderate_Growth,0.7,0.0
gather data on improvement performance,1,0.619,DEC03,Routine Maintenance Coding,Decline,-0.3,0.22983801,0.22983801,0.22659811,0.18665513,0.0032398999,ONET02,WEF02,McKinsey_FutureOfWork_2023,0.0,Declining,0.0,0.0
foster inclusion,1,0.611,MCK03,Leadership & People Development,Moderate_Growth,0.55,0.21629524,0.21629524,0.175511,0.14300156,0.04078424,MCK05,WEF07,McKinsey_FutureOfWork_2025,0.0,Moderate_Growth,0.7,0.0
foster a culture of customer success,1,0.63,DEC03,Routine Maintenance Coding,Decline,-0.3,0.18991685,0.18991685,0.18084478,0.15839884,0.009072065,MCK02,MCK03,McKinsey_FutureOfWork_2023,0.0,Declining,0.0,0.0
foster a culture of accountability,1,0.633,MCK03,Leadership & People Development,Moderate_Growth,0.55,0.20783748,0.20783748,0.11143518,0.09044574,0.096402295,MCK02,MCK05,McKinsey_FutureOfWork_2025,0.0,Moderate_Growth,0.7,0.0
formulate important insights,1,0.71,MCK05,Resilience & Adaptability,Strong_Growth,0.75,0.24957496,0.24957496,0.23434895,0.2138035,0.0152260065,MCK04,MCK02,WEF_FutureOfJobs_2025,0.0,Moderate_Growth,0.7,0.0
follow through on tasks,1,0.602,DEC03,Routine Maintenance Coding,Decline,-0.3,0.28191748,0.28191748,0.2538525,0.21943858,0.028064996,MCK02,WEF07,McKinsey_FutureOfWork_2023,0.0,Declining,0.0,0.0
deliver exceptional customer experience,1,0.576,MCK02,Advanced Communication & Collaboration,Moderate_Growth,0.4,0.20872253,0.20872253,0.17722484,0.15166296,0.031497687,DEC03,DEC02,McKinsey_FutureOfWork_2025,0.0,Stable,0.4,0.0
deliver complex CIS solutions,1,0.592,MCK04,Critical Thinking & Problem Solving,Strong_Growth,0.8,0.2356363,0.2356363,0.17651762,0.1656196,0.059118673,WEF07,MCK02,McKinsey_FutureOfWork_2025,0.0,Strong_Growth,1.0,0.0
deliver client solution,1,0.593,MCK02,Advanced Communication & Collaboration,Moderate_Growth,0.4,0.2509178,0.2509178,0.19177988,0.18033996,0.05913791,WEF05,ONET06,McKinsey_FutureOfWork_2025,0.0,Stable,0.4,0.0
deliver change initiatives,1,0.641,MCK02,Advanced Communication & Collaboration,Moderate_Growth,0.4,0.28689656,0.28689656,0.26191574,0.2532282,0.024980813,MCK03,DEC03,McKinsey_FutureOfWork_2025,0.0,Stable,0.4,0.0
deliver value to customers,1,0.632,WEF05,Digital Platforms & E-commerce,Moderate_Growth,0.7,0.16525777,0.16525777,0.1642629,0.14765134,0.0009948611,MCK02,ONET06,WEF_FutureOfJobs_2025,0.0,Moderate_Growth,0.7,0.0
deliver value,1,0.606,MCK02,Advanced Communication & Collaboration,Moderate_Growth,0.4,0.19083777,0.19083777,0.15444106,0.12715882,0.036396712,ONET06,MCK05,McKinsey_FutureOfWork_2025,0.0,Stable,0.4,0.0
welcome visitors professionally,1,0.62,DEC03,Routine Maintenance Coding,Decline,-0.3,0.1188898,0.1188898,0.09175619,0.07563325,0.027133614,DEC02,MCK02,McKinsey_FutureOfWork_2023,0.0,Declining,0.0,0.0
visualize partner revenue,1,0.677,MCK02,Advanced Communication & Collaboration,Moderate_Growth,0.4,0.19211814,0.19211814,0.1580212,0.13071823,0.03409694,WEF05,ESCO02,McKinsey_FutureOfWork_2025,0.0,Stable,0.4,0.0
verify tolerances and finishes,1,0.702,ONET05,Quality Assurance & Testing,Moderate_Growth,0.55,0.161078,0.161078,0.11520702,0.061956674,0.04587099,DEC03,WEF08,ONET_BrightOutlook_2024,0.0,Moderate_Growth,0.7,0.0
validate ideas,1,0.672,MCK04,Critical Thinking & Problem Solving,Strong_Growth,0.8,0.23587656,0.23587656,0.1733563,0.16544518,0.062520266,WEF07,DEC03,McKinsey_FutureOfWork_2025,0.0,Strong_Growth,1.0,0.0
validate hardware,1,0.707,WEF03,Cybersecurity,Strong_Growth,0.9,0.17183864,0.17183864,0.14881879,0.13962571,0.02301985,MCK01,ONET05,WEF_FutureOfJobs_2025,0.0,Strong_Growth,1.0,0.0
use technology to solve customer problems,1,0.616,WEF05,Digital Platforms & E-commerce,Moderate_Growth,0.7,0.29213446,0.29213446,0.2828599,0.2546114,0.009274572,ESCO02,DEC03,WEF_FutureOfJobs_2025,0.0,Moderate_Growth,0.7,0.0
use Revit,1,0.69,DEC03,Routine Maintenance Coding,Decline,-0.3,0.17565371,0.17565371,0.15772545,0.08820079,0.017928258,ONET02,DEC02,McKinsey_FutureOfWork_2023,0.0,Declining,0.0,0.0
use independent judgment,1,0.611,MCK05,Resilience & Adaptability,Strong_Growth,0.75,0.08755492,0.08755492,0.02792274,0.007163531,0.059632175,MCK04,ONET06,WEF_FutureOfJobs_2025,0.0,Moderate_Growth,0.7,0.0
handle complex workflows,1,0.595,DEC03,Routine Maintenance Coding,Decline,-0.3,0.2714556,0.2714556,0.21043515,0.1824904,0.061020434,MCK01,MCK02,McKinsey_FutureOfWork_2023,0.0,Declining,0.0,0.0
handle complex pricing,1,0.592,ONET06,Blockchain & Distributed Systems,Moderate_Growth,0.5,0.19637863,0.19637863,0.13979217,0.11498025,0.05658646,MCK04,WEF05,ONET_BrightOutlook_2024,0.0,Moderate_Growth,0.7,0.0
handle complex buyers,1,0.591,MCK02,Advanced Communication & Collaboration,Moderate_Growth,0.4,0.17623124,0.17623124,0.16388205,0.14695922,0.012349188,WEF05,MCK04,McKinsey_FutureOfWork_2025,0.0,Stable,0.4,0.0
handle and manage confidential information,1,0.612,DEC01,Routine Data Entry & Clerical,Decline,-0.6,0.24519876,0.24519876,0.18800032,0.18717796,0.057198435,ONET02,MCK02,WEF_FutureOfJobs_2023,0.0,Declining,0.0,0.0
handle acoustic tracking,1,0.595,MCK01,Process Automation & RPA,Moderate_Growth,0.5,0.07103549,0.07103549,0.06931211,0.05568648,0.0017233789,DEC01,ESCO01,McKinsey_FutureOfWork_2025,0.0,Moderate_Growth,0.7,0.0
guide customers,1,0.61,MCK02,Advanced Communication & Collaboration,Moderate_Growth,0.4,0.24015658,0.24015658,0.1888596,0.17894506,0.05129698,ESCO02,DEC03,McKinsey_FutureOfWork_2025,0.0,Stable,0.4,0.0
grow relationships with clients,1,0.665,MCK02,Advanced Communication & Collaboration,Moderate_Growth,0.4,0.23490426,0.23490426,0.18558222,0.18254009,0.04932204,WEF05,ESCO02,McKinsey_FutureOfWork_2025,0.0,Stable,0.4,0.0
grow collection,1,0.569,MCK05,Resilience & Adaptability,Strong_Growth,0.75,0.22553104,0.22553104,0.17100725,0.10181448,0.054523796,ONET02,WEF04,WEF_FutureOfJobs_2025,0.0,Moderate_Growth,0.7,0.0
deliver a frictionless buying experience,1,0.638,WEF05,Digital Platforms & E-commerce,Moderate_Growth,0.7,0.19801232,0.19801232,0.17258243,0.15695816,0.02542989,DEC02,DEC03,WEF_FutureOfJobs_2025,0.0,Moderate_Growth,0.7,0.0
deliver a first class service,1,0.602,DEC03,Routine Maintenance Coding,Decline,-0.3,0.08495808,0.08495808,0.081067294,0.07779713,0.0038907826,ONET06,WEF05,McKinsey_FutureOfWork_2023,0.0,Declining,0.0,0.0
deliver a course,1,0.601,MCK02,Advanced Communication & Collaboration,Moderate_Growth,0.4,0.14179435,0.14179435,0.11991988,0.11064395,0.021874472,ESCO02,ESCO01,McKinsey_FutureOfWork_2025,0.0,Stable,0.4,0.0
deliberately document for the future,1,0.607,MCK02,Advanced Communication & Collaboration,Moderate_Growth,0.4,0.21507049,0.21507049,0.20061138,0.18644589,0.014459103,DEC01,DEC02,McKinsey_FutureOfWork_2025,0.0,Stable,0.4,0.0
define service boundaries,1,0.706,WEF04,Cloud Computing & Infrastructure,Strong_Growth,0.85,0.28430757,0.28430757,0.25974345,0.188308,0.024564117,ONET06,ONET02,WEF_FutureOfJobs_2025,0.0,Strong_Growth,1.0,0.0
define product vision,1,0.7,WEF05,Digital Platforms & E-commerce,Moderate_Growth,0.7,0.13876821,0.13876821,0.12753296,0.10944357,0.011235252,ESCO02,WEF07,WEF_FutureOfJobs_2025,0.0,Moderate_Growth,0.7,0.0
define dependency sequencing,1,0.71,MCK05,Resilience & Adaptability,Strong_Growth,0.75,0.11940097,0.11940097,0.11348786,0.108735844,0.0059131086,ONET06,DEC03,WEF_FutureOfJobs_2025,0.0,Moderate_Growth,0.7,0.0
define architectural patterns,1,0.628,ONET03,UX/UI & Digital Design,Moderate_Growth,0.55,0.2557825,0.2557825,0.25106987,0.24596924,0.0047126412,ESCO02,DEC03,ONET_BrightOutlook_2024,0.0,Moderate_Growth,0.7,0.0
decouple platform from games,1,0.591,ONET04,Game Development & Interactive Media,Moderate_Growth,0.6,0.2586449,0.2586449,0.21871035,0.18685259,0.03993456,ONET02,WEF05,ONET_BrightOutlook_2024,0.0,Moderate_Growth,0.7,0.0
decide on correct procedures,1,0.7,DEC01,Routine Data Entry & Clerical,Decline,-0.6,0.24248573,0.24248573,0.226031,0.22066371,0.016454726,DEC03,MCK04,WEF_FutureOfJobs_2023,0.0,Declining,0.0,0.0
deliver growth outcomes,1,0.593,MCK05,Resilience & Adaptability,Strong_Growth,0.75,0.29715326,0.29715326,0.24594918,0.1176983,0.051204085,MCK03,MCK02,WEF_FutureOfJobs_2025,0.0,Moderate_Growth,0.7,0.0
deliver functionality,1,0.621,MCK02,Advanced Communication & Collaboration,Moderate_Growth,0.4,0.26728114,0.26728114,0.2429491,0.2030753,0.024332047,DEC03,ONET03,McKinsey_FutureOfWork_2025,0.0,Stable,0.4,0.0
deliver for customers,1,0.635,WEF05,Digital Platforms & E-commerce,Moderate_Growth,0.7,0.17956144,0.17956144,0.15952754,0.118970856,0.020033896,MCK02,ONET06,WEF_FutureOfJobs_2025,0.0,Moderate_Growth,0.7,0.0
help to embed Modern Methods of Construction (MMC),1,0.614,DEC02,Legacy Web Development,Decline,-0.4,0.243289,0.243289,0.1589085,0.15847525,0.08438049,MCK02,ONET03,Expert_consensus,0.0,Declining,0.0,0.0
help shape future direction,1,0.606,MCK03,Leadership & People Development,Moderate_Growth,0.55,0.22104624,0.22104624,0.19143315,0.18135095,0.029613093,MCK02,WEF07,McKinsey_FutureOfWork_2025,0.0,Moderate_Growth,0.7,0.0
help define data product taxonomies and ownership,1,0.699,ONET06,Blockchain & Distributed Systems,Moderate_Growth,0.5,0.20473307,0.20473307,0.20305178,0.20020717,0.001681298,ONET02,DEC01,ONET_BrightOutlook_2024,0.0,Moderate_Growth,0.7,0.0
help customers modernize,1,0.611,DEC02,Legacy Web Development,Decline,-0.4,0.28601742,0.28601742,0.25366303,0.22465251,0.032354385,DEC03,WEF05,Expert_consensus,0.0,Declining,0.0,0.0
help customers consume products,1,0.61,WEF05,Digital Platforms & E-commerce,Moderate_Growth,0.7,0.22556314,0.22556314,0.12924463,0.11867494,0.09631851,ESCO02,DEC03,WEF_FutureOfJobs_2025,0.0,Moderate_Growth,0.7,0.0
help customers build homes,1,0.632,DEC03,Routine Maintenance Coding,Decline,-0.3,0.21778914,0.21778914,0.1994397,0.18499324,0.018349439,MCK02,DEC02,McKinsey_FutureOfWork_2023,0.0,Declining,0.0,0.0
handle scale,1,0.588,MCK05,Resilience & Adaptability,Strong_Growth,0.75,0.1357616,0.1357616,0.053144798,0.05021836,0.082616806,DEC03,WEF04,WEF_FutureOfJobs_2025,0.0,Moderate_Growth,0.7,0.0
handle multi-source data,1,0.595,WEF02,Big Data & Analytics,Strong_Growth,0.9,0.2366387,0.2366387,0.1885648,0.17705534,0.048073888,DEC01,ONET06,WEF_FutureOfJobs_2025,0.0,Strong_Growth,1.0,0.0
handle customer requests,1,0.611,WEF05,Digital Platforms & E-commerce,Moderate_Growth,0.7,0.10958364,0.10958364,0.10720073,0.09869369,0.0023829117,ESCO02,DEC03,WEF_FutureOfJobs_2025,0.0,Moderate_Growth,0.7,0.0
identify potential CAT I/II/III findings,1,0.704,WEF03,Cybersecurity,Strong_Growth,0.9,0.10506189,0.10506189,0.09401965,0.09122795,0.011042237,DEC01,ONET03,WEF_FutureOfJobs_2025,0.0,Strong_Growth,1.0,0.0
identify issues related to outstanding payments,1,0.703,ONET06,Blockchain & Distributed Systems,Moderate_Growth,0.5,0.17812143,0.17812143,0.16415955,0.1461789,0.013961881,DEC03,DEC01,ONET_BrightOutlook_2024,0.0,Moderate_Growth,0.7,0.0
identify false positives,1,0.704,WEF03,Cybersecurity,Strong_Growth,0.9,0.12847559,0.12847559,0.09910703,0.07592578,0.029368564,ONET05,DEC01,WEF_FutureOfJobs_2025,0.0,Strong_Growth,1.0,0.0
identify corrective actions,1,0.679,WEF07,Human-AI Collaboration,Strong_Growth,0.95,0.1977851,0.1977851,0.18650332,0.18642285,0.011281773,DEC03,MCK01,WEF_FutureOfJobs_2025,0.0,Strong_Growth,1.0,0.0
identify content,1,0.676,ONET03,UX/UI & Digital Design,Moderate_Growth,0.55,0.15368661,0.15368661,0.12681827,0.119282916,0.026868343,DEC01,WEF05,ONET_BrightOutlook_2024,0.0,Moderate_Growth,0.7,0.0
implement mathematical models,1,0.628,ONET06,Blockchain & Distributed Systems,Moderate_Growth,0.5,0.24239555,0.24239555,0.23387109,0.20698121,0.008524463,WEF01,ESCO02,ONET_BrightOutlook_2024,0.0,Moderate_Growth,0.7,0.0
implement enterprise-grade networks,1,0.632,MCK02,Advanced Communication & Collaboration,Moderate_Growth,0.4,0.29157996,0.29157996,0.2806263,0.26701954,0.010953665,WEF05,ONET06,McKinsey_FutureOfWork_2025,0.0,Stable,0.4,0.0
implement effective caching strategies,1,0.627,DEC03,Routine Maintenance Coding,Decline,-0.3,0.28187948,0.28187948,0.249047,0.21387851,0.03283249,DEC02,ONET02,McKinsey_FutureOfWork_2023,0.0,Declining,0.0,0.0
implement data fusion,1,0.7,WEF02,Big Data & Analytics,Strong_Growth,0.9,0.24003139,0.24003139,0.19568758,0.16404378,0.044343814,WEF01,DEC01,WEF_FutureOfJobs_2025,0.0,Strong_Growth,1.0,0.0
implement data exploitation,1,0.709,ONET02,Database & Systems Administration,Moderate_Growth,0.5,0.24714121,0.24714121,0.22711933,0.21832095,0.020021886,DEC03,WEF02,ONET_BrightOutlook_2024,0.0,Moderate_Growth,0.7,0.0
implement data display,1,0.702,DEC01,Routine Data Entry & Clerical,Decline,-0.6,0.25140738,0.25140738,0.22234207,0.19886494,0.029065311,WEF02,ONET03,WEF_FutureOfJobs_2023,0.0,Declining,0.0,0.0
create visual reports,1,0.671,MCK02,Advanced Communication & Collaboration,Moderate_Growth,0.4,0.21998706,0.21998706,0.21640748,0.18260531,0.0035795867,ONET03,DEC03,McKinsey_FutureOfWork_2025,0.0,Stable,0.4,0.0
create strong documentation,1,0.709,MCK02,Advanced Communication & Collaboration,Moderate_Growth,0.4,0.29096135,0.29096135,0.26935542,0.2066339,0.021605939,DEC03,DEC02,McKinsey_FutureOfWork_2025,0.0,Stable,0.4,0.0
create strong delivery processes,1,0.675,MCK02,Advanced Communication & Collaboration,Moderate_Growth,0.4,0.20657897,0.20657897,0.200789,0.17790687,0.0057899654,MCK05,ONET02,McKinsey_FutureOfWork_2025,0.0,Stable,0.4,0.0
create state management,1,0.644,ONET06,Blockchain & Distributed Systems,Moderate_Growth,0.5,0.20384817,0.20384817,0.19151205,0.14859343,0.01233612,ONET02,MCK03,ONET_BrightOutlook_2024,0.0,Moderate_Growth,0.7,0.0
create SOPs,1,0.665,DEC02,Legacy Web Development,Decline,-0.4,0.14213729,0.14213729,0.124360904,0.11766539,0.017776385,ONET03,DEC03,Expert_consensus,0.0,Declining,0.0,0.0
create robust data models,1,0.696,MCK05,Resilience & Adaptability,Strong_Growth,0.75,0.20595951,0.20595951,0.16677223,0.15999345,0.039187282,ONET02,DEC03,WEF_FutureOfJobs_2025,0.0,Moderate_Growth,0.7,0.0
create python code,1,0.696,DEC03,Routine Maintenance Coding,Decline,-0.3,0.24374944,0.24374944,0.18029547,0.16228026,0.06345397,MCK01,WEF07,McKinsey_FutureOfWork_2023,0.0,Declining,0.0,0.0
create Power BI dashboards,1,0.668,WEF02,Big Data & Analytics,Strong_Growth,0.9,0.18611133,0.18611133,0.16010095,0.1472916,0.02601038,ESCO02,WEF06,WEF_FutureOfJobs_2025,0.0,Strong_Growth,1.0,0.0
create paginated reports,1,0.675,MCK04,Critical Thinking & Problem Solving,Strong_Growth,0.8,0.08563914,0.08563914,0.07361834,0.06480246,0.012020804,DEC01,WEF02,McKinsey_FutureOfWork_2025,0.0,Strong_Growth,1.0,0.0
implement data aggregation,1,0.707,WEF02,Big Data & Analytics,Strong_Growth,0.9,0.28220642,0.28220642,0.2503721,0.18861756,0.031834304,ONET02,ONET06,WEF_FutureOfJobs_2025,0.0,Strong_Growth,1.0,0.0
implement consistency improvements,1,0.606,DEC03,Routine Maintenance Coding,Decline,-0.3,0.23754513,0.23754513,0.12757686,0.09635186,0.109968275,DEC02,ONET02,McKinsey_FutureOfWork_2023,0.0,Declining,0.0,0.0
implement CI/CD for data pipelines,1,0.67,ONET05,Quality Assurance & Testing,Moderate_Growth,0.55,0.2822752,0.2822752,0.27951837,0.26663542,0.002756834,WEF04,MCK01,ONET_BrightOutlook_2024,0.0,Moderate_Growth,0.7,0.0
improve product outcomes,1,0.675,DEC03,Routine Maintenance Coding,Decline,-0.3,0.19417185,0.19417185,0.15544328,0.15085447,0.038728565,WEF05,MCK02,McKinsey_FutureOfWork_2023,0.0,Declining,0.0,0.0
improve pneumatic ejection performance,1,0.681,MCK01,Process Automation & RPA,Moderate_Growth,0.5,0.03899777,0.03899777,0.014459846,0.011400568,0.024537925,ONET04,ONET03,McKinsey_FutureOfWork_2025,0.0,Moderate_Growth,0.7,0.0
improve network programmability,1,0.715,ONET06,Blockchain & Distributed Systems,Moderate_Growth,0.5,0.1694176,0.1694176,0.16337644,0.14347395,0.006041169,DEC03,ONET02,ONET_BrightOutlook_2024,0.0,Moderate_Growth,0.7,0.0
improve components,1,0.68,DEC03,Routine Maintenance Coding,Decline,-0.3,0.25323492,0.25323492,0.24276906,0.1539892,0.01046586,DEC02,ONET03,McKinsey_FutureOfWork_2023,0.0,Declining,0.0,0.0
implement Windows Autopilot,1,0.679,MCK01,Process Automation & RPA,Moderate_Growth,0.5,0.27406836,0.27406836,0.25521386,0.22349136,0.018854499,WEF07,WEF01,McKinsey_FutureOfWork_2025,0.0,Moderate_Growth,0.7,0.0
implement solutions,1,0.712,DEC03,Routine Maintenance Coding,Decline,-0.3,0.29551888,0.29551888,0.267472,0.26481676,0.028046876,MCK04,ONET06,McKinsey_FutureOfWork_2023,0.0,Declining,0.0,0.0
implement SCCM Intune co-management,1,0.598,ESCO01,Project Management & Agile Methodologies,Moderate_Growth,0.55,0.2762692,0.2762692,0.2515441,0.23145972,0.02472511,MCK02,ONET02,ESCO_v1.2_2024,0.0,Moderate_Growth,0.7,0.0
implement robust observability,1,0.713,MCK05,Resilience & Adaptability,Strong_Growth,0.75,0.15368639,0.15368639,0.11508724,0.10664084,0.03859915,DEC03,WEF03,WEF_FutureOfJobs_2025,0.0,Moderate_Growth,0.7,0.0
implement robust monitoring,1,0.625,ONET02,Database & Systems Administration,Moderate_Growth,0.5,0.20415983,0.20415983,0.19440272,0.12513319,0.009757102,DEC03,MCK05,ONET_BrightOutlook_2024,0.0,Moderate_Growth,0.7,0.0
implement robust alerting,1,0.706,DEC03,Routine Maintenance Coding,Decline,-0.3,0.16505578,0.16505578,0.12066867,0.1138598,0.04438711,MCK01,WEF07,McKinsey_FutureOfWork_2023,0.0,Declining,0.0,0.0
implement process improvements,1,0.603,DEC03,Routine Maintenance Coding,Decline,-0.3,0.28932798,0.28932798,0.23835823,0.177655,0.05096975,MCK01,MCK02,McKinsey_FutureOfWork_2023,0.0,Declining,0.0,0.0
inform product decisions,1,0.639,ESCO02,Business Analysis & Requirements Engineering,Moderate_Growth,0.5,0.2387596,0.2387596,0.19584304,0.18993898,0.042916566,MCK02,DEC03,ESCO_v1.2_2024,0.0,Moderate_Growth,0.7,0.0
inform marketing strategies,1,0.625,WEF05,Digital Platforms & E-commerce,Moderate_Growth,0.7,0.28876913,0.28876913,0.25393158,0.21422473,0.034837544,ESCO02,ESCO01,WEF_FutureOfJobs_2025,0.0,Moderate_Growth,0.7,0.0
inform campaign decisions,1,0.64,ESCO02,Business Analysis & Requirements Engineering,Moderate_Growth,0.5,0.16765454,0.16765454,0.14297149,0.1388697,0.024683058,MCK02,MCK03,ESCO_v1.2_2024,0.0,Moderate_Growth,0.7,0.0
influence product development,1,0.617,MCK02,Advanced Communication & Collaboration,Moderate_Growth,0.4,0.27440602,0.27440602,0.24884501,0.2138195,0.025561005,ESCO02,MCK03,McKinsey_FutureOfWork_2025,0.0,Stable,0.4,0.0
influence decision-making,1,0.621,MCK03,Leadership & People Development,Moderate_Growth,0.55,0.20239735,0.20239735,0.18643326,0.17173837,0.01596409,MCK02,MCK05,McKinsey_FutureOfWork_2025,0.0,Moderate_Growth,0.7,0.0
influence company strategy,1,0.613,ESCO01,Project Management & Agile Methodologies,Moderate_Growth,0.55,0.23131664,0.23131664,0.22049233,0.20879668,0.010824308,MCK03,MCK02,ESCO_v1.2_2024,0.0,Moderate_Growth,0.7,0.0
increase deployment consistency,1,0.645,DEC03,Routine Maintenance Coding,Decline,-0.3,0.25563455,0.25563455,0.20882249,0.16298783,0.046812057,WEF04,DEC02,McKinsey_FutureOfWork_2023,0.0,Declining,0.0,0.0
create mechanical components,1,0.71,ONET03,UX/UI & Digital Design,Moderate_Growth,0.55,0.21493313,0.21493313,0.19258268,0.16163537,0.022350445,MCK01,DEC03,ONET_BrightOutlook_2024,0.0,Moderate_Growth,0.7,0.0
"create high-performing, sustainable, and award-winning buildings",1,0.715,WEF06,Environmental & Sustainability Technology,Moderate_Growth,0.6,0.24459098,0.24459098,0.20441946,0.17418621,0.04017152,MCK05,ESCO01,WEF_FutureOfJobs_2025,0.0,Moderate_Growth,0.7,0.0
create global offer launch preparation,1,0.673,MCK02,Advanced Communication & Collaboration,Moderate_Growth,0.4,0.23789817,0.23789817,0.20489758,0.19290909,0.03300059,ESCO02,ONET04,McKinsey_FutureOfWork_2025,0.0,Stable,0.4,0.0
"create fun, share-worthy moments of reflection",1,0.673,DEC03,Routine Maintenance Coding,Decline,-0.3,0.17077002,0.17077002,0.15228182,0.1419162,0.018488199,MCK05,MCK02,McKinsey_FutureOfWork_2023,0.0,Declining,0.0,0.0
create content,1,0.672,DEC02,Legacy Web Development,Decline,-0.4,0.19547315,0.19547315,0.17271498,0.16207817,0.022758171,ONET04,DEC03,Expert_consensus,0.0,Declining,0.0,0.0
create CI/CD pipelines,1,0.702,ONET05,Quality Assurance & Testing,Moderate_Growth,0.55,0.27957952,0.27957952,0.25907034,0.24387155,0.020509183,WEF04,MCK01,ONET_BrightOutlook_2024,0.0,Moderate_Growth,0.7,0.0
create business and revenue models,1,0.699,ESCO02,Business Analysis & Requirements Engineering,Moderate_Growth,0.5,0.27644104,0.27644104,0.24107948,0.22555506,0.03536156,WEF05,ONET06,ESCO_v1.2_2024,0.0,Moderate_Growth,0.7,0.0
create build jobs,1,0.665,ONET01,Software Development & Engineering,Moderate_Growth,0.65,0.27154306,0.27154306,0.2712839,0.26322147,0.000259161,ESCO02,MCK03,ONET_BrightOutlook_2024,0.0,Moderate_Growth,0.7,0.0
create application architecture,1,0.731,ONET03,UX/UI & Digital Design,Moderate_Growth,0.55,0.22956112,0.22956112,0.21453665,0.20606971,0.015024468,ESCO02,ONET01,ONET_BrightOutlook_2024,0.0,Moderate_Growth,0.7,0.0
create an inclusive environment,1,0.61,MCK02,Advanced Communication & Collaboration,Moderate_Growth,0.4,0.24374783,0.24374783,0.21904218,0.20465812,0.024705648,WEF06,WEF04,McKinsey_FutureOfWork_2025,0.0,Stable,0.4,0.0
debug hardware,1,0.701,DEC03,Routine Maintenance Coding,Decline,-0.3,0.24145196,0.24145196,0.20018959,0.19382228,0.041262373,DEC02,ONET02,McKinsey_FutureOfWork_2023,0.0,Declining,0.0,0.0
deal with complex escalated issues,1,0.606,MCK04,Critical Thinking & Problem Solving,Strong_Growth,0.8,0.17566639,0.17566639,0.16362551,0.0967838,0.012040883,MCK02,WEF07,McKinsey_FutureOfWork_2025,0.0,Strong_Growth,1.0,0.0
improve Ubuntu,1,0.701,DEC03,Routine Maintenance Coding,Decline,-0.3,0.2975666,0.2975666,0.24981965,0.21389058,0.04774694,DEC02,ONET02,McKinsey_FutureOfWork_2023,0.0,Declining,0.0,0.0
improve stability,1,0.707,MCK05,Resilience & Adaptability,Strong_Growth,0.75,0.24806912,0.24806912,0.19261101,0.14620164,0.055458114,DEC03,DEC02,WEF_FutureOfJobs_2025,0.0,Moderate_Growth,0.7,0.0
integrate Intune with other services,1,0.671,ONET02,Database & Systems Administration,Moderate_Growth,0.5,0.20214242,0.20214242,0.13222365,0.114731394,0.06991877,WEF04,WEF05,ONET_BrightOutlook_2024,0.0,Moderate_Growth,0.7,0.0
integrate content,1,0.678,MCK02,Advanced Communication & Collaboration,Moderate_Growth,0.4,0.21839012,0.21839012,0.21080777,0.20745507,0.0075823516,DEC02,ONET03,McKinsey_FutureOfWork_2025,0.0,Stable,0.4,0.0
integrate actuators,1,0.712,MCK01,Process Automation & RPA,Moderate_Growth,0.5,0.16773836,0.16773836,0.12209672,0.100747585,0.045641646,MCK05,ONET03,McKinsey_FutureOfWork_2025,0.0,Moderate_Growth,0.7,0.0
install plugins,1,0.674,DEC02,Legacy Web Development,Decline,-0.4,0.15551881,0.15551881,0.14796093,0.0751088,0.007557884,ONET02,DEC03,Expert_consensus,0.0,Declining,0.0,0.0
install audio systems,1,0.7,ONET02,Database & Systems Administration,Moderate_Growth,0.5,0.16681127,0.16681127,0.1290721,0.116582245,0.037739173,DEC02,ONET03,ONET_BrightOutlook_2024,0.0,Moderate_Growth,0.7,0.0
use data to influence decisions,1,0.696,WEF02,Big Data & Analytics,Strong_Growth,0.9,0.23612587,0.23612587,0.18073273,0.17512943,0.055393144,DEC01,WEF01,WEF_FutureOfJobs_2025,0.0,Strong_Growth,1.0,0.0
use causal inference methods,1,0.592,MCK03,Leadership & People Development,Moderate_Growth,0.55,0.14244142,0.14244142,0.13139804,0.12308506,0.011043385,MCK04,WEF08,McKinsey_FutureOfWork_2025,0.0,Moderate_Growth,0.7,0.0
use Bluebeam,1,0.696,ONET02,Database & Systems Administration,Moderate_Growth,0.5,0.10895423,0.10895423,0.09894664,0.09657894,0.01000759,ONET03,DEC02,ONET_BrightOutlook_2024,0.0,Moderate_Growth,0.7,0.0
use AutoCAD,1,0.694,ONET03,UX/UI & Digital Design,Moderate_Growth,0.55,0.16562489,0.16562489,0.13630831,0.13597187,0.029316574,DEC03,MCK01,ONET_BrightOutlook_2024,0.0,Moderate_Growth,0.7,0.0
use a range of equipment and techniques,1,0.693,MCK02,Advanced Communication & Collaboration,Moderate_Growth,0.4,0.29566693,0.29566693,0.2302638,0.21616009,0.06540313,DEC01,DEC03,McKinsey_FutureOfWork_2025,0.0,Stable,0.4,0.0
uphold standards of safety and effectiveness,1,0.592,WEF03,Cybersecurity,Strong_Growth,0.9,0.24872684,0.24872684,0.21215568,0.1706861,0.03657116,MCK05,DEC03,WEF_FutureOfJobs_2025,0.0,Strong_Growth,1.0,0.0
update data,1,0.586,DEC03,Routine Maintenance Coding,Decline,-0.3,0.24348703,0.24348703,0.22615516,0.16745153,0.017331868,DEC01,WEF02,McKinsey_FutureOfWork_2023,0.0,Declining,0.0,0.0
understand users,1,0.622,ONET03,UX/UI & Digital Design,Moderate_Growth,0.55,0.24920169,0.24920169,0.1800406,0.16819051,0.06916109,MCK02,DEC03,ONET_BrightOutlook_2024,0.0,Moderate_Growth,0.7,0.0
understand retail operations,1,0.6,WEF05,Digital Platforms & E-commerce,Moderate_Growth,0.7,0.27611262,0.27611262,0.25635654,0.24755193,0.019756079,ONET02,DEC01,WEF_FutureOfJobs_2025,0.0,Moderate_Growth,0.7,0.0
interpret design and production effort,1,0.673,ESCO02,Business Analysis & Requirements Engineering,Moderate_Growth,0.5,0.26585153,0.26585153,0.2650775,0.25441676,0.0007740259,MCK02,ONET03,ESCO_v1.2_2024,0.0,Moderate_Growth,0.7,0.0
interpret complex datasets,1,0.678,WEF02,Big Data & Analytics,Strong_Growth,0.9,0.24996468,0.24996468,0.24331346,0.19834048,0.0066512227,DEC01,WEF01,WEF_FutureOfJobs_2025,0.0,Strong_Growth,1.0,0.0
interface with customers,1,0.634,ONET03,UX/UI & Digital Design,Moderate_Growth,0.55,0.21977124,0.21977124,0.2171465,0.18840909,0.0026247352,WEF05,MCK02,ONET_BrightOutlook_2024,0.0,Moderate_Growth,0.7,0.0
interface with business continuity plan management,1,0.66,ESCO02,Business Analysis & Requirements Engineering,Moderate_Growth,0.5,0.27898103,0.27898103,0.2147825,0.19992232,0.064198524,DEC01,ONET02,ESCO_v1.2_2024,0.0,Moderate_Growth,0.7,0.0
interact with managed service providers,1,0.61,ONET02,Database & Systems Administration,Moderate_Growth,0.5,0.20058009,0.20058009,0.19883046,0.17810822,0.0017496347,WEF04,WEF05,ONET_BrightOutlook_2024,0.0,Moderate_Growth,0.7,0.0
integrate with source control systems,1,0.672,MCK02,Advanced Communication & Collaboration,Moderate_Growth,0.4,0.2836024,0.2836024,0.27194288,0.24700451,0.011659503,MCK01,ONET02,McKinsey_FutureOfWork_2025,0.0,Stable,0.4,0.0
integrate with REST/GraphQL APIs,1,0.704,ONET02,Database & Systems Administration,Moderate_Growth,0.5,0.25808686,0.25808686,0.2261544,0.17560458,0.03193246,ONET01,WEF02,ONET_BrightOutlook_2024,0.0,Moderate_Growth,0.7,0.0
integrate with other tools,1,0.668,ONET02,Database & Systems Administration,Moderate_Growth,0.5,0.2683108,0.2683108,0.26163715,0.23983552,0.006673634,MCK02,MCK01,ONET_BrightOutlook_2024,0.0,Moderate_Growth,0.7,0.0
integrate with APIs,1,0.668,ONET02,Database & Systems Administration,Moderate_Growth,0.5,0.18588723,0.18588723,0.18486978,0.17326167,0.0010174513,MCK01,ONET03,ONET_BrightOutlook_2024,0.0,Moderate_Growth,0.7,0.0
integrate valves,1,0.705,MCK01,Process Automation & RPA,Moderate_Growth,0.5,0.17095412,0.17095412,0.16470534,0.1454682,0.006248787,WEF04,WEF01,McKinsey_FutureOfWork_2025,0.0,Moderate_Growth,0.7,0.0
integrate sensors,1,0.707,WEF01,AI & Machine Learning,Strong_Growth,1.0,0.17285457,0.17285457,0.1666935,0.15645616,0.006161079,MCK01,WEF02,WEF_FutureOfJobs_2025,0.0,Strong_Growth,1.0,0.0
integrate mathematical research,1,0.715,WEF02,Big Data & Analytics,Strong_Growth,0.9,0.2097546,0.2097546,0.20250109,0.1988393,0.0072535127,ONET02,ESCO02,WEF_FutureOfJobs_2025,0.0,Strong_Growth,1.0,0.0
lead forecasting,1,0.571,WEF01,AI & Machine Learning,Strong_Growth,1.0,0.20834845,0.20834845,0.1835551,0.17010573,0.024793357,ESCO01,WEF02,WEF_FutureOfJobs_2025,0.0,Strong_Growth,1.0,0.0
lead financial modeling,1,0.594,ONET06,Blockchain & Distributed Systems,Moderate_Growth,0.5,0.2374171,0.2374171,0.22197564,0.21669033,0.015441462,ONET02,ESCO02,ONET_BrightOutlook_2024,0.0,Moderate_Growth,0.7,0.0
work in moderate to loud noise levels,1,0.6,MCK05,Resilience & Adaptability,Strong_Growth,0.75,0.17007644,0.17007644,0.13319933,0.12822011,0.03687711,DEC01,MCK02,WEF_FutureOfJobs_2025,0.0,Moderate_Growth,0.7,0.0
work in ambiguity,1,0.629,MCK02,Advanced Communication & Collaboration,Moderate_Growth,0.4,0.18773347,0.18773347,0.17831486,0.15281397,0.009418607,MCK05,MCK04,McKinsey_FutureOfWork_2025,0.0,Stable,0.4,0.0
work in a smoking environment,1,0.602,MCK05,Resilience & Adaptability,Strong_Growth,0.75,0.23471718,0.23471718,0.17748444,0.15651616,0.057232738,WEF06,ONET05,WEF_FutureOfJobs_2025,0.0,Moderate_Growth,0.7,0.0
work in a creative fast-paced environment,1,0.606,DEC03,Routine Maintenance Coding,Decline,-0.3,0.27653086,0.27653086,0.26653537,0.24743387,0.00999549,MCK02,MCK05,McKinsey_FutureOfWork_2023,0.0,Declining,0.0,0.0
work in a close-knit family atmosphere,1,0.631,MCK05,Resilience & Adaptability,Strong_Growth,0.75,0.24196525,0.24196525,0.20463333,0.18014261,0.037331924,MCK02,MCK03,WEF_FutureOfJobs_2025,0.0,Moderate_Growth,0.7,0.0
"work evenings, weekends, holidays, and special events",1,0.608,DEC03,Routine Maintenance Coding,Decline,-0.3,0.23223141,0.23223141,0.22157106,0.18895818,0.01066035,MCK05,MCK03,McKinsey_FutureOfWork_2023,0.0,Declining,0.0,0.0
work evenings and weekends for events,1,0.603,MCK02,Advanced Communication & Collaboration,Moderate_Growth,0.4,0.16621979,0.16621979,0.1623816,0.15368506,0.0038381815,ONET02,MCK05,McKinsey_FutureOfWork_2025,0.0,Stable,0.4,0.0
create out-of-the-box observability,1,0.716,WEF07,Human-AI Collaboration,Strong_Growth,0.95,0.17300135,0.17300135,0.16459738,0.1616099,0.008403972,DEC03,MCK05,WEF_FutureOfJobs_2025,0.0,Strong_Growth,1.0,0.0
lead a stream of work,1,0.596,MCK02,Advanced Communication & Collaboration,Moderate_Growth,0.4,0.21548304,0.21548304,0.2084957,0.14273265,0.0069873333,MCK03,MCK01,McKinsey_FutureOfWork_2025,0.0,Stable,0.4,0.0
lead a group of applied scientists,1,0.629,MCK03,Leadership & People Development,Moderate_Growth,0.55,0.258138,0.258138,0.24503763,0.20726532,0.013100371,MCK02,WEF07,McKinsey_FutureOfWork_2025,0.0,Moderate_Growth,0.7,0.0
create a polished office environment,1,0.7,DEC02,Legacy Web Development,Decline,-0.4,0.28386858,0.28386858,0.28145963,0.26369956,0.0024089515,DEC03,ONET03,Expert_consensus,0.0,Declining,0.0,0.0
craft benchmarks,1,0.622,DEC03,Routine Maintenance Coding,Decline,-0.3,0.249736,0.249736,0.24012908,0.19758226,0.009606913,DEC02,ONET03,McKinsey_FutureOfWork_2023,0.0,Declining,0.0,0.0
"craft a polished, dynamic mobile UI",1,0.586,DEC02,Legacy Web Development,Decline,-0.4,0.26804692,0.26804692,0.26138857,0.17621496,0.0066583455,ONET03,DEC03,Expert_consensus,0.0,Declining,0.0,0.0
coordinate with suppliers,1,0.64,WEF05,Digital Platforms & E-commerce,Moderate_Growth,0.7,0.1391691,0.1391691,0.13195464,0.09759647,0.007214457,MCK02,ESCO02,WEF_FutureOfJobs_2025,0.0,Moderate_Growth,0.7,0.0
coordinate with shippers,1,0.639,MCK02,Advanced Communication & Collaboration,Moderate_Growth,0.4,0.09065905,0.09065905,0.042139936,0.036279604,0.048519116,MCK03,ONET06,McKinsey_FutureOfWork_2025,0.0,Stable,0.4,0.0
coordinate with electricians,1,0.644,ONET03,UX/UI & Digital Design,Moderate_Growth,0.55,0.11231142,0.11231142,0.09544373,0.059181314,0.01686769,MCK01,WEF06,ONET_BrightOutlook_2024,0.0,Moderate_Growth,0.7,0.0
coordinate with building management and vendors,1,0.61,MCK02,Advanced Communication & Collaboration,Moderate_Growth,0.4,0.26288444,0.26288444,0.2588991,0.23185575,0.0039853454,ESCO01,ESCO02,McKinsey_FutureOfWork_2025,0.0,Stable,0.4,0.0
coordinate with asset management,1,0.569,ESCO01,Project Management & Agile Methodologies,Moderate_Growth,0.55,0.18840039,0.18840039,0.14079282,0.12182263,0.04760757,ONET02,ESCO02,ESCO_v1.2_2024,0.0,Moderate_Growth,0.7,0.0
coordinate tasks in a fast-paced setting,1,0.605,WEF07,Human-AI Collaboration,Strong_Growth,0.95,0.14505875,0.14505875,0.13102879,0.12839556,0.014029965,DEC01,DEC03,WEF_FutureOfJobs_2025,0.0,Strong_Growth,1.0,0.0
coordinate support within a division,1,0.635,WEF03,Cybersecurity,Strong_Growth,0.9,0.033665296,0.033665296,0.019381834,0.0103214355,0.0142834615,ONET06,MCK05,WEF_FutureOfJobs_2025,0.0,Strong_Growth,1.0,0.0
work in remote mine sites with significant diversity,1,0.604,MCK02,Advanced Communication & Collaboration,Moderate_Growth,0.4,0.26032856,0.26032856,0.17072839,0.1689566,0.089600176,DEC02,WEF04,McKinsey_FutureOfWork_2025,0.0,Stable,0.4,0.0
lead planning capability,1,0.639,ESCO01,Project Management & Agile Methodologies,Moderate_Growth,0.55,0.29736713,0.29736713,0.28516006,0.28278428,0.012207061,WEF07,MCK03,ESCO_v1.2_2024,0.0,Moderate_Growth,0.7,0.0
lead performance analysis,1,0.597,MCK03,Leadership & People Development,Moderate_Growth,0.55,0.21888356,0.21888356,0.20619744,0.195337,0.0126861185,ESCO01,ONET02,McKinsey_FutureOfWork_2025,0.0,Moderate_Growth,0.7,0.0
lead mechanical design,1,0.702,ONET03,UX/UI & Digital Design,Moderate_Growth,0.55,0.17024356,0.17024356,0.15640381,0.14897454,0.0138397515,MCK02,MCK01,ONET_BrightOutlook_2024,0.0,Moderate_Growth,0.7,0.0
lead large features from idea to launch,1,0.601,MCK02,Advanced Communication & Collaboration,Moderate_Growth,0.4,0.22425228,0.22425228,0.20958954,0.19798288,0.014662743,DEC03,ESCO02,McKinsey_FutureOfWork_2025,0.0,Stable,0.4,0.0
lead investigations,1,0.617,MCK03,Leadership & People Development,Moderate_Growth,0.55,0.20296103,0.20296103,0.16882771,0.16207242,0.034133315,MCK04,ONET02,McKinsey_FutureOfWork_2025,0.0,Moderate_Growth,0.7,0.0
lead forecasting efforts,1,0.57,MCK03,Leadership & People Development,Moderate_Growth,0.55,0.26064393,0.26064393,0.25567573,0.23377837,0.004968196,ESCO01,WEF07,McKinsey_FutureOfWork_2025,0.0,Moderate_Growth,0.7,0.0
lead with empathy,1,0.684,MCK03,Leadership & People Development,Moderate_Growth,0.55,0.2164658,0.2164658,0.18260154,0.1662847,0.03386426,WEF07,MCK02,McKinsey_FutureOfWork_2025,0.0,Moderate_Growth,0.7,0.0
lead VXLAN deployments,1,0.619,ONET03,UX/UI & Digital Design,Moderate_Growth,0.55,0.18903142,0.18903142,0.17953695,0.15601483,0.009494469,MCK02,WEF04,ONET_BrightOutlook_2024,0.0,Moderate_Growth,0.7,0.0
lead technical investigations,1,0.617,MCK02,Advanced Communication & Collaboration,Moderate_Growth,0.4,0.24538535,0.24538535,0.2106831,0.18645056,0.03470224,ESCO02,MCK04,McKinsey_FutureOfWork_2025,0.0,Stable,0.4,0.0
lead solution design,1,0.699,MCK02,Advanced Communication & Collaboration,Moderate_Growth,0.4,0.19166626,0.19166626,0.16062017,0.13416179,0.031046093,MCK04,WEF07,McKinsey_FutureOfWork_2025,0.0,Stable,0.4,0.0
lead solution architecture,1,0.645,MCK02,Advanced Communication & Collaboration,Moderate_Growth,0.4,0.28932616,0.28932616,0.2831946,0.2653877,0.0061315596,WEF07,ONET02,McKinsey_FutureOfWork_2025,0.0,Stable,0.4,0.0
lead Severe Storm planning,1,0.632,ESCO01,Project Management & Agile Methodologies,Moderate_Growth,0.55,0.2940104,0.2940104,0.21301645,0.20191297,0.08099395,MCK04,MCK02,ESCO_v1.2_2024,0.0,Moderate_Growth,0.7,0.0
lead ServiceNow programme delivery,1,0.597,MCK02,Advanced Communication & Collaboration,Moderate_Growth,0.4,0.22402754,0.22402754,0.19953476,0.18791023,0.024492785,MCK03,WEF07,McKinsey_FutureOfWork_2025,0.0,Stable,0.4,0.0
leverage SQL for solutions,1,0.564,DEC03,Routine Maintenance Coding,Decline,-0.3,0.28722304,0.28722304,0.24920256,0.24778166,0.038020477,MCK04,ONET02,McKinsey_FutureOfWork_2023,0.0,Declining,0.0,0.0
leverage Python for solutions,1,0.567,DEC03,Routine Maintenance Coding,Decline,-0.3,0.26793146,0.26793146,0.24091938,0.21432522,0.02701208,MCK04,WEF07,McKinsey_FutureOfWork_2023,0.0,Declining,0.0,0.0
leverage MS Purview,1,0.564,ESCO02,Business Analysis & Requirements Engineering,Moderate_Growth,0.5,0.16805518,0.16805518,0.15908444,0.15493898,0.008970737,MCK02,WEF02,ESCO_v1.2_2024,0.0,Moderate_Growth,0.7,0.0
"leverage Java to deliver reliable, scalable solutions",1,0.592,DEC03,Routine Maintenance Coding,Decline,-0.3,0.29504743,0.29504743,0.2595987,0.2520103,0.03544873,DEC02,ONET02,McKinsey_FutureOfWork_2023,0.0,Declining,0.0,0.0
coordinate shipments and deliveries,1,0.597,MCK02,Advanced Communication & Collaboration,Moderate_Growth,0.4,0.13936046,0.13936046,0.13012394,0.12334786,0.009236515,WEF05,WEF04,McKinsey_FutureOfWork_2025,0.0,Stable,0.4,0.0
coordinate releases,1,0.617,DEC03,Routine Maintenance Coding,Decline,-0.3,0.121230975,0.121230975,0.10104306,0.08252328,0.020187914,ONET02,ONET04,McKinsey_FutureOfWork_2023,0.0,Declining,0.0,0.0
coordinate projects,1,0.645,MCK02,Advanced Communication & Collaboration,Moderate_Growth,0.4,0.27344364,0.27344364,0.2611152,0.23882616,0.012328446,ESCO01,ONET03,McKinsey_FutureOfWork_2025,0.0,Stable,0.4,0.0
coordinate program execution,1,0.681,ONET02,Database & Systems Administration,Moderate_Growth,0.5,0.12196508,0.12196508,0.11784808,0.099512205,0.004116997,DEC03,ONET03,ONET_BrightOutlook_2024,0.0,Moderate_Growth,0.7,0.0
coordinate people-related projects,1,0.649,MCK03,Leadership & People Development,Moderate_Growth,0.55,0.26700988,0.26700988,0.26396427,0.2563062,0.0030456185,MCK02,WEF07,McKinsey_FutureOfWork_2025,0.0,Moderate_Growth,0.7,0.0
coordinate office activities,1,0.6,MCK02,Advanced Communication & Collaboration,Moderate_Growth,0.4,0.24872686,0.24872686,0.21165487,0.2079369,0.037071988,DEC01,ONET03,McKinsey_FutureOfWork_2025,0.0,Stable,0.4,0.0
coordinate junior staff,1,0.61,MCK02,Advanced Communication & Collaboration,Moderate_Growth,0.4,0.29890966,0.29890966,0.2920401,0.16629958,0.0068695545,MCK03,DEC01,McKinsey_FutureOfWork_2025,0.0,Stable,0.4,0.0
coordinate design and production effort,1,0.637,ONET03,UX/UI & Digital Design,Moderate_Growth,0.55,0.21996352,0.21996352,0.20766091,0.17382053,0.012302607,MCK02,ESCO02,ONET_BrightOutlook_2024,0.0,Moderate_Growth,0.7,0.0
coordinate badging at location,1,0.636,ESCO01,Project Management & Agile Methodologies,Moderate_Growth,0.55,0.012556598,0.012556598,0.005265709,-0.0035009477,0.0072908886,WEF02,ONET02,ESCO_v1.2_2024,0.0,Moderate_Growth,0.7,0.0
convert inbound interest into pipeline,1,0.702,ESCO02,Business Analysis & Requirements Engineering,Moderate_Growth,0.5,0.17887926,0.17887926,0.17324215,0.14200449,0.0056371093,WEF05,WEF02,ESCO_v1.2_2024,0.0,Moderate_Growth,0.7,0.0
leverage data to showcase transformational value,1,0.674,MCK02,Advanced Communication & Collaboration,Moderate_Growth,0.4,0.27153057,0.27153057,0.26982352,0.20936418,0.0017070472,MCK05,DEC03,McKinsey_FutureOfWork_2025,0.0,Stable,0.4,0.0
learn plant design,1,0.638,ONET03,UX/UI & Digital Design,Moderate_Growth,0.55,0.20703903,0.20703903,0.18202311,0.14338797,0.02501592,MCK05,MCK02,ONET_BrightOutlook_2024,0.0,Moderate_Growth,0.7,0.0
learn from each other,1,0.627,MCK05,Resilience & Adaptability,Strong_Growth,0.75,0.1808913,0.1808913,0.16803251,0.14907357,0.012858793,MCK02,WEF01,WEF_FutureOfJobs_2025,0.0,Moderate_Growth,0.7,0.0
maintain AV equipment,1,0.7,DEC03,Routine Maintenance Coding,Decline,-0.3,0.2638237,0.2638237,0.19152676,0.18646716,0.07229693,ONET02,WEF04,McKinsey_FutureOfWork_2023,0.0,Declining,0.0,0.0
maintain appearance of shared spaces,1,0.7,WEF04,Cloud Computing & Infrastructure,Strong_Growth,0.85,0.04805717,0.04805717,0.04661379,0.03718601,0.0014433786,DEC03,ONET04,WEF_FutureOfJobs_2025,0.0,Strong_Growth,1.0,0.0
maintain additional rack power,1,0.673,MCK05,Resilience & Adaptability,Strong_Growth,0.75,0.09585594,0.09585594,0.044234514,0.040489465,0.051621422,WEF04,ESCO01,WEF_FutureOfJobs_2025,0.0,Moderate_Growth,0.7,0.0
look after network and tools,1,0.561,ONET02,Database & Systems Administration,Moderate_Growth,0.5,0.27055043,0.27055043,0.21411511,0.2102768,0.056435317,ONET03,MCK02,ONET_BrightOutlook_2024,0.0,Moderate_Growth,0.7,0.0
license content,1,0.569,DEC02,Legacy Web Development,Decline,-0.4,0.18773955,0.18773955,0.1601036,0.1529608,0.027635947,WEF04,DEC03,Expert_consensus,0.0,Declining,0.0,0.0
maintain inventory levels in supply chain,1,0.591,ONET02,Database & Systems Administration,Moderate_Growth,0.5,0.17657477,0.17657477,0.15423533,0.13884994,0.022339433,DEC03,ESCO01,ONET_BrightOutlook_2024,0.0,Moderate_Growth,0.7,0.0
maintain high attention to detail,1,0.605,DEC03,Routine Maintenance Coding,Decline,-0.3,0.24981295,0.24981295,0.11560646,0.1032319,0.13420649,DEC01,ONET02,McKinsey_FutureOfWork_2023,0.0,Declining,0.0,0.0
maintain flexibility in scheduling,1,0.612,DEC03,Routine Maintenance Coding,Decline,-0.3,0.27973008,0.27973008,0.21612144,0.20713276,0.06360865,MCK05,ONET02,McKinsey_FutureOfWork_2023,0.0,Declining,0.0,0.0
maintain exceptional attention to detail,1,0.638,DEC03,Routine Maintenance Coding,Decline,-0.3,0.22522137,0.22522137,0.10108591,0.08910979,0.12413546,DEC01,MCK02,McKinsey_FutureOfWork_2023,0.0,Declining,0.0,0.0
conduct experiment analyses,1,0.679,ONET03,UX/UI & Digital Design,Moderate_Growth,0.55,0.2377141,0.2377141,0.21763405,0.18199909,0.020080045,ONET05,ESCO02,ONET_BrightOutlook_2024,0.0,Moderate_Growth,0.7,0.0
conduct deep-dive competency interviews,1,0.601,ESCO02,Business Analysis & Requirements Engineering,Moderate_Growth,0.5,0.28730246,0.28730246,0.28064245,0.2622339,0.0066600144,MCK03,MCK02,ESCO_v1.2_2024,0.0,Moderate_Growth,0.7,0.0
conduct customer discovery,1,0.613,ESCO02,Business Analysis & Requirements Engineering,Moderate_Growth,0.5,0.25115666,0.25115666,0.21535334,0.20946026,0.035803318,WEF05,MCK02,ESCO_v1.2_2024,0.0,Moderate_Growth,0.7,0.0
contribute to process improvements,1,0.597,DEC03,Routine Maintenance Coding,Decline,-0.3,0.29440644,0.29440644,0.25246304,0.23709036,0.0419434,MCK03,MCK02,McKinsey_FutureOfWork_2023,0.0,Declining,0.0,0.0
contribute to pre-sales and bids,1,0.564,MCK02,Advanced Communication & Collaboration,Moderate_Growth,0.4,0.2086122,0.2086122,0.18344286,0.1560759,0.025169343,WEF05,MCK03,McKinsey_FutureOfWork_2025,0.0,Stable,0.4,0.0
contribute to frontend architecture,1,0.617,DEC02,Legacy Web Development,Decline,-0.4,0.2764722,0.2764722,0.24098094,0.24012081,0.035491273,DEC03,MCK02,Expert_consensus,0.0,Declining,0.0,0.0
contribute to data validation,1,0.592,DEC01,Routine Data Entry & Clerical,Decline,-0.6,0.24567479,0.24567479,0.13619077,0.12203117,0.10948402,WEF02,MCK03,WEF_FutureOfJobs_2023,0.0,Declining,0.0,0.0
contribute to adoption activities,1,0.595,MCK03,Leadership & People Development,Moderate_Growth,0.55,0.19925383,0.19925383,0.18531024,0.13556576,0.013943583,MCK02,MCK05,McKinsey_FutureOfWork_2025,0.0,Moderate_Growth,0.7,0.0
continuously improve processes to support scalability,1,0.678,DEC03,Routine Maintenance Coding,Decline,-0.3,0.29919153,0.29919153,0.27091384,0.2696846,0.028277695,WEF04,ONET02,McKinsey_FutureOfWork_2023,0.0,Declining,0.0,0.0
maintain consistency across product ecosystem,1,0.679,DEC03,Routine Maintenance Coding,Decline,-0.3,0.19784558,0.19784558,0.19761798,0.16964233,0.00022760034,WEF04,ONET02,McKinsey_FutureOfWork_2023,0.0,Declining,0.0,0.0
make automated network changes,1,0.619,DEC03,Routine Maintenance Coding,Decline,-0.3,0.19495407,0.19495407,0.19239058,0.14909306,0.0025634915,WEF04,WEF07,McKinsey_FutureOfWork_2023,0.0,Declining,0.0,0.0
make an impact that matters,1,0.6,MCK05,Resilience & Adaptability,Strong_Growth,0.75,0.16184422,0.16184422,0.10526889,0.103465214,0.056575336,MCK02,MCK03,WEF_FutureOfJobs_2025,0.0,Moderate_Growth,0.7,0.0
make an impact at every level of society,1,0.599,MCK03,Leadership & People Development,Moderate_Growth,0.55,0.23337613,0.23337613,0.19767146,0.19395357,0.035704672,MCK05,ONET06,McKinsey_FutureOfWork_2025,0.0,Moderate_Growth,0.7,0.0
make a positive impact,1,0.628,MCK05,Resilience & Adaptability,Strong_Growth,0.75,0.23486798,0.23486798,0.12350835,0.090670146,0.111359626,MCK03,ESCO01,WEF_FutureOfJobs_2025,0.0,Moderate_Growth,0.7,0.0
maintain scalability,1,0.714,MCK05,Resilience & Adaptability,Strong_Growth,0.75,0.2846948,0.2846948,0.27806213,0.27272892,0.006632656,DEC03,DEC02,WEF_FutureOfJobs_2025,0.0,Moderate_Growth,0.7,0.0
maintain records,1,0.676,DEC01,Routine Data Entry & Clerical,Decline,-0.6,0.27500638,0.27500638,0.24231187,0.21523142,0.03269452,DEC03,ONET02,WEF_FutureOfJobs_2023,0.0,Declining,0.0,0.0
maintain professional boundaries,1,0.621,MCK02,Advanced Communication & Collaboration,Moderate_Growth,0.4,0.2363717,0.2363717,0.22484541,0.17249693,0.011526287,MCK03,MCK05,McKinsey_FutureOfWork_2025,0.0,Stable,0.4,0.0
maintain production efficiency,1,0.713,WEF06,Environmental & Sustainability Technology,Moderate_Growth,0.6,0.26217383,0.26217383,0.180145,0.17436561,0.082028836,DEC03,MCK05,WEF_FutureOfJobs_2025,0.0,Moderate_Growth,0.7,0.0
maintain performance,1,0.714,DEC03,Routine Maintenance Coding,Decline,-0.3,0.2689718,0.2689718,0.21527745,0.19107828,0.053694353,ONET02,DEC02,McKinsey_FutureOfWork_2023,0.0,Declining,0.0,0.0
maintain ML pipelines,1,0.671,WEF01,AI & Machine Learning,Strong_Growth,1.0,0.28204542,0.28204542,0.25422776,0.24653506,0.027817667,WEF02,WEF04,WEF_FutureOfJobs_2025,0.0,Strong_Growth,1.0,0.0
maintain leading class security practices,1,0.705,WEF03,Cybersecurity,Strong_Growth,0.9,0.27752292,0.27752292,0.23558554,0.16288364,0.04193738,DEC03,ONET02,WEF_FutureOfJobs_2025,0.0,Strong_Growth,1.0,0.0
manage clinic schedules,1,0.674,DEC01,Routine Data Entry & Clerical,Decline,-0.6,0.18063152,0.18063152,0.14505178,0.14448774,0.03557974,ONET02,DEC03,WEF_FutureOfJobs_2023,0.0,Declining,0.0,0.0
manage client relationships,1,0.67,MCK02,Advanced Communication & Collaboration,Moderate_Growth,0.4,0.20096055,0.20096055,0.16774099,0.14352685,0.03321956,ONET02,ONET06,McKinsey_FutureOfWork_2025,0.0,Stable,0.4,0.0
manage client issues,1,0.606,DEC03,Routine Maintenance Coding,Decline,-0.3,0.23645489,0.23645489,0.18663697,0.14797464,0.04981792,MCK02,ESCO01,McKinsey_FutureOfWork_2023,0.0,Declining,0.0,0.0
manage calendars,1,0.676,ONET02,Database & Systems Administration,Moderate_Growth,0.5,0.1542725,0.1542725,0.13958043,0.12081319,0.014692068,DEC03,ESCO01,ONET_BrightOutlook_2024,0.0,Moderate_Growth,0.7,0.0
manage backup plans,1,0.604,ESCO01,Project Management & Agile Methodologies,Moderate_Growth,0.55,0.25097936,0.25097936,0.2103925,0.16211656,0.04058686,ONET02,DEC03,ESCO_v1.2_2024,0.0,Moderate_Growth,0.7,0.0
manage alerting,1,0.644,DEC03,Routine Maintenance Coding,Decline,-0.3,0.16402724,0.16402724,0.14626458,0.14371961,0.017762661,WEF07,ONET02,McKinsey_FutureOfWork_2023,0.0,Declining,0.0,0.0
manage agency purchasing,1,0.611,WEF05,Digital Platforms & E-commerce,Moderate_Growth,0.7,0.25100386,0.25100386,0.15319517,0.1334047,0.09780869,MCK02,ONET06,WEF_FutureOfJobs_2025,0.0,Moderate_Growth,0.7,0.0
manage agency contracting,1,0.612,MCK02,Advanced Communication & Collaboration,Moderate_Growth,0.4,0.2544514,0.2544514,0.25118375,0.21428964,0.0032676458,MCK03,ESCO01,McKinsey_FutureOfWork_2025,0.0,Stable,0.4,0.0
"make practical, real-world decisions",1,0.614,DEC03,Routine Maintenance Coding,Decline,-0.3,0.23682845,0.23682845,0.22973315,0.22718677,0.007095292,MCK04,MCK05,McKinsey_FutureOfWork_2023,0.0,Declining,0.0,0.0
make observability effortless,1,0.601,MCK05,Resilience & Adaptability,Strong_Growth,0.75,0.16660199,0.16660199,0.13034303,0.12664144,0.03625895,DEC03,WEF07,WEF_FutureOfJobs_2025,0.0,Moderate_Growth,0.7,0.0
make minor adjustments to process,1,0.589,DEC03,Routine Maintenance Coding,Decline,-0.3,0.28378868,0.28378868,0.1733968,0.17246264,0.110391885,MCK04,MCK01,McKinsey_FutureOfWork_2023,0.0,Declining,0.0,0.0
make meaningful contributions,1,0.617,MCK05,Resilience & Adaptability,Strong_Growth,0.75,0.20189926,0.20189926,0.1748732,0.15574968,0.027026057,MCK03,DEC03,WEF_FutureOfJobs_2025,0.0,Moderate_Growth,0.7,0.0
"make digital products more intuitive, easy to use, and aesthetically pleasing",1,0.617,ONET03,UX/UI & Digital Design,Moderate_Growth,0.55,0.27688503,0.27688503,0.24261913,0.21860966,0.034265906,DEC02,WEF05,ONET_BrightOutlook_2024,0.0,Moderate_Growth,0.7,0.0
manage heat transfer applications,1,0.611,MCK02,Advanced Communication & Collaboration,Moderate_Growth,0.4,0.1640724,0.1640724,0.16150907,0.15639423,0.0025633276,ONET02,MCK01,McKinsey_FutureOfWork_2025,0.0,Stable,0.4,0.0
manage forecasting,1,0.68,ONET02,Database & Systems Administration,Moderate_Growth,0.5,0.26560426,0.26560426,0.2467416,0.20874742,0.018862665,ESCO01,WEF01,ONET_BrightOutlook_2024,0.0,Moderate_Growth,0.7,0.0
manage failover plans,1,0.607,ESCO01,Project Management & Agile Methodologies,Moderate_Growth,0.55,0.20965233,0.20965233,0.19694495,0.1756714,0.012707382,MCK05,ONET02,ESCO_v1.2_2024,0.0,Moderate_Growth,0.7,0.0
manage facility operations,1,0.613,ONET02,Database & Systems Administration,Moderate_Growth,0.5,0.2912861,0.2912861,0.2548843,0.24558651,0.03640181,MCK02,WEF04,ONET_BrightOutlook_2024,0.0,Moderate_Growth,0.7,0.0
manage enterprise-grade networks,1,0.621,MCK02,Advanced Communication & Collaboration,Moderate_Growth,0.4,0.284855,0.284855,0.2797308,0.24343088,0.0051242113,ONET02,WEF05,McKinsey_FutureOfWork_2025,0.0,Stable,0.4,0.0
manage employee engagement,1,0.707,MCK02,Advanced Communication & Collaboration,Moderate_Growth,0.4,0.27031922,0.27031922,0.22378811,0.19428606,0.04653111,MCK03,MCK05,McKinsey_FutureOfWork_2025,0.0,Stable,0.4,0.0
manage device lifecycle,1,0.674,DEC03,Routine Maintenance Coding,Decline,-0.3,0.2625659,0.2625659,0.19048056,0.17756197,0.07208535,DEC02,MCK05,McKinsey_FutureOfWork_2023,0.0,Declining,0.0,0.0
manage demand planning,1,0.593,ESCO01,Project Management & Agile Methodologies,Moderate_Growth,0.55,0.24908894,0.24908894,0.23026173,0.20482406,0.018827215,ESCO02,MCK04,ESCO_v1.2_2024,0.0,Moderate_Growth,0.7,0.0
manage delivery governance,1,0.641,MCK02,Advanced Communication & Collaboration,Moderate_Growth,0.4,0.22658157,0.22658157,0.21511987,0.19685093,0.011461705,MCK03,ESCO01,McKinsey_FutureOfWork_2025,0.0,Stable,0.4,0.0
manage customer service,1,0.674,ONET02,Database & Systems Administration,Moderate_Growth,0.5,0.23116572,0.23116572,0.20043372,0.1570274,0.030732006,ESCO01,MCK03,ONET_BrightOutlook_2024,0.0,Moderate_Growth,0.7,0.0
communicate clearly and effectively with guests,1,0.61,MCK02,Advanced Communication & Collaboration,Moderate_Growth,0.4,0.22034198,0.22034198,0.13891824,0.1093556,0.081423745,WEF07,DEC03,McKinsey_FutureOfWork_2025,0.0,Stable,0.4,0.0
context switch across multiple projects,1,0.61,MCK02,Advanced Communication & Collaboration,Moderate_Growth,0.4,0.21262658,0.21262658,0.20531102,0.18698901,0.007315561,ESCO02,ESCO01,McKinsey_FutureOfWork_2025,0.0,Stable,0.4,0.0
connect tenant platforms,1,0.675,WEF05,Digital Platforms & E-commerce,Moderate_Growth,0.7,0.27715737,0.27715737,0.22517101,0.11836004,0.05198635,WEF04,ONET02,WEF_FutureOfJobs_2025,0.0,Moderate_Growth,0.7,0.0
connect property management systems,1,0.648,ONET02,Database & Systems Administration,Moderate_Growth,0.5,0.26338428,0.26338428,0.24941587,0.21758786,0.013968408,WEF04,MCK02,ONET_BrightOutlook_2024,0.0,Moderate_Growth,0.7,0.0
connect building operations data,1,0.595,DEC01,Routine Data Entry & Clerical,Decline,-0.6,0.2533003,0.2533003,0.2254264,0.21088785,0.027873904,WEF02,ONET02,WEF_FutureOfJobs_2023,0.0,Declining,0.0,0.0
configure Windows Update for Business via Intune,1,0.591,ONET02,Database & Systems Administration,Moderate_Growth,0.5,0.13620414,0.13620414,0.12982546,0.08617484,0.0063786805,DEC03,WEF02,ONET_BrightOutlook_2024,0.0,Moderate_Growth,0.7,0.0
configure Jenkins,1,0.678,ONET05,Quality Assurance & Testing,Moderate_Growth,0.55,0.19277543,0.19277543,0.18003313,0.16590393,0.012742296,ONET02,WEF04,ONET_BrightOutlook_2024,0.0,Moderate_Growth,0.7,0.0
configure Intune security baselines,1,0.598,WEF03,Cybersecurity,Strong_Growth,0.9,0.27305946,0.27305946,0.17748375,0.16213888,0.095575705,ONET02,DEC03,WEF_FutureOfJobs_2025,0.0,Strong_Growth,1.0,0.0
configure Intune configuration profiles,1,0.602,ONET02,Database & Systems Administration,Moderate_Growth,0.5,0.14919138,0.14919138,0.11924152,0.10383402,0.029949859,MCK05,DEC03,ONET_BrightOutlook_2024,0.0,Moderate_Growth,0.7,0.0
configure Intune compliance policies,1,0.599,DEC03,Routine Maintenance Coding,Decline,-0.3,0.17850757,0.17850757,0.17539339,0.15016124,0.0031141788,ONET02,WEF03,McKinsey_FutureOfWork_2023,0.0,Declining,0.0,0.0
manage releases,1,0.674,ONET02,Database & Systems Administration,Moderate_Growth,0.5,0.27677232,0.27677232,0.27400503,0.20908177,0.0027672946,ESCO01,DEC03,ONET_BrightOutlook_2024,0.0,Moderate_Growth,0.7,0.0
manage relationships,1,0.675,ONET02,Database & Systems Administration,Moderate_Growth,0.5,0.21078521,0.21078521,0.18812919,0.16841048,0.022656024,MCK02,MCK03,ONET_BrightOutlook_2024,0.0,Moderate_Growth,0.7,0.0
manage performance,1,0.71,ONET02,Database & Systems Administration,Moderate_Growth,0.5,0.24736892,0.24736892,0.19738048,0.15941049,0.049988434,DEC03,ESCO01,ONET_BrightOutlook_2024,0.0,Moderate_Growth,0.7,0.0
manage payroll,1,0.701,DEC01,Routine Data Entry & Clerical,Decline,-0.6,0.2609163,0.2609163,0.21916494,0.20406306,0.041751355,ONET02,DEC03,WEF_FutureOfJobs_2023,0.0,Declining,0.0,0.0
manage organisational change,1,0.644,ESCO01,Project Management & Agile Methodologies,Moderate_Growth,0.55,0.2858897,0.2858897,0.2857965,0.2281348,9.319186e-05,MCK03,MCK05,ESCO_v1.2_2024,0.0,Moderate_Growth,0.7,0.0
manage network switches,1,0.703,ESCO01,Project Management & Agile Methodologies,Moderate_Growth,0.55,0.18180773,0.18180773,0.17288557,0.15415627,0.00892216,ONET02,MCK02,ESCO_v1.2_2024,0.0,Moderate_Growth,0.7,0.0
manage multiple priorities,1,0.613,ESCO01,Project Management & Agile Methodologies,Moderate_Growth,0.55,0.25194246,0.25194246,0.23706667,0.19712907,0.0148757845,MCK04,MCK03,ESCO_v1.2_2024,0.0,Moderate_Growth,0.7,0.0
manage learner schedules,1,0.675,DEC03,Routine Maintenance Coding,Decline,-0.3,0.24195279,0.24195279,0.23369882,0.22923905,0.008253977,MCK05,DEC01,McKinsey_FutureOfWork_2023,0.0,Declining,0.0,0.0
manage inventory management,1,0.615,ONET02,Database & Systems Administration,Moderate_Growth,0.5,0.26169622,0.26169622,0.23083021,0.1700564,0.030866012,ESCO01,DEC03,ONET_BrightOutlook_2024,0.0,Moderate_Growth,0.7,0.0
understand reporting requirements,1,0.649,DEC01,Routine Data Entry & Clerical,Decline,-0.6,0.28656983,0.28656983,0.2799314,0.23231953,0.0066384375,ESCO02,DEC03,WEF_FutureOfJobs_2023,0.0,Declining,0.0,0.0
understand needs of end customers,1,0.605,ESCO02,Business Analysis & Requirements Engineering,Moderate_Growth,0.5,0.28079975,0.28079975,0.20658347,0.19937733,0.07421628,MCK02,DEC03,ESCO_v1.2_2024,0.0,Moderate_Growth,0.7,0.0
understand local customs and practices,1,0.636,MCK02,Advanced Communication & Collaboration,Moderate_Growth,0.4,0.23821023,0.23821023,0.22178899,0.17784578,0.016421244,DEC03,ONET03,McKinsey_FutureOfWork_2025,0.0,Stable,0.4,0.0
understand context in virtual environments,1,0.596,ONET03,UX/UI & Digital Design,Moderate_Growth,0.55,0.23970476,0.23970476,0.22014512,0.19700292,0.019559637,ONET04,WEF04,ONET_BrightOutlook_2024,0.0,Moderate_Growth,0.7,0.0
uncover actionable insights,1,0.573,MCK02,Advanced Communication & Collaboration,Moderate_Growth,0.4,0.2073368,0.2073368,0.189685,0.18708292,0.017651796,WEF07,DEC03,McKinsey_FutureOfWork_2025,0.0,Stable,0.4,0.0
turn vision into exceptional places to live,1,0.603,MCK05,Resilience & Adaptability,Strong_Growth,0.75,0.2099463,0.2099463,0.12735708,0.081769854,0.082589224,DEC03,MCK04,WEF_FutureOfJobs_2025,0.0,Moderate_Growth,0.7,0.0
test products to destruction,1,0.671,ONET05,Quality Assurance & Testing,Moderate_Growth,0.55,0.2538852,0.2538852,0.13839824,0.13384914,0.115486965,DEC03,WEF03,ONET_BrightOutlook_2024,0.0,Moderate_Growth,0.7,0.0
turn raw multichannel audio into bearings and alerts,1,0.588,MCK02,Advanced Communication & Collaboration,Moderate_Growth,0.4,0.102491364,0.102491364,0.099139094,0.08047568,0.0033522695,MCK01,WEF02,McKinsey_FutureOfWork_2025,0.0,Stable,0.4,0.0
troubleshoot systems,1,0.714,ONET02,Database & Systems Administration,Moderate_Growth,0.5,0.28050566,0.28050566,0.27972856,0.25134373,0.00077709556,DEC03,MCK04,ONET_BrightOutlook_2024,0.0,Moderate_Growth,0.7,0.0
troubleshoot power issues,1,0.677,DEC02,Legacy Web Development,Decline,-0.4,0.081304215,0.081304215,0.080842495,0.07151756,0.00046171993,DEC03,MCK04,Expert_consensus,0.0,Declining,0.0,0.0
maximize resource development,1,0.628,MCK05,Resilience & Adaptability,Strong_Growth,0.75,0.28697002,0.28697002,0.27256864,0.2641115,0.014401376,MCK02,MCK03,WEF_FutureOfJobs_2025,0.0,Moderate_Growth,0.7,0.0
map out competitor sales organisations,1,0.702,WEF05,Digital Platforms & E-commerce,Moderate_Growth,0.7,0.24506977,0.24506977,0.19474566,0.14449811,0.050324112,ESCO02,ESCO01,WEF_FutureOfJobs_2025,0.0,Moderate_Growth,0.7,0.0
write clean concurrent code,1,0.699,DEC03,Routine Maintenance Coding,Decline,-0.3,0.24070616,0.24070616,0.06570935,0.0527807,0.17499681,ONET06,ONET02,McKinsey_FutureOfWork_2023,0.0,Declining,0.0,0.0
comply with health and safety measures,1,0.631,DEC03,Routine Maintenance Coding,Decline,-0.3,0.19034488,0.19034488,0.17213997,0.15916479,0.018204913,MCK05,DEC01,McKinsey_FutureOfWork_2023,0.0,Declining,0.0,0.0
analyze monthly financial results,1,0.676,ESCO01,Project Management & Agile Methodologies,Moderate_Growth,0.55,0.15630685,0.15630685,0.15542251,0.12270333,0.0008843392,ONET02,ONET06,ESCO_v1.2_2024,0.0,Moderate_Growth,0.7,0.0
communicate with precision,1,0.613,MCK02,Advanced Communication & Collaboration,Moderate_Growth,0.4,0.13398732,0.13398732,0.09831633,0.09525824,0.035670996,WEF08,WEF07,McKinsey_FutureOfWork_2025,0.0,Stable,0.4,0.0
communicate with empathy,1,0.694,MCK02,Advanced Communication & Collaboration,Moderate_Growth,0.4,0.243799,0.243799,0.17631496,0.14797834,0.067484036,WEF07,MCK05,McKinsey_FutureOfWork_2025,0.0,Stable,0.4,0.0
communicate strongly,1,0.619,MCK02,Advanced Communication & Collaboration,Moderate_Growth,0.4,0.2855525,0.2855525,0.1464247,0.11360579,0.1391278,WEF07,MCK05,McKinsey_FutureOfWork_2025,0.0,Stable,0.4,0.0
communicate risk-based recommendations,1,0.621,MCK05,Resilience & Adaptability,Strong_Growth,0.75,0.15294382,0.15294382,0.1467876,0.11883597,0.006156221,MCK02,ESCO02,WEF_FutureOfJobs_2025,0.0,Moderate_Growth,0.7,0.0
communicate results,1,0.645,MCK02,Advanced Communication & Collaboration,Moderate_Growth,0.4,0.23271951,0.23271951,0.19765799,0.14118628,0.035061523,WEF07,ONET03,McKinsey_FutureOfWork_2025,0.0,Stable,0.4,0.0
communicate in English,1,0.608,MCK02,Advanced Communication & Collaboration,Moderate_Growth,0.4,0.2575668,0.2575668,0.1342645,0.1313641,0.12330231,WEF01,WEF07,McKinsey_FutureOfWork_2025,0.0,Stable,0.4,0.0
analyze user generated content,1,0.619,ONET03,UX/UI & Digital Design,Moderate_Growth,0.55,0.21461329,0.21461329,0.17299002,0.16694254,0.041623265,DEC02,ESCO02,ONET_BrightOutlook_2024,0.0,Moderate_Growth,0.7,0.0
adapt inform/awareness materials to local language,1,0.676,MCK02,Advanced Communication & Collaboration,Moderate_Growth,0.4,0.29647526,0.29647526,0.20601737,0.19345199,0.09045789,DEC03,ONET03,McKinsey_FutureOfWork_2025,0.0,Stable,0.4,0.0
manufacture products,1,0.578,MCK02,Advanced Communication & Collaboration,Moderate_Growth,0.4,0.19649196,0.19649196,0.19074264,0.18832839,0.005749315,DEC02,ESCO02,McKinsey_FutureOfWork_2025,0.0,Stable,0.4,0.0
manipulate the Document Object Model,1,0.7,DEC01,Routine Data Entry & Clerical,Decline,-0.6,0.086764365,0.086764365,0.05665396,0.056052547,0.030110404,DEC03,MCK02,WEF_FutureOfJobs_2023,0.0,Declining,0.0,0.0
manage work of other employees,1,0.63,MCK02,Advanced Communication & Collaboration,Moderate_Growth,0.4,0.26577798,0.26577798,0.23184188,0.19202699,0.0339361,MCK03,ONET02,McKinsey_FutureOfWork_2025,0.0,Stable,0.4,0.0
manage Windows devices,1,0.672,WEF04,Cloud Computing & Infrastructure,Strong_Growth,0.85,0.12106861,0.12106861,0.117837146,0.09918554,0.0032314658,MCK01,DEC03,WEF_FutureOfJobs_2025,0.0,Strong_Growth,1.0,0.0
manage vendor relationships,1,0.67,WEF05,Digital Platforms & E-commerce,Moderate_Growth,0.7,0.19916004,0.19916004,0.19259837,0.192397,0.0065616667,MCK02,ESCO02,WEF_FutureOfJobs_2025,0.0,Moderate_Growth,0.7,0.0
manage time,2,0.602,MCK05,Resilience & Adaptability,Strong_Growth,0.75,0.25341678,0.25341678,0.19097818,0.17380296,0.062438592,DEC03,ESCO01,WEF_FutureOfJobs_2025,0.0,Moderate_Growth,0.7,0.0
manage thermal management,1,0.612,ONET02,Database & Systems Administration,Moderate_Growth,0.5,0.22927502,0.22927502,0.19996206,0.19062634,0.029312953,WEF06,ESCO01,ONET_BrightOutlook_2024,0.0,Moderate_Growth,0.7,0.0
test high-performance data ingestion systems,1,0.707,ONET05,Quality Assurance & Testing,Moderate_Growth,0.55,0.22520182,0.22520182,0.20357583,0.19384903,0.02162598,ONET02,WEF02,ONET_BrightOutlook_2024,0.0,Moderate_Growth,0.7,0.0
manage source control,1,0.642,MCK02,Advanced Communication & Collaboration,Moderate_Growth,0.4,0.2850803,0.2850803,0.25968432,0.23770201,0.02539599,ONET02,DEC03,McKinsey_FutureOfWork_2025,0.0,Stable,0.4,0.0
manage ServiceNow implementations,1,0.686,WEF04,Cloud Computing & Infrastructure,Strong_Growth,0.85,0.21506622,0.21506622,0.17328183,0.17060521,0.04178439,ONET06,DEC03,WEF_FutureOfJobs_2025,0.0,Strong_Growth,1.0,0.0
manage scheduling,1,0.613,ONET02,Database & Systems Administration,Moderate_Growth,0.5,0.24416816,0.24416816,0.21978259,0.20432083,0.024385571,ESCO01,DEC03,ONET_BrightOutlook_2024,0.0,Moderate_Growth,0.7,0.0
manage scalable real-time data streaming platforms,1,0.646,WEF02,Big Data & Analytics,Strong_Growth,0.9,0.2534923,0.2534923,0.24426812,0.22304565,0.009224176,ONET02,WEF04,WEF_FutureOfJobs_2025,0.0,Strong_Growth,1.0,0.0
migrate applications from SCCM to Intune,1,0.59,ONET02,Database & Systems Administration,Moderate_Growth,0.5,0.16618267,0.16618267,0.15958619,0.15877207,0.006596476,ESCO01,WEF05,ONET_BrightOutlook_2024,0.0,Moderate_Growth,0.7,0.0
transform raw data into meaningful insights,1,0.566,WEF02,Big Data & Analytics,Strong_Growth,0.9,0.2587118,0.2587118,0.20043325,0.1768474,0.05827856,DEC01,DEC03,WEF_FutureOfJobs_2025,0.0,Strong_Growth,1.0,0.0
communicate about applications,1,0.647,ONET03,UX/UI & Digital Design,Moderate_Growth,0.55,0.2924371,0.2924371,0.28688937,0.26113573,0.005547732,ESCO02,ONET06,ONET_BrightOutlook_2024,0.0,Moderate_Growth,0.7,0.0
commit to multiple courses,1,0.605,ESCO01,Project Management & Agile Methodologies,Moderate_Growth,0.55,0.20780948,0.20780948,0.18353668,0.17800325,0.0242728,MCK02,MCK04,ESCO_v1.2_2024,0.0,Moderate_Growth,0.7,0.0
transfer data,1,0.59,DEC01,Routine Data Entry & Clerical,Decline,-0.6,0.24497902,0.24497902,0.18423119,0.1426526,0.060747832,WEF02,ONET06,WEF_FutureOfJobs_2023,0.0,Declining,0.0,0.0
collect complex datasets,1,0.57,WEF02,Big Data & Analytics,Strong_Growth,0.9,0.28421265,0.28421265,0.26434073,0.21936956,0.01987192,DEC01,ONET02,WEF_FutureOfJobs_2025,0.0,Strong_Growth,1.0,0.0
track your own performance,1,0.615,ONET02,Database & Systems Administration,Moderate_Growth,0.5,0.11563638,0.11563638,0.11505048,0.11448272,0.00058589876,MCK05,DEC01,ONET_BrightOutlook_2024,0.0,Moderate_Growth,0.7,0.0
track rule stability,1,0.565,ONET06,Blockchain & Distributed Systems,Moderate_Growth,0.5,0.117175944,0.117175944,0.08410771,0.047197416,0.033068232,DEC03,ONET02,ONET_BrightOutlook_2024,0.0,Moderate_Growth,0.7,0.0
challenge hiring managers,1,0.612,MCK03,Leadership & People Development,Moderate_Growth,0.55,0.2905414,0.2905414,0.26935488,0.2444713,0.02118653,MCK05,ESCO02,McKinsey_FutureOfWork_2025,0.0,Moderate_Growth,0.7,0.0
challenge constraints,1,0.621,WEF07,Human-AI Collaboration,Strong_Growth,0.95,0.18649383,0.18649383,0.17852412,0.17607966,0.007969707,MCK04,ESCO02,WEF_FutureOfJobs_2025,0.0,Strong_Growth,1.0,0.0
challenge assumptions,1,0.621,MCK04,Critical Thinking & Problem Solving,Strong_Growth,0.8,0.1376963,0.1376963,0.11784325,0.10776044,0.019853048,WEF07,MCK05,McKinsey_FutureOfWork_2025,0.0,Strong_Growth,1.0,0.0
allocate space and power,1,0.588,WEF04,Cloud Computing & Infrastructure,Strong_Growth,0.85,0.121994965,0.121994965,0.11420501,0.07886234,0.0077899545,MCK05,WEF06,WEF_FutureOfJobs_2025,0.0,Strong_Growth,1.0,0.0
align resources to outcomes,1,0.565,MCK03,Leadership & People Development,Moderate_Growth,0.55,0.20932706,0.20932706,0.17406847,0.15892813,0.03525859,MCK02,MCK05,McKinsey_FutureOfWork_2025,0.0,Moderate_Growth,0.7,0.0
align IT processes and procedures,1,0.564,DEC03,Routine Maintenance Coding,Decline,-0.3,0.2707746,0.2707746,0.26350284,0.24152109,0.0072717667,ESCO02,MCK01,McKinsey_FutureOfWork_2023,0.0,Declining,0.0,0.0
meet evolving regulatory needs,1,0.609,MCK05,Resilience & Adaptability,Strong_Growth,0.75,0.23699185,0.23699185,0.19558045,0.17666009,0.0414114,ESCO02,WEF06,WEF_FutureOfJobs_2025,0.0,Moderate_Growth,0.7,0.0
meet evolving customer needs,1,0.607,ESCO02,Business Analysis & Requirements Engineering,Moderate_Growth,0.5,0.2652361,0.2652361,0.24546418,0.2414166,0.019771934,MCK05,DEC02,ESCO_v1.2_2024,0.0,Moderate_Growth,0.7,0.0
measure key financial targets,1,0.672,ESCO01,Project Management & Agile Methodologies,Moderate_Growth,0.55,0.20413202,0.20413202,0.17479566,0.16128002,0.029336363,ONET02,ESCO02,ESCO_v1.2_2024,0.0,Moderate_Growth,0.7,0.0
monitor progress of change activity,1,0.67,DEC03,Routine Maintenance Coding,Decline,-0.3,0.18094757,0.18094757,0.1152529,0.1141658,0.065694675,ONET02,DEC01,McKinsey_FutureOfWork_2023,0.0,Declining,0.0,0.0
monitor priorities,1,0.615,MCK04,Critical Thinking & Problem Solving,Strong_Growth,0.8,0.20452978,0.20452978,0.18410228,0.16117153,0.020427495,ONET02,DEC03,McKinsey_FutureOfWork_2025,0.0,Strong_Growth,1.0,0.0
monitor middleware performance,1,0.713,ONET02,Database & Systems Administration,Moderate_Growth,0.5,0.15393955,0.15393955,0.11264963,0.06883113,0.041289918,WEF02,DEC02,ONET_BrightOutlook_2024,0.0,Moderate_Growth,0.7,0.0
monitor IT Change Management,1,0.641,ONET02,Database & Systems Administration,Moderate_Growth,0.5,0.18716308,0.18716308,0.18279392,0.18184237,0.0043691695,ESCO01,DEC03,ONET_BrightOutlook_2024,0.0,Moderate_Growth,0.7,0.0
monitor inventory and place orders,1,0.616,ONET02,Database & Systems Administration,Moderate_Growth,0.5,0.18122867,0.18122867,0.12621221,0.089769006,0.055016458,DEC01,ESCO02,ONET_BrightOutlook_2024,0.0,Moderate_Growth,0.7,0.0
monitor integration services,1,0.71,ONET02,Database & Systems Administration,Moderate_Growth,0.5,0.24769413,0.24769413,0.20072237,0.18855834,0.04697177,WEF04,WEF02,ONET_BrightOutlook_2024,0.0,Moderate_Growth,0.7,0.0
monitor DRC runs,1,0.664,ONET03,UX/UI & Digital Design,Moderate_Growth,0.55,0.067971654,0.067971654,0.05486425,0.026453495,0.013107404,ONET05,ONET02,ONET_BrightOutlook_2024,0.0,Moderate_Growth,0.7,0.0
monitor disclosure requirements,1,0.715,DEC01,Routine Data Entry & Clerical,Decline,-0.6,0.18967864,0.18967864,0.18191195,0.16242364,0.007766694,ESCO02,WEF03,WEF_FutureOfJobs_2023,0.0,Declining,0.0,0.0
monitor deliveries,1,0.615,DEC01,Routine Data Entry & Clerical,Decline,-0.6,0.08248781,0.08248781,0.069232225,0.063801795,0.013255581,WEF05,ONET02,WEF_FutureOfJobs_2023,0.0,Declining,0.0,0.0
modify CI/CD pipelines,1,0.702,ONET05,Quality Assurance & Testing,Moderate_Growth,0.55,0.24580984,0.24580984,0.2087937,0.20495671,0.03701614,WEF04,MCK01,ONET_BrightOutlook_2024,0.0,Moderate_Growth,0.7,0.0
model core values in client interactions,1,0.605,MCK02,Advanced Communication & Collaboration,Moderate_Growth,0.4,0.25408837,0.25408837,0.19921544,0.16549367,0.05487293,ESCO02,DEC03,McKinsey_FutureOfWork_2025,0.0,Stable,0.4,0.0
model content metadata,1,0.702,DEC01,Routine Data Entry & Clerical,Decline,-0.6,0.20209588,0.20209588,0.19351494,0.18138936,0.008580938,ONET02,DEC03,WEF_FutureOfJobs_2023,0.0,Declining,0.0,0.0
mix sound through a mixing console,1,0.585,ONET04,Game Development & Interactive Media,Moderate_Growth,0.6,0.12939239,0.12939239,0.06959081,0.06936575,0.05980158,WEF05,MCK02,ONET_BrightOutlook_2024,0.0,Moderate_Growth,0.7,0.0
minimize downtime,1,0.597,DEC03,Routine Maintenance Coding,Decline,-0.3,0.14849156,0.14849156,0.11189673,0.10626667,0.03659483,DEC02,ONET02,McKinsey_FutureOfWork_2023,0.0,Declining,0.0,0.0
operate AV equipment,1,0.616,MCK01,Process Automation & RPA,Moderate_Growth,0.5,0.17753312,0.17753312,0.17089033,0.16703825,0.0066427886,ONET02,WEF07,McKinsey_FutureOfWork_2025,0.0,Moderate_Growth,0.7,0.0
operate audio systems for concerts and events,1,0.615,ONET02,Database & Systems Administration,Moderate_Growth,0.5,0.15720874,0.15720874,0.14561868,0.13680524,0.011590064,ONET03,WEF05,ONET_BrightOutlook_2024,0.0,Moderate_Growth,0.7,0.0
obtain certifications,1,0.621,ESCO02,Business Analysis & Requirements Engineering,Moderate_Growth,0.5,0.27825204,0.27825204,0.2404286,0.23536165,0.03782344,ONET05,DEC01,ESCO_v1.2_2024,0.0,Moderate_Growth,0.7,0.0
network with peers,1,0.603,ONET06,Blockchain & Distributed Systems,Moderate_Growth,0.5,0.13489363,0.13489363,0.12628011,0.10203205,0.008613512,MCK02,ONET02,ONET_BrightOutlook_2024,0.0,Moderate_Growth,0.7,0.0
negotiate SLOs,1,0.608,ONET06,Blockchain & Distributed Systems,Moderate_Growth,0.5,0.2011227,0.2011227,0.180879,0.14101084,0.020243704,MCK02,WEF04,ONET_BrightOutlook_2024,0.0,Moderate_Growth,0.7,0.0
navigate unexpected challenges,1,0.618,MCK04,Critical Thinking & Problem Solving,Strong_Growth,0.8,0.22236085,0.22236085,0.2186237,0.20044452,0.0037371516,ESCO01,MCK05,McKinsey_FutureOfWork_2025,0.0,Strong_Growth,1.0,0.0
navigate ambiguity,1,0.615,WEF07,Human-AI Collaboration,Strong_Growth,0.95,0.15554875,0.15554875,0.14316052,0.123642966,0.012388229,MCK04,MCK02,WEF_FutureOfJobs_2025,0.0,Strong_Growth,1.0,0.0
multi task and meet deadlines,1,0.602,MCK02,Advanced Communication & Collaboration,Moderate_Growth,0.4,0.26645225,0.26645225,0.23073415,0.20739624,0.0357181,MCK04,ESCO01,McKinsey_FutureOfWork_2025,0.0,Stable,0.4,0.0
"move projects through client plant design, build, factory acceptance testing, and installation",1,0.594,MCK02,Advanced Communication & Collaboration,Moderate_Growth,0.4,0.25825664,0.25825664,0.23966286,0.23694634,0.018593788,ESCO01,ONET01,McKinsey_FutureOfWork_2025,0.0,Stable,0.4,0.0
monitor system health,1,0.7,ONET02,Database & Systems Administration,Moderate_Growth,0.5,0.235477,0.235477,0.17920521,0.12493564,0.05627179,DEC03,WEF02,ONET_BrightOutlook_2024,0.0,Moderate_Growth,0.7,0.0
monitor SLIs,1,0.696,ONET02,Database & Systems Administration,Moderate_Growth,0.5,0.12768258,0.12768258,0.0994308,0.09578948,0.028251782,WEF04,WEF02,ONET_BrightOutlook_2024,0.0,Moderate_Growth,0.7,0.0
monitor progress of impact assessments,1,0.594,MCK02,Advanced Communication & Collaboration,Moderate_Growth,0.4,0.20920143,0.20920143,0.20809013,0.19570047,0.0011112988,ESCO02,ESCO01,McKinsey_FutureOfWork_2025,0.0,Stable,0.4,0.0
optimize frameworks,1,0.712,DEC02,Legacy Web Development,Decline,-0.4,0.2962944,0.2962944,0.22611015,0.18772231,0.070184246,DEC03,ONET02,Expert_consensus,0.0,Declining,0.0,0.0
optimize CNC machining operations,1,0.676,MCK01,Process Automation & RPA,Moderate_Growth,0.5,0.21216479,0.21216479,0.16292769,0.13664319,0.049237102,DEC03,ONET01,McKinsey_FutureOfWork_2025,0.0,Moderate_Growth,0.7,0.0
optimise the funnel,1,0.589,WEF05,Digital Platforms & E-commerce,Moderate_Growth,0.7,0.09465216,0.09465216,0.08316326,0.042601675,0.0114889,MCK04,ESCO02,WEF_FutureOfJobs_2025,0.0,Moderate_Growth,0.7,0.0
optimise marketing investment,1,0.602,WEF05,Digital Platforms & E-commerce,Moderate_Growth,0.7,0.25291598,0.25291598,0.1930875,0.18141454,0.059828475,MCK04,ESCO02,WEF_FutureOfJobs_2025,0.0,Moderate_Growth,0.7,0.0
operate SCCM Intune co-management,1,0.596,ESCO01,Project Management & Agile Methodologies,Moderate_Growth,0.55,0.29992425,0.29992425,0.29741958,0.23531707,0.0025046766,MCK02,ONET02,ESCO_v1.2_2024,0.0,Moderate_Growth,0.7,0.0
operate in structured quarterly reporting cycles,1,0.595,DEC03,Routine Maintenance Coding,Decline,-0.3,0.1865899,0.1865899,0.13817824,0.13659653,0.048411652,DEC01,ESCO02,McKinsey_FutureOfWork_2023,0.0,Declining,0.0,0.0
operate EDM machines,1,0.616,MCK01,Process Automation & RPA,Moderate_Growth,0.5,0.23536113,0.23536113,0.16320342,0.12462692,0.07215771,WEF01,WEF05,McKinsey_FutureOfWork_2025,0.0,Moderate_Growth,0.7,0.0
operate Docker,1,0.593,WEF04,Cloud Computing & Infrastructure,Strong_Growth,0.85,0.2532805,0.2532805,0.06254375,0.05370249,0.19073674,ONET03,ONET02,WEF_FutureOfJobs_2025,0.0,Strong_Growth,1.0,0.0
operate CNC machines,1,0.591,MCK01,Process Automation & RPA,Moderate_Growth,0.5,0.28974354,0.28974354,0.19388227,0.16692752,0.09586127,WEF07,WEF01,McKinsey_FutureOfWork_2025,0.0,Moderate_Growth,0.7,0.0
operate CI/CD pipelines,1,0.594,ONET05,Quality Assurance & Testing,Moderate_Growth,0.55,0.28275922,0.28275922,0.27320635,0.26845056,0.009552866,WEF04,MCK01,ONET_BrightOutlook_2024,0.0,Moderate_Growth,0.7,0.0
organize visually-complex information,1,0.716,WEF07,Human-AI Collaboration,Strong_Growth,0.95,0.17533475,0.17533475,0.13602482,0.12980339,0.039309934,ONET03,MCK02,WEF_FutureOfJobs_2025,0.0,Strong_Growth,1.0,0.0
advance performance analysis and tuning for GPUs,1,0.616,ONET02,Database & Systems Administration,Moderate_Growth,0.5,0.18966277,0.18966277,0.10438247,0.09380835,0.0852803,ONET05,DEC03,ONET_BrightOutlook_2024,0.0,Moderate_Growth,0.7,0.0
"advance lexical, vector, and hybrid retrieval systems",1,0.568,MCK02,Advanced Communication & Collaboration,Moderate_Growth,0.4,0.1831994,0.1831994,0.15179184,0.13657117,0.031407565,DEC01,DEC02,McKinsey_FutureOfWork_2025,0.0,Stable,0.4,0.0
order additional rack power,1,0.565,MCK02,Advanced Communication & Collaboration,Moderate_Growth,0.4,0.021872817,0.021872817,0.006166743,-0.0017110677,0.015706073,WEF04,MCK05,McKinsey_FutureOfWork_2025,0.0,Stable,0.4,0.0
orchestrate complex ecosystems,1,0.713,WEF04,Cloud Computing & Infrastructure,Strong_Growth,0.85,0.2955792,0.2955792,0.17879356,0.16292763,0.11678563,ONET06,WEF06,WEF_FutureOfJobs_2025,0.0,Strong_Growth,1.0,0.0
orchestrate CI/CD,1,0.707,ONET03,UX/UI & Digital Design,Moderate_Growth,0.55,0.21236522,0.21236522,0.20639595,0.1881895,0.005969271,WEF04,MCK02,ONET_BrightOutlook_2024,0.0,Moderate_Growth,0.7,0.0
administer candidate profiles,1,0.602,DEC01,Routine Data Entry & Clerical,Decline,-0.6,0.20396203,0.20396203,0.17365757,0.16057687,0.030304462,MCK03,ESCO02,WEF_FutureOfJobs_2023,0.0,Declining,0.0,0.0
optimize systems,1,0.705,MCK04,Critical Thinking & Problem Solving,Strong_Growth,0.8,0.24288504,0.24288504,0.23028655,0.18287739,0.012598485,ONET02,ONET06,McKinsey_FutureOfWork_2025,0.0,Strong_Growth,1.0,0.0
optimize platform and sub-systems,1,0.705,WEF04,Cloud Computing & Infrastructure,Strong_Growth,0.85,0.2663369,0.2663369,0.2638181,0.2541863,0.0025188029,ONET02,WEF05,WEF_FutureOfJobs_2025,0.0,Strong_Growth,1.0,0.0
"optimize performance of bundlers, linters, and formatters",1,0.704,DEC02,Legacy Web Development,Decline,-0.4,0.15890357,0.15890357,0.14021707,0.12243998,0.018686503,DEC03,ONET02,Expert_consensus,0.0,Declining,0.0,0.0
optimize money movements and foreign exchange,1,0.702,ONET06,Blockchain & Distributed Systems,Moderate_Growth,0.5,0.17197445,0.17197445,0.16838558,0.09822194,0.0035888702,WEF05,ONET02,ONET_BrightOutlook_2024,0.0,Moderate_Growth,0.7,0.0
optimize middleware performance,1,0.715,ONET02,Database & Systems Administration,Moderate_Growth,0.5,0.20930967,0.20930967,0.17459996,0.1525945,0.034709707,DEC03,DEC02,ONET_BrightOutlook_2024,0.0,Moderate_Growth,0.7,0.0
optimize iOS apps,1,0.694,ONET01,Software Development & Engineering,Moderate_Growth,0.65,0.16411409,0.16411409,0.12585834,0.12559341,0.03825575,ONET03,WEF05,ONET_BrightOutlook_2024,0.0,Moderate_Growth,0.7,0.0
optimize integration services,1,0.712,ONET02,Database & Systems Administration,Moderate_Growth,0.5,0.25503218,0.25503218,0.25254792,0.17896894,0.002484262,WEF04,WEF05,ONET_BrightOutlook_2024,0.0,Moderate_Growth,0.7,0.0
optimize industrial processes,1,0.712,MCK01,Process Automation & RPA,Moderate_Growth,0.5,0.25841922,0.25841922,0.22216529,0.1843175,0.03625393,ESCO02,ONET02,McKinsey_FutureOfWork_2025,0.0,Moderate_Growth,0.7,0.0
optimize global offer launch preparation,1,0.675,MCK02,Advanced Communication & Collaboration,Moderate_Growth,0.4,0.1974528,0.1974528,0.181357,0.16856363,0.016095802,ESCO02,WEF05,McKinsey_FutureOfWork_2025,0.0,Stable,0.4,0.0
own CI/CD pipelines,1,0.564,WEF04,Cloud Computing & Infrastructure,Strong_Growth,0.85,0.27852198,0.27852198,0.24650085,0.2266823,0.032021135,ONET05,MCK01,WEF_FutureOfJobs_2025,0.0,Strong_Growth,1.0,0.0
own CAD,1,0.579,DEC03,Routine Maintenance Coding,Decline,-0.3,0.1846686,0.1846686,0.17275333,0.16570985,0.0119152665,ONET03,MCK02,McKinsey_FutureOfWork_2023,0.0,Declining,0.0,0.0
own business strategy,1,0.607,ESCO02,Business Analysis & Requirements Engineering,Moderate_Growth,0.5,0.24522096,0.24522096,0.22477591,0.17454922,0.020445049,MCK05,ESCO01,ESCO_v1.2_2024,0.0,Moderate_Growth,0.7,0.0
write articles,1,0.701,MCK02,Advanced Communication & Collaboration,Moderate_Growth,0.4,0.16403201,0.16403201,0.14394723,0.1372177,0.020084783,DEC03,MCK03,McKinsey_FutureOfWork_2025,0.0,Stable,0.4,0.0
build tools that aggregate and evaluate forecasts,1,0.67,WEF02,Big Data & Analytics,Strong_Growth,0.9,0.27724057,0.27724057,0.24272451,0.24204487,0.034516066,ESCO02,ONET02,WEF_FutureOfJobs_2025,0.0,Strong_Growth,1.0,0.0
work with utmost care and precision,1,0.629,DEC03,Routine Maintenance Coding,Decline,-0.3,0.24069864,0.24069864,0.23893735,0.21008942,0.0017612875,DEC01,MCK02,McKinsey_FutureOfWork_2023,0.0,Declining,0.0,0.0
work with public and private sector,1,0.602,MCK03,Leadership & People Development,Moderate_Growth,0.55,0.27185374,0.27185374,0.26616806,0.24323907,0.005685687,MCK02,ONET02,McKinsey_FutureOfWork_2025,0.0,Moderate_Growth,0.7,0.0
develop product growth,1,0.702,MCK05,Resilience & Adaptability,Strong_Growth,0.75,0.22370593,0.22370593,0.19682363,0.18191901,0.026882306,ESCO02,WEF05,WEF_FutureOfJobs_2025,0.0,Moderate_Growth,0.7,0.0
clear exams,1,0.602,ONET05,Quality Assurance & Testing,Moderate_Growth,0.55,0.25136328,0.25136328,0.17922942,0.16700496,0.072133854,DEC01,ESCO02,ONET_BrightOutlook_2024,0.0,Moderate_Growth,0.7,0.0
check final forms using gauges,1,0.695,DEC01,Routine Data Entry & Clerical,Decline,-0.6,0.17515329,0.17515329,0.11860815,0.1052406,0.05654514,MCK04,ESCO02,WEF_FutureOfJobs_2023,0.0,Declining,0.0,0.0
check dimensions and finish,1,0.699,DEC02,Legacy Web Development,Decline,-0.4,0.106224164,0.106224164,0.09506816,0.07586634,0.011156008,WEF06,ONET03,Expert_consensus,0.0,Declining,0.0,0.0
champion world-class artistry,1,0.645,DEC02,Legacy Web Development,Decline,-0.4,0.10887602,0.10887602,0.085557625,0.08396102,0.023318395,MCK03,ONET03,Expert_consensus,0.0,Declining,0.0,0.0
champion leading-edge methodologies,1,0.621,ESCO01,Project Management & Agile Methodologies,Moderate_Growth,0.55,0.23669544,0.23669544,0.20691167,0.2006602,0.02978377,MCK03,ONET02,ESCO_v1.2_2024,0.0,Moderate_Growth,0.7,0.0
champion information architecture best practices,1,0.643,ONET02,Database & Systems Administration,Moderate_Growth,0.5,0.28341562,0.28341562,0.2529214,0.22504543,0.030494213,MCK02,DEC02,ONET_BrightOutlook_2024,0.0,Moderate_Growth,0.7,0.0
champion for a healthier planet,1,0.563,MCK05,Resilience & Adaptability,Strong_Growth,0.75,0.21989658,0.21989658,0.19058275,0.12851089,0.029313833,WEF04,ONET02,WEF_FutureOfJobs_2025,0.0,Moderate_Growth,0.7,0.0
oversee UPS,1,0.562,ONET02,Database & Systems Administration,Moderate_Growth,0.5,0.22924337,0.22924337,0.16623266,0.15153377,0.06301071,WEF04,MCK03,ONET_BrightOutlook_2024,0.0,Moderate_Growth,0.7,0.0
develop Power Platform applications,1,0.707,WEF05,Digital Platforms & E-commerce,Moderate_Growth,0.7,0.26640663,0.26640663,0.26535705,0.24582121,0.0010495782,WEF04,WEF06,WEF_FutureOfJobs_2025,0.0,Moderate_Growth,0.7,0.0
develop performance,1,0.712,MCK02,Advanced Communication & Collaboration,Moderate_Growth,0.4,0.27376628,0.27376628,0.2431379,0.2425564,0.030628383,ESCO02,ONET03,McKinsey_FutureOfWork_2025,0.0,Stable,0.4,0.0
oversee intercom and communications systems,1,0.696,MCK02,Advanced Communication & Collaboration,Moderate_Growth,0.4,0.29038987,0.29038987,0.28318882,0.27603823,0.0072010458,ONET02,WEF07,McKinsey_FutureOfWork_2025,0.0,Stable,0.4,0.0
develop mathematical models,1,0.709,WEF01,AI & Machine Learning,Strong_Growth,1.0,0.25827253,0.25827253,0.24913348,0.23938268,0.009139046,ESCO02,ONET06,WEF_FutureOfJobs_2025,0.0,Strong_Growth,1.0,0.0
oversee daily operations,1,0.545,DEC03,Routine Maintenance Coding,Decline,-0.3,0.28363734,0.28363734,0.27885765,0.23374708,0.0047796965,ONET02,DEC01,McKinsey_FutureOfWork_2023,0.0,Declining,0.0,0.0
oversee broadcast operations,1,0.616,ONET02,Database & Systems Administration,Moderate_Growth,0.5,0.22737166,0.22737166,0.1373161,0.13675389,0.09005557,WEF04,WEF07,ONET_BrightOutlook_2024,0.0,Moderate_Growth,0.7,0.0
oversee all aspects of mineral resource evaluation,1,0.542,WEF06,Environmental & Sustainability Technology,Moderate_Growth,0.6,0.24676189,0.24676189,0.22675586,0.20715359,0.02000603,ONET02,MCK02,WEF_FutureOfJobs_2025,0.0,Moderate_Growth,0.7,0.0
oversee agency fixed assets,1,0.606,MCK02,Advanced Communication & Collaboration,Moderate_Growth,0.4,0.19527523,0.19527523,0.1754846,0.17221737,0.019790635,ONET02,ESCO01,McKinsey_FutureOfWork_2025,0.0,Stable,0.4,0.0
organize work,1,0.633,DEC03,Routine Maintenance Coding,Decline,-0.3,0.22855458,0.22855458,0.22336507,0.21934271,0.005189508,ESCO01,MCK02,McKinsey_FutureOfWork_2023,0.0,Declining,0.0,0.0
develop learning experiences,1,0.681,MCK05,Resilience & Adaptability,Strong_Growth,0.75,0.29209948,0.29209948,0.26410785,0.23983894,0.027991623,ESCO02,ONET03,WEF_FutureOfJobs_2025,0.0,Moderate_Growth,0.7,0.0
package electronics,1,0.601,DEC03,Routine Maintenance Coding,Decline,-0.3,0.18656309,0.18656309,0.1832543,0.18141656,0.003308788,DEC02,MCK02,McKinsey_FutureOfWork_2023,0.0,Declining,0.0,0.0
own the service level of a platform,1,0.583,WEF04,Cloud Computing & Infrastructure,Strong_Growth,0.85,0.26751238,0.26751238,0.2420801,0.19554965,0.025432274,WEF05,ONET06,WEF_FutureOfJobs_2025,0.0,Strong_Growth,1.0,0.0
own the roadmap,1,0.627,ESCO01,Project Management & Agile Methodologies,Moderate_Growth,0.55,0.19890751,0.19890751,0.18935607,0.18830259,0.009551436,WEF07,DEC03,ESCO_v1.2_2024,0.0,Moderate_Growth,0.7,0.0
own the hiring strategy,1,0.613,MCK03,Leadership & People Development,Moderate_Growth,0.55,0.27257207,0.27257207,0.19967827,0.1903915,0.0728938,ESCO02,MCK05,McKinsey_FutureOfWork_2025,0.0,Moderate_Growth,0.7,0.0
own the backlog,1,0.627,DEC03,Routine Maintenance Coding,Decline,-0.3,0.22241564,0.22241564,0.16088611,0.119832836,0.061529532,ONET02,WEF07,McKinsey_FutureOfWork_2023,0.0,Declining,0.0,0.0
own technology strategy,1,0.62,MCK02,Advanced Communication & Collaboration,Moderate_Growth,0.4,0.27744466,0.27744466,0.2662276,0.2635471,0.011217058,DEC02,WEF06,McKinsey_FutureOfWork_2025,0.0,Stable,0.4,0.0
own product strategy,1,0.606,MCK05,Resilience & Adaptability,Strong_Growth,0.75,0.15495852,0.15495852,0.1536114,0.15108651,0.0013471097,ESCO02,ESCO01,WEF_FutureOfJobs_2025,0.0,Moderate_Growth,0.7,0.0
own digital signal processing stack,1,0.59,WEF05,Digital Platforms & E-commerce,Moderate_Growth,0.7,0.19920033,0.19920033,0.18479627,0.18193935,0.014404058,ONET03,DEC02,WEF_FutureOfJobs_2025,0.0,Moderate_Growth,0.7,0.0
own customer inform/awareness activities,1,0.577,MCK02,Advanced Communication & Collaboration,Moderate_Growth,0.4,0.24666324,0.24666324,0.21899267,0.19898158,0.027670577,ESCO02,ONET02,McKinsey_FutureOfWork_2025,0.0,Stable,0.4,0.0
own critical aspects of electrical implementation,1,0.622,MCK04,Critical Thinking & Problem Solving,Strong_Growth,0.8,0.27604675,0.27604675,0.22586492,0.21303558,0.050181836,DEC03,MCK02,McKinsey_FutureOfWork_2025,0.0,Strong_Growth,1.0,0.0
own critical aspects of electrical architecture,1,0.633,MCK04,Critical Thinking & Problem Solving,Strong_Growth,0.8,0.25770342,0.25770342,0.25242776,0.20454943,0.0052756667,ONET03,DEC02,McKinsey_FutureOfWork_2025,0.0,Strong_Growth,1.0,0.0
develop scalability,1,0.712,MCK05,Resilience & Adaptability,Strong_Growth,0.75,0.29497463,0.29497463,0.27532396,0.24538808,0.019650668,DEC02,WEF04,WEF_FutureOfJobs_2025,0.0,Moderate_Growth,0.7,0.0
partner with customers,1,0.608,WEF05,Digital Platforms & E-commerce,Moderate_Growth,0.7,0.27477857,0.27477857,0.2508005,0.1619935,0.023978084,MCK02,ESCO02,WEF_FutureOfJobs_2025,0.0,Moderate_Growth,0.7,0.0
develop robust pipelines,1,0.675,MCK01,Process Automation & RPA,Moderate_Growth,0.5,0.23239419,0.23239419,0.22212385,0.21395594,0.010270342,DEC03,WEF04,McKinsey_FutureOfWork_2025,0.0,Moderate_Growth,0.7,0.0
develop relationships,1,0.677,MCK03,Leadership & People Development,Moderate_Growth,0.55,0.1711001,0.1711001,0.17001587,0.15640381,0.0010842234,MCK05,ESCO02,McKinsey_FutureOfWork_2025,0.0,Moderate_Growth,0.7,0.0
build solutions for Business Data Quality (BDQ),1,0.698,ESCO02,Business Analysis & Requirements Engineering,Moderate_Growth,0.5,0.25982204,0.25982204,0.24662419,0.23881005,0.013197854,ONET02,WEF02,ESCO_v1.2_2024,0.0,Moderate_Growth,0.7,0.0
build service operations,1,0.675,WEF04,Cloud Computing & Infrastructure,Strong_Growth,0.85,0.28713864,0.28713864,0.25722522,0.22965759,0.029913425,DEC03,ONET02,WEF_FutureOfJobs_2025,0.0,Strong_Growth,1.0,0.0
build scalable real-time data streaming platforms,1,0.675,WEF02,Big Data & Analytics,Strong_Growth,0.9,0.2526737,0.2526737,0.20700026,0.19857925,0.04567343,WEF04,ONET02,WEF_FutureOfJobs_2025,0.0,Strong_Growth,1.0,0.0
build robust reconciliation/accounting systems,1,0.716,ONET06,Blockchain & Distributed Systems,Moderate_Growth,0.5,0.22917211,0.22917211,0.20750819,0.20365687,0.02166392,MCK02,ONET02,ONET_BrightOutlook_2024,0.0,Moderate_Growth,0.7,0.0
challenge and review designs,1,0.607,ONET03,UX/UI & Digital Design,Moderate_Growth,0.55,0.23613717,0.23613717,0.21751793,0.21154964,0.01861924,ESCO02,MCK02,ONET_BrightOutlook_2024,0.0,Moderate_Growth,0.7,0.0
celebrate successes,1,0.645,MCK03,Leadership & People Development,Moderate_Growth,0.55,0.13903515,0.13903515,0.12401036,0.109982476,0.015024789,ESCO01,DEC03,McKinsey_FutureOfWork_2025,0.0,Moderate_Growth,0.7,0.0
capture video content,1,0.7,ONET04,Game Development & Interactive Media,Moderate_Growth,0.6,0.1009833,0.1009833,0.05744959,0.055580083,0.04353371,WEF05,DEC02,ONET_BrightOutlook_2024,0.0,Moderate_Growth,0.7,0.0
build with speed and intensity,1,0.63,MCK05,Resilience & Adaptability,Strong_Growth,0.75,0.21345514,0.21345514,0.1417826,0.12806796,0.071672544,DEC03,ONET04,WEF_FutureOfJobs_2025,0.0,Moderate_Growth,0.7,0.0
build trust and impact,1,0.601,MCK05,Resilience & Adaptability,Strong_Growth,0.75,0.2987538,0.2987538,0.2360218,0.16776069,0.062731996,MCK02,MCK03,WEF_FutureOfJobs_2025,0.0,Moderate_Growth,0.7,0.0
participate in on-call rotation,1,0.593,MCK02,Advanced Communication & Collaboration,Moderate_Growth,0.4,0.1893031,0.1893031,0.11794862,0.10954937,0.07135448,MCK03,DEC03,McKinsey_FutureOfWork_2025,0.0,Stable,0.4,0.0
develop creatures,1,0.678,ONET04,Game Development & Interactive Media,Moderate_Growth,0.6,0.16761759,0.16761759,0.1657765,0.122348964,0.0018410832,MCK05,WEF04,ONET_BrightOutlook_2024,0.0,Moderate_Growth,0.7,0.0
participate in code reviews,2,0.611,DEC03,Routine Maintenance Coding,Decline,-0.3,0.28972694,0.28972694,0.16193275,0.15527514,0.12779419,MCK02,ONET01,McKinsey_FutureOfWork_2023,0.0,Declining,0.0,0.0
develop and maintain metadata schemas,1,0.701,DEC02,Legacy Web Development,Decline,-0.4,0.29619777,0.29619777,0.2958475,0.27273995,0.0003502667,DEC03,ONET02,Expert_consensus,0.0,Declining,0.0,0.0
participate in audits,1,0.618,ESCO02,Business Analysis & Requirements Engineering,Moderate_Growth,0.5,0.19161482,0.19161482,0.15691787,0.1381304,0.03469695,DEC01,MCK02,ESCO_v1.2_2024,0.0,Moderate_Growth,0.7,0.0
develop and configure services,1,0.702,WEF04,Cloud Computing & Infrastructure,Strong_Growth,0.85,0.2849332,0.2849332,0.27202347,0.26823354,0.01290974,ONET02,MCK02,WEF_FutureOfJobs_2025,0.0,Strong_Growth,1.0,0.0
perform simulation,1,0.71,ONET05,Quality Assurance & Testing,Moderate_Growth,0.55,0.25112784,0.25112784,0.24624625,0.2117927,0.0048815906,ONET04,ONET03,ONET_BrightOutlook_2024,0.0,Moderate_Growth,0.7,0.0
perform precision EDM work,1,0.698,DEC01,Routine Data Entry & Clerical,Decline,-0.6,0.13450913,0.13450913,0.12145378,0.09633892,0.013055354,WEF08,ONET03,WEF_FutureOfJobs_2023,0.0,Declining,0.0,0.0
perform periodic checks on equipment,1,0.592,DEC03,Routine Maintenance Coding,Decline,-0.3,0.19099577,0.19099577,0.16104268,0.1324754,0.029953092,DEC01,MCK01,McKinsey_FutureOfWork_2023,0.0,Declining,0.0,0.0
build monitoring systems,1,0.704,ONET02,Database & Systems Administration,Moderate_Growth,0.5,0.27892506,0.27892506,0.2760147,0.22880691,0.0029103756,DEC03,MCK02,ONET_BrightOutlook_2024,0.0,Moderate_Growth,0.7,0.0
build lasting emotional connections,1,0.641,MCK05,Resilience & Adaptability,Strong_Growth,0.75,0.22133559,0.22133559,0.16138712,0.13341755,0.059948474,MCK02,MCK03,WEF_FutureOfJobs_2025,0.0,Moderate_Growth,0.7,0.0
build innovative responses,1,0.707,MCK02,Advanced Communication & Collaboration,Moderate_Growth,0.4,0.274382,0.274382,0.2558862,0.24092484,0.018495798,MCK05,ONET03,McKinsey_FutureOfWork_2025,0.0,Stable,0.4,0.0
build high-performance systems,1,0.713,DEC02,Legacy Web Development,Decline,-0.4,0.26990125,0.26990125,0.21706977,0.19656885,0.05283147,ONET02,WEF04,Expert_consensus,0.0,Declining,0.0,0.0
build high-performance mobile applications,1,0.715,DEC02,Legacy Web Development,Decline,-0.4,0.25949514,0.25949514,0.18555917,0.16404621,0.07393597,ONET03,DEC03,Expert_consensus,0.0,Declining,0.0,0.0
build strong relationships,1,0.669,MCK05,Resilience & Adaptability,Strong_Growth,0.75,0.24077687,0.24077687,0.16070676,0.12192798,0.08007011,MCK03,MCK02,WEF_FutureOfJobs_2025,0.0,Moderate_Growth,0.7,0.0
build solutions for Entitlements,1,0.704,DEC03,Routine Maintenance Coding,Decline,-0.3,0.25605762,0.25605762,0.2443288,0.23516801,0.011728823,MCK05,ONET06,McKinsey_FutureOfWork_2023,0.0,Declining,0.0,0.0
develop and configure routing logic,1,0.7,DEC02,Legacy Web Development,Decline,-0.4,0.1890797,0.1890797,0.17004327,0.16380198,0.019036427,ONET04,ONET03,Expert_consensus,0.0,Declining,0.0,0.0
perform calculation,1,0.712,MCK04,Critical Thinking & Problem Solving,Strong_Growth,0.8,0.115317404,0.115317404,0.10185045,0.0839923,0.013466954,WEF06,ESCO02,McKinsey_FutureOfWork_2025,0.0,Strong_Growth,1.0,0.0
perceive context in virtual environments,1,0.594,ONET03,UX/UI & Digital Design,Moderate_Growth,0.55,0.20899379,0.20899379,0.18442707,0.15186328,0.024566725,ONET04,WEF04,ONET_BrightOutlook_2024,0.0,Moderate_Growth,0.7,0.0
pay strong attention to detail,1,0.603,DEC03,Routine Maintenance Coding,Decline,-0.3,0.24977884,0.24977884,0.15758303,0.14372548,0.09219581,MCK02,MCK04,McKinsey_FutureOfWork_2023,0.0,Declining,0.0,0.0
patch assembly code on CPUs or GPUs,1,0.691,DEC03,Routine Maintenance Coding,Decline,-0.3,0.27926666,0.27926666,0.116615444,0.11533369,0.16265121,WEF04,MCK01,McKinsey_FutureOfWork_2023,0.0,Declining,0.0,0.0
develop high-quality data architecture solutions,1,0.728,ONET02,Database & Systems Administration,Moderate_Growth,0.5,0.25250742,0.25250742,0.22762428,0.20512743,0.024883136,WEF02,DEC03,ONET_BrightOutlook_2024,0.0,Moderate_Growth,0.7,0.0
partner with sales leadership,1,0.608,MCK03,Leadership & People Development,Moderate_Growth,0.55,0.2569736,0.2569736,0.24315172,0.21596748,0.01382187,MCK02,WEF05,McKinsey_FutureOfWork_2025,0.0,Moderate_Growth,0.7,0.0
partner with publishing services manager,1,0.638,MCK02,Advanced Communication & Collaboration,Moderate_Growth,0.4,0.26742053,0.26742053,0.22255528,0.18586403,0.04486525,ONET02,WEF05,McKinsey_FutureOfWork_2025,0.0,Stable,0.4,0.0
prepare information for electrode construction,1,0.626,ESCO02,Business Analysis & Requirements Engineering,Moderate_Growth,0.5,0.1926417,0.1926417,0.16022114,0.14866877,0.03242056,DEC01,MCK02,ESCO_v1.2_2024,0.0,Moderate_Growth,0.7,0.0
power innovators,1,0.611,MCK05,Resilience & Adaptability,Strong_Growth,0.75,0.28769657,0.28769657,0.268007,0.22040805,0.01968956,WEF06,MCK02,WEF_FutureOfJobs_2025,0.0,Moderate_Growth,0.7,0.0
power business owners,1,0.607,MCK03,Leadership & People Development,Moderate_Growth,0.55,0.17794208,0.17794208,0.17771943,0.17219093,0.00022265315,MCK05,MCK02,McKinsey_FutureOfWork_2025,0.0,Moderate_Growth,0.7,0.0
plan setup and sequence of operations,1,0.696,ESCO02,Business Analysis & Requirements Engineering,Moderate_Growth,0.5,0.2508614,0.2508614,0.24465546,0.20246929,0.006205946,ESCO01,MCK04,ESCO_v1.2_2024,0.0,Moderate_Growth,0.7,0.0
plan ports needed for servers,1,0.665,WEF04,Cloud Computing & Infrastructure,Strong_Growth,0.85,0.24987933,0.24987933,0.18835738,0.16993088,0.061521947,ONET02,DEC02,WEF_FutureOfJobs_2025,0.0,Strong_Growth,1.0,0.0
plan for the future,1,0.598,WEF06,Environmental & Sustainability Technology,Moderate_Growth,0.6,0.25072443,0.25072443,0.2260302,0.22597328,0.024694234,WEF01,MCK03,WEF_FutureOfJobs_2025,0.0,Moderate_Growth,0.7,0.0
develop high-performance data ingestion systems,1,0.71,ONET02,Database & Systems Administration,Moderate_Growth,0.5,0.23890534,0.23890534,0.23107405,0.16728571,0.00783129,WEF02,WEF04,ONET_BrightOutlook_2024,0.0,Moderate_Growth,0.7,0.0
pioneer intelligent discovery experiences,1,0.604,WEF07,Human-AI Collaboration,Strong_Growth,0.95,0.2686627,0.2686627,0.22407646,0.1939378,0.044586226,MCK02,WEF01,WEF_FutureOfJobs_2025,0.0,Strong_Growth,1.0,0.0
produce high-quality components,1,0.685,DEC02,Legacy Web Development,Decline,-0.4,0.2042104,0.2042104,0.17267942,0.16429356,0.031530976,DEC03,ONET03,Expert_consensus,0.0,Declining,0.0,0.0
produce high quality deliverables,1,0.705,MCK02,Advanced Communication & Collaboration,Moderate_Growth,0.4,0.1873435,0.1873435,0.14601555,0.1335426,0.04132794,DEC02,WEF05,McKinsey_FutureOfWork_2025,0.0,Stable,0.4,0.0
produce correct financial reports,1,0.705,DEC01,Routine Data Entry & Clerical,Decline,-0.6,0.24340454,0.24340454,0.13381128,0.1282263,0.10959326,ESCO02,ONET02,WEF_FutureOfJobs_2023,0.0,Declining,0.0,0.0
produce Circuit Card Assemblies,1,0.703,DEC02,Legacy Web Development,Decline,-0.4,0.17533492,0.17533492,0.12249442,0.11970067,0.052840494,ONET06,MCK01,Expert_consensus,0.0,Declining,0.0,0.0
produce barrels of oil,1,0.693,ESCO02,Business Analysis & Requirements Engineering,Moderate_Growth,0.5,0.10012402,0.10012402,0.06261887,0.06022562,0.03750515,WEF06,MCK02,ESCO_v1.2_2024,0.0,Moderate_Growth,0.7,0.0
process RMA/OHIP billing,1,0.57,WEF05,Digital Platforms & E-commerce,Moderate_Growth,0.7,0.15468474,0.15468474,0.12207723,0.09640408,0.03260751,ONET06,MCK01,WEF_FutureOfJobs_2025,0.0,Moderate_Growth,0.7,0.0
process incoming and outgoing mail,1,0.59,WEF05,Digital Platforms & E-commerce,Moderate_Growth,0.7,0.17133293,0.17133293,0.15956736,0.13702723,0.011765569,ONET02,MCK01,WEF_FutureOfJobs_2025,0.0,Moderate_Growth,0.7,0.0
process financial expenses,1,0.572,DEC01,Routine Data Entry & Clerical,Decline,-0.6,0.17427719,0.17427719,0.15599933,0.12548323,0.018277854,ESCO02,DEC03,WEF_FutureOfJobs_2023,0.0,Declining,0.0,0.0
build financial data models,1,0.67,ESCO02,Business Analysis & Requirements Engineering,Moderate_Growth,0.5,0.27140868,0.27140868,0.25170025,0.2303756,0.019708425,ONET06,DEC01,ESCO_v1.2_2024,0.0,Moderate_Growth,0.7,0.0
build extensible systems,1,0.704,DEC03,Routine Maintenance Coding,Decline,-0.3,0.2641197,0.2641197,0.26299188,0.25737172,0.0011278391,DEC02,WEF04,McKinsey_FutureOfWork_2023,0.0,Declining,0.0,0.0
develop end-to-end real-time solutions,1,0.711,WEF07,Human-AI Collaboration,Strong_Growth,0.95,0.260481,0.260481,0.23634428,0.23421274,0.024136722,MCK02,DEC03,WEF_FutureOfJobs_2025,0.0,Strong_Growth,1.0,0.0
work closely with customers,1,0.606,MCK02,Advanced Communication & Collaboration,Moderate_Growth,0.4,0.2531147,0.2531147,0.16401792,0.1551567,0.089096785,ESCO02,DEC03,McKinsey_FutureOfWork_2025,0.0,Stable,0.4,0.0
build dashboards,2,0.6905,DEC02,Legacy Web Development,Decline,-0.4,0.29808527,0.29808527,0.22915818,0.22543487,0.068927094,ONET03,WEF02,Expert_consensus,0.0,Declining,0.0,0.0
build customized reporting tools,1,0.675,DEC03,Routine Maintenance Coding,Decline,-0.3,0.28333685,0.28333685,0.24542397,0.21908098,0.037912875,MCK02,DEC02,McKinsey_FutureOfWork_2023,0.0,Declining,0.0,0.0
build products,1,0.701,ESCO02,Business Analysis & Requirements Engineering,Moderate_Growth,0.5,0.26061535,0.26061535,0.22176236,0.22127943,0.03885299,DEC02,MCK02,ESCO_v1.2_2024,0.0,Moderate_Growth,0.7,0.0
build Power BI reports,1,0.693,MCK02,Advanced Communication & Collaboration,Moderate_Growth,0.4,0.2133084,0.2133084,0.1976765,0.16923717,0.0156319,ESCO02,WEF02,McKinsey_FutureOfWork_2025,0.0,Stable,0.4,0.0
build on existing foundational models,1,0.701,DEC02,Legacy Web Development,Decline,-0.4,0.2643853,0.2643853,0.16503142,0.16273344,0.099353895,ONET03,DEC03,Expert_consensus,0.0,Declining,0.0,0.0
process day-to-day delivery,1,0.573,MCK01,Process Automation & RPA,Moderate_Growth,0.5,0.17568763,0.17568763,0.146636,0.113270424,0.029051632,DEC03,WEF05,McKinsey_FutureOfWork_2025,0.0,Moderate_Growth,0.7,0.0
proactively contribute improvement ideas,1,0.646,DEC03,Routine Maintenance Coding,Decline,-0.3,0.28688022,0.28688022,0.2403457,0.22108811,0.046534523,MCK03,MCK02,McKinsey_FutureOfWork_2023,0.0,Declining,0.0,0.0
prioritize learning,1,0.617,WEF01,AI & Machine Learning,Strong_Growth,1.0,0.22453924,0.22453924,0.15564442,0.14260542,0.06889482,MCK04,WEF07,WEF_FutureOfJobs_2025,0.0,Strong_Growth,1.0,0.0
prioritise tasks effectively,1,0.616,MCK02,Advanced Communication & Collaboration,Moderate_Growth,0.4,0.2135363,0.2135363,0.20772114,0.2027829,0.0058151633,DEC03,WEF07,McKinsey_FutureOfWork_2025,0.0,Stable,0.4,0.0
provide a positive employee experience,1,0.636,MCK05,Resilience & Adaptability,Strong_Growth,0.75,0.22174838,0.22174838,0.17542198,0.13035597,0.0463264,MCK03,MCK02,WEF_FutureOfJobs_2025,0.0,Moderate_Growth,0.7,0.0
provide a positive customer experience,1,0.636,DEC03,Routine Maintenance Coding,Decline,-0.3,0.16203645,0.16203645,0.1542896,0.13120931,0.0077468455,ESCO02,MCK02,McKinsey_FutureOfWork_2023,0.0,Declining,0.0,0.0
work closely with architects,1,0.607,ESCO02,Business Analysis & Requirements Engineering,Moderate_Growth,0.5,0.28720427,0.28720427,0.27925098,0.25282183,0.007953286,MCK02,ONET03,ESCO_v1.2_2024,0.0,Moderate_Growth,0.7,0.0
promote soil health,1,0.589,WEF04,Cloud Computing & Infrastructure,Strong_Growth,0.85,0.16200694,0.16200694,0.1408095,0.13525479,0.021197438,DEC03,WEF06,WEF_FutureOfJobs_2025,0.0,Strong_Growth,1.0,0.0
promote initiatives such as BCBS 239–aligned traceability,1,0.621,ESCO02,Business Analysis & Requirements Engineering,Moderate_Growth,0.5,0.2302402,0.2302402,0.21416008,0.21362174,0.016080111,WEF02,ONET02,ESCO_v1.2_2024,0.0,Moderate_Growth,0.7,0.0
program enhancements for the ServiceNow portal,1,0.702,DEC03,Routine Maintenance Coding,Decline,-0.3,0.2889824,0.2889824,0.23605798,0.22451672,0.05292441,ONET02,DEC02,McKinsey_FutureOfWork_2023,0.0,Declining,0.0,0.0
program EDM machines,1,0.699,WEF01,AI & Machine Learning,Strong_Growth,1.0,0.29453066,0.29453066,0.27297696,0.20595093,0.021553695,MCK01,DEC03,WEF_FutureOfJobs_2025,0.0,Strong_Growth,1.0,0.0
program CNC machining operations,1,0.675,MCK01,Process Automation & RPA,Moderate_Growth,0.5,0.2950907,0.2950907,0.2525801,0.20598842,0.0425106,DEC03,ONET01,McKinsey_FutureOfWork_2025,0.0,Moderate_Growth,0.7,0.0
profile and analyze performance of applications and systems,1,0.69,ONET02,Database & Systems Administration,Moderate_Growth,0.5,0.2797426,0.2797426,0.23078322,0.21443984,0.048959374,ONET03,DEC02,ONET_BrightOutlook_2024,0.0,Moderate_Growth,0.7,0.0
work at a fast pace to achieve KPIs,1,0.623,DEC01,Routine Data Entry & Clerical,Decline,-0.6,0.1882217,0.1882217,0.18579371,0.1823903,0.0024279803,MCK02,WEF02,WEF_FutureOfJobs_2023,0.0,Declining,0.0,0.0
produce high-quality video content,1,0.706,ONET04,Game Development & Interactive Media,Moderate_Growth,0.6,0.19918062,0.19918062,0.15283231,0.14777012,0.046348304,DEC02,ONET05,ONET_BrightOutlook_2024,0.0,Moderate_Growth,0.7,0.0
provide L3 L4 support for Intune,1,0.663,DEC02,Legacy Web Development,Decline,-0.4,0.07578564,0.07578564,0.066613205,0.05999089,0.009172432,DEC03,ONET02,Expert_consensus,0.0,Declining,0.0,0.0
provide key input to shape strategic direction,1,0.605,MCK02,Advanced Communication & Collaboration,Moderate_Growth,0.4,0.26465243,0.26465243,0.21812117,0.19560888,0.04653126,MCK03,MCK04,McKinsey_FutureOfWork_2025,0.0,Stable,0.4,0.0
provide information on financial policies,1,0.57,ONET06,Blockchain & Distributed Systems,Moderate_Growth,0.5,0.25249606,0.25249606,0.20639189,0.20632116,0.046104178,DEC01,ONET02,ONET_BrightOutlook_2024,0.0,Moderate_Growth,0.7,0.0
provide in-app chatbot,1,0.568,WEF07,Human-AI Collaboration,Strong_Growth,0.95,0.20891145,0.20891145,0.17314228,0.12323613,0.035769165,MCK02,WEF01,WEF_FutureOfJobs_2025,0.0,Strong_Growth,1.0,0.0
provide HR support,1,0.696,MCK03,Leadership & People Development,Moderate_Growth,0.55,0.22891493,0.22891493,0.17030995,0.1433813,0.058604985,MCK02,MCK05,McKinsey_FutureOfWork_2025,0.0,Moderate_Growth,0.7,0.0
provide feedback on marketing campaign effectiveness,1,0.597,ESCO02,Business Analysis & Requirements Engineering,Moderate_Growth,0.5,0.17182267,0.17182267,0.15429288,0.13952434,0.017529786,MCK02,MCK03,ESCO_v1.2_2024,0.0,Moderate_Growth,0.7,0.0
drive delivery of functionality,1,0.593,DEC03,Routine Maintenance Coding,Decline,-0.3,0.28226298,0.28226298,0.25718457,0.23821023,0.025078416,MCK02,ONET02,McKinsey_FutureOfWork_2023,0.0,Declining,0.0,0.0
provide expert advice,1,0.607,MCK02,Advanced Communication & Collaboration,Moderate_Growth,0.4,0.24994066,0.24994066,0.21741396,0.21649477,0.0325267,ESCO02,DEC03,McKinsey_FutureOfWork_2025,0.0,Stable,0.4,0.0
provide direct support to clinical faculty,1,0.634,MCK02,Advanced Communication & Collaboration,Moderate_Growth,0.4,0.15111473,0.15111473,0.14011598,0.1354096,0.010998756,MCK03,DEC01,McKinsey_FutureOfWork_2025,0.0,Stable,0.4,0.0
drive adoption of initiatives,1,0.608,MCK02,Advanced Communication & Collaboration,Moderate_Growth,0.4,0.23675033,0.23675033,0.19346505,0.14823756,0.04328528,WEF07,ESCO01,McKinsey_FutureOfWork_2025,0.0,Stable,0.4,0.0
provide administrative support,1,0.684,MCK02,Advanced Communication & Collaboration,Moderate_Growth,0.4,0.21556482,0.21556482,0.21400723,0.1965083,0.0015575886,ONET02,DEC03,McKinsey_FutureOfWork_2025,0.0,Stable,0.4,0.0
provide technical audio support,1,0.703,MCK02,Advanced Communication & Collaboration,Moderate_Growth,0.4,0.26116318,0.26116318,0.20374244,0.19680226,0.05742073,ONET03,DEC02,McKinsey_FutureOfWork_2025,0.0,Stable,0.4,0.0
provide support for sales channel operations,1,0.672,WEF05,Digital Platforms & E-commerce,Moderate_Growth,0.7,0.29543844,0.29543844,0.26488045,0.23161906,0.03055799,ONET02,MCK02,WEF_FutureOfJobs_2025,0.0,Moderate_Growth,0.7,0.0
drive adoption and compliance with information security and privacy practices,1,0.612,WEF03,Cybersecurity,Strong_Growth,0.9,0.2449086,0.2449086,0.19892386,0.19380283,0.045984745,DEC01,WEF08,WEF_FutureOfJobs_2025,0.0,Strong_Growth,1.0,0.0
provide solutions,1,0.597,MCK04,Critical Thinking & Problem Solving,Strong_Growth,0.8,0.2458064,0.2458064,0.23828603,0.1920439,0.0075203627,DEC03,ONET06,McKinsey_FutureOfWork_2025,0.0,Strong_Growth,1.0,0.0
provide secretarial support,1,0.679,WEF07,Human-AI Collaboration,Strong_Growth,0.95,0.21871854,0.21871854,0.2040079,0.16359189,0.01471065,WEF01,MCK02,WEF_FutureOfJobs_2025,0.0,Strong_Growth,1.0,0.0
provide real-time market data,1,0.618,WEF02,Big Data & Analytics,Strong_Growth,0.9,0.2541429,0.2541429,0.225765,0.2216233,0.028377905,ONET02,WEF05,WEF_FutureOfJobs_2025,0.0,Strong_Growth,1.0,0.0
draft architectural plans,1,0.647,ESCO02,Business Analysis & Requirements Engineering,Moderate_Growth,0.5,0.2960492,0.2960492,0.29165745,0.2524957,0.0043917596,ONET03,MCK02,ESCO_v1.2_2024,0.0,Moderate_Growth,0.7,0.0
provide post-sale customer support,1,0.612,WEF05,Digital Platforms & E-commerce,Moderate_Growth,0.7,0.15279776,0.15279776,0.09612248,0.08612186,0.056675278,MCK02,ONET02,WEF_FutureOfJobs_2025,0.0,Moderate_Growth,0.7,0.0
provide post-implementation support,1,0.686,DEC03,Routine Maintenance Coding,Decline,-0.3,0.26649708,0.26649708,0.19653393,0.17376044,0.06996314,DEC02,ONET02,McKinsey_FutureOfWork_2023,0.0,Declining,0.0,0.0
work with administrators,1,0.611,MCK02,Advanced Communication & Collaboration,Moderate_Growth,0.4,0.2795388,0.2795388,0.25362056,0.25245517,0.025918245,ONET02,MCK03,McKinsey_FutureOfWork_2025,0.0,Stable,0.4,0.0
work well independently,1,0.61,MCK05,Resilience & Adaptability,Strong_Growth,0.75,0.26464486,0.26464486,0.124090925,0.1203759,0.14055394,MCK03,MCK02,WEF_FutureOfJobs_2025,0.0,Moderate_Growth,0.7,0.0
work under minimal direction,1,0.607,MCK02,Advanced Communication & Collaboration,Moderate_Growth,0.4,0.17890388,0.17890388,0.14457883,0.114612035,0.03432505,MCK04,MCK03,McKinsey_FutureOfWork_2025,0.0,Stable,0.4,0.0
work on-site,1,0.631,DEC02,Legacy Web Development,Decline,-0.4,0.25764385,0.25764385,0.2488787,0.23254691,0.008765146,MCK02,WEF05,Expert_consensus,0.0,Declining,0.0,0.0
work on state-of-the-art solutions,1,0.623,DEC03,Routine Maintenance Coding,Decline,-0.3,0.28346583,0.28346583,0.23452976,0.23397923,0.04893607,MCK04,ONET06,McKinsey_FutureOfWork_2023,0.0,Declining,0.0,0.0
work on scalable web services,1,0.586,DEC02,Legacy Web Development,Decline,-0.4,0.2989256,0.2989256,0.2645598,0.25497276,0.034365803,ONET06,WEF04,Expert_consensus,0.0,Declining,0.0,0.0
work on profiler stack and application code,1,0.614,DEC03,Routine Maintenance Coding,Decline,-0.3,0.18956244,0.18956244,0.14457504,0.10593154,0.044987395,DEC02,DEC01,McKinsey_FutureOfWork_2023,0.0,Declining,0.0,0.0
work on own initiative,1,0.601,WEF07,Human-AI Collaboration,Strong_Growth,0.95,0.2921978,0.2921978,0.237427,0.22688559,0.054770797,MCK02,MCK03,WEF_FutureOfJobs_2025,0.0,Strong_Growth,1.0,0.0
work on new projects,1,0.583,DEC03,Routine Maintenance Coding,Decline,-0.3,0.29601595,0.29601595,0.2666101,0.24779275,0.029405862,ESCO01,MCK02,McKinsey_FutureOfWork_2023,0.0,Declining,0.0,0.0
work independently,3,0.6243333333333333,MCK05,Resilience & Adaptability,Strong_Growth,0.75,0.25859958,0.25859958,0.16504216,0.13014057,0.09355742,MCK03,MCK02,WEF_FutureOfJobs_2025,0.0,Moderate_Growth,0.7,0.0
build foundations,1,0.707,DEC02,Legacy Web Development,Decline,-0.4,0.24715811,0.24715811,0.19851232,0.19455034,0.048645794,MCK05,MCK02,Expert_consensus,0.0,Declining,0.0,0.0
provide live-sound support,1,0.707,DEC02,Legacy Web Development,Decline,-0.4,0.18493196,0.18493196,0.16346131,0.14232749,0.021470651,MCK02,DEC03,Expert_consensus,0.0,Declining,0.0,0.0
provide leadership for sales channel operations,1,0.637,MCK03,Leadership & People Development,Moderate_Growth,0.55,0.27638695,0.27638695,0.22541305,0.21320422,0.050973892,MCK02,ONET02,McKinsey_FutureOfWork_2025,0.0,Moderate_Growth,0.7,0.0
qualify valves,1,0.592,MCK01,Process Automation & RPA,Moderate_Growth,0.5,0.11779836,0.11779836,0.11062935,0.10902522,0.0071690083,WEF04,MCK05,McKinsey_FutureOfWork_2025,0.0,Moderate_Growth,0.7,0.0
qualify sensors,1,0.593,WEF06,Environmental & Sustainability Technology,Moderate_Growth,0.6,0.17019829,0.17019829,0.15221183,0.15012875,0.017986462,ESCO02,WEF03,WEF_FutureOfJobs_2025,0.0,Moderate_Growth,0.7,0.0
document manufacturing processes,1,0.716,DEC01,Routine Data Entry & Clerical,Decline,-0.6,0.27010956,0.27010956,0.25887722,0.24614455,0.011232346,MCK02,MCK01,WEF_FutureOfJobs_2023,0.0,Declining,0.0,0.0
qualify actuators,1,0.597,MCK05,Resilience & Adaptability,Strong_Growth,0.75,0.23113903,0.23113903,0.18672234,0.18239592,0.044416696,MCK01,MCK02,WEF_FutureOfJobs_2025,0.0,Moderate_Growth,0.7,0.0
push the boundaries of what uncrewed systems can do,1,0.585,ONET06,Blockchain & Distributed Systems,Moderate_Growth,0.5,0.28646356,0.28646356,0.23141979,0.2180904,0.055043772,WEF04,MCK04,ONET_BrightOutlook_2024,0.0,Moderate_Growth,0.7,0.0
push boundaries,1,0.637,MCK02,Advanced Communication & Collaboration,Moderate_Growth,0.4,0.18816134,0.18816134,0.18769887,0.16001183,0.00046247244,MCK03,MCK05,McKinsey_FutureOfWork_2025,0.0,Stable,0.4,0.0
publish papers,1,0.701,MCK02,Advanced Communication & Collaboration,Moderate_Growth,0.4,0.19040737,0.19040737,0.18307158,0.1628399,0.007335782,ONET02,WEF08,McKinsey_FutureOfWork_2025,0.0,Stable,0.4,0.0
provide visibility on progress and timelines,1,0.567,MCK02,Advanced Communication & Collaboration,Moderate_Growth,0.4,0.25655726,0.25655726,0.20784214,0.16745788,0.048715115,ONET02,DEC03,McKinsey_FutureOfWork_2025,0.0,Stable,0.4,0.0
build consumer products,1,0.703,WEF05,Digital Platforms & E-commerce,Moderate_Growth,0.7,0.28180006,0.28180006,0.20964819,0.1811547,0.07215187,ESCO02,MCK02,WEF_FutureOfJobs_2025,0.0,Moderate_Growth,0.7,0.0
dive into details,1,0.602,ESCO02,Business Analysis & Requirements Engineering,Moderate_Growth,0.5,0.17304319,0.17304319,0.16449398,0.1550473,0.008549213,MCK02,DEC03,ESCO_v1.2_2024,0.0,Moderate_Growth,0.7,0.0
build autonomous marine systems,1,0.703,WEF04,Cloud Computing & Infrastructure,Strong_Growth,0.85,0.27460596,0.27460596,0.23117232,0.19184081,0.043433636,WEF07,ONET06,WEF_FutureOfJobs_2025,0.0,Strong_Growth,1.0,0.0
dive into back-end logic,1,0.613,ONET02,Database & Systems Administration,Moderate_Growth,0.5,0.26124358,0.26124358,0.25676134,0.245339,0.0044822395,WEF07,DEC03,ONET_BrightOutlook_2024,0.0,Moderate_Growth,0.7,0.0
build a solid financial data foundation,1,0.697,WEF02,Big Data & Analytics,Strong_Growth,0.9,0.28457808,0.28457808,0.25463754,0.24514167,0.029940546,DEC01,ONET02,WEF_FutureOfJobs_2025,0.0,Strong_Growth,1.0,0.0
provide transformative solutions,1,0.621,DEC03,Routine Maintenance Coding,Decline,-0.3,0.21459736,0.21459736,0.20135853,0.19826451,0.013238832,MCK04,MCK05,McKinsey_FutureOfWork_2023,0.0,Declining,0.0,0.0
disrupt the market,1,0.603,WEF05,Digital Platforms & E-commerce,Moderate_Growth,0.7,0.2616293,0.2616293,0.13434452,0.12306101,0.1272848,MCK05,ONET06,WEF_FutureOfJobs_2025,0.0,Moderate_Growth,0.7,0.0
dig into deal mechanics,1,0.586,MCK02,Advanced Communication & Collaboration,Moderate_Growth,0.4,0.2883651,0.2883651,0.26084363,0.2568996,0.027521461,DEC03,ESCO02,McKinsey_FutureOfWork_2025,0.0,Stable,0.4,0.0
drive positive impact,1,0.607,MCK05,Resilience & Adaptability,Strong_Growth,0.75,0.14525,0.14525,0.089472085,0.08011888,0.055777907,WEF06,MCK04,WEF_FutureOfJobs_2025,0.0,Moderate_Growth,0.7,0.0
report to the Operations Manager,1,0.604,DEC03,Routine Maintenance Coding,Decline,-0.3,0.16426852,0.16426852,0.16191536,0.16087732,0.0023531616,ONET02,WEF03,McKinsey_FutureOfWork_2023,0.0,Declining,0.0,0.0
recommend employee promotions,1,0.645,MCK03,Leadership & People Development,Moderate_Growth,0.55,0.1614809,0.1614809,0.113308966,0.092410564,0.048171937,ESCO01,WEF05,McKinsey_FutureOfWork_2025,0.0,Moderate_Growth,0.7,0.0
recommend employee advancement,1,0.647,MCK03,Leadership & People Development,Moderate_Growth,0.55,0.22939491,0.22939491,0.2241071,0.17359836,0.005287811,DEC01,MCK02,McKinsey_FutureOfWork_2025,0.0,Moderate_Growth,0.7,0.0
recommend change of employee status,1,0.634,DEC01,Routine Data Entry & Clerical,Decline,-0.6,0.15040678,0.15040678,0.13632423,0.09123878,0.014082551,DEC03,MCK03,WEF_FutureOfJobs_2023,0.0,Declining,0.0,0.0
receive equipment,1,0.572,DEC01,Routine Data Entry & Clerical,Decline,-0.6,0.17254558,0.17254558,0.1638768,0.13850933,0.00866878,MCK02,MCK01,WEF_FutureOfJobs_2023,0.0,Declining,0.0,0.0
broaden perspectives,1,0.619,MCK04,Critical Thinking & Problem Solving,Strong_Growth,0.8,0.19674963,0.19674963,0.19127586,0.18386796,0.0054737628,MCK02,MCK05,McKinsey_FutureOfWork_2025,0.0,Strong_Growth,1.0,0.0
bring up hardware,1,0.586,DEC02,Legacy Web Development,Decline,-0.4,0.24445608,0.24445608,0.22666094,0.18435015,0.017795146,DEC03,ONET02,Expert_consensus,0.0,Declining,0.0,0.0
bring thoughtful product experiences to life,1,0.567,MCK05,Resilience & Adaptability,Strong_Growth,0.75,0.17281216,0.17281216,0.15287082,0.13388813,0.019941345,MCK02,DEC02,WEF_FutureOfJobs_2025,0.0,Moderate_Growth,0.7,0.0
drive lasting growth,1,0.59,MCK05,Resilience & Adaptability,Strong_Growth,0.75,0.22232997,0.22232997,0.119579926,0.114251584,0.10275005,WEF06,WEF02,WEF_FutureOfJobs_2025,0.0,Moderate_Growth,0.7,0.0
blend machine learning with design,1,0.699,WEF01,AI & Machine Learning,Strong_Growth,1.0,0.28290236,0.28290236,0.19431797,0.1925045,0.08858439,ONET04,ONET03,WEF_FutureOfJobs_2025,0.0,Strong_Growth,1.0,0.0
be responsible for observability,1,0.594,MCK05,Resilience & Adaptability,Strong_Growth,0.75,0.20225976,0.20225976,0.13094735,0.11328842,0.07131241,WEF07,MCK03,WEF_FutureOfJobs_2025,0.0,Moderate_Growth,0.7,0.0
raise the bar,1,0.597,MCK03,Leadership & People Development,Moderate_Growth,0.55,0.031391937,0.031391937,0.021469282,0.0059647746,0.009922655,MCK05,DEC03,McKinsey_FutureOfWork_2025,0.0,Moderate_Growth,0.7,0.0
rack and stack new servers,1,0.56,ONET02,Database & Systems Administration,Moderate_Growth,0.5,0.20266129,0.20266129,0.19942337,0.13921666,0.003237918,WEF04,ONET06,ONET_BrightOutlook_2024,0.0,Moderate_Growth,0.7,0.0
review scan results,1,0.697,ONET05,Quality Assurance & Testing,Moderate_Growth,0.55,0.14241695,0.14241695,0.113398895,0.112649515,0.02901806,MCK04,WEF03,ONET_BrightOutlook_2024,0.0,Moderate_Growth,0.7,0.0
review plant plans and forecasts,1,0.589,WEF06,Environmental & Sustainability Technology,Moderate_Growth,0.6,0.1759449,0.1759449,0.15296838,0.102161005,0.022976518,ESCO01,MCK02,WEF_FutureOfJobs_2025,0.0,Moderate_Growth,0.7,0.0
review performance,1,0.643,ONET02,Database & Systems Administration,Moderate_Growth,0.5,0.1022583,0.1022583,0.09434301,0.08975914,0.007915296,DEC03,MCK04,ONET_BrightOutlook_2024,0.0,Moderate_Growth,0.7,0.0
respond to customer feedback,1,0.607,DEC03,Routine Maintenance Coding,Decline,-0.3,0.15789407,0.15789407,0.07585648,0.06669925,0.0820376,ONET03,MCK02,McKinsey_FutureOfWork_2023,0.0,Declining,0.0,0.0
respond to alarms,1,0.562,WEF03,Cybersecurity,Strong_Growth,0.9,0.15584055,0.15584055,0.112366475,0.08395571,0.04347407,DEC03,ONET02,WEF_FutureOfJobs_2025,0.0,Strong_Growth,1.0,0.0
respond quickly to prospects,1,0.607,MCK02,Advanced Communication & Collaboration,Moderate_Growth,0.4,0.18930699,0.18930699,0.18067428,0.1193089,0.008632705,MCK05,MCK03,McKinsey_FutureOfWork_2025,0.0,Stable,0.4,0.0
resolve production issues,1,0.623,DEC03,Routine Maintenance Coding,Decline,-0.3,0.2701321,0.2701321,0.23231828,0.23104388,0.037813812,MCK02,ONET02,McKinsey_FutureOfWork_2023,0.0,Declining,0.0,0.0
resolve issues related to outstanding payments,1,0.62,ONET06,Blockchain & Distributed Systems,Moderate_Growth,0.5,0.1917359,0.1917359,0.14422594,0.1365298,0.047509953,MCK02,MCK04,ONET_BrightOutlook_2024,0.0,Moderate_Growth,0.7,0.0
resolve issues and blockers,1,0.616,ONET06,Blockchain & Distributed Systems,Moderate_Growth,0.5,0.2501258,0.2501258,0.19140041,0.16473174,0.058725387,DEC03,MCK04,ONET_BrightOutlook_2024,0.0,Moderate_Growth,0.7,0.0
resolve issues,1,0.618,MCK04,Critical Thinking & Problem Solving,Strong_Growth,0.8,0.28436488,0.28436488,0.2565999,0.22965366,0.027764976,DEC03,MCK02,McKinsey_FutureOfWork_2025,0.0,Strong_Growth,1.0,0.0
resolve conflicts,1,0.669,MCK02,Advanced Communication & Collaboration,Moderate_Growth,0.4,0.2028165,0.2028165,0.18919668,0.15939465,0.013619825,WEF07,MCK04,McKinsey_FutureOfWork_2025,0.0,Stable,0.4,0.0
research latest technological developments,1,0.631,MCK02,Advanced Communication & Collaboration,Moderate_Growth,0.4,0.25283915,0.25283915,0.24452333,0.22210228,0.0083158165,MCK01,WEF06,McKinsey_FutureOfWork_2025,0.0,Stable,0.4,0.0
schedule calls,1,0.635,DEC01,Routine Data Entry & Clerical,Decline,-0.6,0.14498976,0.14498976,0.14292693,0.11795586,0.0020628273,DEC03,ONET02,WEF_FutureOfJobs_2023,0.0,Declining,0.0,0.0
scale programmes,1,0.596,DEC03,Routine Maintenance Coding,Decline,-0.3,0.22135751,0.22135751,0.21261767,0.20222963,0.008739844,ESCO01,MCK05,McKinsey_FutureOfWork_2023,0.0,Declining,0.0,0.0
scale product growth,1,0.59,MCK05,Resilience & Adaptability,Strong_Growth,0.75,0.16930398,0.16930398,0.13614765,0.13358629,0.033156335,WEF05,WEF04,WEF_FutureOfJobs_2025,0.0,Moderate_Growth,0.7,0.0
scale high-performance mobile applications,1,0.631,DEC02,Legacy Web Development,Decline,-0.4,0.18080512,0.18080512,0.16972308,0.14510097,0.011082038,WEF04,ONET03,Expert_consensus,0.0,Declining,0.0,0.0
scale environments quickly,1,0.572,WEF04,Cloud Computing & Infrastructure,Strong_Growth,0.85,0.26746273,0.26746273,0.20516226,0.20426406,0.062300473,MCK05,DEC03,WEF_FutureOfJobs_2025,0.0,Strong_Growth,1.0,0.0
scale corporate production network,1,0.623,WEF04,Cloud Computing & Infrastructure,Strong_Growth,0.85,0.28177488,0.28177488,0.26910818,0.2133734,0.012666702,MCK02,ONET02,WEF_FutureOfJobs_2025,0.0,Strong_Growth,1.0,0.0
scale consumer products,1,0.593,WEF05,Digital Platforms & E-commerce,Moderate_Growth,0.7,0.26413667,0.26413667,0.13486668,0.13201287,0.12926999,ONET06,WEF04,WEF_FutureOfJobs_2025,0.0,Moderate_Growth,0.7,0.0
scale CI/CD pipelines,1,0.566,WEF04,Cloud Computing & Infrastructure,Strong_Growth,0.85,0.26714826,0.26714826,0.23315266,0.15758207,0.0339956,ONET05,MCK01,WEF_FutureOfJobs_2025,0.0,Strong_Growth,1.0,0.0
safeguard sensitive information,1,0.578,WEF03,Cybersecurity,Strong_Growth,0.9,0.2283572,0.2283572,0.12187381,0.10708165,0.106483385,MCK02,ONET02,WEF_FutureOfJobs_2025,0.0,Strong_Growth,1.0,0.0
safeguard company networks and computer systems,1,0.62,ONET02,Database & Systems Administration,Moderate_Growth,0.5,0.29439637,0.29439637,0.26456216,0.25791103,0.02983421,WEF03,ONET06,ONET_BrightOutlook_2024,0.0,Moderate_Growth,0.7,0.0
run fiber and copper cabling,1,0.664,WEF04,Cloud Computing & Infrastructure,Strong_Growth,0.85,0.18124196,0.18124196,0.1304973,0.10097043,0.050744653,ONET03,DEC02,WEF_FutureOfJobs_2025,0.0,Strong_Growth,1.0,0.0
develop and configure message transformations,1,0.708,MCK02,Advanced Communication & Collaboration,Moderate_Growth,0.4,0.26313245,0.26313245,0.25052756,0.17008239,0.012604892,DEC03,ONET03,McKinsey_FutureOfWork_2025,0.0,Stable,0.4,0.0
serve as first point of contact for visitors,1,0.585,ONET03,UX/UI & Digital Design,Moderate_Growth,0.55,0.08743737,0.08743737,0.08414666,0.057518795,0.0032907054,MCK02,ESCO02,ONET_BrightOutlook_2024,0.0,Moderate_Growth,0.7,0.0
serve as a security contact for the business unit,1,0.6,WEF03,Cybersecurity,Strong_Growth,0.9,0.2126928,0.2126928,0.19993627,0.13938403,0.0127565265,ESCO02,MCK02,WEF_FutureOfJobs_2025,0.0,Strong_Growth,1.0,0.0
serve as a lab monitor for an electronic music lab,1,0.682,ONET03,UX/UI & Digital Design,Moderate_Growth,0.55,0.1303805,0.1303805,0.13018572,0.12826815,0.00019477308,ONET05,WEF06,ONET_BrightOutlook_2024,0.0,Moderate_Growth,0.7,0.0
serve as a key liaison,1,0.624,MCK02,Advanced Communication & Collaboration,Moderate_Growth,0.4,0.29688108,0.29688108,0.21467191,0.16792458,0.08220917,MCK03,WEF07,McKinsey_FutureOfWork_2025,0.0,Stable,0.4,0.0
sell the company vision to passive candidates,1,0.588,MCK02,Advanced Communication & Collaboration,Moderate_Growth,0.4,0.19039927,0.19039927,0.16332273,0.12786284,0.027076542,MCK03,ESCO01,McKinsey_FutureOfWork_2025,0.0,Stable,0.4,0.0
select valves,1,0.59,MCK01,Process Automation & RPA,Moderate_Growth,0.5,0.17273805,0.17273805,0.1468052,0.112042226,0.025932848,WEF04,WEF01,McKinsey_FutureOfWork_2025,0.0,Moderate_Growth,0.7,0.0
select sensors,1,0.592,MCK01,Process Automation & RPA,Moderate_Growth,0.5,0.16801505,0.16801505,0.1544441,0.14007919,0.013570949,WEF01,WEF07,McKinsey_FutureOfWork_2025,0.0,Moderate_Growth,0.7,0.0
select actuators,1,0.595,MCK01,Process Automation & RPA,Moderate_Growth,0.5,0.21401054,0.21401054,0.12985754,0.121760376,0.084153,MCK02,MCK05,McKinsey_FutureOfWork_2025,0.0,Moderate_Growth,0.7,0.0
secure high-scale communication systems,1,0.701,MCK02,Advanced Communication & Collaboration,Moderate_Growth,0.4,0.18107401,0.18107401,0.16409767,0.1566307,0.016976342,ONET06,WEF03,McKinsey_FutureOfWork_2025,0.0,Stable,0.4,0.0
script proficiently,1,0.712,DEC03,Routine Maintenance Coding,Decline,-0.3,0.2834319,0.2834319,0.16685742,0.16203725,0.116574466,DEC02,DEC01,McKinsey_FutureOfWork_2023,0.0,Declining,0.0,0.0
determine proper power settings,1,0.593,WEF06,Environmental & Sustainability Technology,Moderate_Growth,0.6,0.13446483,0.13446483,0.10847345,0.07048893,0.02599138,WEF03,WEF08,WEF_FutureOfJobs_2025,0.0,Moderate_Growth,0.7,0.0
assist with grant applications,1,0.568,WEF07,Human-AI Collaboration,Strong_Growth,0.95,0.2014851,0.2014851,0.17682064,0.16233924,0.024664462,MCK02,DEC01,WEF_FutureOfJobs_2025,0.0,Strong_Growth,1.0,0.0
be proactive,1,0.631,MCK04,Critical Thinking & Problem Solving,Strong_Growth,0.8,0.14018331,0.14018331,0.10301129,0.08626844,0.037172027,DEC03,MCK05,McKinsey_FutureOfWork_2025,0.0,Strong_Growth,1.0,0.0
be mindful of scalability,1,0.604,MCK05,Resilience & Adaptability,Strong_Growth,0.75,0.29693866,0.29693866,0.22275707,0.18720496,0.07418159,WEF04,ONET06,WEF_FutureOfJobs_2025,0.0,Moderate_Growth,0.7,0.0
be mindful of reliability,1,0.604,MCK05,Resilience & Adaptability,Strong_Growth,0.75,0.2602508,0.2602508,0.1807407,0.14482477,0.07951011,MCK04,DEC03,WEF_FutureOfJobs_2025,0.0,Moderate_Growth,0.7,0.0
be highly motivated,1,0.604,MCK05,Resilience & Adaptability,Strong_Growth,0.75,0.23092654,0.23092654,0.14258966,0.14229605,0.088336885,MCK03,DEC03,WEF_FutureOfJobs_2025,0.0,Moderate_Growth,0.7,0.0
be enthusiastic,1,0.61,DEC03,Routine Maintenance Coding,Decline,-0.3,0.11558823,0.11558823,0.10358948,0.09556653,0.01199875,MCK03,MCK05,McKinsey_FutureOfWork_2023,0.0,Declining,0.0,0.0
balance multiple deadlines,1,0.613,ESCO01,Project Management & Agile Methodologies,Moderate_Growth,0.55,0.17558524,0.17558524,0.17233351,0.15695092,0.0032517314,MCK02,MCK05,ESCO_v1.2_2024,0.0,Moderate_Growth,0.7,0.0
balance front desk responsibilities with office support,1,0.61,DEC01,Routine Data Entry & Clerical,Decline,-0.6,0.24216379,0.24216379,0.23347032,0.20354812,0.008693472,DEC03,MCK02,WEF_FutureOfJobs_2023,0.0,Declining,0.0,0.0
determine how technology can add value to a client’s mining operation,1,0.696,MCK02,Advanced Communication & Collaboration,Moderate_Growth,0.4,0.27536166,0.27536166,0.2535444,0.21191737,0.021817267,ESCO02,ONET06,McKinsey_FutureOfWork_2025,0.0,Stable,0.4,0.0
balance business goals with user trust,1,0.631,MCK05,Resilience & Adaptability,Strong_Growth,0.75,0.21205664,0.21205664,0.14804478,0.13879275,0.06401186,ONET06,MCK02,WEF_FutureOfJobs_2025,0.0,Moderate_Growth,0.7,0.0
back suggestions with analysis,1,0.568,ESCO02,Business Analysis & Requirements Engineering,Moderate_Growth,0.5,0.2885155,0.2885155,0.21285138,0.19639993,0.07566413,ONET02,DEC01,ESCO_v1.2_2024,0.0,Moderate_Growth,0.7,0.0
shape the future of financial planning,1,0.563,ESCO01,Project Management & Agile Methodologies,Moderate_Growth,0.55,0.2608116,0.2608116,0.25131872,0.19477239,0.009492874,ONET06,ESCO02,ESCO_v1.2_2024,0.0,Moderate_Growth,0.7,0.0
shape platform architecture,1,0.645,WEF04,Cloud Computing & Infrastructure,Strong_Growth,0.85,0.24825257,0.24825257,0.22345255,0.20875025,0.024800017,ONET03,ONET06,WEF_FutureOfJobs_2025,0.0,Strong_Growth,1.0,0.0
shape data-driven strategies,1,0.601,WEF01,AI & Machine Learning,Strong_Growth,1.0,0.18439102,0.18439102,0.17506951,0.14480105,0.009321511,WEF02,DEC01,WEF_FutureOfJobs_2025,0.0,Strong_Growth,1.0,0.0
setup manufacturing processes,1,0.601,MCK01,Process Automation & RPA,Moderate_Growth,0.5,0.2614863,0.2614863,0.24779966,0.1943093,0.013686627,ESCO02,ONET02,McKinsey_FutureOfWork_2025,0.0,Moderate_Growth,0.7,0.0
setup AV equipment,1,0.587,WEF07,Human-AI Collaboration,Strong_Growth,0.95,0.15577823,0.15577823,0.110639855,0.108737245,0.045138374,ONET02,ONET04,WEF_FutureOfJobs_2025,0.0,Strong_Growth,1.0,0.0
set up parts on machines,1,0.582,MCK01,Process Automation & RPA,Moderate_Growth,0.5,0.15437788,0.15437788,0.13661298,0.113096744,0.017764896,WEF01,WEF07,McKinsey_FutureOfWork_2025,0.0,Moderate_Growth,0.7,0.0
set up Jenkins,1,0.558,ONET05,Quality Assurance & Testing,Moderate_Growth,0.55,0.21874556,0.21874556,0.20204172,0.18440226,0.016703844,ONET02,WEF04,ONET_BrightOutlook_2024,0.0,Moderate_Growth,0.7,0.0
set up CNC machining operations,1,0.563,MCK01,Process Automation & RPA,Moderate_Growth,0.5,0.25089824,0.25089824,0.18182003,0.17162621,0.06907821,MCK02,DEC03,McKinsey_FutureOfWork_2025,0.0,Moderate_Growth,0.7,0.0
set standards,1,0.59,ONET06,Blockchain & Distributed Systems,Moderate_Growth,0.5,0.19089863,0.19089863,0.17466897,0.16624379,0.01622966,DEC03,DEC02,ONET_BrightOutlook_2024,0.0,Moderate_Growth,0.7,0.0
set a vision,1,0.596,WEF07,Human-AI Collaboration,Strong_Growth,0.95,0.09450582,0.09450582,0.06016954,0.05629679,0.034336276,ESCO01,WEF01,WEF_FutureOfJobs_2025,0.0,Strong_Growth,1.0,0.0
set a new standard for automated weed control,1,0.612,MCK01,Process Automation & RPA,Moderate_Growth,0.5,0.15950412,0.15950412,0.120511435,0.10747334,0.03899268,DEC03,DEC01,McKinsey_FutureOfWork_2025,0.0,Moderate_Growth,0.7,0.0
design scalable real-time data streaming platforms,1,0.676,WEF02,Big Data & Analytics,Strong_Growth,0.9,0.25594097,0.25594097,0.19864029,0.19504507,0.057300687,ONET02,WEF04,WEF_FutureOfJobs_2025,0.0,Strong_Growth,1.0,0.0
design robust evaluation frameworks,1,0.678,DEC02,Legacy Web Development,Decline,-0.4,0.28548524,0.28548524,0.24241236,0.22457737,0.04307288,DEC03,ONET03,Expert_consensus,0.0,Declining,0.0,0.0
simplify purchasing flows,1,0.677,WEF05,Digital Platforms & E-commerce,Moderate_Growth,0.7,0.22183155,0.22183155,0.124378115,0.09599539,0.09745343,ONET06,MCK04,WEF_FutureOfJobs_2025,0.0,Moderate_Growth,0.7,0.0
showcase design impact via portfolio,1,0.7,DEC02,Legacy Web Development,Decline,-0.4,0.25593507,0.25593507,0.20549527,0.18945974,0.050439805,MCK02,ONET03,Expert_consensus,0.0,Declining,0.0,0.0
ship higher-quality work,1,0.57,MCK02,Advanced Communication & Collaboration,Moderate_Growth,0.4,0.26102346,0.26102346,0.1984295,0.16376501,0.06259397,DEC03,DEC02,McKinsey_FutureOfWork_2025,0.0,Stable,0.4,0.0
shift left database expertise,1,0.61,DEC01,Routine Data Entry & Clerical,Decline,-0.6,0.29156107,0.29156107,0.29119673,0.24796253,0.0003643334,ONET02,DEC03,WEF_FutureOfJobs_2023,0.0,Declining,0.0,0.0
sharpen knowledge,1,0.613,MCK05,Resilience & Adaptability,Strong_Growth,0.75,0.17274165,0.17274165,0.16850837,0.16119263,0.004233286,WEF08,MCK04,WEF_FutureOfJobs_2025,0.0,Moderate_Growth,0.7,0.0
shape user workflows,1,0.616,DEC03,Routine Maintenance Coding,Decline,-0.3,0.27291906,0.27291906,0.2664665,0.2537356,0.0064525604,MCK01,DEC01,McKinsey_FutureOfWork_2023,0.0,Declining,0.0,0.0
shape the next generation of CIS,1,0.584,WEF06,Environmental & Sustainability Technology,Moderate_Growth,0.6,0.28080183,0.28080183,0.24046654,0.22935279,0.040335298,MCK02,WEF04,WEF_FutureOfJobs_2025,0.0,Moderate_Growth,0.7,0.0
assist customers in expanding SAP footprint,1,0.591,MCK02,Advanced Communication & Collaboration,Moderate_Growth,0.4,0.27379942,0.27379942,0.24321489,0.23494297,0.030584529,DEC03,ESCO02,McKinsey_FutureOfWork_2025,0.0,Stable,0.4,0.0
articulate a compelling case for an architectural approach,1,0.607,ONET03,UX/UI & Digital Design,Moderate_Growth,0.55,0.23124796,0.23124796,0.20043582,0.16870882,0.030812144,DEC02,ESCO02,ONET_BrightOutlook_2024,0.0,Moderate_Growth,0.7,0.0
audit resource block models,1,0.616,ESCO02,Business Analysis & Requirements Engineering,Moderate_Growth,0.5,0.18973097,0.18973097,0.17267476,0.14492235,0.017056212,ONET02,WEF03,ESCO_v1.2_2024,0.0,Moderate_Growth,0.7,0.0
audit geometallurgical block models,1,0.624,ESCO02,Business Analysis & Requirements Engineering,Moderate_Growth,0.5,0.20274596,0.20274596,0.12806115,0.12612283,0.07468481,WEF03,ONET06,ESCO_v1.2_2024,0.0,Moderate_Growth,0.7,0.0
audit data analysis,1,0.697,ESCO02,Business Analysis & Requirements Engineering,Moderate_Growth,0.5,0.2907148,0.2907148,0.2719022,0.21764094,0.018812597,DEC01,WEF02,ESCO_v1.2_2024,0.0,Moderate_Growth,0.7,0.0
audit a candidate’s sales acumen,1,0.697,ESCO02,Business Analysis & Requirements Engineering,Moderate_Growth,0.5,0.19779554,0.19779554,0.14570832,0.12950456,0.052087218,DEC01,WEF05,ESCO_v1.2_2024,0.0,Moderate_Growth,0.7,0.0
drive iteration of hardware products,1,0.591,ONET02,Database & Systems Administration,Moderate_Growth,0.5,0.19681749,0.19681749,0.18847279,0.17347488,0.008344695,ONET06,ESCO02,ONET_BrightOutlook_2024,0.0,Moderate_Growth,0.7,0.0
attend walk-through meetings,1,0.616,MCK02,Advanced Communication & Collaboration,Moderate_Growth,0.4,0.21894094,0.21894094,0.1340703,0.13096681,0.08487064,MCK03,ESCO01,McKinsey_FutureOfWork_2025,0.0,Stable,0.4,0.0
attend trainings,1,0.611,MCK03,Leadership & People Development,Moderate_Growth,0.55,0.2605321,0.2605321,0.1991155,0.17461613,0.06141661,MCK05,DEC01,McKinsey_FutureOfWork_2025,0.0,Moderate_Growth,0.7,0.0
attend seminars,1,0.61,MCK02,Advanced Communication & Collaboration,Moderate_Growth,0.4,0.2611032,0.2611032,0.23465146,0.19218132,0.026451752,ESCO01,ESCO02,McKinsey_FutureOfWork_2025,0.0,Stable,0.4,0.0
assist with scheduling vulnerability scans,1,0.596,DEC03,Routine Maintenance Coding,Decline,-0.3,0.27343088,0.27343088,0.23042345,0.19797233,0.043007433,WEF03,ONET02,McKinsey_FutureOfWork_2023,0.0,Declining,0.0,0.0
assist with running vulnerability scans,1,0.62,DEC03,Routine Maintenance Coding,Decline,-0.3,0.24763495,0.24763495,0.22835967,0.1920521,0.019275278,WEF03,ONET02,McKinsey_FutureOfWork_2023,0.0,Declining,0.0,0.0
assist with REB applications,1,0.566,DEC03,Routine Maintenance Coding,Decline,-0.3,0.23597977,0.23597977,0.22216861,0.21726823,0.013811156,ONET03,MCK01,McKinsey_FutureOfWork_2023,0.0,Declining,0.0,0.0
strengthen observability,1,0.605,MCK05,Resilience & Adaptability,Strong_Growth,0.75,0.20553848,0.20553848,0.13127267,0.12422456,0.07426581,WEF03,WEF07,WEF_FutureOfJobs_2025,0.0,Moderate_Growth,0.7,0.0
strengthen FP&A processes,1,0.571,MCK01,Process Automation & RPA,Moderate_Growth,0.5,0.2219666,0.2219666,0.19408628,0.18694569,0.027880311,DEC03,MCK02,McKinsey_FutureOfWork_2025,0.0,Moderate_Growth,0.7,0.0
drive innovation,6,0.6083333333333333,MCK02,Advanced Communication & Collaboration,Moderate_Growth,0.4,0.2167303,0.2167303,0.18848321,0.18508449,0.028247088,MCK05,ESCO02,McKinsey_FutureOfWork_2025,0.0,Stable,0.4,0.0
strengthen API-first architecture,1,0.645,DEC03,Routine Maintenance Coding,Decline,-0.3,0.2431898,0.2431898,0.23505,0.21494165,0.008139804,DEC02,ONET01,McKinsey_FutureOfWork_2023,0.0,Declining,0.0,0.0
streamline processes,1,0.603,MCK01,Process Automation & RPA,Moderate_Growth,0.5,0.21054725,0.21054725,0.18061015,0.15853164,0.029937103,ONET02,WEF04,McKinsey_FutureOfWork_2025,0.0,Moderate_Growth,0.7,0.0
stay current with industry knowledge,1,0.635,ESCO02,Business Analysis & Requirements Engineering,Moderate_Growth,0.5,0.28582716,0.28582716,0.26341414,0.22799936,0.022413015,MCK05,MCK02,ESCO_v1.2_2024,0.0,Moderate_Growth,0.7,0.0
stay curious,1,0.604,DEC03,Routine Maintenance Coding,Decline,-0.3,0.08315046,0.08315046,0.07478981,0.06312926,0.008360654,DEC02,MCK05,McKinsey_FutureOfWork_2023,0.0,Declining,0.0,0.0
stay connected with company communications,1,0.695,MCK02,Advanced Communication & Collaboration,Moderate_Growth,0.4,0.19734648,0.19734648,0.14688122,0.13027902,0.050465256,MCK05,ONET02,McKinsey_FutureOfWork_2025,0.0,Stable,0.4,0.0
standardize sales channel operations,1,0.573,WEF05,Digital Platforms & E-commerce,Moderate_Growth,0.7,0.24669088,0.24669088,0.16274105,0.13906851,0.083949834,ONET02,ESCO02,WEF_FutureOfJobs_2025,0.0,Moderate_Growth,0.7,0.0
standardize processes,1,0.649,MCK01,Process Automation & RPA,Moderate_Growth,0.5,0.17355412,0.17355412,0.16249332,0.14587095,0.011060804,DEC03,ONET02,McKinsey_FutureOfWork_2025,0.0,Moderate_Growth,0.7,0.0
stabilize Intune environments,1,0.602,ONET02,Database & Systems Administration,Moderate_Growth,0.5,0.14851779,0.14851779,0.13872997,0.13188787,0.009787813,DEC03,MCK05,ONET_BrightOutlook_2024,0.0,Moderate_Growth,0.7,0.0
troubleshoot network issues,2,0.694,DEC03,Routine Maintenance Coding,Decline,-0.3,0.108902976,0.108902976,0.065242484,0.061409146,0.04366049,MCK04,ONET02,McKinsey_FutureOfWork_2023,0.0,Declining,0.0,0.0
troubleshoot multicast market data delivery platforms,1,0.707,WEF05,Digital Platforms & E-commerce,Moderate_Growth,0.7,0.26185247,0.26185247,0.19639143,0.16039273,0.06546104,WEF02,MCK02,WEF_FutureOfJobs_2025,0.0,Moderate_Growth,0.7,0.0
troubleshoot middleware performance,1,0.716,DEC03,Routine Maintenance Coding,Decline,-0.3,0.16787249,0.16787249,0.15192541,0.09745566,0.015947074,ONET02,DEC02,McKinsey_FutureOfWork_2023,0.0,Declining,0.0,0.0
troubleshoot Intune environments,1,0.606,DEC03,Routine Maintenance Coding,Decline,-0.3,0.18525502,0.18525502,0.17326586,0.12861113,0.011989161,ONET02,ONET03,McKinsey_FutureOfWork_2023,0.0,Declining,0.0,0.0
troubleshoot Intune application deployment failures,1,0.618,DEC03,Routine Maintenance Coding,Decline,-0.3,0.1781866,0.1781866,0.12589398,0.1147847,0.052292615,ONET02,ONET05,McKinsey_FutureOfWork_2023,0.0,Declining,0.0,0.0
drive industrial components offer,1,0.639,MCK01,Process Automation & RPA,Moderate_Growth,0.5,0.24314143,0.24314143,0.23289448,0.22143187,0.010246947,ESCO02,MCK02,McKinsey_FutureOfWork_2025,0.0,Moderate_Growth,0.7,0.0
troubleshoot integration services,1,0.716,ONET02,Database & Systems Administration,Moderate_Growth,0.5,0.2054884,0.2054884,0.1754738,0.16965777,0.030014604,ONET03,MCK02,ONET_BrightOutlook_2024,0.0,Moderate_Growth,0.7,0.0
troubleshoot ILO issues,1,0.674,WEF07,Human-AI Collaboration,Strong_Growth,0.95,0.119941846,0.119941846,0.1163804,0.08300309,0.0035614446,DEC03,ONET03,WEF_FutureOfJobs_2025,0.0,Strong_Growth,1.0,0.0
troubleshoot equipment,1,0.716,DEC03,Routine Maintenance Coding,Decline,-0.3,0.1701963,0.1701963,0.11200811,0.10481746,0.058188185,DEC01,ONET02,McKinsey_FutureOfWork_2023,0.0,Declining,0.0,0.0
troubleshoot cabling issues,1,0.679,DEC03,Routine Maintenance Coding,Decline,-0.3,0.07278422,0.07278422,0.05211551,0.049305283,0.020668712,DEC01,MCK04,McKinsey_FutureOfWork_2023,0.0,Declining,0.0,0.0
trigger DRC runs,1,0.586,MCK01,Process Automation & RPA,Moderate_Growth,0.5,0.118016586,0.118016586,0.07495446,0.069789,0.043062128,DEC03,ONET05,McKinsey_FutureOfWork_2025,0.0,Moderate_Growth,0.7,0.0
travel up to 20% of the time,1,0.595,MCK05,Resilience & Adaptability,Strong_Growth,0.75,0.14344949,0.14344949,0.046184465,0.040085252,0.09726502,MCK04,DEC03,WEF_FutureOfJobs_2025,0.0,Moderate_Growth,0.7,0.0
travel to client sites,1,0.628,WEF05,Digital Platforms & E-commerce,Moderate_Growth,0.7,0.260817,0.260817,0.21425314,0.1740148,0.04656385,DEC02,MCK02,WEF_FutureOfJobs_2025,0.0,Moderate_Growth,0.7,0.0
drive impactful financial insights,1,0.571,ESCO02,Business Analysis & Requirements Engineering,Moderate_Growth,0.5,0.20510992,0.20510992,0.20510475,0.19519928,5.170703e-06,MCK05,WEF02,ESCO_v1.2_2024,0.0,Moderate_Growth,0.7,0.0
qualify inbound interest,1,0.595,ESCO02,Business Analysis & Requirements Engineering,Moderate_Growth,0.5,0.120891795,0.120891795,0.115819745,0.102227055,0.00507205,WEF05,ONET06,ESCO_v1.2_2024,0.0,Moderate_Growth,0.7,0.0
drive higher conversion,1,0.569,WEF05,Digital Platforms & E-commerce,Moderate_Growth,0.7,0.05945257,0.05945257,0.026559813,0.026280966,0.032892756,WEF02,MCK04,WEF_FutureOfJobs_2025,0.0,Moderate_Growth,0.7,0.0
support CI/CD pipelines,1,0.703,WEF04,Cloud Computing & Infrastructure,Strong_Growth,0.85,0.29033786,0.29033786,0.28464025,0.25472814,0.005697608,ONET05,MCK01,WEF_FutureOfJobs_2025,0.0,Strong_Growth,1.0,0.0
support church events,1,0.607,MCK03,Leadership & People Development,Moderate_Growth,0.55,0.12325595,0.12325595,0.10091959,0.08499038,0.022336364,MCK02,ESCO01,McKinsey_FutureOfWork_2025,0.0,Moderate_Growth,0.7,0.0
support business through changes,1,0.638,DEC03,Routine Maintenance Coding,Decline,-0.3,0.23642653,0.23642653,0.21019872,0.20907545,0.026227817,MCK02,ONET06,McKinsey_FutureOfWork_2023,0.0,Declining,0.0,0.0
support aggregation accuracy,1,0.71,ONET02,Database & Systems Administration,Moderate_Growth,0.5,0.13311902,0.13311902,0.12351221,0.08386178,0.009606808,WEF02,MCK02,ONET_BrightOutlook_2024,0.0,Moderate_Growth,0.7,0.0
support academic activities,1,0.679,MCK03,Leadership & People Development,Moderate_Growth,0.55,0.2819682,0.2819682,0.26939562,0.2277365,0.012572587,MCK02,MCK05,McKinsey_FutureOfWork_2025,0.0,Moderate_Growth,0.7,0.0
suggest opportunities for improvement,1,0.643,MCK03,Leadership & People Development,Moderate_Growth,0.55,0.29628578,0.29628578,0.29536998,0.25432497,0.00091579556,MCK02,DEC03,McKinsey_FutureOfWork_2025,0.0,Moderate_Growth,0.7,0.0
study part prints,1,0.586,ESCO02,Business Analysis & Requirements Engineering,Moderate_Growth,0.5,0.20278451,0.20278451,0.19955769,0.18652904,0.0032268167,DEC01,MCK04,ESCO_v1.2_2024,0.0,Moderate_Growth,0.7,0.0
structure information and actions,1,0.705,MCK03,Leadership & People Development,Moderate_Growth,0.55,0.17575738,0.17575738,0.15364912,0.1423155,0.022108257,ONET02,MCK02,McKinsey_FutureOfWork_2025,0.0,Moderate_Growth,0.7,0.0
drive growth,1,0.563,MCK05,Resilience & Adaptability,Strong_Growth,0.75,0.17213215,0.17213215,0.13688415,0.114242315,0.035247996,WEF02,WEF06,WEF_FutureOfJobs_2025,0.0,Moderate_Growth,0.7,0.0
support global offer marketing managers,1,0.61,WEF05,Digital Platforms & E-commerce,Moderate_Growth,0.7,0.2912292,0.2912292,0.2712624,0.2593432,0.019966781,MCK02,ESCO01,WEF_FutureOfJobs_2025,0.0,Moderate_Growth,0.7,0.0
support forecasting process,1,0.679,WEF01,AI & Machine Learning,Strong_Growth,1.0,0.22027415,0.22027415,0.21706644,0.2019904,0.0032077134,ONET02,ESCO02,WEF_FutureOfJobs_2025,0.0,Strong_Growth,1.0,0.0
apply residential construction practices,1,0.629,DEC03,Routine Maintenance Coding,Decline,-0.3,0.2838329,0.2838329,0.20489301,0.18530312,0.0789399,DEC02,MCK02,McKinsey_FutureOfWork_2023,0.0,Declining,0.0,0.0
apply qualitative and quantitative data to inform decisions,1,0.672,DEC01,Routine Data Entry & Clerical,Decline,-0.6,0.25334898,0.25334898,0.24790853,0.24736957,0.0054404438,ESCO02,WEF02,WEF_FutureOfJobs_2023,0.0,Declining,0.0,0.0
apply methodical approach,1,0.64,ESCO02,Business Analysis & Requirements Engineering,Moderate_Growth,0.5,0.16466752,0.16466752,0.15479824,0.14624503,0.0098692775,MCK04,ESCO01,ESCO_v1.2_2024,0.0,Moderate_Growth,0.7,0.0
apply makeup,1,0.667,ONET06,Blockchain & Distributed Systems,Moderate_Growth,0.5,0.032225065,0.032225065,0.029030267,0.022087581,0.0031947978,DEC01,MCK03,ONET_BrightOutlook_2024,0.0,Moderate_Growth,0.7,0.0
assist with employee workspace setup,1,0.618,MCK02,Advanced Communication & Collaboration,Moderate_Growth,0.4,0.21564507,0.21564507,0.21438263,0.188943,0.0012624413,DEC01,MCK01,McKinsey_FutureOfWork_2025,0.0,Stable,0.4,0.0
drive forward mission,1,0.607,MCK02,Advanced Communication & Collaboration,Moderate_Growth,0.4,0.20978,0.20978,0.14504638,0.14245565,0.06473361,ESCO01,WEF07,McKinsey_FutureOfWork_2025,0.0,Stable,0.4,0.0
drive development of hardware products,1,0.619,ESCO02,Business Analysis & Requirements Engineering,Moderate_Growth,0.5,0.2950343,0.2950343,0.22769514,0.21807528,0.06733915,ONET02,WEF05,ESCO_v1.2_2024,0.0,Moderate_Growth,0.7,0.0
assist with budget preparation,1,0.609,DEC03,Routine Maintenance Coding,Decline,-0.3,0.25477484,0.25477484,0.23350617,0.20720023,0.021268666,MCK02,ESCO01,McKinsey_FutureOfWork_2023,0.0,Declining,0.0,0.0
assist students with audio software questions,1,0.619,ONET03,UX/UI & Digital Design,Moderate_Growth,0.55,0.25301915,0.25301915,0.24108928,0.21831587,0.01192987,WEF07,WEF08,ONET_BrightOutlook_2024,0.0,Moderate_Growth,0.7,0.0
assist students with audio hardware questions,1,0.619,ONET03,UX/UI & Digital Design,Moderate_Growth,0.55,0.26100677,0.26100677,0.24333511,0.21273342,0.01767166,WEF08,ONET04,ONET_BrightOutlook_2024,0.0,Moderate_Growth,0.7,0.0
assist in preparation of profit plans,1,0.588,ESCO01,Project Management & Agile Methodologies,Moderate_Growth,0.55,0.24390659,0.24390659,0.24207678,0.22319013,0.001829803,MCK02,MCK04,ESCO_v1.2_2024,0.0,Moderate_Growth,0.7,0.0
assist in preparation of forecasts,1,0.565,ONET02,Database & Systems Administration,Moderate_Growth,0.5,0.2520003,0.2520003,0.20640531,0.20352687,0.04559499,WEF01,DEC01,ONET_BrightOutlook_2024,0.0,Moderate_Growth,0.7,0.0
assist in preparation of capital appropriation requests,1,0.569,MCK02,Advanced Communication & Collaboration,Moderate_Growth,0.4,0.16681436,0.16681436,0.1526258,0.13073866,0.014188558,MCK03,ONET06,McKinsey_FutureOfWork_2025,0.0,Stable,0.4,0.0
support financial planning process,1,0.597,ESCO01,Project Management & Agile Methodologies,Moderate_Growth,0.55,0.22001135,0.22001135,0.21428873,0.18781026,0.005722627,ESCO02,MCK02,ESCO_v1.2_2024,0.0,Moderate_Growth,0.7,0.0
support executive decision-making,1,0.649,MCK03,Leadership & People Development,Moderate_Growth,0.55,0.22200891,0.22200891,0.21634692,0.18318002,0.005661994,MCK02,WEF07,McKinsey_FutureOfWork_2025,0.0,Moderate_Growth,0.7,0.0
support engineered products,1,0.625,MCK02,Advanced Communication & Collaboration,Moderate_Growth,0.4,0.25655925,0.25655925,0.25566658,0.23050724,0.00089266896,ESCO02,DEC02,McKinsey_FutureOfWork_2025,0.0,Stable,0.4,0.0
support data conversions,1,0.675,WEF02,Big Data & Analytics,Strong_Growth,0.9,0.2633053,0.2633053,0.2586622,0.22795933,0.0046431124,DEC01,WEF05,WEF_FutureOfJobs_2025,0.0,Strong_Growth,1.0,0.0
support customers,1,0.613,DEC03,Routine Maintenance Coding,Decline,-0.3,0.18975797,0.18975797,0.18515265,0.1746425,0.004605323,WEF05,MCK02,McKinsey_FutureOfWork_2023,0.0,Declining,0.0,0.0
support customer operations,1,0.615,DEC03,Routine Maintenance Coding,Decline,-0.3,0.27508402,0.27508402,0.2702819,0.2584617,0.004802108,ONET02,MCK02,McKinsey_FutureOfWork_2023,0.0,Declining,0.0,0.0
drive design of hardware products,1,0.698,ESCO02,Business Analysis & Requirements Engineering,Moderate_Growth,0.5,0.21407333,0.21407333,0.17345394,0.16712463,0.04061939,ONET02,DEC02,ESCO_v1.2_2024,0.0,Moderate_Growth,0.7,0.0
support clinical activities,1,0.679,DEC03,Routine Maintenance Coding,Decline,-0.3,0.26966158,0.26966158,0.26645473,0.26054955,0.003206849,MCK02,MCK03,McKinsey_FutureOfWork_2023,0.0,Declining,0.0,0.0
support product owner,1,0.607,DEC03,Routine Maintenance Coding,Decline,-0.3,0.13049528,0.13049528,0.12842946,0.09375118,0.0020658225,MCK02,MCK05,McKinsey_FutureOfWork_2023,0.0,Declining,0.0,0.0
"support predictable, reliable delivery",1,0.616,DEC03,Routine Maintenance Coding,Decline,-0.3,0.21708235,0.21708235,0.18308786,0.14853539,0.033994496,DEC02,MCK02,McKinsey_FutureOfWork_2023,0.0,Declining,0.0,0.0
support one another,1,0.604,MCK05,Resilience & Adaptability,Strong_Growth,0.75,0.1513047,0.1513047,0.10240475,0.09228376,0.048899956,MCK03,MCK02,WEF_FutureOfJobs_2025,0.0,Moderate_Growth,0.7,0.0
support local production needs,1,0.673,MCK02,Advanced Communication & Collaboration,Moderate_Growth,0.4,0.29716963,0.29716963,0.2575664,0.22752142,0.039603233,DEC02,DEC03,McKinsey_FutureOfWork_2025,0.0,Stable,0.4,0.0
support HR software,1,0.697,ONET02,Database & Systems Administration,Moderate_Growth,0.5,0.2844468,0.2844468,0.2837645,0.26510668,0.00068229437,MCK02,MCK01,ONET_BrightOutlook_2024,0.0,Moderate_Growth,0.7,0.0
support HR Manager,1,0.631,MCK03,Leadership & People Development,Moderate_Growth,0.55,0.2822609,0.2822609,0.22782108,0.19951662,0.054439813,ESCO01,ONET02,McKinsey_FutureOfWork_2025,0.0,Moderate_Growth,0.7,0.0
support healthcare system integrations,1,0.681,ONET02,Database & Systems Administration,Moderate_Growth,0.5,0.26664612,0.26664612,0.23763034,0.23582464,0.02901578,MCK01,DEC01,ONET_BrightOutlook_2024,0.0,Moderate_Growth,0.7,0.0
elevate conversations,1,0.621,MCK02,Advanced Communication & Collaboration,Moderate_Growth,0.4,0.2571864,0.2571864,0.17432684,0.12876709,0.082859576,WEF07,ONET02,McKinsey_FutureOfWork_2025,0.0,Stable,0.4,0.0
support government customers in education and training,1,0.702,MCK02,Advanced Communication & Collaboration,Moderate_Growth,0.4,0.19718415,0.19718415,0.19357371,0.1658527,0.0036104321,MCK03,DEC01,McKinsey_FutureOfWork_2025,0.0,Stable,0.4,0.0
support government customers in acquisitions,1,0.707,MCK02,Advanced Communication & Collaboration,Moderate_Growth,0.4,0.23082179,0.23082179,0.19010186,0.17703909,0.040719926,ESCO02,WEF05,McKinsey_FutureOfWork_2025,0.0,Stable,0.4,0.0
edit video content,1,0.696,ONET04,Game Development & Interactive Media,Moderate_Growth,0.6,0.15119228,0.15119228,0.09475691,0.07460811,0.05643537,DEC03,DEC02,ONET_BrightOutlook_2024,0.0,Moderate_Growth,0.7,0.0
support teammates through code reviews,1,0.664,MCK02,Advanced Communication & Collaboration,Moderate_Growth,0.4,0.25390822,0.25390822,0.24840502,0.21214965,0.0055031925,DEC03,WEF07,McKinsey_FutureOfWork_2025,0.0,Stable,0.4,0.0
support system verification,1,0.709,DEC03,Routine Maintenance Coding,Decline,-0.3,0.20054737,0.20054737,0.15294018,0.15057544,0.047607183,MCK01,ONET06,McKinsey_FutureOfWork_2023,0.0,Declining,0.0,0.0
support system validation,1,0.706,DEC03,Routine Maintenance Coding,Decline,-0.3,0.18481,0.18481,0.14345673,0.13879338,0.04135327,ONET06,MCK01,McKinsey_FutureOfWork_2023,0.0,Declining,0.0,0.0
support system requirements,1,0.709,ONET02,Database & Systems Administration,Moderate_Growth,0.5,0.2743138,0.2743138,0.26667437,0.24526641,0.007639438,DEC02,DEC03,ONET_BrightOutlook_2024,0.0,Moderate_Growth,0.7,0.0
support system design,1,0.7,DEC02,Legacy Web Development,Decline,-0.4,0.26588318,0.26588318,0.26236364,0.2147523,0.003519535,DEC03,MCK02,Expert_consensus,0.0,Declining,0.0,0.0
support system analysis,1,0.703,DEC03,Routine Maintenance Coding,Decline,-0.3,0.2847616,0.2847616,0.258191,0.23802702,0.026570618,ESCO02,ONET02,McKinsey_FutureOfWork_2023,0.0,Declining,0.0,0.0
drive user retention,1,0.616,ONET02,Database & Systems Administration,Moderate_Growth,0.5,0.15965626,0.15965626,0.15789723,0.12871315,0.0017590225,DEC01,DEC03,ONET_BrightOutlook_2024,0.0,Moderate_Growth,0.7,0.0
drive user monetization,1,0.62,ONET06,Blockchain & Distributed Systems,Moderate_Growth,0.5,0.25098157,0.25098157,0.21442208,0.1716544,0.036559492,WEF05,ONET02,ONET_BrightOutlook_2024,0.0,Moderate_Growth,0.7,0.0
support SIT/UAT testing cycles,1,0.702,ONET05,Quality Assurance & Testing,Moderate_Growth,0.55,0.22311756,0.22311756,0.14433932,0.10719155,0.07877824,MCK02,DEC03,ONET_BrightOutlook_2024,0.0,Moderate_Growth,0.7,0.0
support scheduling for meetings and events,1,0.699,MCK02,Advanced Communication & Collaboration,Moderate_Growth,0.4,0.23079394,0.23079394,0.17738663,0.16035491,0.05340731,ONET02,DEC03,McKinsey_FutureOfWork_2025,0.0,Stable,0.4,0.0
drive user activation,1,0.618,MCK01,Process Automation & RPA,Moderate_Growth,0.5,0.10823056,0.10823056,0.10289142,0.1001245,0.005339138,ESCO02,DEC01,McKinsey_FutureOfWork_2025,0.0,Moderate_Growth,0.7,0.0
support regulatory attestations,1,0.715,ONET05,Quality Assurance & Testing,Moderate_Growth,0.55,0.20188871,0.20188871,0.14835246,0.13909712,0.05353625,WEF03,MCK01,ONET_BrightOutlook_2024,0.0,Moderate_Growth,0.7,0.0
tailor messages to resonate across audiences,1,0.608,MCK02,Advanced Communication & Collaboration,Moderate_Growth,0.4,0.20476426,0.20476426,0.13775328,0.1193963,0.067010984,ESCO02,ONET03,McKinsey_FutureOfWork_2025,0.0,Stable,0.4,0.0
surplus equipment,1,0.572,DEC03,Routine Maintenance Coding,Decline,-0.3,0.22771499,0.22771499,0.19131282,0.14390476,0.036402166,DEC02,WEF04,McKinsey_FutureOfWork_2023,0.0,Declining,0.0,0.0
support worship services,1,0.611,MCK03,Leadership & People Development,Moderate_Growth,0.55,0.20600852,0.20600852,0.17787337,0.124795854,0.02813515,ONET06,MCK02,McKinsey_FutureOfWork_2025,0.0,Moderate_Growth,0.7,0.0
support Windows Autopilot,1,0.677,WEF07,Human-AI Collaboration,Strong_Growth,0.95,0.2539202,0.2539202,0.25000072,0.21440099,0.003919482,MCK01,WEF01,WEF_FutureOfJobs_2025,0.0,Strong_Growth,1.0,0.0
support tracking of remediation actions,1,0.703,DEC03,Routine Maintenance Coding,Decline,-0.3,0.28071314,0.28071314,0.23269972,0.21567693,0.04801342,MCK01,ONET02,McKinsey_FutureOfWork_2023,0.0,Declining,0.0,0.0
apply best practices for schema design,1,0.696,DEC03,Routine Maintenance Coding,Decline,-0.3,0.22489911,0.22489911,0.20901373,0.18599227,0.015885383,ESCO02,DEC02,McKinsey_FutureOfWork_2023,0.0,Declining,0.0,0.0
apply best practices for indexing,1,0.698,ONET02,Database & Systems Administration,Moderate_Growth,0.5,0.26818037,0.26818037,0.13339117,0.12879172,0.1347892,DEC03,ESCO02,ONET_BrightOutlook_2024,0.0,Moderate_Growth,0.7,0.0
"apply basic principles, theories, and concepts",1,0.702,ONET06,Blockchain & Distributed Systems,Moderate_Growth,0.5,0.2982536,0.2982536,0.27728206,0.27544543,0.020971537,MCK04,ESCO02,ONET_BrightOutlook_2024,0.0,Moderate_Growth,0.7,0.0
apply agent-based architectures to asset-intensive environments,1,0.604,WEF04,Cloud Computing & Infrastructure,Strong_Growth,0.85,0.27559012,0.27559012,0.25406227,0.23200566,0.021527857,ONET04,WEF07,WEF_FutureOfJobs_2025,0.0,Strong_Growth,1.0,0.0
apply advanced statistical methods,1,0.677,DEC01,Routine Data Entry & Clerical,Decline,-0.6,0.20085947,0.20085947,0.1735748,0.17090663,0.027284667,WEF03,ONET02,WEF_FutureOfJobs_2023,0.0,Declining,0.0,0.0
answer and route incoming calls and emails,1,0.576,ONET02,Database & Systems Administration,Moderate_Growth,0.5,0.18715844,0.18715844,0.1488485,0.14817056,0.03830993,DEC01,WEF05,ONET_BrightOutlook_2024,0.0,Moderate_Growth,0.7,0.0
articulate a compelling case for a technology,1,0.593,MCK02,Advanced Communication & Collaboration,Moderate_Growth,0.4,0.2740879,0.2740879,0.24601348,0.2142441,0.028074428,ONET03,WEF06,McKinsey_FutureOfWork_2025,0.0,Stable,0.4,0.0
architect high-performance mobile applications,1,0.716,DEC02,Legacy Web Development,Decline,-0.4,0.23049879,0.23049879,0.22334692,0.17391841,0.007151872,ONET03,ONET01,Expert_consensus,0.0,Declining,0.0,0.0
architect APIs and orchestration layers,1,0.703,ONET01,Software Development & Engineering,Moderate_Growth,0.65,0.26066244,0.26066244,0.24768157,0.2244972,0.012980863,ONET03,WEF04,ONET_BrightOutlook_2024,0.0,Moderate_Growth,0.7,0.0
apply theoretical knowledge,1,0.709,MCK04,Critical Thinking & Problem Solving,Strong_Growth,0.8,0.18672594,0.18672594,0.14590323,0.124459,0.040822715,WEF08,MCK02,McKinsey_FutureOfWork_2025,0.0,Strong_Growth,1.0,0.0
apply temporal smoothing,1,0.704,WEF07,Human-AI Collaboration,Strong_Growth,0.95,0.075814895,0.075814895,0.07422709,0.053098593,0.0015878081,WEF01,DEC01,WEF_FutureOfJobs_2025,0.0,Strong_Growth,1.0,0.0
support tracking of POA&Ms,1,0.698,ONET02,Database & Systems Administration,Moderate_Growth,0.5,0.19376732,0.19376732,0.19269347,0.17625265,0.0010738522,ESCO01,MCK02,ONET_BrightOutlook_2024,0.0,Moderate_Growth,0.7,0.0
support tracking of exceptions,1,0.702,DEC03,Routine Maintenance Coding,Decline,-0.3,0.22105213,0.22105213,0.15030858,0.12895733,0.070743546,ONET02,ESCO02,McKinsey_FutureOfWork_2023,0.0,Declining,0.0,0.0
support the entire sales cycle,1,0.603,WEF05,Digital Platforms & E-commerce,Moderate_Growth,0.7,0.28881055,0.28881055,0.21213605,0.20352364,0.076674506,ONET02,ONET06,WEF_FutureOfJobs_2025,0.0,Moderate_Growth,0.7,0.0
support the design of propositions,1,0.699,ESCO02,Business Analysis & Requirements Engineering,Moderate_Growth,0.5,0.21056634,0.21056634,0.20176785,0.19094539,0.008798495,WEF07,DEC03,ESCO_v1.2_2024,0.0,Moderate_Growth,0.7,0.0
"support the design, configuration, and optimisation of the EPR system",1,0.609,DEC02,Legacy Web Development,Decline,-0.4,0.14479028,0.14479028,0.122886,0.10048915,0.021904275,MCK02,ONET02,Expert_consensus,0.0,Declining,0.0,0.0
test code,1,0.69,ONET05,Quality Assurance & Testing,Moderate_Growth,0.55,0.27582023,0.27582023,0.26867312,0.10435121,0.0071471035,DEC03,MCK04,ONET_BrightOutlook_2024,0.0,Moderate_Growth,0.7,0.0
test Circuit Card Assemblies,1,0.7,ONET05,Quality Assurance & Testing,Moderate_Growth,0.55,0.28472716,0.28472716,0.11879236,0.09310639,0.1659348,DEC02,ONET03,ONET_BrightOutlook_2024,0.0,Moderate_Growth,0.7,0.0
test a candidate's grasp of concepts,1,0.695,MCK04,Critical Thinking & Problem Solving,Strong_Growth,0.8,0.22949062,0.22949062,0.20889288,0.1733668,0.020597741,ESCO02,WEF08,McKinsey_FutureOfWork_2025,0.0,Strong_Growth,1.0,0.0
take ownership of specific workstreams,1,0.609,MCK02,Advanced Communication & Collaboration,Moderate_Growth,0.4,0.05820442,0.05820442,0.046060592,0.044884384,0.012143828,MCK03,ONET04,McKinsey_FutureOfWork_2025,0.0,Stable,0.4,0.0
take ownership of key mechanical subsystems,1,0.635,MCK01,Process Automation & RPA,Moderate_Growth,0.5,0.12283683,0.12283683,0.108344965,0.10787987,0.014491864,MCK02,DEC03,McKinsey_FutureOfWork_2025,0.0,Moderate_Growth,0.7,0.0
analyze iOS apps,1,0.693,ONET03,UX/UI & Digital Design,Moderate_Growth,0.55,0.2421073,0.2421073,0.23630998,0.2251122,0.0057973266,ESCO02,ONET01,ONET_BrightOutlook_2024,0.0,Moderate_Growth,0.7,0.0
drive user acquisition,1,0.619,ESCO02,Business Analysis & Requirements Engineering,Moderate_Growth,0.5,0.21357614,0.21357614,0.20303348,0.15596598,0.010542661,DEC01,MCK02,ESCO_v1.2_2024,0.0,Moderate_Growth,0.7,0.0
analyze clinical documents,1,0.707,DEC01,Routine Data Entry & Clerical,Decline,-0.6,0.285501,0.285501,0.19610487,0.16347373,0.089396134,ESCO02,ONET02,WEF_FutureOfJobs_2023,0.0,Declining,0.0,0.0
apply knowledge of compute programming models and compute architecture,1,0.62,WEF01,AI & Machine Learning,Strong_Growth,1.0,0.2753037,0.2753037,0.2656612,0.2611959,0.009642482,ONET06,WEF04,WEF_FutureOfJobs_2025,0.0,Strong_Growth,1.0,0.0
apply for roles,1,0.627,MCK03,Leadership & People Development,Moderate_Growth,0.55,0.28115007,0.28115007,0.21340086,0.1871264,0.06774922,ESCO02,MCK02,McKinsey_FutureOfWork_2025,0.0,Moderate_Growth,0.7,0.0
apply customer configurations,1,0.712,DEC03,Routine Maintenance Coding,Decline,-0.3,0.15748599,0.15748599,0.15205978,0.14011359,0.005426213,ESCO02,DEC01,McKinsey_FutureOfWork_2023,0.0,Declining,0.0,0.0
drive strategic growth,1,0.608,MCK03,Leadership & People Development,Moderate_Growth,0.55,0.23618709,0.23618709,0.23329172,0.21108297,0.0028953701,MCK05,ESCO01,McKinsey_FutureOfWork_2025,0.0,Moderate_Growth,0.7,0.0
apply construction regulations,1,0.629,ESCO02,Business Analysis & Requirements Engineering,Moderate_Growth,0.5,0.21596114,0.21596114,0.13726477,0.13670617,0.07869637,DEC02,ONET05,ESCO_v1.2_2024,0.0,Moderate_Growth,0.7,0.0
take ownership of data solutions,1,0.604,ONET02,Database & Systems Administration,Moderate_Growth,0.5,0.24049267,0.24049267,0.18218645,0.16136444,0.058306217,DEC03,MCK02,ONET_BrightOutlook_2024,0.0,Moderate_Growth,0.7,0.0
take ownership for elements of the proposition,1,0.605,WEF07,Human-AI Collaboration,Strong_Growth,0.95,0.032614533,0.032614533,0.026150731,0.009552778,0.0064638015,ONET06,MCK02,WEF_FutureOfJobs_2025,0.0,Strong_Growth,1.0,0.0
take ownership and be reliable,1,0.603,MCK05,Resilience & Adaptability,Strong_Growth,0.75,0.16040592,0.16040592,0.12795213,0.09695785,0.03245379,DEC03,MCK02,WEF_FutureOfJobs_2025,0.0,Moderate_Growth,0.7,0.0
take on new challenges,1,0.601,MCK05,Resilience & Adaptability,Strong_Growth,0.75,0.22768736,0.22768736,0.21135364,0.17032775,0.016333714,DEC03,MCK04,WEF_FutureOfJobs_2025,0.0,Moderate_Growth,0.7,0.0
take meeting minutes,1,0.565,MCK02,Advanced Communication & Collaboration,Moderate_Growth,0.4,0.19645835,0.19645835,0.16719449,0.14193499,0.029263869,ESCO02,MCK04,McKinsey_FutureOfWork_2025,0.0,Stable,0.4,0.0
take initiative,1,0.61,WEF07,Human-AI Collaboration,Strong_Growth,0.95,0.25542676,0.25542676,0.1803215,0.16436873,0.075105265,MCK04,MCK03,WEF_FutureOfJobs_2025,0.0,Strong_Growth,1.0,0.0
track conversion metrics,1,0.595,WEF06,Environmental & Sustainability Technology,Moderate_Growth,0.6,0.13544482,0.13544482,0.12647063,0.11833358,0.0089741945,WEF05,ESCO01,WEF_FutureOfJobs_2025,0.0,Moderate_Growth,0.7,0.0
drive progress and efficiency,1,0.608,WEF06,Environmental & Sustainability Technology,Moderate_Growth,0.6,0.20682439,0.20682439,0.17379326,0.17196566,0.033031136,DEC03,MCK02,WEF_FutureOfJobs_2025,0.0,Moderate_Growth,0.7,0.0
think in cross-platform systems,1,0.61,MCK02,Advanced Communication & Collaboration,Moderate_Growth,0.4,0.27661583,0.27661583,0.27514097,0.27171725,0.0014748573,WEF05,ONET02,McKinsey_FutureOfWork_2025,0.0,Stable,0.4,0.0
think big,1,0.598,MCK04,Critical Thinking & Problem Solving,Strong_Growth,0.8,0.1822635,0.1822635,0.118187755,0.09307173,0.06407574,WEF02,MCK05,McKinsey_FutureOfWork_2025,0.0,Strong_Growth,1.0,0.0
adapt approach to activities and customers,1,0.634,DEC03,Routine Maintenance Coding,Decline,-0.3,0.249828,0.249828,0.2308437,0.21578579,0.018984303,ESCO02,MCK05,McKinsey_FutureOfWork_2023,0.0,Declining,0.0,0.0
adhere to safety standards,1,0.589,WEF03,Cybersecurity,Strong_Growth,0.9,0.19876918,0.19876918,0.17402226,0.17224734,0.024746925,MCK05,DEC03,WEF_FutureOfJobs_2025,0.0,Strong_Growth,1.0,0.0
adhere to protocols,1,0.589,MCK02,Advanced Communication & Collaboration,Moderate_Growth,0.4,0.27508235,0.27508235,0.25801998,0.20598221,0.017062366,ONET06,DEC03,McKinsey_FutureOfWork_2025,0.0,Stable,0.4,0.0
"adhere to policy, procedures and controls",1,0.606,DEC03,Routine Maintenance Coding,Decline,-0.3,0.26141694,0.26141694,0.23807919,0.23044202,0.023337752,DEC01,MCK02,McKinsey_FutureOfWork_2023,0.0,Declining,0.0,0.0
drive product from conception to rollout,1,0.565,ESCO02,Business Analysis & Requirements Engineering,Moderate_Growth,0.5,0.13366415,0.13366415,0.1178247,0.075614534,0.015839443,DEC03,ONET06,ESCO_v1.2_2024,0.0,Moderate_Growth,0.7,0.0
address routine office issues,1,0.592,DEC01,Routine Data Entry & Clerical,Decline,-0.6,0.28757536,0.28757536,0.20412171,0.13807373,0.083453655,DEC03,MCK02,WEF_FutureOfJobs_2023,0.0,Declining,0.0,0.0
address rising costs,1,0.606,DEC02,Legacy Web Development,Decline,-0.4,0.06389675,0.06389675,0.048696533,0.032279402,0.01520022,WEF05,MCK02,Expert_consensus,0.0,Declining,0.0,0.0
address labor shortages,1,0.61,DEC01,Routine Data Entry & Clerical,Decline,-0.6,0.17310557,0.17310557,0.1472394,0.1277059,0.025866166,MCK01,ONET03,WEF_FutureOfJobs_2023,0.0,Declining,0.0,0.0
address issues related to outstanding payments,1,0.62,ONET06,Blockchain & Distributed Systems,Moderate_Growth,0.5,0.06921941,0.06921941,0.05773199,0.05196192,0.011487421,ONET02,DEC01,ONET_BrightOutlook_2024,0.0,Moderate_Growth,0.7,0.0
adapt to change,2,0.613,MCK05,Resilience & Adaptability,Strong_Growth,0.75,0.28728136,0.28728136,0.1572384,0.093712755,0.13004297,DEC03,WEF08,WEF_FutureOfJobs_2025,0.0,Moderate_Growth,0.7,0.0
adapt to a varying work schedule due to events,1,0.591,MCK05,Resilience & Adaptability,Strong_Growth,0.75,0.16394983,0.16394983,0.12836805,0.12132868,0.035581782,DEC03,ESCO01,WEF_FutureOfJobs_2025,0.0,Moderate_Growth,0.7,0.0
allow developers to scale databases,1,0.617,ONET02,Database & Systems Administration,Moderate_Growth,0.5,0.297216,0.297216,0.24739604,0.20517634,0.04981996,DEC03,DEC02,ONET_BrightOutlook_2024,0.0,Moderate_Growth,0.7,0.0
abstract the complexity of the data layer,1,0.575,WEF02,Big Data & Analytics,Strong_Growth,0.9,0.16395786,0.16395786,0.15385066,0.14217493,0.010107204,ONET06,DEC03,WEF_FutureOfJobs_2025,0.0,Strong_Growth,1.0,0.0
engage in confidential conversations,1,0.642,MCK02,Advanced Communication & Collaboration,Moderate_Growth,0.4,0.24487707,0.24487707,0.14847833,0.13082854,0.09639874,ESCO02,WEF03,McKinsey_FutureOfWork_2025,0.0,Stable,0.4,0.0
work with large-scale GPU farms,1,0.563,WEF04,Cloud Computing & Infrastructure,Strong_Growth,0.85,0.29747254,0.29747254,0.21248579,0.19474427,0.08498675,ONET02,WEF02,WEF_FutureOfJobs_2025,0.0,Strong_Growth,1.0,0.0
adapt makeup style to different customers,1,0.67,DEC01,Routine Data Entry & Clerical,Decline,-0.6,0.061968163,0.061968163,0.051323727,0.04952282,0.010644436,DEC02,ONET03,WEF_FutureOfJobs_2023,0.0,Declining,0.0,0.0
adapt quickly when priorities change,1,0.607,DEC03,Routine Maintenance Coding,Decline,-0.3,0.23526418,0.23526418,0.21878119,0.13271302,0.016482994,MCK05,MCK04,McKinsey_FutureOfWork_2023,0.0,Declining,0.0,0.0
act with intention,1,0.603,WEF07,Human-AI Collaboration,Strong_Growth,0.95,0.093047045,0.093047045,0.0851056,0.051596534,0.007941447,MCK01,MCK04,WEF_FutureOfJobs_2025,0.0,Strong_Growth,1.0,0.0
act independently,1,0.613,MCK05,Resilience & Adaptability,Strong_Growth,0.75,0.15258457,0.15258457,0.13469633,0.096303985,0.017888233,MCK03,WEF07,WEF_FutureOfJobs_2025,0.0,Moderate_Growth,0.7,0.0
act fearlessly,1,0.608,MCK05,Resilience & Adaptability,Strong_Growth,0.75,0.26955295,0.26955295,0.14409944,0.12833925,0.1254535,WEF03,MCK03,WEF_FutureOfJobs_2025,0.0,Moderate_Growth,0.7,0.0
act as lead,1,0.594,MCK03,Leadership & People Development,Moderate_Growth,0.55,0.24266627,0.24266627,0.115434185,0.11491594,0.12723209,MCK02,MCK04,McKinsey_FutureOfWork_2025,0.0,Moderate_Growth,0.7,0.0
act as expert for system admins and engineers,1,0.601,ONET02,Database & Systems Administration,Moderate_Growth,0.5,0.29369855,0.29369855,0.28135204,0.26944894,0.012346506,MCK02,ESCO02,ONET_BrightOutlook_2024,0.0,Moderate_Growth,0.7,0.0
act as a strategic advisor,1,0.6,MCK04,Critical Thinking & Problem Solving,Strong_Growth,0.8,0.27350596,0.27350596,0.2710974,0.26588613,0.002408564,MCK03,MCK05,McKinsey_FutureOfWork_2025,0.0,Strong_Growth,1.0,0.0
achieve transformational healthcare improvement,1,0.621,MCK03,Leadership & People Development,Moderate_Growth,0.55,0.21913974,0.21913974,0.21063495,0.20365831,0.008504793,DEC03,MCK05,McKinsey_FutureOfWork_2025,0.0,Moderate_Growth,0.7,0.0
work with product owners,1,0.603,MCK02,Advanced Communication & Collaboration,Moderate_Growth,0.4,0.22846505,0.22846505,0.1444165,0.13695148,0.084048554,DEC03,ESCO02,McKinsey_FutureOfWork_2025,0.0,Stable,0.4,0.0
track model performance,1,0.674,ESCO01,Project Management & Agile Methodologies,Moderate_Growth,0.55,0.15331478,0.15331478,0.103820756,0.098878056,0.049494028,ONET02,DEC03,ESCO_v1.2_2024,0.0,Moderate_Growth,0.7,0.0
track iteration history,1,0.569,ESCO01,Project Management & Agile Methodologies,Moderate_Growth,0.55,0.19334123,0.19334123,0.16714758,0.1371601,0.026193649,DEC03,DEC01,ESCO_v1.2_2024,0.0,Moderate_Growth,0.7,0.0
track feature performance,1,0.597,DEC03,Routine Maintenance Coding,Decline,-0.3,0.24692109,0.24692109,0.13114813,0.1260801,0.11577296,DEC01,WEF01,McKinsey_FutureOfWork_2023,0.0,Declining,0.0,0.0
track cycle time,1,0.56,ESCO01,Project Management & Agile Methodologies,Moderate_Growth,0.55,0.10307489,0.10307489,0.05412966,0.046190735,0.048945233,WEF06,DEC01,ESCO_v1.2_2024,0.0,Moderate_Growth,0.7,0.0
write papers,1,0.696,MCK02,Advanced Communication & Collaboration,Moderate_Growth,0.4,0.21021675,0.21021675,0.19137996,0.18554334,0.018836781,DEC01,WEF08,McKinsey_FutureOfWork_2025,0.0,Stable,0.4,0.0
write grants,1,0.667,WEF08,Technological Literacy & Digital Fluency,Strong_Growth,0.85,0.17648971,0.17648971,0.16931796,0.15535425,0.00717175,MCK02,MCK03,WEF_FutureOfJobs_2025,0.0,Strong_Growth,1.0,0.0
adapt inform/awareness materials to customer needs,1,0.676,MCK02,Advanced Communication & Collaboration,Moderate_Growth,0.4,0.2735099,0.2735099,0.2585839,0.2530382,0.0149259865,DEC03,ONET03,McKinsey_FutureOfWork_2025,0.0,Stable,0.4,0.0
enable internal developers to ship features quickly and safely,1,0.606,DEC03,Routine Maintenance Coding,Decline,-0.3,0.30051857,0.30051857,0.24047571,0.19020754,0.060042858,MCK02,DEC02,McKinsey_FutureOfWork_2023,-0.09015557169914246,Declining,0.0,0.0
ensure production software operates flawlessly,1,0.626,DEC03,Routine Maintenance Coding,Decline,-0.3,0.30193686,0.30193686,0.18428019,0.17956644,0.11765668,ONET02,ONET05,McKinsey_FutureOfWork_2023,-0.09058105945587158,Declining,0.0,0.0
assist in preparation of operations reviews,1,0.592,DEC03,Routine Maintenance Coding,Decline,-0.3,0.30209905,0.30209905,0.2820331,0.28007978,0.020065963,MCK02,ESCO02,McKinsey_FutureOfWork_2023,-0.09062971472740174,Declining,0.0,0.0
foster a culture of continuous improvement,1,0.634,DEC03,Routine Maintenance Coding,Decline,-0.3,0.30279756,0.30279756,0.28567865,0.27822846,0.017118901,MCK03,MCK05,McKinsey_FutureOfWork_2023,-0.09083926677703857,Declining,0.0,0.0
manage product lifecycle,1,0.611,DEC03,Routine Maintenance Coding,Decline,-0.3,0.30289203,0.30289203,0.2395196,0.23107183,0.06337243,DEC02,MCK05,McKinsey_FutureOfWork_2023,-0.09086760878562927,Declining,0.0,0.0
support continuous improvement,1,0.618,DEC03,Routine Maintenance Coding,Decline,-0.3,0.3035416,0.3035416,0.21973369,0.18745747,0.083807915,MCK05,MCK03,McKinsey_FutureOfWork_2023,-0.09106248021125793,Declining,0.0,0.0
"deliver reliable, high-performance software",1,0.632,DEC03,Routine Maintenance Coding,Decline,-0.3,0.30724156,0.30724156,0.2279775,0.2256099,0.07926406,ONET02,DEC02,McKinsey_FutureOfWork_2023,-0.09217246770858764,Declining,0.0,0.0
innovate solutions,1,0.615,DEC03,Routine Maintenance Coding,Decline,-0.3,0.3083921,0.3083921,0.27908015,0.2616189,0.029311955,MCK05,DEC02,McKinsey_FutureOfWork_2023,-0.09251763224601746,Declining,0.0,0.0
support the design of solutions,1,0.696,DEC03,Routine Maintenance Coding,Decline,-0.3,0.3084914,0.3084914,0.2666484,0.26162857,0.041842997,DEC02,MCK02,McKinsey_FutureOfWork_2023,-0.09254742264747619,Declining,0.0,0.0
own project lifecycle,1,0.591,DEC03,Routine Maintenance Coding,Decline,-0.3,0.3090535,0.3090535,0.26065105,0.260429,0.04840246,ESCO01,DEC02,McKinsey_FutureOfWork_2023,-0.09271605312824249,Declining,0.0,0.0
maintain process models,1,0.62,DEC03,Routine Maintenance Coding,Decline,-0.3,0.31094313,0.31094313,0.27872777,0.27054718,0.032215357,ONET02,MCK01,McKinsey_FutureOfWork_2023,-0.09328293800354004,Declining,0.0,0.0
review code,1,0.694,DEC03,Routine Maintenance Coding,Decline,-0.3,0.31140476,0.31140476,0.14806637,0.13212031,0.1633384,MCK04,ONET01,McKinsey_FutureOfWork_2023,-0.09342142939567566,Declining,0.0,0.0
deliver optimal software solutions,1,0.596,DEC03,Routine Maintenance Coding,Decline,-0.3,0.31210238,0.31210238,0.24111351,0.22396944,0.07098886,ESCO01,ONET02,McKinsey_FutureOfWork_2023,-0.09363071322441101,Declining,0.0,0.0
pinpoint areas of improvement,1,0.608,DEC03,Routine Maintenance Coding,Decline,-0.3,0.3134277,0.3134277,0.29649717,0.2816284,0.01693052,MCK03,MCK02,McKinsey_FutureOfWork_2023,-0.09402830600738525,Declining,0.0,0.0
proactively manage tasks,1,0.639,DEC03,Routine Maintenance Coding,Decline,-0.3,0.31389806,0.31389806,0.2252841,0.21398303,0.08861396,MCK02,ONET02,McKinsey_FutureOfWork_2023,-0.09416941702365875,Declining,0.0,0.0
promote rapid and efficient development cycles,1,0.609,DEC03,Routine Maintenance Coding,Decline,-0.3,0.3139887,0.3139887,0.2861418,0.25892568,0.027846873,DEC02,ONET01,McKinsey_FutureOfWork_2023,-0.09419660568237305,Declining,0.0,0.0
enhance reliability of data solutions,1,0.701,DEC03,Routine Maintenance Coding,Decline,-0.3,0.31422904,0.31422904,0.30686724,0.24126136,0.0073617995,ONET02,MCK05,McKinsey_FutureOfWork_2023,-0.09426871240139008,Declining,0.0,0.0
maintain HR software,1,0.699,DEC03,Routine Maintenance Coding,Decline,-0.3,0.31457025,0.31457025,0.29202628,0.27467126,0.022543967,ONET02,DEC02,McKinsey_FutureOfWork_2023,-0.09437107443809509,Declining,0.0,0.0
support operations,1,0.71,DEC03,Routine Maintenance Coding,Decline,-0.3,0.31618127,0.31618127,0.22494742,0.20940529,0.09123385,ONET02,MCK02,McKinsey_FutureOfWork_2023,-0.09485438168048858,Declining,0.0,0.0
isolate technical issues,1,0.595,DEC03,Routine Maintenance Coding,Decline,-0.3,0.3181697,0.3181697,0.3157878,0.23654245,0.0023819208,MCK02,ESCO02,McKinsey_FutureOfWork_2023,-0.0954509139060974,Declining,0.0,0.0
facilitate backlog grooming,1,0.625,DEC03,Routine Maintenance Coding,Decline,-0.3,0.32358277,0.32358277,0.25919256,0.20919527,0.06439021,MCK02,DEC01,McKinsey_FutureOfWork_2023,-0.09707483053207397,Declining,0.0,0.0
support the implementation of solutions,1,0.703,DEC03,Routine Maintenance Coding,Decline,-0.3,0.32400787,0.32400787,0.23808548,0.2291086,0.08592239,ONET06,MCK02,McKinsey_FutureOfWork_2023,-0.0972023606300354,Declining,0.0,0.0
debug software,1,0.701,DEC03,Routine Maintenance Coding,Decline,-0.3,0.32758665,0.32758665,0.26194617,0.2398591,0.06564048,ONET02,ONET01,McKinsey_FutureOfWork_2023,-0.0982759952545166,Declining,0.0,0.0
focus on operational readiness,1,0.593,DEC03,Routine Maintenance Coding,Decline,-0.3,0.32967335,0.32967335,0.28033692,0.25920573,0.049336433,MCK02,MCK05,McKinsey_FutureOfWork_2023,-0.0989020049571991,Declining,0.0,0.0
identify hardening requirements,1,0.715,DEC03,Routine Maintenance Coding,Decline,-0.3,0.3302164,0.3302164,0.24765293,0.23364265,0.082563475,DEC02,WEF03,McKinsey_FutureOfWork_2023,-0.09906492233276366,Declining,0.0,0.0
eliminate manual tasks,1,0.592,DEC03,Routine Maintenance Coding,Decline,-0.3,0.3345302,0.3345302,0.27412516,0.25742474,0.060405046,MCK01,DEC01,McKinsey_FutureOfWork_2023,-0.10035906136035919,Declining,0.0,0.0
build retrieval and evaluation capabilities,1,0.677,DEC03,Routine Maintenance Coding,Decline,-0.3,0.33573717,0.33573717,0.3051023,0.3005278,0.03063488,MCK02,ESCO02,McKinsey_FutureOfWork_2023,-0.10072115063667297,Declining,0.0,0.0
"build things reliably, efficiently and cost-effectively",1,0.709,DEC03,Routine Maintenance Coding,Decline,-0.3,0.3376134,0.3376134,0.24431854,0.1929248,0.09329486,DEC02,MCK05,McKinsey_FutureOfWork_2023,-0.10128402113914489,Declining,0.0,0.0
diagnose technical issues,1,0.706,DEC03,Routine Maintenance Coding,Decline,-0.3,0.33816218,0.33816218,0.260042,0.2158089,0.07812017,MCK02,ESCO02,McKinsey_FutureOfWork_2023,-0.101448655128479,Declining,0.0,0.0
maintain or write plugins for tools,1,0.694,DEC03,Routine Maintenance Coding,Decline,-0.3,0.3389532,0.3389532,0.32730183,0.24772312,0.011651367,DEC02,ONET02,McKinsey_FutureOfWork_2023,-0.10168595910072327,Declining,0.0,0.0
deploy code,1,0.694,DEC03,Routine Maintenance Coding,Decline,-0.3,0.3395139,0.3395139,0.25794584,0.17993611,0.08156806,DEC02,ONET01,McKinsey_FutureOfWork_2023,-0.10185416936874389,Declining,0.0,0.0
drive delivery of maintenance work pieces,1,0.59,DEC03,Routine Maintenance Coding,Decline,-0.3,0.34033954,0.34033954,0.22807308,0.1844008,0.112266466,MCK02,MCK01,McKinsey_FutureOfWork_2023,-0.10210186243057251,Declining,0.0,0.0
implement changes,1,0.707,DEC03,Routine Maintenance Coding,Decline,-0.3,0.34083635,0.34083635,0.20545763,0.18772224,0.13537872,DEC02,ONET06,McKinsey_FutureOfWork_2023,-0.10225090384483337,Declining,0.0,0.0
improve operational readiness,1,0.712,DEC03,Routine Maintenance Coding,Decline,-0.3,0.34131357,0.34131357,0.24679291,0.23722672,0.09452066,MCK02,MCK05,McKinsey_FutureOfWork_2023,-0.10239407122135162,Declining,0.0,0.0
craft tools,1,0.586,DEC03,Routine Maintenance Coding,Decline,-0.3,0.34132358,0.34132358,0.32920003,0.32468966,0.012123555,MCK02,DEC02,McKinsey_FutureOfWork_2023,-0.1023970752954483,Declining,0.0,0.0
develop and maintain data models,1,0.697,DEC03,Routine Maintenance Coding,Decline,-0.3,0.34197032,0.34197032,0.33882913,0.3227541,0.0031411946,DEC01,ONET02,McKinsey_FutureOfWork_2023,-0.10259109735488892,Declining,0.0,0.0
support management and execution of contracts,1,0.608,DEC03,Routine Maintenance Coding,Decline,-0.3,0.34199262,0.34199262,0.2630952,0.23564404,0.07889742,ONET02,ONET06,McKinsey_FutureOfWork_2023,-0.10259778499603271,Declining,0.0,0.0
innovate new solutions,1,0.608,DEC03,Routine Maintenance Coding,Decline,-0.3,0.34263018,0.34263018,0.289286,0.24966696,0.05334419,DEC02,MCK02,McKinsey_FutureOfWork_2023,-0.1027890533208847,Declining,0.0,0.0
build golden paths for developers,1,0.698,DEC03,Routine Maintenance Coding,Decline,-0.3,0.34275907,0.34275907,0.32286838,0.32265398,0.019890696,ONET01,DEC02,McKinsey_FutureOfWork_2023,-0.10282772183418273,Declining,0.0,0.0
debug systems,1,0.699,DEC03,Routine Maintenance Coding,Decline,-0.3,0.34284467,0.34284467,0.32813364,0.23601234,0.014711022,ONET02,DEC02,McKinsey_FutureOfWork_2023,-0.10285339951515197,Declining,0.0,0.0
own feature execution and delivery,1,0.59,DEC03,Routine Maintenance Coding,Decline,-0.3,0.34306538,0.34306538,0.15429395,0.12747477,0.18877143,MCK01,WEF07,McKinsey_FutureOfWork_2023,-0.10291961431503295,Declining,0.0,0.0
write performance or correctness tools,1,0.702,DEC03,Routine Maintenance Coding,Decline,-0.3,0.34410435,0.34410435,0.251348,0.24147475,0.09275636,MCK02,ONET02,McKinsey_FutureOfWork_2023,-0.1032313048839569,Declining,0.0,0.0
build complex software,1,0.702,DEC03,Routine Maintenance Coding,Decline,-0.3,0.34921616,0.34921616,0.31230155,0.30648184,0.036914617,DEC02,ONET01,McKinsey_FutureOfWork_2023,-0.10476484894752502,Declining,0.0,0.0
design code,1,0.694,DEC03,Routine Maintenance Coding,Decline,-0.3,0.3493774,0.3493774,0.27538413,0.27368394,0.073993266,DEC02,ONET03,McKinsey_FutureOfWork_2023,-0.10481321811676025,Declining,0.0,0.0
identify basic configuration issues,1,0.707,DEC03,Routine Maintenance Coding,Decline,-0.3,0.3502127,0.3502127,0.24615401,0.23645878,0.10405868,DEC02,ONET02,McKinsey_FutureOfWork_2023,-0.10506380796432495,Declining,0.0,0.0
implement improvements,1,0.632,DEC03,Routine Maintenance Coding,Decline,-0.3,0.35079905,0.35079905,0.24131495,0.16820914,0.10948411,DEC02,MCK02,McKinsey_FutureOfWork_2023,-0.10523971617221832,Declining,0.0,0.0
maintain equipment,1,0.71,DEC03,Routine Maintenance Coding,Decline,-0.3,0.35462224,0.35462224,0.22349903,0.20789114,0.13112321,MCK05,DEC02,McKinsey_FutureOfWork_2023,-0.10638667345046997,Declining,0.0,0.0
drive delivery of new features,1,0.587,DEC03,Routine Maintenance Coding,Decline,-0.3,0.3553906,0.3553906,0.22094396,0.20951982,0.13444665,MCK02,WEF05,McKinsey_FutureOfWork_2023,-0.10661718249320984,Declining,0.0,0.0
craft software,1,0.592,DEC03,Routine Maintenance Coding,Decline,-0.3,0.36007345,0.36007345,0.3229364,0.31154507,0.03713706,MCK02,DEC02,McKinsey_FutureOfWork_2023,-0.10802203416824341,Declining,0.0,0.0
contribute to continuous improvement of internally built tools,1,0.62,DEC03,Routine Maintenance Coding,Decline,-0.3,0.36199966,0.36199966,0.33063576,0.30765665,0.031363904,DEC02,MCK02,McKinsey_FutureOfWork_2023,-0.10859989821910858,Declining,0.0,0.0
refactor and upgrade codebase,1,0.701,DEC03,Routine Maintenance Coding,Decline,-0.3,0.36245018,0.36245018,0.22226731,0.14230056,0.14018287,DEC02,ONET01,McKinsey_FutureOfWork_2023,-0.10873505473136902,Declining,0.0,0.0
adopt and test new features early on,1,0.691,DEC03,Routine Maintenance Coding,Decline,-0.3,0.36427838,0.36427838,0.21309032,0.17082156,0.15118806,ONET05,DEC02,McKinsey_FutureOfWork_2023,-0.10928351283073424,Declining,0.0,0.0
perform technical support duties,1,0.704,DEC03,Routine Maintenance Coding,Decline,-0.3,0.36512417,0.36512417,0.3602782,0.25078604,0.004845977,MCK02,ONET02,McKinsey_FutureOfWork_2023,-0.10953724980354308,Declining,0.0,0.0
implement customizations,1,0.716,DEC03,Routine Maintenance Coding,Decline,-0.3,0.36696732,0.36696732,0.33272952,0.25045863,0.034237802,DEC02,ONET03,McKinsey_FutureOfWork_2023,-0.11009019613265991,Declining,0.0,0.0
write new and unique tools,1,0.692,DEC03,Routine Maintenance Coding,Decline,-0.3,0.36917192,0.36917192,0.3319326,0.27210382,0.037239313,MCK02,DEC02,McKinsey_FutureOfWork_2023,-0.11075157523155212,Declining,0.0,0.0
drive proactive maintenance,1,0.643,DEC03,Routine Maintenance Coding,Decline,-0.3,0.3709177,0.3709177,0.18955392,0.16799018,0.18136379,MCK01,ONET02,McKinsey_FutureOfWork_2023,-0.11127531230449676,Declining,0.0,0.0
dive into platform-specific native code,1,0.703,DEC03,Routine Maintenance Coding,Decline,-0.3,0.3713467,0.3713467,0.34184748,0.2531553,0.029499233,DEC02,ONET01,McKinsey_FutureOfWork_2023,-0.11140401363372802,Declining,0.0,0.0
innovate next big features in tools,1,0.694,DEC03,Routine Maintenance Coding,Decline,-0.3,0.37356535,0.37356535,0.2932298,0.28054455,0.08033556,MCK02,DEC02,McKinsey_FutureOfWork_2023,-0.11206960380077362,Declining,0.0,0.0
analyze software for defects,1,0.7,DEC03,Routine Maintenance Coding,Decline,-0.3,0.37649664,0.37649664,0.36267775,0.2977712,0.01381889,ONET05,ESCO02,McKinsey_FutureOfWork_2023,-0.1129489928483963,Declining,0.0,0.0
contribute to feature design,1,0.7,DEC03,Routine Maintenance Coding,Decline,-0.3,0.37790877,0.37790877,0.25615945,0.2457788,0.12174931,ONET03,MCK02,McKinsey_FutureOfWork_2023,-0.11337262988090514,Declining,0.0,0.0
deliver solutions that balance user experience with developer experience,1,0.612,DEC03,Routine Maintenance Coding,Decline,-0.3,0.3809684,0.3809684,0.35942942,0.32588595,0.021538973,ONET01,DEC02,McKinsey_FutureOfWork_2023,-0.11429051756858825,Declining,0.0,0.0
develop production-quality code,1,0.715,DEC03,Routine Maintenance Coding,Decline,-0.3,0.38139287,0.38139287,0.29435617,0.27199274,0.0870367,DEC02,ONET05,McKinsey_FutureOfWork_2023,-0.11441785991191863,Declining,0.0,0.0
follow established best practices and design patterns,1,0.702,DEC03,Routine Maintenance Coding,Decline,-0.3,0.38395977,0.38395977,0.2664773,0.23339318,0.11748248,DEC02,MCK02,McKinsey_FutureOfWork_2023,-0.115187931060791,Declining,0.0,0.0
reproduce technical issues,1,0.624,DEC03,Routine Maintenance Coding,Decline,-0.3,0.3859476,0.3859476,0.25520983,0.24861422,0.13073775,DEC02,MCK02,McKinsey_FutureOfWork_2023,-0.11578427553176879,Declining,0.0,0.0
handle complexity for developers,1,0.621,DEC03,Routine Maintenance Coding,Decline,-0.3,0.39005578,0.39005578,0.28990188,0.26034912,0.10015389,DEC02,ONET01,McKinsey_FutureOfWork_2023,-0.1170167326927185,Declining,0.0,0.0
solve problems for the built environment,1,0.698,DEC03,Routine Maintenance Coding,Decline,-0.3,0.3920881,0.3920881,0.34547204,0.33420968,0.046616048,MCK04,DEC02,McKinsey_FutureOfWork_2023,-0.11762642562389374,Declining,0.0,0.0
develop application code,1,0.704,DEC03,Routine Maintenance Coding,Decline,-0.3,0.39293724,0.39293724,0.36696118,0.3002232,0.025976062,ONET01,DEC02,McKinsey_FutureOfWork_2023,-0.11788117289543151,Declining,0.0,0.0
identify defect trends,1,0.702,DEC03,Routine Maintenance Coding,Decline,-0.3,0.39402902,0.39402902,0.2917384,0.24325083,0.10229063,DEC02,ONET02,McKinsey_FutureOfWork_2023,-0.11820870637893677,Declining,0.0,0.0
develop enhancements to software systems,1,0.704,DEC03,Routine Maintenance Coding,Decline,-0.3,0.39414626,0.39414626,0.3182673,0.31712627,0.07587898,ONET01,MCK02,McKinsey_FutureOfWork_2023,-0.11824387907981872,Declining,0.0,0.0
automate and streamline the entire software delivery lifecycle,1,0.702,DEC03,Routine Maintenance Coding,Decline,-0.3,0.39674598,0.39674598,0.2875766,0.26753902,0.109169394,WEF04,ONET01,McKinsey_FutureOfWork_2023,-0.11902379393577575,Declining,0.0,0.0
develop best practices,1,0.702,DEC03,Routine Maintenance Coding,Decline,-0.3,0.3971328,0.3971328,0.34630385,0.28519785,0.050828964,MCK02,MCK03,McKinsey_FutureOfWork_2023,-0.11913984417915344,Declining,0.0,0.0
support operational tooling,1,0.709,DEC03,Routine Maintenance Coding,Decline,-0.3,0.39726174,0.39726174,0.35026377,0.3060964,0.046997964,MCK02,MCK01,McKinsey_FutureOfWork_2023,-0.11917852163314818,Declining,0.0,0.0
assist in development and maintenance of efficient systems,1,0.618,DEC03,Routine Maintenance Coding,Decline,-0.3,0.3973993,0.3973993,0.28646484,0.2645039,0.110934466,ONET02,MCK01,McKinsey_FutureOfWork_2023,-0.11921979188919067,Declining,0.0,0.0
build workflows,1,0.703,DEC03,Routine Maintenance Coding,Decline,-0.3,0.39926898,0.39926898,0.32152098,0.2981557,0.077748,MCK02,ESCO02,McKinsey_FutureOfWork_2023,-0.119780695438385,Declining,0.0,0.0
maintain documentation,2,0.716,DEC03,Routine Maintenance Coding,Decline,-0.3,0.40217265,0.40217265,0.2922617,0.28819174,0.109910965,MCK02,DEC01,McKinsey_FutureOfWork_2023,-0.12065179646015167,Declining,0.0,0.0
uphold standards for code quality,1,0.605,DEC03,Routine Maintenance Coding,Decline,-0.3,0.40630463,0.40630463,0.27240166,0.23519972,0.13390297,DEC02,ONET05,McKinsey_FutureOfWork_2023,-0.12189138829708099,Declining,0.0,0.0
strengthen platform reliability,1,0.603,DEC02,Legacy Web Development,Decline,-0.4,0.30545592,0.30545592,0.2556492,0.20287499,0.049806714,DEC03,MCK05,Expert_consensus,-0.12218236923217773,Declining,0.0,0.0
become an expert in JavaScript tooling,1,0.614,DEC02,Legacy Web Development,Decline,-0.4,0.3084303,0.3084303,0.26618594,0.25539798,0.042244375,DEC03,ESCO02,Expert_consensus,-0.12337212562561035,Declining,0.0,0.0
work with JavaScript tools,1,0.615,DEC02,Legacy Web Development,Decline,-0.4,0.3084318,0.3084318,0.2530762,0.19732176,0.05535561,DEC03,WEF01,Expert_consensus,-0.12337272167205811,Declining,0.0,0.0
fix technical issues,1,0.59,DEC03,Routine Maintenance Coding,Decline,-0.3,0.41205406,0.41205406,0.28899053,0.28282696,0.123063534,MCK02,DEC02,McKinsey_FutureOfWork_2023,-0.12361621856689453,Declining,0.0,0.0
maintain readiness,1,0.71,DEC03,Routine Maintenance Coding,Decline,-0.3,0.41253102,0.41253102,0.3476113,0.2357353,0.06491971,MCK05,MCK03,McKinsey_FutureOfWork_2023,-0.12375930547714233,Declining,0.0,0.0
develop and maintain CLI tools and packages,1,0.683,DEC03,Routine Maintenance Coding,Decline,-0.3,0.4152516,0.4152516,0.3044479,0.28381616,0.11080372,DEC02,MCK02,McKinsey_FutureOfWork_2023,-0.1245754837989807,Declining,0.0,0.0
understand developer needs,1,0.613,DEC03,Routine Maintenance Coding,Decline,-0.3,0.41759065,0.41759065,0.360034,0.34609377,0.05755666,DEC02,ESCO02,McKinsey_FutureOfWork_2023,-0.12527719438076018,Declining,0.0,0.0
operate code,1,0.614,DEC03,Routine Maintenance Coding,Decline,-0.3,0.41844606,0.41844606,0.2785229,0.22104193,0.13992316,MCK01,DEC01,McKinsey_FutureOfWork_2023,-0.1255338191986084,Declining,0.0,0.0
evaluate proposed software changes,1,0.706,DEC03,Routine Maintenance Coding,Decline,-0.3,0.41846663,0.41846663,0.3255992,0.28176373,0.092867434,DEC02,MCK02,McKinsey_FutureOfWork_2023,-0.12553998827934265,Declining,0.0,0.0
design layout,1,0.699,DEC02,Legacy Web Development,Decline,-0.4,0.31417698,0.31417698,0.28672224,0.16078894,0.027454734,ONET03,MCK02,Expert_consensus,-0.12567079067230225,Declining,0.0,0.0
innovate developer tooling,1,0.678,DEC03,Routine Maintenance Coding,Decline,-0.3,0.41995764,0.41995764,0.38046116,0.37838253,0.03949648,DEC02,ONET01,McKinsey_FutureOfWork_2023,-0.12598729133605957,Declining,0.0,0.0
develop and maintain taxonomies,1,0.703,DEC02,Legacy Web Development,Decline,-0.4,0.3153326,0.3153326,0.3081477,0.30438125,0.007184893,DEC03,ONET02,Expert_consensus,-0.12613303661346437,Declining,0.0,0.0
code proficiently,1,0.707,DEC03,Routine Maintenance Coding,Decline,-0.3,0.4216383,0.4216383,0.20578766,0.20521677,0.21585065,DEC01,WEF07,McKinsey_FutureOfWork_2023,-0.12649149298667908,Declining,0.0,0.0
write code,1,0.692,DEC03,Routine Maintenance Coding,Decline,-0.3,0.42234233,0.42234233,0.2319153,0.20709252,0.19042704,WEF07,MCK01,McKinsey_FutureOfWork_2023,-0.12670269906520842,Declining,0.0,0.0
support feature planning,1,0.611,DEC03,Routine Maintenance Coding,Decline,-0.3,0.42846793,0.42846793,0.24839705,0.22931215,0.18007088,MCK02,WEF07,McKinsey_FutureOfWork_2023,-0.1285403788089752,Declining,0.0,0.0
automate core development workflows,1,0.707,DEC03,Routine Maintenance Coding,Decline,-0.3,0.43104383,0.43104383,0.38105875,0.3389101,0.04998508,MCK01,ONET01,McKinsey_FutureOfWork_2023,-0.12931315004825591,Declining,0.0,0.0
"leverage JavaScript to deliver reliable, scalable solutions",1,0.622,DEC02,Legacy Web Development,Decline,-0.4,0.32481623,0.32481623,0.29036635,0.17906733,0.034449875,DEC03,MCK02,Expert_consensus,-0.12992649078369142,Declining,0.0,0.0
augment core development workflows,1,0.623,DEC03,Routine Maintenance Coding,Decline,-0.3,0.43782693,0.43782693,0.35227448,0.3202353,0.085552454,ONET01,MCK02,McKinsey_FutureOfWork_2023,-0.1313480794429779,Declining,0.0,0.0
improve developer workflows,1,0.709,DEC03,Routine Maintenance Coding,Decline,-0.3,0.4384812,0.4384812,0.29143,0.25695324,0.14705122,ONET01,DEC02,McKinsey_FutureOfWork_2023,-0.13154436349868773,Declining,0.0,0.0
build creative features,1,0.703,DEC03,Routine Maintenance Coding,Decline,-0.3,0.43912077,0.43912077,0.33031625,0.31999326,0.108804524,MCK02,DEC02,McKinsey_FutureOfWork_2023,-0.1317362308502197,Declining,0.0,0.0
"build and maintain tools, pipelines, and processes",1,0.687,DEC03,Routine Maintenance Coding,Decline,-0.3,0.44374007,0.44374007,0.3578179,0.34960812,0.08592218,DEC02,MCK01,McKinsey_FutureOfWork_2023,-0.13312202095985412,Declining,0.0,0.0
build internally-used digital products,1,0.711,DEC02,Legacy Web Development,Decline,-0.4,0.3331541,0.3331541,0.28980392,0.28196767,0.04335019,WEF05,ONET03,Expert_consensus,-0.13326164484024047,Declining,0.0,0.0
build systems that run smoothly,1,0.696,DEC02,Legacy Web Development,Decline,-0.4,0.33419126,0.33419126,0.32837686,0.22642344,0.0058144033,DEC03,WEF04,Expert_consensus,-0.13367650508880616,Declining,0.0,0.0
develop backend server,1,0.702,DEC02,Legacy Web Development,Decline,-0.4,0.33495414,0.33495414,0.26080066,0.2488652,0.07415348,ONET02,WEF04,Expert_consensus,-0.13398165702819825,Declining,0.0,0.0
"architect and build polished, cross-platform mobile experiences",1,0.708,DEC02,Legacy Web Development,Decline,-0.4,0.33813,0.33813,0.32350492,0.2737484,0.0146250725,ONET03,MCK02,Expert_consensus,-0.1352519989013672,Declining,0.0,0.0
continuously improve the developer experience,1,0.614,DEC03,Routine Maintenance Coding,Decline,-0.3,0.45253605,0.45253605,0.37094843,0.3569788,0.08158761,DEC02,ONET01,McKinsey_FutureOfWork_2023,-0.1357608139514923,Declining,0.0,0.0
maintain and operate procedures,1,0.62,DEC03,Routine Maintenance Coding,Decline,-0.3,0.4537049,0.4537049,0.34338844,0.27942407,0.110316455,DEC01,MCK02,McKinsey_FutureOfWork_2023,-0.13611146807670593,Declining,0.0,0.0
support the evolution of how we deliver our developments,1,0.603,DEC02,Legacy Web Development,Decline,-0.4,0.3415053,0.3415053,0.3218596,0.3149179,0.01964569,DEC03,MCK02,Expert_consensus,-0.13660211563110353,Declining,0.0,0.0
design improvements,1,0.712,DEC02,Legacy Web Development,Decline,-0.4,0.34200612,0.34200612,0.2736703,0.20901257,0.06833583,DEC03,ONET03,Expert_consensus,-0.13680244684219361,Declining,0.0,0.0
design data stores,1,0.696,DEC02,Legacy Web Development,Decline,-0.4,0.34242553,0.34242553,0.33881366,0.32812732,0.0036118627,ONET02,ONET03,Expert_consensus,-0.13697021007537843,Declining,0.0,0.0
write automation for best practices,1,0.7,DEC03,Routine Maintenance Coding,Decline,-0.3,0.45720994,0.45720994,0.42831054,0.3537388,0.028899401,MCK01,MCK02,McKinsey_FutureOfWork_2023,-0.137162983417511,Declining,0.0,0.0
design and develop internal platform capabilities,1,0.704,DEC02,Legacy Web Development,Decline,-0.4,0.3443729,0.3443729,0.3179446,0.31600976,0.026428312,ONET03,MCK02,Expert_consensus,-0.13774915933609008,Declining,0.0,0.0
"leverage modern frameworks to deliver reliable, scalable solutions",1,0.595,DEC02,Legacy Web Development,Decline,-0.4,0.34607232,0.34607232,0.28798312,0.24280491,0.058089197,DEC03,MCK02,Expert_consensus,-0.1384289264678955,Declining,0.0,0.0
design solutions,1,0.676,DEC02,Legacy Web Development,Decline,-0.4,0.35255367,0.35255367,0.3296812,0.30451375,0.022872478,ONET03,DEC03,Expert_consensus,-0.141021466255188,Declining,0.0,0.0
transition legacy services,1,0.597,DEC02,Legacy Web Development,Decline,-0.4,0.35339046,0.35339046,0.23398358,0.23181966,0.11940688,WEF04,MCK02,Expert_consensus,-0.14135618209838868,Declining,0.0,0.0
develop new architectures,1,0.706,DEC02,Legacy Web Development,Decline,-0.4,0.3593768,0.3593768,0.3220644,0.2673012,0.03731239,ONET03,ONET01,Expert_consensus,-0.14375071525573732,Declining,0.0,0.0
design internally-used digital products,1,0.712,DEC02,Legacy Web Development,Decline,-0.4,0.3614803,0.3614803,0.3463587,0.28949654,0.015121609,ONET03,WEF05,Expert_consensus,-0.14459211826324464,Declining,0.0,0.0
"develop low-level Linux boot, BIOS, firmware and embedded software",1,0.701,DEC02,Legacy Web Development,Decline,-0.4,0.36486775,0.36486775,0.28916115,0.27531618,0.0757066,ONET01,DEC03,Expert_consensus,-0.14594709873199463,Declining,0.0,0.0
develop embedded software tools,1,0.703,DEC02,Legacy Web Development,Decline,-0.4,0.37034017,0.37034017,0.3634927,0.3273834,0.006847471,MCK02,ONET01,Expert_consensus,-0.1481360673904419,Declining,0.0,0.0
design end-to-end solutions,1,0.709,DEC02,Legacy Web Development,Decline,-0.4,0.37114787,0.37114787,0.2993459,0.27963346,0.07180196,DEC03,MCK02,Expert_consensus,-0.14845914840698243,Declining,0.0,0.0
develop methods and frameworks,1,0.673,DEC02,Legacy Web Development,Decline,-0.4,0.37376195,0.37376195,0.34804434,0.34708428,0.025717616,MCK02,DEC03,Expert_consensus,-0.14950478076934814,Declining,0.0,0.0
provide clear frameworks,1,0.595,DEC02,Legacy Web Development,Decline,-0.4,0.37578988,0.37578988,0.31312245,0.22975624,0.06266743,DEC03,ONET03,Expert_consensus,-0.1503159523010254,Declining,0.0,0.0
shape the future of platform,1,0.585,DEC02,Legacy Web Development,Decline,-0.4,0.3774575,0.3774575,0.3667004,0.33745354,0.010757089,WEF05,WEF04,Expert_consensus,-0.15098299980163576,Declining,0.0,0.0
"continuously improve build tooling, developer workflows, and infrastructure",1,0.71,DEC03,Routine Maintenance Coding,Decline,-0.3,0.50348663,0.50348663,0.41930932,0.3341565,0.084177315,DEC02,ONET01,McKinsey_FutureOfWork_2023,-0.15104598999023436,Declining,0.0,0.0
write maintainable code,1,0.703,DEC03,Routine Maintenance Coding,Decline,-0.3,0.50417006,0.50417006,0.29363498,0.19374591,0.21053508,DEC02,MCK05,McKinsey_FutureOfWork_2023,-0.15125101804733276,Declining,0.0,0.0
own code lifecycle,1,0.696,DEC03,Routine Maintenance Coding,Decline,-0.3,0.5052227,0.5052227,0.3447302,0.19979551,0.16049248,DEC02,MCK05,McKinsey_FutureOfWork_2023,-0.15156680345535278,Declining,0.0,0.0
develop modernization plans,1,0.709,DEC02,Legacy Web Development,Decline,-0.4,0.38232416,0.38232416,0.36382505,0.32713288,0.018499106,DEC03,MCK02,Expert_consensus,-0.1529296636581421,Declining,0.0,0.0
"build tools, dashboards and platform",1,0.7,DEC02,Legacy Web Development,Decline,-0.4,0.38483036,0.38483036,0.3248977,0.31973925,0.05993265,ONET03,MCK02,Expert_consensus,-0.15393214225769045,Declining,0.0,0.0
drive progress toward better maintainability,1,0.613,DEC03,Routine Maintenance Coding,Decline,-0.3,0.51606715,0.51606715,0.36909485,0.319063,0.1469723,DEC02,MCK05,McKinsey_FutureOfWork_2023,-0.15482014417648315,Declining,0.0,0.0
"write well-crafted, well-tested, readable, maintainable code",1,0.713,DEC03,Routine Maintenance Coding,Decline,-0.3,0.5253749,0.5253749,0.36256236,0.22848693,0.16281253,DEC02,MCK02,McKinsey_FutureOfWork_2023,-0.15761246681213378,Declining,0.0,0.0
build production-grade platforms,1,0.686,DEC02,Legacy Web Development,Decline,-0.4,0.40097708,0.40097708,0.3024152,0.2776847,0.09856188,MCK02,WEF05,Expert_consensus,-0.16039083003997803,Declining,0.0,0.0
design mixed-use projects,1,0.706,DEC02,Legacy Web Development,Decline,-0.4,0.40688497,0.40688497,0.376023,0.3491314,0.030861974,MCK02,ONET03,Expert_consensus,-0.1627539873123169,Declining,0.0,0.0
maintain and enhance existing platforms,1,0.703,DEC02,Legacy Web Development,Decline,-0.4,0.4079907,0.4079907,0.32515752,0.3025328,0.08283317,WEF05,WEF04,Expert_consensus,-0.16319627761840821,Declining,0.0,0.0
analyze and debug web applications,1,0.699,DEC02,Legacy Web Development,Decline,-0.4,0.4150499,0.4150499,0.31243426,0.255338,0.102615654,DEC03,ONET02,Expert_consensus,-0.16601996421813967,Declining,0.0,0.0
guide platform evolution,1,0.595,DEC02,Legacy Web Development,Decline,-0.4,0.42006385,0.42006385,0.32557482,0.31671494,0.09448904,ONET02,ONET03,Expert_consensus,-0.168025541305542,Declining,0.0,0.0
embed modern DevOps practices,1,0.618,DEC02,Legacy Web Development,Decline,-0.4,0.42350405,0.42350405,0.38885427,0.34476513,0.03464979,WEF04,DEC03,Expert_consensus,-0.16940162181854249,Declining,0.0,0.0
develop and operate foundational JavaScript build systems,1,0.704,DEC02,Legacy Web Development,Decline,-0.4,0.45409983,0.45409983,0.31885627,0.26016048,0.13524356,DEC03,MCK02,Expert_consensus,-0.18163993358612063,Declining,0.0,0.0
maintain data models,1,0.616,DEC01,Routine Data Entry & Clerical,Decline,-0.6,0.30791077,0.30791077,0.30690828,0.30474842,0.0010024905,DEC03,ONET02,WEF_FutureOfJobs_2023,-0.1847464621067047,Declining,0.0,0.0
input data,1,0.584,DEC01,Routine Data Entry & Clerical,Decline,-0.6,0.31631863,0.31631863,0.20424524,0.17094377,0.11207339,WEF01,WEF02,WEF_FutureOfJobs_2023,-0.1897911787033081,Declining,0.0,0.0
innovate developer environments,1,0.685,DEC02,Legacy Web Development,Decline,-0.4,0.47899306,0.47899306,0.45427248,0.4136759,0.02472058,DEC03,ONET01,Expert_consensus,-0.19159722328186035,Declining,0.0,0.0
administer accounting procedures,1,0.686,DEC01,Routine Data Entry & Clerical,Decline,-0.6,0.32151765,0.32151765,0.31227785,0.24340034,0.009239793,ONET02,ESCO02,WEF_FutureOfJobs_2023,-0.19291058778762818,Declining,0.0,0.0
implement data interfacing,1,0.707,DEC01,Routine Data Entry & Clerical,Decline,-0.6,0.3220635,0.3220635,0.25485444,0.22095165,0.067209065,WEF02,ONET02,WEF_FutureOfJobs_2023,-0.19323810338973998,Declining,0.0,0.0
administer general office procedures,1,0.679,DEC01,Routine Data Entry & Clerical,Decline,-0.6,0.3384196,0.3384196,0.23505718,0.226702,0.10336241,ONET02,DEC03,WEF_FutureOfJobs_2023,-0.20305175185203553,Declining,0.0,0.0
develop working web applications,1,0.704,DEC02,Legacy Web Development,Decline,-0.4,0.5395146,0.5395146,0.346182,0.32069698,0.19333261,ONET03,DEC03,Expert_consensus,-0.21580584049224855,Declining,0.0,0.0
manage employee data,1,0.699,DEC01,Routine Data Entry & Clerical,Decline,-0.6,0.3764698,0.3764698,0.24726596,0.21084973,0.12920383,ONET02,WEF02,WEF_FutureOfJobs_2023,-0.22588187456130981,Declining,0.0,0.0
analyze pharmacy operations data,1,0.675,DEC01,Routine Data Entry & Clerical,Decline,-0.6,0.37820926,0.37820926,0.3032947,0.26123616,0.074914575,ESCO02,ONET02,WEF_FutureOfJobs_2023,-0.22692555785179136,Declining,0.0,0.0
build web applications,1,0.702,DEC02,Legacy Web Development,Decline,-0.4,0.57554483,0.57554483,0.27578706,0.26606417,0.29975778,DEC03,ONET03,Expert_consensus,-0.23021793365478516,Declining,0.0,0.0
perform secretarial and clerical duties,1,0.703,DEC01,Routine Data Entry & Clerical,Decline,-0.6,0.4537077,0.4537077,0.2472247,0.23996195,0.20648299,ONET02,MCK03,WEF_FutureOfJobs_2023,-0.27222461700439454,Declining,0.0,0.0
