knowledge,freq,mean_confidence,best_domain_id,best_future_domain,trend_label,trend_score,similarity,top1_similarity,top2_similarity,top3_similarity,mapping_margin,top2_domain_id,top3_domain_id,domain_source,future_weight,trend_tier,tier_weight,future_weight_tier
AI Software,1,0.75,WEF01,AI & Machine Learning,Strong_Growth,1.0,0.57532257,0.57532257,0.54607,0.35414928,0.029252589,WEF07,MCK01,WEF_FutureOfJobs_2025,0.5753225684165955,Strong_Growth,1.0,0.5753225684165955
Data & AI,1,0.75,WEF01,AI & Machine Learning,Strong_Growth,1.0,0.56881815,0.56881815,0.5075385,0.42368877,0.061279655,WEF07,WEF02,WEF_FutureOfJobs_2025,0.5688181519508362,Strong_Growth,1.0,0.5688181519508362
cloud infrastructures,1,0.75,WEF04,Cloud Computing & Infrastructure,Strong_Growth,0.85,0.6528394,0.6528394,0.39798266,0.36487395,0.25485677,ONET02,ONET06,WEF_FutureOfJobs_2025,0.5549135088920593,Strong_Growth,1.0,0.6528394222259521
cloud infrastructure,2,0.75,WEF04,Cloud Computing & Infrastructure,Strong_Growth,0.85,0.6325762,0.6325762,0.35113987,0.3509547,0.28143635,ONET06,ONET02,WEF_FutureOfJobs_2025,0.5376897931098937,Strong_Growth,1.0,0.6325762271881104
cloud computing infrastructure,1,0.75,WEF04,Cloud Computing & Infrastructure,Strong_Growth,0.85,0.63086116,0.63086116,0.35846847,0.33433944,0.2723927,ONET06,ONET02,WEF_FutureOfJobs_2025,0.5362319886684418,Strong_Growth,1.0,0.6308611631393433
AI/MLOps,1,0.75,WEF01,AI & Machine Learning,Strong_Growth,1.0,0.53318995,0.53318995,0.45625687,0.3355287,0.076933086,WEF07,WEF04,WEF_FutureOfJobs_2025,0.5331899523735046,Strong_Growth,1.0,0.5331899523735046
AI platforms,2,0.75,WEF01,AI & Machine Learning,Strong_Growth,1.0,0.53118527,0.53118527,0.48530072,0.31070763,0.04588455,WEF07,WEF04,WEF_FutureOfJobs_2025,0.5311852693557739,Strong_Growth,1.0,0.5311852693557739
AI agents,1,0.75,WEF07,Human-AI Collaboration,Strong_Growth,0.95,0.5501502,0.5501502,0.5459433,0.34246624,0.004206896,WEF01,MCK01,WEF_FutureOfJobs_2025,0.5226427048444747,Strong_Growth,1.0,0.5501502156257629
cybersecurity compliance,1,0.75,WEF03,Cybersecurity,Strong_Growth,0.9,0.5701589,0.5701589,0.2964381,0.29275858,0.2737208,ONET06,ONET02,WEF_FutureOfJobs_2025,0.5131430089473724,Strong_Growth,1.0,0.5701588988304138
cybersecurity standards,1,0.75,WEF03,Cybersecurity,Strong_Growth,0.9,0.5684991,0.5684991,0.2847563,0.26302052,0.2837428,ONET06,ONET02,WEF_FutureOfJobs_2025,0.5116491794586182,Strong_Growth,1.0,0.5684990882873535
cloud services,2,0.75,WEF04,Cloud Computing & Infrastructure,Strong_Growth,0.85,0.59876084,0.59876084,0.37473613,0.37278166,0.22402471,ONET02,ONET06,WEF_FutureOfJobs_2025,0.5089467167854309,Strong_Growth,1.0,0.5987608432769775
AI ecosystems,1,0.75,WEF01,AI & Machine Learning,Strong_Growth,1.0,0.5010398,0.5010398,0.48854297,0.32906842,0.012496829,WEF07,WEF04,WEF_FutureOfJobs_2025,0.5010398030281067,Strong_Growth,1.0,0.5010398030281067
AI/ML,2,0.75,WEF01,AI & Machine Learning,Strong_Growth,1.0,0.48981518,0.48981518,0.41466767,0.23086676,0.07514751,WEF07,MCK01,WEF_FutureOfJobs_2025,0.4898151755332947,Strong_Growth,1.0,0.4898151755332947
Data Science,1,0.75,WEF02,Big Data & Analytics,Strong_Growth,0.9,0.5426687,0.5426687,0.4617776,0.36473057,0.0808911,ONET02,WEF01,WEF_FutureOfJobs_2025,0.4884018301963806,Strong_Growth,1.0,0.5426687002182007
AWS Cloud infrastructure,1,0.75,WEF04,Cloud Computing & Infrastructure,Strong_Growth,0.85,0.573182,0.573182,0.28199676,0.28029004,0.29118523,ONET02,ONET06,WEF_FutureOfJobs_2025,0.4872046887874603,Strong_Growth,1.0,0.5731819868087769
Big Data Analytics,1,0.75,WEF02,Big Data & Analytics,Strong_Growth,0.9,0.53917116,0.53917116,0.304182,0.2671388,0.23498917,ONET02,WEF01,WEF_FutureOfJobs_2025,0.485254043340683,Strong_Growth,1.0,0.5391711592674255
AI Care platform,1,0.75,WEF07,Human-AI Collaboration,Strong_Growth,0.95,0.5092552,0.5092552,0.50510836,0.35711786,0.0041468143,WEF01,MCK01,WEF_FutureOfJobs_2025,0.48379241228103637,Strong_Growth,1.0,0.5092551708221436
Artificial Intelligence (AI),2,0.75,WEF01,AI & Machine Learning,Strong_Growth,1.0,0.48154962,0.48154962,0.463448,0.29523158,0.018101633,WEF07,MCK01,WEF_FutureOfJobs_2025,0.48154962062835693,Strong_Growth,1.0,0.48154962062835693
artificial intelligence,3,0.75,WEF01,AI & Machine Learning,Strong_Growth,1.0,0.47946677,0.47946677,0.4260902,0.2692353,0.053376555,WEF07,MCK01,WEF_FutureOfJobs_2025,0.4794667661190033,Strong_Growth,1.0,0.4794667661190033
cybersecurity,3,0.75,WEF03,Cybersecurity,Strong_Growth,0.9,0.5320104,0.5320104,0.3069684,0.2983096,0.22504199,ONET06,ONET02,WEF_FutureOfJobs_2025,0.4788093388080597,Strong_Growth,1.0,0.5320103764533997
cloud-based infrastructures,1,0.75,WEF04,Cloud Computing & Infrastructure,Strong_Growth,0.85,0.5611266,0.5611266,0.29361737,0.2725513,0.26750922,ONET02,ONET06,WEF_FutureOfJobs_2025,0.47695760130882264,Strong_Growth,1.0,0.5611265897750854
cloud technologies,1,0.75,WEF04,Cloud Computing & Infrastructure,Strong_Growth,0.85,0.55338216,0.55338216,0.37999836,0.32212475,0.1733838,ONET06,WEF05,WEF_FutureOfJobs_2025,0.4703748345375061,Strong_Growth,1.0,0.553382158279419
cloud platform,1,0.75,WEF04,Cloud Computing & Infrastructure,Strong_Growth,0.85,0.5529847,0.5529847,0.31679764,0.31123298,0.23618707,ONET02,ONET06,WEF_FutureOfJobs_2025,0.4700370073318481,Strong_Growth,1.0,0.5529847145080566
AI-enabled workflows,2,0.75,WEF07,Human-AI Collaboration,Strong_Growth,0.95,0.49118435,0.49118435,0.47505015,0.4449963,0.016134202,WEF01,MCK01,WEF_FutureOfJobs_2025,0.4666251361370086,Strong_Growth,1.0,0.4911843538284302
AI infrastructure ecosystem,1,0.75,WEF07,Human-AI Collaboration,Strong_Growth,0.95,0.4845823,0.4845823,0.46831855,0.41833514,0.016263753,WEF01,WEF04,WEF_FutureOfJobs_2025,0.46035318970680233,Strong_Growth,1.0,0.4845823049545288
AI Software Delivery Platform,1,0.75,WEF07,Human-AI Collaboration,Strong_Growth,0.95,0.4829542,0.4829542,0.47141314,0.3051798,0.011541069,WEF01,MCK01,WEF_FutureOfJobs_2025,0.45880649387836453,Strong_Growth,1.0,0.482954204082489
AI-driven development practices,1,0.75,WEF07,Human-AI Collaboration,Strong_Growth,0.95,0.48121154,0.48121154,0.38524204,0.32666993,0.0959695,WEF01,DEC03,WEF_FutureOfJobs_2025,0.45715096592903137,Strong_Growth,1.0,0.4812115430831909
cloud components,1,0.75,WEF04,Cloud Computing & Infrastructure,Strong_Growth,0.85,0.5277213,0.5277213,0.22144413,0.21754663,0.30627716,DEC02,ONET02,WEF_FutureOfJobs_2025,0.4485630929470062,Strong_Growth,1.0,0.5277212858200073
cloud,2,0.75,WEF04,Cloud Computing & Infrastructure,Strong_Growth,0.85,0.517993,0.517993,0.2831279,0.24651375,0.23486507,ONET02,ONET06,WEF_FutureOfJobs_2025,0.4402940273284912,Strong_Growth,1.0,0.5179929733276367
enterprise-scale AI systems,1,0.75,WEF01,AI & Machine Learning,Strong_Growth,1.0,0.4394995,0.4394995,0.41806898,0.26949513,0.021430522,WEF07,WEF04,WEF_FutureOfJobs_2025,0.43949949741363525,Strong_Growth,1.0,0.43949949741363525
Azure DevOps,2,0.75,WEF04,Cloud Computing & Infrastructure,Strong_Growth,0.85,0.51013696,0.51013696,0.2978982,0.24214208,0.21223876,ONET01,ONET05,WEF_FutureOfJobs_2025,0.43361641764640807,Strong_Growth,1.0,0.5101369619369507
Big Data technologies,1,0.75,WEF02,Big Data & Analytics,Strong_Growth,0.9,0.48006177,0.48006177,0.29122865,0.27910012,0.18883312,ONET02,ONET06,WEF_FutureOfJobs_2025,0.43205559253692627,Strong_Growth,1.0,0.48006176948547363
AI first workflows,1,0.75,WEF07,Human-AI Collaboration,Strong_Growth,0.95,0.45333686,0.45333686,0.4301954,0.3780617,0.023141474,WEF01,MCK01,WEF_FutureOfJobs_2025,0.4306700214743614,Strong_Growth,1.0,0.4533368647098541
agentic AI,1,0.75,WEF07,Human-AI Collaboration,Strong_Growth,0.95,0.45242792,0.45242792,0.42284685,0.2730319,0.02958107,WEF01,MCK01,WEF_FutureOfJobs_2025,0.42980652749538417,Strong_Growth,1.0,0.4524279236793518
cloud-native environments,1,0.75,WEF04,Cloud Computing & Infrastructure,Strong_Growth,0.85,0.49590397,0.49590397,0.2635659,0.26218012,0.23233807,DEC02,ONET02,WEF_FutureOfJobs_2025,0.42151837348937987,Strong_Growth,1.0,0.49590396881103516
AI-assisted insights,1,0.75,WEF07,Human-AI Collaboration,Strong_Growth,0.95,0.43801117,0.43801117,0.39677954,0.21971974,0.041231632,WEF01,WEF02,WEF_FutureOfJobs_2025,0.41611061096191404,Strong_Growth,1.0,0.43801116943359375
ML engineering,1,0.75,WEF01,AI & Machine Learning,Strong_Growth,1.0,0.41464734,0.41464734,0.35745147,0.263634,0.057195872,ESCO02,WEF02,WEF_FutureOfJobs_2025,0.41464734077453613,Strong_Growth,1.0,0.41464734077453613
data analytics,1,0.75,WEF02,Big Data & Analytics,Strong_Growth,0.9,0.45579773,0.45579773,0.38989258,0.28460163,0.065905154,ONET02,ESCO02,WEF_FutureOfJobs_2025,0.41021795868873595,Strong_Growth,1.0,0.4557977318763733
ML frameworks,1,0.75,WEF01,AI & Machine Learning,Strong_Growth,1.0,0.4087221,0.4087221,0.25639248,0.2549722,0.15232962,WEF02,ONET02,WEF_FutureOfJobs_2025,0.4087221026420593,Strong_Growth,1.0,0.4087221026420593
Data Engineering,2,0.75,WEF02,Big Data & Analytics,Strong_Growth,0.9,0.44971025,0.44971025,0.38315862,0.3591755,0.066551626,ESCO02,ONET02,WEF_FutureOfJobs_2025,0.4047392249107361,Strong_Growth,1.0,0.44971024990081787
analytics,3,0.75,WEF02,Big Data & Analytics,Strong_Growth,0.9,0.44902873,0.44902873,0.37747115,0.27558327,0.07155758,ONET02,ESCO02,WEF_FutureOfJobs_2025,0.40412585735321044,Strong_Growth,1.0,0.44902873039245605
Machine Learning (ML),1,0.75,WEF01,AI & Machine Learning,Strong_Growth,1.0,0.40311235,0.40311235,0.19351295,0.17245597,0.2095994,WEF07,WEF02,WEF_FutureOfJobs_2025,0.40311235189437866,Strong_Growth,1.0,0.40311235189437866
cloud-based platforms,1,0.75,WEF04,Cloud Computing & Infrastructure,Strong_Growth,0.85,0.47274268,0.47274268,0.32216924,0.29914743,0.15057343,WEF05,ONET02,WEF_FutureOfJobs_2025,0.40183127522468565,Strong_Growth,1.0,0.4727426767349243
hybrid cloud computing,1,0.75,WEF04,Cloud Computing & Infrastructure,Strong_Growth,0.85,0.4721764,0.4721764,0.23792925,0.2095468,0.23424715,ONET06,WEF02,WEF_FutureOfJobs_2025,0.40134994238615035,Strong_Growth,1.0,0.4721764028072357
enterprise analytics,1,0.75,WEF02,Big Data & Analytics,Strong_Growth,0.9,0.44414577,0.44414577,0.38618767,0.34653854,0.057958096,ONET02,ESCO02,WEF_FutureOfJobs_2025,0.3997311919927597,Strong_Growth,1.0,0.4441457688808441
Azure data platforms,1,0.75,WEF04,Cloud Computing & Infrastructure,Strong_Growth,0.85,0.46738517,0.46738517,0.3493309,0.31957567,0.11805427,WEF05,WEF02,WEF_FutureOfJobs_2025,0.39727739691734315,Strong_Growth,1.0,0.4673851728439331
Infrastructure as Code (IaC),1,0.75,WEF04,Cloud Computing & Infrastructure,Strong_Growth,0.85,0.4662574,0.4662574,0.32488087,0.30462372,0.14137653,MCK01,WEF07,WEF_FutureOfJobs_2025,0.3963187843561172,Strong_Growth,1.0,0.46625739336013794
advanced machine learning techniques,1,0.75,WEF01,AI & Machine Learning,Strong_Growth,1.0,0.39294535,0.39294535,0.26377884,0.22676602,0.12916651,MCK01,WEF07,WEF_FutureOfJobs_2025,0.3929453492164612,Strong_Growth,1.0,0.3929453492164612
security baselines,1,0.75,WEF03,Cybersecurity,Strong_Growth,0.9,0.43333048,0.43333048,0.24543142,0.23990096,0.18789905,DEC03,ONET02,WEF_FutureOfJobs_2025,0.3899974286556244,Strong_Growth,1.0,0.4333304762840271
machine learning,8,0.75,WEF01,AI & Machine Learning,Strong_Growth,1.0,0.3884734,0.3884734,0.21083066,0.17420441,0.17764273,WEF07,ONET06,WEF_FutureOfJobs_2025,0.38847339153289795,Strong_Growth,1.0,0.38847339153289795
analytics and visualization software applications,1,0.75,WEF02,Big Data & Analytics,Strong_Growth,0.9,0.43100286,0.43100286,0.390671,0.323915,0.04033184,ONET02,ESCO02,WEF_FutureOfJobs_2025,0.387902569770813,Strong_Growth,1.0,0.4310028553009033
data catalog,1,0.75,WEF02,Big Data & Analytics,Strong_Growth,0.9,0.4303608,0.4303608,0.39282894,0.38892108,0.037531853,DEC01,ONET02,WEF_FutureOfJobs_2025,0.38732471466064455,Strong_Growth,1.0,0.4303607940673828
DevOps,6,0.75,WEF04,Cloud Computing & Infrastructure,Strong_Growth,0.85,0.45030546,0.45030546,0.36995566,0.34479755,0.0803498,DEC03,ONET01,WEF_FutureOfJobs_2025,0.3827596426010132,Strong_Growth,1.0,0.4503054618835449
infrastructure,5,0.75,WEF04,Cloud Computing & Infrastructure,Strong_Growth,0.85,0.44983685,0.44983685,0.3215168,0.31872952,0.12832004,ONET06,ONET02,WEF_FutureOfJobs_2025,0.3823613226413727,Strong_Growth,1.0,0.4498368501663208
ClinicalKey AI,1,0.75,WEF07,Human-AI Collaboration,Strong_Growth,0.95,0.4021152,0.4021152,0.3135469,0.2778543,0.0885683,WEF01,MCK01,WEF_FutureOfJobs_2025,0.3820094361901283,Strong_Growth,1.0,0.40211519598960876
strategic thinking,1,0.75,MCK04,Critical Thinking & Problem Solving,Strong_Growth,0.8,0.4755077,0.4755077,0.29151094,0.25802916,0.18399677,MCK02,MCK05,McKinsey_FutureOfWork_2025,0.38040616512298586,Strong_Growth,1.0,0.4755077064037323
Cloud Cost Management,1,0.75,WEF04,Cloud Computing & Infrastructure,Strong_Growth,0.85,0.4458124,0.4458124,0.24508515,0.23369154,0.20072725,WEF05,ONET02,WEF_FutureOfJobs_2025,0.3789405435323715,Strong_Growth,1.0,0.4458124041557312
cloud-based technologies,1,0.75,WEF04,Cloud Computing & Infrastructure,Strong_Growth,0.85,0.44548777,0.44548777,0.28125566,0.25306433,0.1642321,ONET06,ONET02,WEF_FutureOfJobs_2025,0.37866460233926774,Strong_Growth,1.0,0.44548776745796204
Azure Pipelines,1,0.75,WEF04,Cloud Computing & Infrastructure,Strong_Growth,0.85,0.4438514,0.4438514,0.241398,0.23621511,0.2024534,WEF02,MCK01,WEF_FutureOfJobs_2025,0.3772736996412277,Strong_Growth,1.0,0.44385141134262085
Microsoft Azure AI document intelligence,1,0.75,WEF01,AI & Machine Learning,Strong_Growth,1.0,0.37637973,0.37637973,0.36285564,0.22293983,0.013524085,WEF07,WEF04,WEF_FutureOfJobs_2025,0.37637972831726074,Strong_Growth,1.0,0.37637972831726074
enterprise data warehouse,1,0.75,WEF02,Big Data & Analytics,Strong_Growth,0.9,0.41772592,0.41772592,0.34945643,0.2893716,0.06826949,ONET02,DEC01,WEF_FutureOfJobs_2025,0.37595332860946656,Strong_Growth,1.0,0.41772592067718506
cloud-native integration platforms,1,0.75,WEF04,Cloud Computing & Infrastructure,Strong_Growth,0.85,0.4415192,0.4415192,0.26746207,0.25885338,0.17405713,ONET02,WEF05,WEF_FutureOfJobs_2025,0.37529132068157195,Strong_Growth,1.0,0.44151920080184937
digital platforms,1,0.75,WEF05,Digital Platforms & E-commerce,Moderate_Growth,0.7,0.53593624,0.53593624,0.3772552,0.34130046,0.15868104,ONET06,WEF08,WEF_FutureOfJobs_2025,0.3751553654670715,Moderate_Growth,0.7,0.3751553654670715
Computer Science,1,0.75,WEF02,Big Data & Analytics,Strong_Growth,0.9,0.41659367,0.41659367,0.4158701,0.4100458,0.0007235706,ONET02,WEF01,WEF_FutureOfJobs_2025,0.37493430376052855,Strong_Growth,1.0,0.41659367084503174
enterprise infrastructure,1,0.75,WEF04,Cloud Computing & Infrastructure,Strong_Growth,0.85,0.43939537,0.43939537,0.35797492,0.34892052,0.08142045,ONET02,ONET06,WEF_FutureOfJobs_2025,0.3734860628843307,Strong_Growth,1.0,0.43939536809921265
e-commerce platform,2,0.75,WEF05,Digital Platforms & E-commerce,Moderate_Growth,0.7,0.5331634,0.5331634,0.33398625,0.24470691,0.19917718,ONET06,DEC02,WEF_FutureOfJobs_2025,0.3732143998146057,Moderate_Growth,0.7,0.3732143998146057
data pipelines,1,0.75,WEF02,Big Data & Analytics,Strong_Growth,0.9,0.4142419,0.4142419,0.35622427,0.32201445,0.05801764,DEC01,ONET02,WEF_FutureOfJobs_2025,0.37281771898269656,Strong_Growth,1.0,0.4142419099807739
neural networks,1,0.75,WEF01,AI & Machine Learning,Strong_Growth,1.0,0.3724457,0.3724457,0.20565245,0.14191054,0.16679326,WEF07,ONET06,WEF_FutureOfJobs_2025,0.3724457025527954,Strong_Growth,1.0,0.3724457025527954
cloud-native architecture,1,0.75,WEF04,Cloud Computing & Infrastructure,Strong_Growth,0.85,0.4378959,0.4378959,0.21635972,0.20863722,0.22153617,ONET02,DEC02,WEF_FutureOfJobs_2025,0.3722115099430084,Strong_Growth,1.0,0.43789589405059814
Kubernetes,3,0.75,WEF04,Cloud Computing & Infrastructure,Strong_Growth,0.85,0.43737376,0.43737376,0.19643867,0.17159604,0.24093509,ONET02,MCK05,WEF_FutureOfJobs_2025,0.37176769375801083,Strong_Growth,1.0,0.4373737573623657
Azure DevOps Engineer Expert,1,0.75,WEF04,Cloud Computing & Infrastructure,Strong_Growth,0.85,0.43651035,0.43651035,0.34371662,0.32515195,0.09279373,ONET01,MCK02,WEF_FutureOfJobs_2025,0.371033801138401,Strong_Growth,1.0,0.4365103542804718
cloud-native development,1,0.75,WEF04,Cloud Computing & Infrastructure,Strong_Growth,0.85,0.43297154,0.43297154,0.29777724,0.2414885,0.1351943,DEC02,DEC03,WEF_FutureOfJobs_2025,0.36802580654621125,Strong_Growth,1.0,0.4329715371131897
Terraform,3,0.75,WEF04,Cloud Computing & Infrastructure,Strong_Growth,0.85,0.43096578,0.43096578,0.18608007,0.18201837,0.24488571,ONET02,MCK02,WEF_FutureOfJobs_2025,0.36632091403007505,Strong_Growth,1.0,0.430965781211853
data centers,1,0.75,WEF04,Cloud Computing & Infrastructure,Strong_Growth,0.85,0.42694646,0.42694646,0.40665394,0.3809011,0.02029252,ONET02,WEF02,WEF_FutureOfJobs_2025,0.362904492020607,Strong_Growth,1.0,0.4269464612007141
cloud storage providers,1,0.75,WEF04,Cloud Computing & Infrastructure,Strong_Growth,0.85,0.42461395,0.42461395,0.28833756,0.24692237,0.1362764,ONET02,ONET06,WEF_FutureOfJobs_2025,0.36092185974121094,Strong_Growth,1.0,0.42461395263671875
security configurations,1,0.75,WEF03,Cybersecurity,Strong_Growth,0.9,0.40021738,0.40021738,0.2810954,0.23411648,0.119122,ONET02,DEC03,WEF_FutureOfJobs_2025,0.3601956456899643,Strong_Growth,1.0,0.4002173840999603
business intelligence,1,0.75,WEF02,Big Data & Analytics,Strong_Growth,0.9,0.39845708,0.39845708,0.3834355,0.34140587,0.015021592,ONET02,ESCO02,WEF_FutureOfJobs_2025,0.35861137211322786,Strong_Growth,1.0,0.3984570801258087
Information Security,2,0.75,WEF03,Cybersecurity,Strong_Growth,0.9,0.39721116,0.39721116,0.23921098,0.2186376,0.15800019,ONET02,ONET06,WEF_FutureOfJobs_2025,0.35749004781246185,Strong_Growth,1.0,0.3972111642360687
Intelligence Community,1,0.75,WEF07,Human-AI Collaboration,Strong_Growth,0.95,0.372407,0.372407,0.2693107,0.25950834,0.10309628,WEF01,MCK02,WEF_FutureOfJobs_2025,0.3537866398692131,Strong_Growth,1.0,0.3724069893360138
Agile methodologies,2,0.75,ESCO01,Project Management & Agile Methodologies,Moderate_Growth,0.55,0.6416301,0.6416301,0.47201836,0.45883864,0.16961175,MCK02,ONET01,ESCO_v1.2_2024,0.3528965622186661,Moderate_Growth,0.7,0.44914107918739316
software development,1,0.75,ONET01,Software Development & Engineering,Moderate_Growth,0.65,0.5427001,0.5427001,0.48481965,0.4044354,0.05788046,DEC03,MCK02,ONET_BrightOutlook_2024,0.35275507271289824,Moderate_Growth,0.7,0.3798900783061981
digital business,1,0.75,WEF05,Digital Platforms & E-commerce,Moderate_Growth,0.7,0.49937826,0.49937826,0.3982934,0.35452694,0.10108486,ONET06,WEF08,WEF_FutureOfJobs_2025,0.3495647847652435,Moderate_Growth,0.7,0.3495647847652435
payment platforms,1,0.75,WEF05,Digital Platforms & E-commerce,Moderate_Growth,0.7,0.49815,0.49815,0.39150745,0.2731037,0.106642544,ONET06,WEF04,WEF_FutureOfJobs_2025,0.348704993724823,Moderate_Growth,0.7,0.348704993724823
software engineering,3,0.75,ONET01,Software Development & Engineering,Moderate_Growth,0.65,0.5324081,0.5324081,0.4577934,0.4241057,0.0746147,ESCO02,DEC03,ONET_BrightOutlook_2024,0.3460652768611908,Moderate_Growth,0.7,0.37268568277359004
Azure Boards,1,0.75,WEF04,Cloud Computing & Infrastructure,Strong_Growth,0.85,0.40388373,0.40388373,0.24711967,0.22410658,0.15676406,ONET04,WEF05,WEF_FutureOfJobs_2025,0.3433011665940285,Strong_Growth,1.0,0.4038837254047394
ecommerce platform,1,0.75,WEF05,Digital Platforms & E-commerce,Moderate_Growth,0.7,0.49016756,0.49016756,0.33139294,0.29641283,0.15877461,ONET06,DEC02,WEF_FutureOfJobs_2025,0.3431172907352447,Moderate_Growth,0.7,0.3431172907352447
generative AI,4,0.75,WEF01,AI & Machine Learning,Strong_Growth,1.0,0.34305623,0.34305623,0.30731508,0.13542575,0.03574115,WEF07,MCK01,WEF_FutureOfJobs_2025,0.34305623173713684,Strong_Growth,1.0,0.34305623173713684
national security,1,0.75,WEF03,Cybersecurity,Strong_Growth,0.9,0.38089722,0.38089722,0.19469792,0.17817768,0.1861993,WEF07,ONET06,WEF_FutureOfJobs_2025,0.34280750155448914,Strong_Growth,1.0,0.3808972239494324
research intelligence,1,0.75,WEF07,Human-AI Collaboration,Strong_Growth,0.95,0.35973954,0.35973954,0.32053614,0.3074789,0.039203405,WEF01,WEF02,WEF_FutureOfJobs_2025,0.34175256490707395,Strong_Growth,1.0,0.3597395420074463
deep learning,2,0.75,WEF01,AI & Machine Learning,Strong_Growth,1.0,0.34153074,0.34153074,0.16857374,0.10966581,0.172957,WEF07,DEC03,WEF_FutureOfJobs_2025,0.3415307402610779,Strong_Growth,1.0,0.3415307402610779
Azure,4,0.75,WEF04,Cloud Computing & Infrastructure,Strong_Growth,0.85,0.3994213,0.3994213,0.24594513,0.19132212,0.15347618,WEF05,ONET04,WEF_FutureOfJobs_2025,0.3395081087946892,Strong_Growth,1.0,0.3994213044643402
platform services,1,0.75,WEF04,Cloud Computing & Infrastructure,Strong_Growth,0.85,0.39861032,0.39861032,0.3981022,0.37403467,0.0005081296,WEF05,ONET02,WEF_FutureOfJobs_2025,0.3388187751173973,Strong_Growth,1.0,0.39861032366752625
Human Computer Interaction,1,0.75,WEF07,Human-AI Collaboration,Strong_Growth,0.95,0.35603175,0.35603175,0.35501695,0.27724552,0.0010147989,ONET03,WEF01,WEF_FutureOfJobs_2025,0.33823015838861464,Strong_Growth,1.0,0.35603174567222595
resilient infrastructure,1,0.75,MCK05,Resilience & Adaptability,Strong_Growth,0.75,0.44424385,0.44424385,0.34229755,0.28524554,0.101946294,WEF04,ONET02,WEF_FutureOfJobs_2025,0.3331828862428665,Moderate_Growth,0.7,0.3109706938266754
highly available infrastructure,1,0.75,WEF04,Cloud Computing & Infrastructure,Strong_Growth,0.85,0.38602722,0.38602722,0.24633922,0.2458846,0.139688,ONET02,MCK02,WEF_FutureOfJobs_2025,0.32812313437461854,Strong_Growth,1.0,0.3860272169113159
AI-powered Matter Management,1,0.75,WEF01,AI & Machine Learning,Strong_Growth,1.0,0.32773536,0.32773536,0.3019963,0.21216708,0.025739074,WEF07,MCK01,WEF_FutureOfJobs_2025,0.32773536443710327,Strong_Growth,1.0,0.32773536443710327
UX Design,1,0.75,ONET03,UX/UI & Digital Design,Moderate_Growth,0.55,0.5935145,0.5935145,0.3149463,0.25922698,0.2785682,DEC02,MCK02,ONET_BrightOutlook_2024,0.3264329761266709,Moderate_Growth,0.7,0.41546015143394466
algorithms,1,0.75,WEF01,AI & Machine Learning,Strong_Growth,1.0,0.32502323,0.32502323,0.28422976,0.2795521,0.04079348,ONET02,ONET06,WEF_FutureOfJobs_2025,0.32502323389053345,Strong_Growth,1.0,0.32502323389053345
Data Fusion and Analytics,1,0.75,WEF02,Big Data & Analytics,Strong_Growth,0.9,0.36100534,0.36100534,0.24199653,0.21897924,0.11900881,ONET02,WEF01,WEF_FutureOfJobs_2025,0.324904802441597,Strong_Growth,1.0,0.36100533604621887
security solutions,1,0.75,WEF03,Cybersecurity,Strong_Growth,0.9,0.36086482,0.36086482,0.2576489,0.2475347,0.10321593,ONET02,DEC03,WEF_FutureOfJobs_2025,0.3247783362865448,Strong_Growth,1.0,0.3608648180961609
Azure administration,1,0.75,WEF04,Cloud Computing & Infrastructure,Strong_Growth,0.85,0.3817283,0.3817283,0.27497587,0.23456463,0.106752425,ONET02,ESCO01,WEF_FutureOfJobs_2025,0.3244690477848053,Strong_Growth,1.0,0.38172829151153564
Air Force cybersecurity policy (AFMAN 17-130),1,0.75,WEF03,Cybersecurity,Strong_Growth,0.9,0.36051506,0.36051506,0.22985578,0.18259478,0.13065928,WEF07,MCK01,WEF_FutureOfJobs_2025,0.32446355223655704,Strong_Growth,1.0,0.3605150580406189
AWS,3,0.75,WEF04,Cloud Computing & Infrastructure,Strong_Growth,0.85,0.3800286,0.3800286,0.27654314,0.22086897,0.103485465,ONET02,WEF02,WEF_FutureOfJobs_2025,0.3230243146419525,Strong_Growth,1.0,0.3800286054611206
Azure Automation,1,0.75,WEF04,Cloud Computing & Infrastructure,Strong_Growth,0.85,0.37983918,0.37983918,0.3681625,0.25999516,0.011676669,MCK01,WEF07,WEF_FutureOfJobs_2025,0.3228633046150207,Strong_Growth,1.0,0.3798391819000244
Microsoft Azure,1,0.75,WEF04,Cloud Computing & Infrastructure,Strong_Growth,0.85,0.37980518,0.37980518,0.24528626,0.16805965,0.13451892,WEF05,WEF01,WEF_FutureOfJobs_2025,0.322834400832653,Strong_Growth,1.0,0.37980517745018005
ICT,1,0.75,WEF08,Technological Literacy & Digital Fluency,Strong_Growth,0.85,0.37760016,0.37760016,0.35186714,0.2849265,0.025733024,MCK02,WEF05,WEF_FutureOfJobs_2025,0.3209601387381554,Strong_Growth,1.0,0.37760016322135925
security screening technology,1,0.75,WEF03,Cybersecurity,Strong_Growth,0.9,0.35450527,0.35450527,0.21647085,0.18870012,0.13803442,ONET05,ONET03,WEF_FutureOfJobs_2025,0.3190547436475754,Strong_Growth,1.0,0.3545052707195282
security threats,1,0.75,WEF03,Cybersecurity,Strong_Growth,0.9,0.35390952,0.35390952,0.19496599,0.15799542,0.15894353,ONET02,MCK05,WEF_FutureOfJobs_2025,0.3185185700654984,Strong_Growth,1.0,0.35390952229499817
secure infrastructure,1,0.75,WEF03,Cybersecurity,Strong_Growth,0.9,0.35228482,0.35228482,0.31374955,0.27364242,0.038535267,WEF04,ONET06,WEF_FutureOfJobs_2025,0.31705633699893954,Strong_Growth,1.0,0.35228481888771057
enterprise-scale migration,1,0.75,WEF04,Cloud Computing & Infrastructure,Strong_Growth,0.85,0.37289032,0.37289032,0.28330994,0.27250484,0.08958039,ONET02,WEF05,WEF_FutureOfJobs_2025,0.3169567748904228,Strong_Growth,1.0,0.37289032340049744
CompTIA Security+ CE,1,0.75,WEF03,Cybersecurity,Strong_Growth,0.9,0.35187945,0.35187945,0.26148394,0.23469558,0.09039551,MCK02,ONET06,WEF_FutureOfJobs_2025,0.3166915029287338,Strong_Growth,1.0,0.35187944769859314
Commerce,2,0.75,WEF05,Digital Platforms & E-commerce,Moderate_Growth,0.7,0.45106697,0.45106697,0.35780323,0.26252675,0.093263745,ONET06,ONET02,WEF_FutureOfJobs_2025,0.3157468795776367,Moderate_Growth,0.7,0.3157468795776367
Security Technical Implementation Guides (STIGs),1,0.75,WEF03,Cybersecurity,Strong_Growth,0.9,0.35055882,0.35055882,0.2928792,0.28361186,0.057679623,ONET02,ONET03,WEF_FutureOfJobs_2025,0.3155029356479645,Strong_Growth,1.0,0.3505588173866272
real estate data platform,1,0.75,WEF02,Big Data & Analytics,Strong_Growth,0.9,0.34952807,0.34952807,0.315216,0.25665885,0.03431207,ONET02,WEF05,WEF_FutureOfJobs_2025,0.31457526683807374,Strong_Growth,1.0,0.34952807426452637
vulnerability risk levels,1,0.75,WEF03,Cybersecurity,Strong_Growth,0.9,0.34833136,0.34833136,0.32098165,0.23254517,0.02734971,MCK05,DEC03,WEF_FutureOfJobs_2025,0.3134982258081436,Strong_Growth,1.0,0.34833136200904846
data driven decision making,1,0.75,WEF02,Big Data & Analytics,Strong_Growth,0.9,0.34760875,0.34760875,0.2974547,0.2965061,0.05015403,WEF01,ESCO02,WEF_FutureOfJobs_2025,0.3128478705883026,Strong_Growth,1.0,0.347608745098114
agentic frameworks,1,0.75,WEF07,Human-AI Collaboration,Strong_Growth,0.95,0.32869315,0.32869315,0.3263188,0.32628748,0.002374351,ONET06,WEF01,WEF_FutureOfJobs_2025,0.3122584939002991,Strong_Growth,1.0,0.328693151473999
video game industry,1,0.75,ONET04,Game Development & Interactive Media,Moderate_Growth,0.6,0.51819557,0.51819557,0.36290357,0.34176105,0.155292,ONET02,WEF05,ONET_BrightOutlook_2024,0.31091734170913693,Moderate_Growth,0.7,0.3627368986606598
security,1,0.75,WEF03,Cybersecurity,Strong_Growth,0.9,0.34528708,0.34528708,0.22966126,0.17648205,0.11562583,ONET02,ONET06,WEF_FutureOfJobs_2025,0.310758376121521,Strong_Growth,1.0,0.3452870845794678
ML models,1,0.75,WEF01,AI & Machine Learning,Strong_Growth,1.0,0.3095294,0.3095294,0.13038054,0.12806633,0.17914885,MCK05,WEF07,WEF_FutureOfJobs_2025,0.3095293939113617,Strong_Growth,1.0,0.3095293939113617
network infrastructure,1,0.75,WEF04,Cloud Computing & Infrastructure,Strong_Growth,0.85,0.36361057,0.36361057,0.31658462,0.30620128,0.04702595,ONET06,ONET02,WEF_FutureOfJobs_2025,0.3090689808130264,Strong_Growth,1.0,0.36361056566238403
sustainability,3,0.75,WEF06,Environmental & Sustainability Technology,Moderate_Growth,0.6,0.5130516,0.5130516,0.3211881,0.2066025,0.19186354,MCK05,WEF04,WEF_FutureOfJobs_2025,0.30783097743988036,Moderate_Growth,0.7,0.3591361403465271
commerce ecosystem,1,0.75,WEF05,Digital Platforms & E-commerce,Moderate_Growth,0.7,0.4397497,0.4397497,0.355932,0.2608835,0.08381769,ONET06,ESCO02,WEF_FutureOfJobs_2025,0.30782478153705595,Moderate_Growth,0.7,0.30782478153705595
autonomous systems,1,0.75,WEF07,Human-AI Collaboration,Strong_Growth,0.95,0.32274106,0.32274106,0.2906571,0.27848965,0.03208396,MCK01,WEF01,WEF_FutureOfJobs_2025,0.30660400837659835,Strong_Growth,1.0,0.3227410614490509
Oracle Integration Cloud (OIC),1,0.75,WEF04,Cloud Computing & Infrastructure,Strong_Growth,0.85,0.36050534,0.36050534,0.23899698,0.19002143,0.12150836,ONET02,ONET01,WEF_FutureOfJobs_2025,0.3064295411109924,Strong_Growth,1.0,0.3605053424835205
agent-based architectures,1,0.75,WEF07,Human-AI Collaboration,Strong_Growth,0.95,0.3219393,0.3219393,0.30659425,0.25367123,0.015345037,WEF01,WEF04,WEF_FutureOfJobs_2025,0.305842325091362,Strong_Growth,1.0,0.32193928956985474
virtualization,1,0.75,WEF04,Cloud Computing & Infrastructure,Strong_Growth,0.85,0.35774085,0.35774085,0.2842173,0.2603147,0.07352355,ONET04,ONET06,WEF_FutureOfJobs_2025,0.30407972186803817,Strong_Growth,1.0,0.3577408492565155
application deployment processes,1,0.75,WEF04,Cloud Computing & Infrastructure,Strong_Growth,0.85,0.35644495,0.35644495,0.29159594,0.2827034,0.06484902,ONET02,DEC03,WEF_FutureOfJobs_2025,0.3029782116413116,Strong_Growth,1.0,0.35644495487213135
Hadoop ecosystem,1,0.75,WEF04,Cloud Computing & Infrastructure,Strong_Growth,0.85,0.3562241,0.3562241,0.34701213,0.32383382,0.009211957,WEF02,ONET02,WEF_FutureOfJobs_2025,0.3027904763817787,Strong_Growth,1.0,0.35622408986091614
Cloudflare workers,1,0.75,WEF04,Cloud Computing & Infrastructure,Strong_Growth,0.85,0.35521936,0.35521936,0.1872095,0.17974102,0.16800986,WEF02,WEF07,WEF_FutureOfJobs_2025,0.3019364595413208,Strong_Growth,1.0,0.35521936416625977
GCP,2,0.75,WEF04,Cloud Computing & Infrastructure,Strong_Growth,0.85,0.35506338,0.35506338,0.18184079,0.12695502,0.17322259,ONET02,DEC03,WEF_FutureOfJobs_2025,0.3018038719892502,Strong_Growth,1.0,0.35506337881088257
cloud fax,1,0.75,WEF04,Cloud Computing & Infrastructure,Strong_Growth,0.85,0.3512895,0.3512895,0.15287945,0.14733967,0.19841006,DEC02,WEF07,WEF_FutureOfJobs_2025,0.2985960841178894,Strong_Growth,1.0,0.3512895107269287
Scrum,1,0.75,ESCO01,Project Management & Agile Methodologies,Moderate_Growth,0.55,0.54201865,0.54201865,0.42823845,0.41062066,0.1137802,ONET01,MCK02,ESCO_v1.2_2024,0.29811025857925416,Moderate_Growth,0.7,0.3794130563735962
digital banking,1,0.75,WEF05,Digital Platforms & E-commerce,Moderate_Growth,0.7,0.4257245,0.4257245,0.35459334,0.30661196,0.07113117,ONET06,WEF08,WEF_FutureOfJobs_2025,0.29800715446472165,Moderate_Growth,0.7,0.29800715446472165
Dataverse,1,0.75,WEF02,Big Data & Analytics,Strong_Growth,0.9,0.33039814,0.33039814,0.31144485,0.26007485,0.018953294,ONET02,WEF04,WEF_FutureOfJobs_2025,0.2973583281040192,Strong_Growth,1.0,0.3303981423377991
Solution Architect,1,0.75,MCK04,Critical Thinking & Problem Solving,Strong_Growth,0.8,0.36853427,0.36853427,0.34365126,0.33169383,0.024883002,WEF07,ESCO02,McKinsey_FutureOfWork_2025,0.29482741355895997,Strong_Growth,1.0,0.36853426694869995
high performance infrastructure,1,0.75,WEF04,Cloud Computing & Infrastructure,Strong_Growth,0.85,0.34585133,0.34585133,0.2854684,0.22452617,0.060382932,ONET02,DEC02,WEF_FutureOfJobs_2025,0.2939736321568489,Strong_Growth,1.0,0.345851331949234
platform engineering,1,0.75,WEF05,Digital Platforms & E-commerce,Moderate_Growth,0.7,0.4170407,0.4170407,0.38747698,0.3692218,0.029563725,ONET03,WEF04,WEF_FutureOfJobs_2025,0.291928493976593,Moderate_Growth,0.7,0.291928493976593
development programs,1,0.75,ONET01,Software Development & Engineering,Moderate_Growth,0.65,0.4475821,0.4475821,0.39661634,0.37733713,0.050965756,DEC03,MCK02,ONET_BrightOutlook_2024,0.29092836230993274,Moderate_Growth,0.7,0.31330746710300444
data products,1,0.75,WEF02,Big Data & Analytics,Strong_Growth,0.9,0.32234573,0.32234573,0.31108177,0.27301246,0.011263967,DEC01,ONET02,WEF_FutureOfJobs_2025,0.29011116027832035,Strong_Growth,1.0,0.3223457336425781
Project Management tools,1,0.75,ESCO01,Project Management & Agile Methodologies,Moderate_Growth,0.55,0.5237136,0.5237136,0.3924857,0.35969055,0.13122788,MCK02,ONET02,ESCO_v1.2_2024,0.28804247379302983,Moderate_Growth,0.7,0.3665995121002197
BI data solutions,1,0.75,WEF02,Big Data & Analytics,Strong_Growth,0.9,0.3181967,0.3181967,0.28910422,0.2813856,0.02909249,ONET02,ESCO02,WEF_FutureOfJobs_2025,0.28637704253196716,Strong_Growth,1.0,0.31819671392440796
market services,1,0.75,WEF05,Digital Platforms & E-commerce,Moderate_Growth,0.7,0.40703234,0.40703234,0.30261317,0.2942382,0.10441917,ONET06,ONET02,WEF_FutureOfJobs_2025,0.28492263853549954,Moderate_Growth,0.7,0.28492263853549954
microservice architecture,1,0.75,WEF04,Cloud Computing & Infrastructure,Strong_Growth,0.85,0.3351172,0.3351172,0.27853256,0.19317736,0.056584626,ONET06,ONET02,WEF_FutureOfJobs_2025,0.28484961241483686,Strong_Growth,1.0,0.3351171910762787
data analysis,2,0.75,WEF02,Big Data & Analytics,Strong_Growth,0.9,0.31578398,0.31578398,0.29546654,0.28813684,0.020317435,ESCO02,DEC01,WEF_FutureOfJobs_2025,0.28420557975769045,Strong_Growth,1.0,0.3157839775085449
Azure Functions,1,0.75,WEF04,Cloud Computing & Infrastructure,Strong_Growth,0.85,0.33259553,0.33259553,0.21071161,0.2073543,0.121883914,ONET01,ONET04,WEF_FutureOfJobs_2025,0.28270619809627534,Strong_Growth,1.0,0.3325955271720886
databases,1,0.75,ONET02,Database & Systems Administration,Moderate_Growth,0.5,0.56425595,0.56425595,0.36129582,0.35400575,0.20296013,WEF02,DEC01,ONET_BrightOutlook_2024,0.2821279764175415,Moderate_Growth,0.7,0.3949791669845581
Tenable SecurityCenter,1,0.75,WEF03,Cybersecurity,Strong_Growth,0.9,0.3129695,0.3129695,0.19606641,0.18833202,0.1169031,WEF04,ONET06,WEF_FutureOfJobs_2025,0.28167255520820617,Strong_Growth,1.0,0.31296950578689575
software testing,1,0.75,ONET05,Quality Assurance & Testing,Moderate_Growth,0.55,0.5108572,0.5108572,0.33131415,0.31402397,0.17954308,DEC03,ONET01,ONET_BrightOutlook_2024,0.2809714734554291,Moderate_Growth,0.7,0.3576000571250915
software-defined data center,1,0.75,WEF04,Cloud Computing & Infrastructure,Strong_Growth,0.85,0.3277549,0.3277549,0.32227254,0.29920113,0.0054823756,ONET02,WEF02,WEF_FutureOfJobs_2025,0.27859167754650116,Strong_Growth,1.0,0.3277549147605896
Azure Repos,1,0.75,WEF04,Cloud Computing & Infrastructure,Strong_Growth,0.85,0.32608783,0.32608783,0.14997715,0.12755755,0.17611068,ONET06,ONET02,WEF_FutureOfJobs_2025,0.27717465758323667,Strong_Growth,1.0,0.3260878324508667
Azure Artifacts,1,0.75,WEF04,Cloud Computing & Infrastructure,Strong_Growth,0.85,0.325622,0.325622,0.16440496,0.1571286,0.16121703,ONET01,DEC02,WEF_FutureOfJobs_2025,0.2767786934971809,Strong_Growth,1.0,0.32562199234962463
gaming,2,0.75,ONET04,Game Development & Interactive Media,Moderate_Growth,0.6,0.4583881,0.4583881,0.30952698,0.23723811,0.14886111,ONET02,DEC02,ONET_BrightOutlook_2024,0.2750328540802002,Moderate_Growth,0.7,0.32087166309356685
digital assets,1,0.75,WEF05,Digital Platforms & E-commerce,Moderate_Growth,0.7,0.39257115,0.39257115,0.34660983,0.3436821,0.04596132,WEF08,ONET06,WEF_FutureOfJobs_2025,0.27479980587959285,Moderate_Growth,0.7,0.27479980587959285
digital products,1,0.75,WEF05,Digital Platforms & E-commerce,Moderate_Growth,0.7,0.3919248,0.3919248,0.3082038,0.2909424,0.08372101,WEF08,ONET03,WEF_FutureOfJobs_2025,0.2743473589420318,Moderate_Growth,0.7,0.2743473589420318
retail data science,1,0.75,WEF05,Digital Platforms & E-commerce,Moderate_Growth,0.7,0.39108735,0.39108735,0.38818586,0.36673015,0.0029014945,ONET02,WEF02,WEF_FutureOfJobs_2025,0.27376114726066586,Moderate_Growth,0.7,0.27376114726066586
blended learning,1,0.75,WEF08,Technological Literacy & Digital Fluency,Strong_Growth,0.85,0.32154378,0.32154378,0.31508732,0.27681297,0.0064564645,WEF05,MCK02,WEF_FutureOfJobs_2025,0.2733122155070305,Strong_Growth,1.0,0.32154378294944763
user centered thinking,1,0.75,MCK04,Critical Thinking & Problem Solving,Strong_Growth,0.8,0.34114808,0.34114808,0.23744446,0.2194785,0.10370362,MCK02,WEF07,McKinsey_FutureOfWork_2025,0.2729184627532959,Strong_Growth,1.0,0.3411480784416199
containerization,1,0.75,WEF04,Cloud Computing & Infrastructure,Strong_Growth,0.85,0.32026166,0.32026166,0.17340398,0.16067937,0.14685768,ONET06,DEC02,WEF_FutureOfJobs_2025,0.27222240865230557,Strong_Growth,1.0,0.3202616572380066
networking assets,1,0.75,WEF04,Cloud Computing & Infrastructure,Strong_Growth,0.85,0.32022035,0.32022035,0.30185175,0.27568892,0.018368602,MCK02,DEC02,WEF_FutureOfJobs_2025,0.27218729853630064,Strong_Growth,1.0,0.32022035121917725
Docker,2,0.75,WEF04,Cloud Computing & Infrastructure,Strong_Growth,0.85,0.31977463,0.31977463,0.14932397,0.13410527,0.17045066,DEC02,ONET02,WEF_FutureOfJobs_2025,0.27180843353271483,Strong_Growth,1.0,0.3197746276855469
service mesh architectures,1,0.75,WEF04,Cloud Computing & Infrastructure,Strong_Growth,0.85,0.31631532,0.31631532,0.25846422,0.23170555,0.057851106,ONET06,ONET02,WEF_FutureOfJobs_2025,0.26886802464723586,Strong_Growth,1.0,0.31631532311439514
environmental analysis,1,0.75,WEF06,Environmental & Sustainability Technology,Moderate_Growth,0.6,0.44585764,0.44585764,0.253515,0.18349224,0.19234264,ESCO02,ESCO01,WEF_FutureOfJobs_2025,0.26751458644866943,Moderate_Growth,0.7,0.312100350856781
Enterprise Software Sales,1,0.75,WEF05,Digital Platforms & E-commerce,Moderate_Growth,0.7,0.38113603,0.38113603,0.33023924,0.32251263,0.050896794,MCK02,ESCO02,WEF_FutureOfJobs_2025,0.26679522097110747,Moderate_Growth,0.7,0.26679522097110747
SaaS platform,1,0.75,WEF05,Digital Platforms & E-commerce,Moderate_Growth,0.7,0.37953174,0.37953174,0.3394572,0.33916152,0.040074527,ONET02,WEF04,WEF_FutureOfJobs_2025,0.265672218799591,Moderate_Growth,0.7,0.265672218799591
multidisciplinary teams,1,0.75,MCK03,Leadership & People Development,Moderate_Growth,0.55,0.48296267,0.48296267,0.4327577,0.31074345,0.050204962,MCK02,MCK05,McKinsey_FutureOfWork_2025,0.2656294673681259,Moderate_Growth,0.7,0.338073867559433
Business Analysis,3,0.75,ESCO02,Business Analysis & Requirements Engineering,Moderate_Growth,0.5,0.53044647,0.53044647,0.28951597,0.2892232,0.2409305,WEF02,WEF05,ESCO_v1.2_2024,0.2652232348918915,Moderate_Growth,0.7,0.37131252884864807
Azure Solutions Architect Expert,1,0.75,WEF04,Cloud Computing & Infrastructure,Strong_Growth,0.85,0.31144997,0.31144997,0.27451855,0.26474172,0.036931425,MCK02,ESCO01,WEF_FutureOfJobs_2025,0.26473247855901716,Strong_Growth,1.0,0.31144997477531433
MLOps,1,0.75,WEF04,Cloud Computing & Infrastructure,Strong_Growth,0.85,0.31086692,0.31086692,0.2753377,0.22251752,0.035529226,WEF01,ONET02,WEF_FutureOfJobs_2025,0.2642368838191032,Strong_Growth,1.0,0.31086692214012146
Azure App Service,1,0.75,WEF04,Cloud Computing & Infrastructure,Strong_Growth,0.85,0.30889547,0.30889547,0.1561039,0.13136323,0.15279157,WEF05,ONET06,WEF_FutureOfJobs_2025,0.26256114840507505,Strong_Growth,1.0,0.308895468711853
DoD mission systems,1,0.75,WEF04,Cloud Computing & Infrastructure,Strong_Growth,0.85,0.3083025,0.3083025,0.2900409,0.26556033,0.018261582,MCK02,WEF03,WEF_FutureOfJobs_2025,0.2620571181178093,Strong_Growth,1.0,0.30830249190330505
process automation,1,0.75,MCK01,Process Automation & RPA,Moderate_Growth,0.5,0.52340585,0.52340585,0.2595932,0.25334644,0.26381266,ONET02,DEC03,McKinsey_FutureOfWork_2025,0.26170292496681213,Moderate_Growth,0.7,0.36638409495353697
platform product features,1,0.75,WEF05,Digital Platforms & E-commerce,Moderate_Growth,0.7,0.37241337,0.37241337,0.29845867,0.29629612,0.0739547,DEC03,DEC02,WEF_FutureOfJobs_2025,0.2606893569231033,Moderate_Growth,0.7,0.2606893569231033
Continuous Deployment,1,0.75,WEF04,Cloud Computing & Infrastructure,Strong_Growth,0.85,0.30655944,0.30655944,0.2813753,0.24611619,0.025184155,DEC03,MCK05,WEF_FutureOfJobs_2025,0.2605755269527435,Strong_Growth,1.0,0.3065594434738159
high-throughput environments,1,0.75,WEF04,Cloud Computing & Infrastructure,Strong_Growth,0.85,0.30611062,0.30611062,0.27845764,0.19928852,0.027652979,ONET02,ONET06,WEF_FutureOfJobs_2025,0.2601940274238586,Strong_Growth,1.0,0.3061106204986572
marketing,1,0.75,WEF05,Digital Platforms & E-commerce,Moderate_Growth,0.7,0.3709849,0.3709849,0.25223035,0.24527118,0.118754566,ESCO02,ESCO01,WEF_FutureOfJobs_2025,0.2596894383430481,Moderate_Growth,0.7,0.2596894383430481
email marketing,1,0.75,WEF05,Digital Platforms & E-commerce,Moderate_Growth,0.7,0.36824417,0.36824417,0.22568738,0.217033,0.14255679,ESCO02,MCK02,WEF_FutureOfJobs_2025,0.25777091979980465,Moderate_Growth,0.7,0.25777091979980465
online learning,1,0.75,WEF08,Technological Literacy & Digital Fluency,Strong_Growth,0.85,0.30301267,0.30301267,0.23923656,0.23413287,0.063776106,WEF05,WEF01,WEF_FutureOfJobs_2025,0.2575607687234878,Strong_Growth,1.0,0.3030126690864563
sales terminology,1,0.75,WEF05,Digital Platforms & E-commerce,Moderate_Growth,0.7,0.36576858,0.36576858,0.215339,0.19692078,0.15042958,ONET06,ONET02,WEF_FutureOfJobs_2025,0.2560380071401596,Moderate_Growth,0.7,0.2560380071401596
sustainable design,1,0.75,WEF06,Environmental & Sustainability Technology,Moderate_Growth,0.6,0.42646158,0.42646158,0.28809524,0.2448691,0.13836634,DEC02,MCK05,WEF_FutureOfJobs_2025,0.2558769464492798,Moderate_Growth,0.7,0.2985231041908264
tenant platforms,1,0.75,WEF05,Digital Platforms & E-commerce,Moderate_Growth,0.7,0.36421752,0.36421752,0.32494235,0.23989111,0.03927517,WEF04,ONET02,WEF_FutureOfJobs_2025,0.2549522638320923,Moderate_Growth,0.7,0.2549522638320923
UX research,1,0.75,ONET03,UX/UI & Digital Design,Moderate_Growth,0.55,0.46330386,0.46330386,0.27943903,0.24472404,0.18386483,MCK02,WEF07,ONET_BrightOutlook_2024,0.2548171252012253,Moderate_Growth,0.7,0.32431270480155944
environmental design,1,0.75,WEF06,Environmental & Sustainability Technology,Moderate_Growth,0.6,0.4230345,0.4230345,0.2685137,0.24626055,0.15452078,DEC02,ONET03,WEF_FutureOfJobs_2025,0.2538206934928894,Moderate_Growth,0.7,0.2961241424083709
automation,5,0.75,MCK01,Process Automation & RPA,Moderate_Growth,0.5,0.50654966,0.50654966,0.42744222,0.3534211,0.07910743,WEF07,WEF01,McKinsey_FutureOfWork_2025,0.2532748281955719,Moderate_Growth,0.7,0.35458475947380064
Industrial Automation,1,0.75,MCK01,Process Automation & RPA,Moderate_Growth,0.5,0.5012914,0.5012914,0.3474777,0.32195342,0.15381369,WEF07,WEF01,McKinsey_FutureOfWork_2025,0.2506456971168518,Moderate_Growth,0.7,0.3509039759635925
automation pipelines,1,0.75,MCK01,Process Automation & RPA,Moderate_Growth,0.5,0.501276,0.501276,0.34430408,0.3080842,0.15697193,WEF04,WEF07,McKinsey_FutureOfWork_2025,0.2506380081176758,Moderate_Growth,0.7,0.35089321136474605
multicast market data delivery platforms,1,0.75,WEF05,Digital Platforms & E-commerce,Moderate_Growth,0.7,0.35660553,0.35660553,0.2553554,0.24315305,0.10125014,WEF02,ONET02,WEF_FutureOfJobs_2025,0.24962387084960935,Moderate_Growth,0.7,0.24962387084960935
consumer apps,1,0.75,WEF05,Digital Platforms & E-commerce,Moderate_Growth,0.7,0.35343426,0.35343426,0.20358673,0.1970457,0.14984754,ONET03,ONET06,WEF_FutureOfJobs_2025,0.2474039852619171,Moderate_Growth,0.7,0.2474039852619171
live commerce,1,0.75,WEF05,Digital Platforms & E-commerce,Moderate_Growth,0.7,0.3512651,0.3512651,0.26226485,0.23107612,0.089000255,ONET06,DEC02,WEF_FutureOfJobs_2025,0.2458855718374252,Moderate_Growth,0.7,0.2458855718374252
environmental performance management,1,0.75,WEF06,Environmental & Sustainability Technology,Moderate_Growth,0.6,0.4094193,0.4094193,0.24442737,0.22017121,0.16499193,ESCO01,MCK05,WEF_FutureOfJobs_2025,0.24565157890319822,Moderate_Growth,0.7,0.2865935087203979
retirement,1,0.75,MCK05,Resilience & Adaptability,Strong_Growth,0.75,0.32733232,0.32733232,0.22471339,0.20403552,0.10261893,MCK03,DEC02,WEF_FutureOfJobs_2025,0.24549923837184906,Moderate_Growth,0.7,0.22913262248039243
Automated Testing,1,0.75,ONET05,Quality Assurance & Testing,Moderate_Growth,0.55,0.44618225,0.44618225,0.27432364,0.23754722,0.17185861,DEC03,MCK01,ONET_BrightOutlook_2024,0.2454002380371094,Moderate_Growth,0.7,0.3123275756835937
mobile platforms,1,0.75,WEF05,Digital Platforms & E-commerce,Moderate_Growth,0.7,0.3502368,0.3502368,0.27375537,0.23669034,0.07648143,DEC02,ONET03,WEF_FutureOfJobs_2025,0.2451657623052597,Moderate_Growth,0.7,0.2451657623052597
system administration,1,0.75,ONET02,Database & Systems Administration,Moderate_Growth,0.5,0.48995703,0.48995703,0.30800197,0.29503003,0.18195507,ONET06,DEC03,ONET_BrightOutlook_2024,0.24497851729393005,Moderate_Growth,0.7,0.3429699242115021
engineering design technology,1,0.75,ONET03,UX/UI & Digital Design,Moderate_Growth,0.55,0.44490486,0.44490486,0.33219382,0.2996714,0.11271104,ESCO02,DEC02,ONET_BrightOutlook_2024,0.24469767510890963,Moderate_Growth,0.7,0.3114334046840668
API development,1,0.75,ONET01,Software Development & Engineering,Moderate_Growth,0.65,0.37379915,0.37379915,0.33788943,0.24953842,0.035909712,DEC03,DEC02,ONET_BrightOutlook_2024,0.24296944439411164,Moderate_Growth,0.7,0.26165940165519713
tech sales,1,0.75,WEF05,Digital Platforms & E-commerce,Moderate_Growth,0.7,0.34560207,0.34560207,0.33458692,0.33303595,0.011015147,WEF08,MCK02,WEF_FutureOfJobs_2025,0.2419214457273483,Moderate_Growth,0.7,0.2419214457273483
Mobile Apps & Messaging Platforms,1,0.75,WEF05,Digital Platforms & E-commerce,Moderate_Growth,0.7,0.34494194,0.34494194,0.23872489,0.21517932,0.10621706,MCK02,ONET01,WEF_FutureOfJobs_2025,0.2414593607187271,Moderate_Growth,0.7,0.2414593607187271
financial services industry,1,0.75,WEF05,Digital Platforms & E-commerce,Moderate_Growth,0.7,0.3434733,0.3434733,0.3412414,0.31392476,0.002231896,ONET06,ONET02,WEF_FutureOfJobs_2025,0.24043129980564115,Moderate_Growth,0.7,0.24043129980564115
Wealth,1,0.75,MCK05,Resilience & Adaptability,Strong_Growth,0.75,0.32044572,0.32044572,0.21464817,0.18724023,0.105797544,ONET06,ONET02,WEF_FutureOfJobs_2025,0.24033428728580475,Moderate_Growth,0.7,0.2243120014667511
financial systems,1,0.75,ONET06,Blockchain & Distributed Systems,Moderate_Growth,0.5,0.48031488,0.48031488,0.34617472,0.32962364,0.13414016,ONET02,WEF05,ONET_BrightOutlook_2024,0.24015744030475616,Moderate_Growth,0.7,0.3362204164266586
platform,3,0.75,WEF05,Digital Platforms & E-commerce,Moderate_Growth,0.7,0.34244695,0.34244695,0.29484951,0.28426433,0.047597438,DEC02,ONET02,WEF_FutureOfJobs_2025,0.23971286714076995,Moderate_Growth,0.7,0.23971286714076995
fintech,2,0.75,WEF05,Digital Platforms & E-commerce,Moderate_Growth,0.7,0.34154046,0.34154046,0.26261646,0.23627904,0.078924,ONET06,ONET02,WEF_FutureOfJobs_2025,0.23907831907272337,Moderate_Growth,0.7,0.23907831907272337
distributed systems,2,0.75,ONET06,Blockchain & Distributed Systems,Moderate_Growth,0.5,0.47591206,0.47591206,0.32475007,0.25923976,0.151162,ONET02,WEF04,ONET_BrightOutlook_2024,0.23795603215694427,Moderate_Growth,0.7,0.33313844501972195
design system,2,0.75,ONET03,UX/UI & Digital Design,Moderate_Growth,0.55,0.42803708,0.42803708,0.3005243,0.2944622,0.12751278,DEC02,ESCO02,ONET_BrightOutlook_2024,0.23542039245367052,Moderate_Growth,0.7,0.29962595403194425
composable banking platform,1,0.75,WEF05,Digital Platforms & E-commerce,Moderate_Growth,0.7,0.33578536,0.33578536,0.22577289,0.18116316,0.11001247,ONET06,ONET02,WEF_FutureOfJobs_2025,0.23504975140094755,Moderate_Growth,0.7,0.23504975140094755
PostGRES,1,0.75,ONET02,Database & Systems Administration,Moderate_Growth,0.5,0.46824044,0.46824044,0.21899188,0.18330711,0.24924856,WEF02,MCK05,ONET_BrightOutlook_2024,0.2341202199459076,Moderate_Growth,0.7,0.3277683079242706
high-return development potential,1,0.75,MCK05,Resilience & Adaptability,Strong_Growth,0.75,0.31205088,0.31205088,0.27366513,0.27337512,0.03838575,DEC02,DEC03,WEF_FutureOfJobs_2025,0.23403815925121307,Moderate_Growth,0.7,0.2184356153011322
automated test scripts,1,0.75,ONET05,Quality Assurance & Testing,Moderate_Growth,0.55,0.42512095,0.42512095,0.2735116,0.2307455,0.15160936,DEC03,MCK01,ONET_BrightOutlook_2024,0.23381652235984804,Moderate_Growth,0.7,0.2975846648216247
quality assurance,1,0.75,ONET05,Quality Assurance & Testing,Moderate_Growth,0.55,0.4246637,0.4246637,0.21751256,0.20350143,0.20715113,ESCO02,ONET02,ONET_BrightOutlook_2024,0.2335650309920311,Moderate_Growth,0.7,0.29726458489894864
test procedures,1,0.75,ONET05,Quality Assurance & Testing,Moderate_Growth,0.55,0.422684,0.422684,0.27161002,0.26129913,0.15107399,DEC01,DEC03,ONET_BrightOutlook_2024,0.23247620761394502,Moderate_Growth,0.7,0.2958788096904754
human-centered design,1,0.75,ONET03,UX/UI & Digital Design,Moderate_Growth,0.55,0.42028278,0.42028278,0.3613781,0.3292721,0.058904678,WEF07,MCK02,ONET_BrightOutlook_2024,0.23115552961826327,Moderate_Growth,0.7,0.2941979467868805
behavioral insights,1,0.75,MCK05,Resilience & Adaptability,Strong_Growth,0.75,0.30793682,0.30793682,0.2521448,0.2206482,0.055792004,DEC03,ESCO02,WEF_FutureOfJobs_2025,0.23095261305570602,Moderate_Growth,0.7,0.21555577218532562
automation tools/scripts,1,0.75,MCK01,Process Automation & RPA,Moderate_Growth,0.5,0.46046835,0.46046835,0.375835,0.30601877,0.08463335,DEC03,WEF07,McKinsey_FutureOfWork_2025,0.23023417592048645,Moderate_Growth,0.7,0.322327846288681
retirement communities,1,0.75,MCK05,Resilience & Adaptability,Strong_Growth,0.75,0.3061974,0.3061974,0.25334483,0.2277545,0.05285257,DEC02,MCK03,WEF_FutureOfJobs_2025,0.22964805364608765,Moderate_Growth,0.7,0.21433818340301514
Telecommunications,1,0.75,WEF05,Digital Platforms & E-commerce,Moderate_Growth,0.7,0.3276546,0.3276546,0.26007804,0.23609146,0.06757656,ONET02,MCK02,WEF_FutureOfJobs_2025,0.22935822010040283,Moderate_Growth,0.7,0.22935822010040283
marketing campaigns,1,0.75,WEF05,Digital Platforms & E-commerce,Moderate_Growth,0.7,0.32686284,0.32686284,0.26829705,0.25832325,0.058565795,ESCO01,ESCO02,WEF_FutureOfJobs_2025,0.22880398929119108,Moderate_Growth,0.7,0.22880398929119108
internal database systems,1,0.75,ONET02,Database & Systems Administration,Moderate_Growth,0.5,0.45588893,0.45588893,0.25542152,0.21727553,0.20046741,DEC01,ONET06,ONET_BrightOutlook_2024,0.22794446349143982,Moderate_Growth,0.7,0.3191222488880157
sales channel operations,1,0.75,WEF05,Digital Platforms & E-commerce,Moderate_Growth,0.7,0.32404184,0.32404184,0.24941649,0.18454587,0.07462536,ONET02,ESCO02,WEF_FutureOfJobs_2025,0.22682929039001462,Moderate_Growth,0.7,0.22682929039001462
Visual design,1,0.75,ONET03,UX/UI & Digital Design,Moderate_Growth,0.55,0.40609127,0.40609127,0.29694164,0.27922434,0.109149635,DEC02,ONET04,ONET_BrightOutlook_2024,0.22335020005702974,Moderate_Growth,0.7,0.28426389098167415
Amazon learning platforms,1,0.75,WEF05,Digital Platforms & E-commerce,Moderate_Growth,0.7,0.3182256,0.3182256,0.2813005,0.27631712,0.036925107,WEF01,WEF04,WEF_FutureOfJobs_2025,0.22275791466236114,Moderate_Growth,0.7,0.22275791466236114
global offer marketing,1,0.75,WEF05,Digital Platforms & E-commerce,Moderate_Growth,0.7,0.31734392,0.31734392,0.2681778,0.18351398,0.049166113,MCK02,ESCO01,WEF_FutureOfJobs_2025,0.2221407443284988,Moderate_Growth,0.7,0.2221407443284988
development programmes,1,0.75,MCK03,Leadership & People Development,Moderate_Growth,0.55,0.4038198,0.4038198,0.40345293,0.4027799,0.0003668666,ONET01,ESCO01,McKinsey_FutureOfWork_2025,0.22210088968276978,Moderate_Growth,0.7,0.2826738595962524
desktop platforms,1,0.75,WEF05,Digital Platforms & E-commerce,Moderate_Growth,0.7,0.31672364,0.31672364,0.3107949,0.30546525,0.005928755,WEF04,DEC02,WEF_FutureOfJobs_2025,0.22170655131340025,Moderate_Growth,0.7,0.22170655131340025
globally distributed systems,1,0.75,ONET06,Blockchain & Distributed Systems,Moderate_Growth,0.5,0.4423944,0.4423944,0.30262637,0.2869792,0.13976803,WEF04,ONET02,ONET_BrightOutlook_2024,0.2211972028017044,Moderate_Growth,0.7,0.30967608392238616
automation scripts,1,0.75,MCK01,Process Automation & RPA,Moderate_Growth,0.5,0.4389808,0.4389808,0.3467729,0.31889683,0.09220788,DEC03,WEF07,McKinsey_FutureOfWork_2025,0.2194903939962387,Moderate_Growth,0.7,0.30728655159473417
environmental regulations,1,0.75,WEF06,Environmental & Sustainability Technology,Moderate_Growth,0.6,0.36410362,0.36410362,0.14820331,0.14768521,0.2159003,WEF04,ESCO02,WEF_FutureOfJobs_2025,0.21846216917037964,Moderate_Growth,0.7,0.25487253069877625
test plans,1,0.75,ONET05,Quality Assurance & Testing,Moderate_Growth,0.55,0.39673433,0.39673433,0.25794145,0.25126588,0.13879287,ESCO02,MCK04,ONET_BrightOutlook_2024,0.2182038798928261,Moderate_Growth,0.7,0.2777140289545059
Process Automate,1,0.75,MCK01,Process Automation & RPA,Moderate_Growth,0.5,0.43587166,0.43587166,0.2564291,0.22304565,0.17944255,WEF07,DEC03,McKinsey_FutureOfWork_2025,0.21793583035469055,Moderate_Growth,0.7,0.30511016249656675
Software Delivery Knowledge Graph,1,0.75,ONET01,Software Development & Engineering,Moderate_Growth,0.65,0.33526593,0.33526593,0.33180603,0.31994396,0.0034599006,MCK02,ONET02,ONET_BrightOutlook_2024,0.2179228574037552,Moderate_Growth,0.7,0.23468615412712096
Banking Services,1,0.75,WEF05,Digital Platforms & E-commerce,Moderate_Growth,0.7,0.31129783,0.31129783,0.30398992,0.2840524,0.007307917,ONET06,ONET02,WEF_FutureOfJobs_2025,0.21790848374366759,Moderate_Growth,0.7,0.21790848374366759
programme management,1,0.75,ESCO01,Project Management & Agile Methodologies,Moderate_Growth,0.55,0.3935632,0.3935632,0.3182209,0.30104125,0.0753423,ONET02,DEC03,ESCO_v1.2_2024,0.2164597660303116,Moderate_Growth,0.7,0.275494247674942
product ecosystem,1,0.75,WEF05,Digital Platforms & E-commerce,Moderate_Growth,0.7,0.30898735,0.30898735,0.27499133,0.27169293,0.033996016,WEF04,WEF06,WEF_FutureOfJobs_2025,0.216291144490242,Moderate_Growth,0.7,0.216291144490242
Database,1,0.75,ONET02,Database & Systems Administration,Moderate_Growth,0.5,0.43112627,0.43112627,0.2922644,0.22395611,0.13886186,DEC01,WEF02,ONET_BrightOutlook_2024,0.21556313335895538,Moderate_Growth,0.7,0.3017883867025375
subscription campaigns,1,0.75,WEF05,Digital Platforms & E-commerce,Moderate_Growth,0.7,0.30589575,0.30589575,0.1936129,0.13433768,0.11228284,ESCO01,ONET06,WEF_FutureOfJobs_2025,0.21412702202796935,Moderate_Growth,0.7,0.21412702202796935
Crisis Management,1,0.75,ESCO01,Project Management & Agile Methodologies,Moderate_Growth,0.55,0.38880956,0.38880956,0.31062168,0.29489264,0.07818788,ONET02,MCK05,ESCO_v1.2_2024,0.21384525895118714,Moderate_Growth,0.7,0.2721666932106018
entertainment production,1,0.75,ONET04,Game Development & Interactive Media,Moderate_Growth,0.6,0.35413224,0.35413224,0.24221733,0.21949781,0.1119149,MCK02,MCK03,ONET_BrightOutlook_2024,0.21247934103012084,Moderate_Growth,0.7,0.24789256453514097
PostgreSQL,1,0.75,ONET02,Database & Systems Administration,Moderate_Growth,0.5,0.42249364,0.42249364,0.19666187,0.146463,0.22583176,WEF02,MCK05,ONET_BrightOutlook_2024,0.2112468183040619,Moderate_Growth,0.7,0.2957455456256866
net zero Scope 1 and 2 greenhouse gas emissions,1,0.75,WEF06,Environmental & Sustainability Technology,Moderate_Growth,0.6,0.35207698,0.35207698,0.21244231,0.19480602,0.13963467,WEF04,WEF03,WEF_FutureOfJobs_2025,0.21124618649482726,Moderate_Growth,0.7,0.24645388424396514
Industry gateway,1,0.75,WEF05,Digital Platforms & E-commerce,Moderate_Growth,0.7,0.30167907,0.30167907,0.28674877,0.26851907,0.014930308,WEF04,MCK01,WEF_FutureOfJobs_2025,0.2111753523349762,Moderate_Growth,0.7,0.2111753523349762
content systems,1,0.75,ONET02,Database & Systems Administration,Moderate_Growth,0.5,0.42106178,0.42106178,0.37563196,0.3619275,0.045429826,ONET06,DEC02,ONET_BrightOutlook_2024,0.21053089201450348,Moderate_Growth,0.7,0.29474324882030484
enterprise software,1,0.75,ONET02,Database & Systems Administration,Moderate_Growth,0.5,0.41895092,0.41895092,0.4103548,0.36458868,0.008596122,MCK02,ESCO02,ONET_BrightOutlook_2024,0.20947545766830444,Moderate_Growth,0.7,0.2932656407356262
technical drawings,1,0.75,ONET03,UX/UI & Digital Design,Moderate_Growth,0.55,0.38034576,0.38034576,0.32724422,0.2564385,0.05310154,MCK02,MCK01,ONET_BrightOutlook_2024,0.20919016897678377,Moderate_Growth,0.7,0.2662420332431793
recruitment,1,0.75,MCK03,Leadership & People Development,Moderate_Growth,0.55,0.37933215,0.37933215,0.2521764,0.23738994,0.12715575,MCK02,MCK05,McKinsey_FutureOfWork_2025,0.20863268524408343,Moderate_Growth,0.7,0.2655325084924698
external environmental reporting,1,0.75,WEF06,Environmental & Sustainability Technology,Moderate_Growth,0.6,0.34767088,0.34767088,0.16772296,0.16667998,0.17994793,MCK02,WEF02,WEF_FutureOfJobs_2025,0.2086025297641754,Moderate_Growth,0.7,0.24336961805820465
policy-driven automation,1,0.75,MCK01,Process Automation & RPA,Moderate_Growth,0.5,0.4108451,0.4108451,0.3463202,0.30156577,0.06452489,WEF07,WEF01,McKinsey_FutureOfWork_2025,0.2054225504398346,Moderate_Growth,0.7,0.2875915706157684
engineering culture,1,0.75,ONET03,UX/UI & Digital Design,Moderate_Growth,0.55,0.37185347,0.37185347,0.29472476,0.29151624,0.07712871,DEC02,ESCO02,ONET_BrightOutlook_2024,0.20451940894126894,Moderate_Growth,0.7,0.260297429561615
Architectural Technology,1,0.75,ONET03,UX/UI & Digital Design,Moderate_Growth,0.55,0.37012464,0.37012464,0.27908576,0.2747649,0.09103888,ONET06,DEC02,ONET_BrightOutlook_2024,0.20356855094432832,Moderate_Growth,0.7,0.25908724665641786
Business Intelligence (BI),1,0.75,ESCO02,Business Analysis & Requirements Engineering,Moderate_Growth,0.5,0.40520456,0.40520456,0.38751414,0.32659993,0.01769042,WEF02,ONET02,ESCO_v1.2_2024,0.20260228216648102,Moderate_Growth,0.7,0.2836431950330734
volunteer management lifecycle,1,0.75,MCK03,Leadership & People Development,Moderate_Growth,0.55,0.36673808,0.36673808,0.33879453,0.24043538,0.027943552,MCK05,ESCO01,McKinsey_FutureOfWork_2025,0.20170594453811647,Moderate_Growth,0.7,0.2567166566848755
servers,1,0.75,ONET02,Database & Systems Administration,Moderate_Growth,0.5,0.40120858,0.40120858,0.36325365,0.28811482,0.037954926,WEF04,ONET06,ONET_BrightOutlook_2024,0.20060428977012634,Moderate_Growth,0.7,0.28084600567817686
administrative processes,1,0.75,ONET02,Database & Systems Administration,Moderate_Growth,0.5,0.39864397,0.39864397,0.3796787,0.28365687,0.018965274,MCK01,DEC01,ONET_BrightOutlook_2024,0.19932198524475098,Moderate_Growth,0.7,0.2790507793426513
project governance,1,0.75,ESCO01,Project Management & Agile Methodologies,Moderate_Growth,0.55,0.36051643,0.36051643,0.30423436,0.2700221,0.056282073,MCK02,MCK03,ESCO_v1.2_2024,0.1982840359210968,Moderate_Growth,0.7,0.2523615002632141
United Nations Sustainable Development Goals,1,0.75,WEF06,Environmental & Sustainability Technology,Moderate_Growth,0.6,0.3304282,0.3304282,0.2441122,0.22643438,0.08631602,MCK03,MCK05,WEF_FutureOfJobs_2025,0.19825692772865294,Moderate_Growth,0.7,0.23129974901676176
entertainment,1,0.75,ONET04,Game Development & Interactive Media,Moderate_Growth,0.6,0.3296853,0.3296853,0.21316665,0.20409495,0.11651865,ONET02,MCK02,ONET_BrightOutlook_2024,0.19781118035316467,Moderate_Growth,0.7,0.23077971041202544
data stores,1,0.75,ONET02,Database & Systems Administration,Moderate_Growth,0.5,0.39546704,0.39546704,0.3336345,0.3074497,0.061832547,WEF02,DEC01,ONET_BrightOutlook_2024,0.19773352146148682,Moderate_Growth,0.7,0.2768269300460815
Engineering,2,0.75,ESCO02,Business Analysis & Requirements Engineering,Moderate_Growth,0.5,0.39488435,0.39488435,0.37899226,0.3590036,0.015892088,ONET03,ONET01,ESCO_v1.2_2024,0.1974421739578247,Moderate_Growth,0.7,0.2764190435409546
Security Testing Orchestration,1,0.75,ONET05,Quality Assurance & Testing,Moderate_Growth,0.55,0.35874712,0.35874712,0.3045394,0.21134289,0.054207712,WEF03,ONET01,ONET_BrightOutlook_2024,0.19731091856956484,Moderate_Growth,0.7,0.2511229872703552
Planning and Change Management processes,1,0.75,ESCO01,Project Management & Agile Methodologies,Moderate_Growth,0.55,0.35779426,0.35779426,0.27940536,0.27525222,0.0783889,ONET02,MCK03,ESCO_v1.2_2024,0.19678684026002885,Moderate_Growth,0.7,0.25045597851276397
environmental best practices,1,0.75,WEF06,Environmental & Sustainability Technology,Moderate_Growth,0.6,0.3278184,0.3278184,0.22814783,0.1866421,0.09967056,DEC03,DEC02,WEF_FutureOfJobs_2025,0.19669103622436523,Moderate_Growth,0.7,0.22947287559509275
interfaces,1,0.75,ONET03,UX/UI & Digital Design,Moderate_Growth,0.55,0.35708255,0.35708255,0.22988245,0.22262938,0.1272001,WEF07,ONET04,ONET_BrightOutlook_2024,0.19639540016651155,Moderate_Growth,0.7,0.24995778203010557
partner technologies,1,0.75,MCK02,Advanced Communication & Collaboration,Moderate_Growth,0.4,0.49032456,0.49032456,0.35003263,0.31273407,0.14029193,WEF05,ONET03,McKinsey_FutureOfWork_2025,0.1961298227310181,Stable,0.4,0.1961298227310181
building management,1,0.75,ESCO01,Project Management & Agile Methodologies,Moderate_Growth,0.55,0.35553318,0.35553318,0.2622294,0.23733252,0.09330377,MCK03,MCK02,ESCO_v1.2_2024,0.19554325044155121,Moderate_Growth,0.7,0.24887322783470153
portfolio management,1,0.75,ESCO01,Project Management & Agile Methodologies,Moderate_Growth,0.55,0.35396898,0.35396898,0.26186392,0.24433109,0.09210506,ONET02,MCK05,ESCO_v1.2_2024,0.1946829378604889,Moderate_Growth,0.7,0.24777828454971312
Information Science,1,0.75,ONET02,Database & Systems Administration,Moderate_Growth,0.5,0.38813585,0.38813585,0.37080997,0.34525734,0.017325878,WEF02,WEF05,ONET_BrightOutlook_2024,0.19406792521476746,Moderate_Growth,0.7,0.2716950953006744
user experience,1,0.75,ONET03,UX/UI & Digital Design,Moderate_Growth,0.55,0.3523725,0.3523725,0.2593722,0.23673052,0.09300029,DEC02,DEC03,ONET_BrightOutlook_2024,0.19380487352609635,Moderate_Growth,0.7,0.24666074812412261
production software,1,0.75,ONET02,Database & Systems Administration,Moderate_Growth,0.5,0.3871046,0.3871046,0.37361878,0.36189327,0.013485819,DEC03,MCK02,ONET_BrightOutlook_2024,0.19355230033397675,Moderate_Growth,0.7,0.27097322046756744
CI/CD tools,1,0.75,ONET05,Quality Assurance & Testing,Moderate_Growth,0.55,0.35073763,0.35073763,0.28577155,0.28330103,0.06496608,ONET03,MCK02,ONET_BrightOutlook_2024,0.19290569722652437,Moderate_Growth,0.7,0.24551634192466734
CAD systems,1,0.75,ONET03,UX/UI & Digital Design,Moderate_Growth,0.55,0.35029116,0.35029116,0.25721666,0.23860046,0.0930745,MCK01,MCK02,ONET_BrightOutlook_2024,0.19266013950109484,Moderate_Growth,0.7,0.2452038139104843
Interaction Design,1,0.75,ONET03,UX/UI & Digital Design,Moderate_Growth,0.55,0.349523,0.349523,0.27946597,0.22041902,0.070057034,MCK02,ONET04,ONET_BrightOutlook_2024,0.19223765432834627,Moderate_Growth,0.7,0.2446661055088043
QA platform,1,0.75,ONET05,Quality Assurance & Testing,Moderate_Growth,0.55,0.34767652,0.34767652,0.304667,0.28874683,0.04300952,ONET02,WEF05,ONET_BrightOutlook_2024,0.191222083568573,Moderate_Growth,0.7,0.24337356090545653
design excellence,1,0.75,ONET03,UX/UI & Digital Design,Moderate_Growth,0.55,0.34500152,0.34500152,0.29034555,0.25122485,0.05465597,DEC02,MCK02,ONET_BrightOutlook_2024,0.1897508352994919,Moderate_Growth,0.7,0.24150106310844419
customer-facing projects,1,0.75,ESCO01,Project Management & Agile Methodologies,Moderate_Growth,0.55,0.34488744,0.34488744,0.33612734,0.32908443,0.008760095,DEC03,MCK02,ESCO_v1.2_2024,0.18968808948993685,Moderate_Growth,0.7,0.24142120480537413
stakeholder management,1,0.75,ESCO01,Project Management & Agile Methodologies,Moderate_Growth,0.55,0.3447222,0.3447222,0.33987415,0.21855626,0.004848063,MCK02,ONET06,ESCO_v1.2_2024,0.18959721624851228,Moderate_Growth,0.7,0.24130554795265197
home automation,1,0.75,MCK01,Process Automation & RPA,Moderate_Growth,0.5,0.37738958,0.37738958,0.28674462,0.2312708,0.090644956,WEF07,DEC03,McKinsey_FutureOfWork_2025,0.1886947900056839,Moderate_Growth,0.7,0.26417270600795745
financial services environments,1,0.75,ONET02,Database & Systems Administration,Moderate_Growth,0.5,0.37688705,0.37688705,0.35931605,0.29425755,0.017571002,ONET06,ESCO02,ONET_BrightOutlook_2024,0.18844352662563324,Moderate_Growth,0.7,0.2638209372758865
Product Management,1,0.75,ESCO01,Project Management & Agile Methodologies,Moderate_Growth,0.55,0.3424998,0.3424998,0.2940154,0.27748057,0.048484385,ONET02,ESCO02,ESCO_v1.2_2024,0.18837488591670992,Moderate_Growth,0.7,0.2397498548030853
Azure Test Plans,1,0.75,ONET05,Quality Assurance & Testing,Moderate_Growth,0.55,0.34101894,0.34101894,0.19683704,0.15831679,0.1441819,ESCO01,WEF04,ONET_BrightOutlook_2024,0.1875604197382927,Moderate_Growth,0.7,0.23871326148509978
endpoint management platform,1,0.75,ONET02,Database & Systems Administration,Moderate_Growth,0.5,0.37492687,0.37492687,0.3340391,0.30622873,0.040887773,WEF04,WEF05,ONET_BrightOutlook_2024,0.1874634325504303,Moderate_Growth,0.7,0.2624488055706024
large enterprise environment,1,0.75,ONET02,Database & Systems Administration,Moderate_Growth,0.5,0.37389523,0.37389523,0.3690829,0.30358732,0.00481233,WEF04,MCK02,ONET_BrightOutlook_2024,0.18694761395454407,Moderate_Growth,0.7,0.2617266595363617
Research and Engineering,1,0.75,ONET03,UX/UI & Digital Design,Moderate_Growth,0.55,0.3387407,0.3387407,0.3386882,0.30348986,5.2511692e-05,ESCO02,MCK02,ONET_BrightOutlook_2024,0.18630738854408266,Moderate_Growth,0.7,0.23711849451065062
data system,1,0.75,ONET02,Database & Systems Administration,Moderate_Growth,0.5,0.37164465,0.37164465,0.33360285,0.32538775,0.0380418,ONET06,WEF02,ONET_BrightOutlook_2024,0.18582232296466827,Moderate_Growth,0.7,0.2601512521505356
data libraries,1,0.75,ONET02,Database & Systems Administration,Moderate_Growth,0.5,0.36920142,0.36920142,0.36044624,0.3003942,0.008755177,WEF02,DEC01,ONET_BrightOutlook_2024,0.18460071086883545,Moderate_Growth,0.7,0.2584409952163696
architectural patterns,1,0.75,ONET03,UX/UI & Digital Design,Moderate_Growth,0.55,0.33546564,0.33546564,0.32904112,0.29176083,0.0064245164,DEC03,ONET02,ONET_BrightOutlook_2024,0.1845061019062996,Moderate_Growth,0.7,0.23482594788074493
industry standards,1,0.75,ESCO02,Business Analysis & Requirements Engineering,Moderate_Growth,0.5,0.36801338,0.36801338,0.29280084,0.289302,0.07521254,ONET03,MCK02,ESCO_v1.2_2024,0.1840066909790039,Moderate_Growth,0.7,0.25760936737060547
manufacturing services processes,1,0.75,MCK01,Process Automation & RPA,Moderate_Growth,0.5,0.36651573,0.36651573,0.30974486,0.24724326,0.05677086,ESCO02,ONET02,McKinsey_FutureOfWork_2025,0.18325786292552948,Moderate_Growth,0.7,0.2565610080957413
ToffeeX engineering design platform,1,0.75,ONET03,UX/UI & Digital Design,Moderate_Growth,0.55,0.33153355,0.33153355,0.25743848,0.1925866,0.07409507,DEC02,ESCO02,ONET_BrightOutlook_2024,0.18234345316886905,Moderate_Growth,0.7,0.23207348585128781
distributed data stores,1,0.75,ONET02,Database & Systems Administration,Moderate_Growth,0.5,0.36277902,0.36277902,0.31834292,0.2617808,0.044436097,ONET06,WEF02,ONET_BrightOutlook_2024,0.18138951063156128,Moderate_Growth,0.7,0.25394531488418576
architecture,4,0.75,ONET03,UX/UI & Digital Design,Moderate_Growth,0.55,0.3289063,0.3289063,0.27063024,0.25600004,0.058276057,DEC02,ONET06,ONET_BrightOutlook_2024,0.1808984637260437,Moderate_Growth,0.7,0.23023440837860107
product development,1,0.75,ESCO02,Business Analysis & Requirements Engineering,Moderate_Growth,0.5,0.361291,0.361291,0.32320657,0.3018095,0.038084418,MCK02,ONET03,ESCO_v1.2_2024,0.18064549565315247,Moderate_Growth,0.7,0.2529036939144134
product design,1,0.75,ONET03,UX/UI & Digital Design,Moderate_Growth,0.55,0.32694197,0.32694197,0.25949833,0.25803238,0.06744364,DEC02,ESCO02,ONET_BrightOutlook_2024,0.17981808185577394,Moderate_Growth,0.7,0.22885937690734862
digital tools,1,0.75,ONET03,UX/UI & Digital Design,Moderate_Growth,0.55,0.32693923,0.32693923,0.31870908,0.30135122,0.00823015,WEF08,MCK01,ONET_BrightOutlook_2024,0.17981657385826114,Moderate_Growth,0.7,0.22885745763778684
distributed collaboration,1,0.75,MCK02,Advanced Communication & Collaboration,Moderate_Growth,0.4,0.44882303,0.44882303,0.3394394,0.3177451,0.10938364,WEF07,ONET06,McKinsey_FutureOfWork_2025,0.1795292139053345,Stable,0.4,0.1795292139053345
production staff,1,0.75,MCK03,Leadership & People Development,Moderate_Growth,0.55,0.32629472,0.32629472,0.29948127,0.24197578,0.026813447,MCK02,ONET02,McKinsey_FutureOfWork_2025,0.17946209609508515,Moderate_Growth,0.7,0.22840630412101745
Epic Interface Engine,1,0.75,ONET03,UX/UI & Digital Design,Moderate_Growth,0.55,0.32585377,0.32585377,0.22940049,0.22549886,0.09645328,MCK02,WEF07,ONET_BrightOutlook_2024,0.17921957075595857,Moderate_Growth,0.7,0.2280976355075836
backend services,1,0.75,ONET02,Database & Systems Administration,Moderate_Growth,0.5,0.35776532,0.35776532,0.2952661,0.24648526,0.062499225,WEF04,ONET06,ONET_BrightOutlook_2024,0.1788826584815979,Moderate_Growth,0.7,0.25043572187423707
industrial processes,1,0.75,MCK01,Process Automation & RPA,Moderate_Growth,0.5,0.35755926,0.35755926,0.2467259,0.22184163,0.11083336,ESCO02,ONET03,McKinsey_FutureOfWork_2025,0.17877963185310364,Moderate_Growth,0.7,0.2502914845943451
NoSQL data stores,1,0.75,ONET02,Database & Systems Administration,Moderate_Growth,0.5,0.3572327,0.3572327,0.22778544,0.17229095,0.12944725,WEF02,ONET06,ONET_BrightOutlook_2024,0.17861634492874146,Moderate_Growth,0.7,0.25006288290023804
change management,2,0.75,ESCO01,Project Management & Agile Methodologies,Moderate_Growth,0.55,0.32319754,0.32319754,0.27954078,0.27305418,0.043656766,MCK03,MCK05,ESCO_v1.2_2024,0.1777586489915848,Moderate_Growth,0.7,0.22623828053474423
Data Center,1,0.75,ONET02,Database & Systems Administration,Moderate_Growth,0.5,0.35528722,0.35528722,0.34392363,0.31993696,0.011363596,WEF02,WEF04,ONET_BrightOutlook_2024,0.17764361202716827,Moderate_Growth,0.7,0.24870105683803556
online program administration,1,0.75,ONET02,Database & Systems Administration,Moderate_Growth,0.5,0.35427183,0.35427183,0.3314982,0.26823848,0.022773623,WEF05,MCK02,ONET_BrightOutlook_2024,0.1771359145641327,Moderate_Growth,0.7,0.24799028038978574
operational concepts of the internet,1,0.75,ONET06,Blockchain & Distributed Systems,Moderate_Growth,0.5,0.35322493,0.35322493,0.34152815,0.32621482,0.011696786,ONET02,WEF05,ONET_BrightOutlook_2024,0.1766124665737152,Moderate_Growth,0.7,0.24725745320320128
Robotics,2,0.75,MCK01,Process Automation & RPA,Moderate_Growth,0.5,0.3527445,0.3527445,0.3278888,0.32036504,0.024855703,WEF01,WEF07,McKinsey_FutureOfWork_2025,0.1763722449541092,Moderate_Growth,0.7,0.24692114293575285
large-scale systems,1,0.75,ONET06,Blockchain & Distributed Systems,Moderate_Growth,0.5,0.35225174,0.35225174,0.28837913,0.25061145,0.063872606,WEF04,ONET02,ONET_BrightOutlook_2024,0.17612586915493011,Moderate_Growth,0.7,0.24657621681690214
admin-focused tooling,1,0.75,ONET02,Database & Systems Administration,Moderate_Growth,0.5,0.35042295,0.35042295,0.3244673,0.31782597,0.025955647,MCK02,MCK01,ONET_BrightOutlook_2024,0.17521147429943085,Moderate_Growth,0.7,0.24529606401920317
Organisational Change Management (OCM),1,0.75,ESCO01,Project Management & Agile Methodologies,Moderate_Growth,0.55,0.31856108,0.31856108,0.21463613,0.21445161,0.103924945,MCK03,ONET02,ESCO_v1.2_2024,0.17520859241485598,Moderate_Growth,0.7,0.22299275398254392
production systems,1,0.75,ONET02,Database & Systems Administration,Moderate_Growth,0.5,0.3500436,0.3500436,0.30813336,0.2934876,0.04191023,ONET06,WEF04,ONET_BrightOutlook_2024,0.17502179741859436,Moderate_Growth,0.7,0.2450305163860321
financial institutions,1,0.75,ONET06,Blockchain & Distributed Systems,Moderate_Growth,0.5,0.34947872,0.34947872,0.2700312,0.26801968,0.07944751,ONET02,WEF05,ONET_BrightOutlook_2024,0.17473936080932617,Moderate_Growth,0.7,0.2446351051330566
engineers,1,0.75,ONET03,UX/UI & Digital Design,Moderate_Growth,0.55,0.31710762,0.31710762,0.30989057,0.30172902,0.0072170496,ESCO02,ONET01,ONET_BrightOutlook_2024,0.17440918982028963,Moderate_Growth,0.7,0.2219753324985504
monetization,1,0.75,ONET06,Blockchain & Distributed Systems,Moderate_Growth,0.5,0.34699672,0.34699672,0.2713502,0.17216189,0.07564652,WEF05,ONET02,ONET_BrightOutlook_2024,0.17349836230278015,Moderate_Growth,0.7,0.2428977072238922
integration engines,1,0.75,ONET02,Database & Systems Administration,Moderate_Growth,0.5,0.34585106,0.34585106,0.32109213,0.30442563,0.024758935,WEF01,MCK01,ONET_BrightOutlook_2024,0.17292553186416626,Moderate_Growth,0.7,0.24209574460983274
monetization ecosystem,1,0.75,ONET06,Blockchain & Distributed Systems,Moderate_Growth,0.5,0.34575635,0.34575635,0.2856636,0.19239178,0.060092747,WEF05,WEF04,ONET_BrightOutlook_2024,0.1728781759738922,Moderate_Growth,0.7,0.24202944636344909
Electrical Engineering,2,0.75,ONET03,UX/UI & Digital Design,Moderate_Growth,0.55,0.31422752,0.31422752,0.28238338,0.2604264,0.03184414,ESCO02,MCK02,ONET_BrightOutlook_2024,0.17282513678073885,Moderate_Growth,0.7,0.21995926499366758
IT Change Management,1,0.75,ESCO01,Project Management & Agile Methodologies,Moderate_Growth,0.55,0.31167126,0.31167126,0.27547318,0.2636927,0.03619808,ONET02,MCK03,ESCO_v1.2_2024,0.17141919136047365,Moderate_Growth,0.7,0.21816987991333006
Kanban,1,0.75,ESCO01,Project Management & Agile Methodologies,Moderate_Growth,0.55,0.3112008,0.3112008,0.21084815,0.17919132,0.100352645,MCK02,MCK03,ESCO_v1.2_2024,0.17116043865680697,Moderate_Growth,0.7,0.21784055829048155
Financial Services,2,0.75,ONET06,Blockchain & Distributed Systems,Moderate_Growth,0.5,0.34110734,0.34110734,0.3279652,0.28419378,0.013142139,ONET02,WEF05,ONET_BrightOutlook_2024,0.17055366933345795,Moderate_Growth,0.7,0.23877513706684111
data architecture,1,0.75,ONET02,Database & Systems Administration,Moderate_Growth,0.5,0.34072253,0.34072253,0.29630107,0.26567966,0.044421464,WEF02,DEC01,ONET_BrightOutlook_2024,0.17036126554012299,Moderate_Growth,0.7,0.23850577175617216
scientific ontologies,1,0.75,ONET02,Database & Systems Administration,Moderate_Growth,0.5,0.34036428,0.34036428,0.2501673,0.24440598,0.09019697,WEF02,ONET06,ONET_BrightOutlook_2024,0.17018213868141174,Moderate_Growth,0.7,0.2382549941539764
taxonomies,1,0.75,ONET02,Database & Systems Administration,Moderate_Growth,0.5,0.34010664,0.34010664,0.27669305,0.2537191,0.06341359,ONET06,ONET03,ONET_BrightOutlook_2024,0.17005331814289093,Moderate_Growth,0.7,0.23807464540004727
user-facing experiences,1,0.75,ONET03,UX/UI & Digital Design,Moderate_Growth,0.55,0.3086472,0.3086472,0.27943307,0.24615654,0.029214114,DEC02,DEC03,ONET_BrightOutlook_2024,0.16975595206022265,Moderate_Growth,0.7,0.21605302989482877
CAD,1,0.75,ONET03,UX/UI & Digital Design,Moderate_Growth,0.55,0.3075319,0.3075319,0.2551662,0.21478501,0.05236569,MCK02,DEC03,ONET_BrightOutlook_2024,0.16914254128932954,Moderate_Growth,0.7,0.21527232527732848
assurance,1,0.75,ONET05,Quality Assurance & Testing,Moderate_Growth,0.55,0.30661437,0.30661437,0.22417422,0.20138949,0.08244015,MCK05,ONET02,ONET_BrightOutlook_2024,0.16863790303468706,Moderate_Growth,0.7,0.21463005840778349
hardware engineering,1,0.75,ESCO02,Business Analysis & Requirements Engineering,Moderate_Growth,0.5,0.33725756,0.33725756,0.33585274,0.28999853,0.0014048219,ONET03,ONET02,ESCO_v1.2_2024,0.1686287820339203,Moderate_Growth,0.7,0.23608029484748838
package managers,1,0.75,ONET02,Database & Systems Administration,Moderate_Growth,0.5,0.33690542,0.33690542,0.29426813,0.27383405,0.04263729,DEC03,ESCO01,ONET_BrightOutlook_2024,0.16845270991325378,Moderate_Growth,0.7,0.23583379387855527
CI/CD pipelines,1,0.75,ONET05,Quality Assurance & Testing,Moderate_Growth,0.55,0.304946,0.304946,0.3031639,0.28283146,0.0017821193,WEF04,MCK01,ONET_BrightOutlook_2024,0.16772030293941498,Moderate_Growth,0.7,0.2134622037410736
building services engineering,1,0.75,ESCO02,Business Analysis & Requirements Engineering,Moderate_Growth,0.5,0.3347367,0.3347367,0.3124291,0.2923538,0.022307605,ONET03,ONET01,ESCO_v1.2_2024,0.1673683524131775,Moderate_Growth,0.7,0.23431569337844846
mechanical engineering,2,0.75,ONET03,UX/UI & Digital Design,Moderate_Growth,0.55,0.30395663,0.30395663,0.3026936,0.2592166,0.0012630224,ESCO02,MCK01,ONET_BrightOutlook_2024,0.1671761453151703,Moderate_Growth,0.7,0.2127696394920349
Supply Chain Management,1,0.75,ESCO01,Project Management & Agile Methodologies,Moderate_Growth,0.55,0.3038574,0.3038574,0.2679827,0.23521927,0.035874695,ONET02,ONET06,ESCO_v1.2_2024,0.16712156236171724,Moderate_Growth,0.7,0.21270017027854918
Building Design,1,0.75,ONET03,UX/UI & Digital Design,Moderate_Growth,0.55,0.3018749,0.3018749,0.27669933,0.21051803,0.025175571,DEC02,MCK02,ONET_BrightOutlook_2024,0.1660311982035637,Moderate_Growth,0.7,0.21131243407726286
mobile applications,1,0.75,ONET03,UX/UI & Digital Design,Moderate_Growth,0.55,0.30170637,0.30170637,0.24556291,0.23575163,0.056143463,WEF05,ONET06,ONET_BrightOutlook_2024,0.16593850553035738,Moderate_Growth,0.7,0.21119446158409116
Network Operations,1,0.75,ONET02,Database & Systems Administration,Moderate_Growth,0.5,0.32991,0.32991,0.2792904,0.25952736,0.050619602,ONET06,WEF04,ONET_BrightOutlook_2024,0.1649550050497055,Moderate_Growth,0.7,0.2309370070695877
protocols,1,0.75,ONET06,Blockchain & Distributed Systems,Moderate_Growth,0.5,0.32850847,0.32850847,0.26710162,0.25917903,0.06140685,MCK02,ONET02,ONET_BrightOutlook_2024,0.16425423324108124,Moderate_Growth,0.7,0.2299559265375137
operations support,1,0.75,ONET02,Database & Systems Administration,Moderate_Growth,0.5,0.32848647,0.32848647,0.3233581,0.28423566,0.0051283836,DEC03,MCK02,ONET_BrightOutlook_2024,0.16424323618412018,Moderate_Growth,0.7,0.22994053065776823
data-driven analysis,1,0.75,ESCO02,Business Analysis & Requirements Engineering,Moderate_Growth,0.5,0.32432127,0.32432127,0.30693004,0.23057869,0.017391235,WEF02,WEF01,ESCO_v1.2_2024,0.16216063499450684,Moderate_Growth,0.7,0.22702488899230955
Decision Support Systems (DSS),1,0.75,ONET02,Database & Systems Administration,Moderate_Growth,0.5,0.32337406,0.32337406,0.2810935,0.25652802,0.042280555,MCK01,ONET03,ONET_BrightOutlook_2024,0.16168703138828278,Moderate_Growth,0.7,0.22636184394359588
Java,7,0.75,ONET02,Database & Systems Administration,Moderate_Growth,0.5,0.32251084,0.32251084,0.2781737,0.2677104,0.044337124,DEC02,DEC03,ONET_BrightOutlook_2024,0.16125541925430298,Moderate_Growth,0.7,0.22575758695602416
civil engineering,2,0.75,ESCO02,Business Analysis & Requirements Engineering,Moderate_Growth,0.5,0.31987345,0.31987345,0.31511247,0.29856294,0.0047609806,ONET01,ONET03,ESCO_v1.2_2024,0.15993672609329224,Moderate_Growth,0.7,0.22391141653060911
Linux,4,0.75,ONET02,Database & Systems Administration,Moderate_Growth,0.5,0.31796828,0.31796828,0.26834399,0.23294239,0.049624294,DEC02,DEC03,ONET_BrightOutlook_2024,0.15898413956165314,Moderate_Growth,0.7,0.22257779538631436
dashboards,1,0.75,ONET02,Database & Systems Administration,Moderate_Growth,0.5,0.31687838,0.31687838,0.28482765,0.25393876,0.03205073,WEF02,ONET03,ONET_BrightOutlook_2024,0.15843918919563293,Moderate_Growth,0.7,0.2218148648738861
system architecture,1,0.75,ONET06,Blockchain & Distributed Systems,Moderate_Growth,0.5,0.31570762,0.31570762,0.29153347,0.257327,0.024174154,ONET02,ONET03,ONET_BrightOutlook_2024,0.15785381197929382,Moderate_Growth,0.7,0.22099533677101132
front desk management,1,0.75,ONET02,Database & Systems Administration,Moderate_Growth,0.5,0.31531405,0.31531405,0.257989,0.2465865,0.057325065,MCK02,DEC01,ONET_BrightOutlook_2024,0.15765702724456787,Moderate_Growth,0.7,0.22071983814239501
SAP,1,0.75,ONET02,Database & Systems Administration,Moderate_Growth,0.5,0.31517518,0.31517518,0.28164208,0.27204067,0.033533096,MCK02,WEF02,ONET_BrightOutlook_2024,0.15758758783340454,Moderate_Growth,0.7,0.22062262296676635
Oracle,1,0.75,ONET02,Database & Systems Administration,Moderate_Growth,0.5,0.31328672,0.31328672,0.21592286,0.1793752,0.09736386,DEC03,DEC01,ONET_BrightOutlook_2024,0.1566433608531952,Moderate_Growth,0.7,0.21930070519447326
payment method management,1,0.75,ONET06,Blockchain & Distributed Systems,Moderate_Growth,0.5,0.3122527,0.3122527,0.26606,0.23459432,0.046192706,WEF05,ONET02,ONET_BrightOutlook_2024,0.15612635016441345,Moderate_Growth,0.7,0.21857689023017882
mechatronics,1,0.75,MCK01,Process Automation & RPA,Moderate_Growth,0.5,0.31124362,0.31124362,0.2920184,0.2821746,0.01922521,WEF01,WEF07,McKinsey_FutureOfWork_2025,0.15562181174755096,Moderate_Growth,0.7,0.21787053644657134
metadata standards,1,0.75,ONET02,Database & Systems Administration,Moderate_Growth,0.5,0.3099872,0.3099872,0.2935384,0.26948395,0.016448796,DEC02,DEC01,ONET_BrightOutlook_2024,0.15499359369277954,Moderate_Growth,0.7,0.21699103116989135
data structures,1,0.75,ONET02,Database & Systems Administration,Moderate_Growth,0.5,0.30831137,0.30831137,0.26648802,0.26258773,0.041823357,WEF02,ONET06,ONET_BrightOutlook_2024,0.1541556864976883,Moderate_Growth,0.7,0.2158179610967636
life sciences platforms,1,0.75,ONET02,Database & Systems Administration,Moderate_Growth,0.5,0.3081958,0.3081958,0.26053393,0.25475544,0.04766187,WEF05,WEF04,ONET_BrightOutlook_2024,0.15409789979457855,Moderate_Growth,0.7,0.21573705971240997
Corporate Technology,1,0.75,MCK02,Advanced Communication & Collaboration,Moderate_Growth,0.4,0.3822373,0.3822373,0.31722075,0.28303495,0.06501654,ONET06,DEC02,McKinsey_FutureOfWork_2025,0.15289491415023804,Stable,0.4,0.15289491415023804
Finance,3,0.75,ONET06,Blockchain & Distributed Systems,Moderate_Growth,0.5,0.30493864,0.30493864,0.29106206,0.2627807,0.013876587,WEF05,ONET02,ONET_BrightOutlook_2024,0.15246932208538055,Moderate_Growth,0.7,0.21345705091953276
collaboration analytics,1,0.75,MCK02,Advanced Communication & Collaboration,Moderate_Growth,0.4,0.3781665,0.3781665,0.3122439,0.29315084,0.06592259,WEF07,WEF02,McKinsey_FutureOfWork_2025,0.15126659870147707,Stable,0.4,0.15126659870147707
Business Continuity plan,1,0.75,ESCO02,Business Analysis & Requirements Engineering,Moderate_Growth,0.5,0.30192032,0.30192032,0.22233589,0.21394506,0.079584435,MCK05,MCK02,ESCO_v1.2_2024,0.15096016228199005,Moderate_Growth,0.7,0.21134422719478607
Oracle SOA Suite,1,0.75,ONET02,Database & Systems Administration,Moderate_Growth,0.5,0.30087054,0.30087054,0.21647695,0.21539389,0.08439359,DEC03,DEC02,ONET_BrightOutlook_2024,0.15043526887893677,Moderate_Growth,0.7,0.21060937643051147
electronic manufacturing processes,1,0.75,MCK01,Process Automation & RPA,Moderate_Growth,0.5,0.30033806,0.30033806,0.21964557,0.21306846,0.080692485,ESCO02,WEF05,McKinsey_FutureOfWork_2025,0.1501690298318863,Moderate_Growth,0.7,0.2102366417646408
technical excellence,1,0.75,MCK02,Advanced Communication & Collaboration,Moderate_Growth,0.4,0.3693244,0.3693244,0.27835572,0.2720821,0.09096867,ONET05,ONET03,McKinsey_FutureOfWork_2025,0.147729754447937,Stable,0.4,0.147729754447937
resource development,1,0.75,MCK02,Advanced Communication & Collaboration,Moderate_Growth,0.4,0.35883936,0.35883936,0.33251745,0.33202422,0.026321918,MCK03,MCK05,McKinsey_FutureOfWork_2025,0.1435357451438904,Stable,0.4,0.1435357451438904
messaging technologies,1,0.75,MCK02,Advanced Communication & Collaboration,Moderate_Growth,0.4,0.35824323,0.35824323,0.2572372,0.255916,0.10100603,ONET03,WEF05,McKinsey_FutureOfWork_2025,0.14329729080200196,Stable,0.4,0.14329729080200196
Traditional Cisco enterprise deployment,1,0.75,MCK02,Advanced Communication & Collaboration,Moderate_Growth,0.4,0.35712266,0.35712266,0.3435716,0.31081462,0.013551056,WEF04,DEC02,McKinsey_FutureOfWork_2025,0.14284906387329102,Stable,0.4,0.14284906387329102
Professional Engineering association,1,0.75,MCK02,Advanced Communication & Collaboration,Moderate_Growth,0.4,0.3562088,0.3562088,0.35465908,0.33935982,0.0015497208,ESCO02,ONET03,McKinsey_FutureOfWork_2025,0.14248352050781252,Stable,0.4,0.14248352050781252
interoperability solutions,1,0.75,MCK02,Advanced Communication & Collaboration,Moderate_Growth,0.4,0.33764166,0.33764166,0.32822937,0.30866313,0.009412289,ONET02,WEF07,McKinsey_FutureOfWork_2025,0.1350566625595093,Stable,0.4,0.1350566625595093
strategic technology innovation,1,0.75,MCK02,Advanced Communication & Collaboration,Moderate_Growth,0.4,0.33465618,0.33465618,0.25744757,0.2516562,0.07720861,WEF08,WEF06,McKinsey_FutureOfWork_2025,0.13386247158050538,Stable,0.4,0.13386247158050538
engineering delivery practices,1,0.75,MCK02,Advanced Communication & Collaboration,Moderate_Growth,0.4,0.3304664,0.3304664,0.3147229,0.29589197,0.015743494,ESCO02,ONET03,McKinsey_FutureOfWork_2025,0.13218655586242675,Stable,0.4,0.13218655586242675
technicians,1,0.75,MCK02,Advanced Communication & Collaboration,Moderate_Growth,0.4,0.32023233,0.32023233,0.31372815,0.289589,0.006504178,WEF08,MCK01,McKinsey_FutureOfWork_2025,0.12809293270111086,Stable,0.4,0.12809293270111086
office coordination,1,0.75,MCK02,Advanced Communication & Collaboration,Moderate_Growth,0.4,0.3192842,0.3192842,0.2501361,0.20550822,0.06914809,WEF07,ONET02,McKinsey_FutureOfWork_2025,0.12771368026733398,Stable,0.4,0.12771368026733398
production technology,1,0.75,MCK02,Advanced Communication & Collaboration,Moderate_Growth,0.4,0.3189721,0.3189721,0.26712242,0.23376685,0.051849693,WEF06,MCK01,McKinsey_FutureOfWork_2025,0.1275888442993164,Stable,0.4,0.1275888442993164
client engagement,1,0.75,MCK02,Advanced Communication & Collaboration,Moderate_Growth,0.4,0.3175042,0.3175042,0.23872933,0.17658752,0.07877487,WEF05,DEC02,McKinsey_FutureOfWork_2025,0.12700167894363404,Stable,0.4,0.12700167894363404
complex high value electrical projects,1,0.75,MCK02,Advanced Communication & Collaboration,Moderate_Growth,0.4,0.31606942,0.31606942,0.27229226,0.25992435,0.043777168,ESCO01,WEF06,McKinsey_FutureOfWork_2025,0.1264277696609497,Stable,0.4,0.1264277696609497
course coordination,1,0.75,MCK02,Advanced Communication & Collaboration,Moderate_Growth,0.4,0.31195515,0.31195515,0.28285098,0.26674974,0.029104173,MCK03,WEF07,McKinsey_FutureOfWork_2025,0.12478206157684327,Stable,0.4,0.12478206157684327
vendor coordination,1,0.75,MCK02,Advanced Communication & Collaboration,Moderate_Growth,0.4,0.3093018,0.3093018,0.21940115,0.21781184,0.08990064,ONET06,WEF05,McKinsey_FutureOfWork_2025,0.12372071743011476,Stable,0.4,0.12372071743011476
advisor tools,1,0.75,MCK02,Advanced Communication & Collaboration,Moderate_Growth,0.4,0.30576712,0.30576712,0.29674935,0.2743433,0.0090177655,ONET02,WEF07,McKinsey_FutureOfWork_2025,0.12230684757232667,Stable,0.4,0.12230684757232667
co-management,1,0.75,MCK02,Advanced Communication & Collaboration,Moderate_Growth,0.4,0.30275616,0.30275616,0.29137164,0.2549582,0.011384517,MCK03,WEF07,McKinsey_FutureOfWork_2025,0.12110246419906617,Stable,0.4,0.12110246419906617
aggregation,1,0.75,ONET02,Database & Systems Administration,Moderate_Growth,0.5,0.26243156,0.26243156,0.19410303,0.19322592,0.06832853,ONET06,WEF02,ONET_BrightOutlook_2024,0.0,Moderate_Growth,0.7,0.0
aerospace,1,0.75,ONET04,Game Development & Interactive Media,Moderate_Growth,0.6,0.2771509,0.2771509,0.23480323,0.22471368,0.04234767,ONET03,WEF04,ONET_BrightOutlook_2024,0.0,Moderate_Growth,0.7,0.0
APAC,1,0.75,MCK02,Advanced Communication & Collaboration,Moderate_Growth,0.4,0.18193766,0.18193766,0.1533426,0.14607458,0.02859506,ONET02,ONET03,McKinsey_FutureOfWork_2025,0.0,Stable,0.4,0.0
Ansible,1,0.75,ONET02,Database & Systems Administration,Moderate_Growth,0.5,0.2806564,0.2806564,0.23427019,0.21927708,0.046386212,MCK02,WEF04,ONET_BrightOutlook_2024,0.0,Moderate_Growth,0.7,0.0
Angular,1,0.75,DEC02,Legacy Web Development,Decline,-0.4,0.19655421,0.19655421,0.1372459,0.12520635,0.05930832,ONET06,MCK02,Expert_consensus,0.0,Declining,0.0,0.0
Android,2,0.75,ONET02,Database & Systems Administration,Moderate_Growth,0.5,0.1479625,0.1479625,0.14423186,0.13537554,0.0037306398,ONET01,DEC02,ONET_BrightOutlook_2024,0.0,Moderate_Growth,0.7,0.0
audio,1,0.75,ONET03,UX/UI & Digital Design,Moderate_Growth,0.55,0.21207476,0.21207476,0.19915977,0.17866074,0.012914985,ONET04,ONET02,ONET_BrightOutlook_2024,0.0,Moderate_Growth,0.7,0.0
academic publishing,1,0.75,ONET02,Database & Systems Administration,Moderate_Growth,0.5,0.2670337,0.2670337,0.25220475,0.20906085,0.01482895,MCK02,DEC02,ONET_BrightOutlook_2024,0.0,Moderate_Growth,0.7,0.0
aluminum,1,0.75,ONET03,UX/UI & Digital Design,Moderate_Growth,0.55,0.17923173,0.17923173,0.16257623,0.15400383,0.016655505,DEC02,WEF04,ONET_BrightOutlook_2024,0.0,Moderate_Growth,0.7,0.0
video cameras,1,0.75,ONET04,Game Development & Interactive Media,Moderate_Growth,0.6,0.15103228,0.15103228,0.110690884,0.105274186,0.0403414,DEC02,ONET02,ONET_BrightOutlook_2024,0.0,Moderate_Growth,0.7,0.0
viaducts,1,0.75,MCK03,Leadership & People Development,Moderate_Growth,0.55,0.17634258,0.17634258,0.17475334,0.16980168,0.0015892386,MCK05,ESCO01,McKinsey_FutureOfWork_2025,0.0,Moderate_Growth,0.7,0.0
Drug Delivery,1,0.75,ONET06,Blockchain & Distributed Systems,Moderate_Growth,0.5,0.09787461,0.09787461,0.088841826,0.08210101,0.009032786,WEF05,DEC01,ONET_BrightOutlook_2024,0.0,Moderate_Growth,0.7,0.0
DRC,1,0.75,ONET03,UX/UI & Digital Design,Moderate_Growth,0.55,0.13439909,0.13439909,0.1278826,0.12407988,0.0065164864,MCK01,ONET06,ONET_BrightOutlook_2024,0.0,Moderate_Growth,0.7,0.0
drawing standards,1,0.75,ONET03,UX/UI & Digital Design,Moderate_Growth,0.55,0.26508605,0.26508605,0.20854351,0.18757114,0.056542546,DEC02,MCK02,ONET_BrightOutlook_2024,0.0,Moderate_Growth,0.7,0.0
DoD Secret clearance,1,0.75,WEF03,Cybersecurity,Strong_Growth,0.9,0.21020058,0.21020058,0.15615219,0.14298,0.05404839,DEC01,MCK02,WEF_FutureOfJobs_2025,0.0,Strong_Growth,1.0,0.0
DoD 8570 IAT Level II certification,1,0.75,ONET05,Quality Assurance & Testing,Moderate_Growth,0.55,0.19619992,0.19619992,0.18669021,0.18433315,0.009509712,WEF07,MCK02,ONET_BrightOutlook_2024,0.0,Moderate_Growth,0.7,0.0
Document Object Model,1,0.75,DEC01,Routine Data Entry & Clerical,Decline,-0.6,0.15976581,0.15976581,0.11701055,0.11514369,0.04275526,DEC03,ONET06,WEF_FutureOfJobs_2023,0.0,Declining,0.0,0.0
word processing,1,0.75,WEF01,AI & Machine Learning,Strong_Growth,1.0,0.2262702,0.2262702,0.21868196,0.1924019,0.0075882375,DEC01,MCK01,WEF_FutureOfJobs_2025,0.0,Strong_Growth,1.0,0.0
Windows Update for Business,1,0.75,DEC03,Routine Maintenance Coding,Decline,-0.3,0.22856532,0.22856532,0.16292109,0.1482909,0.065644234,ESCO02,ONET02,McKinsey_FutureOfWork_2023,0.0,Declining,0.0,0.0
Windows Autopilot,1,0.75,MCK01,Process Automation & RPA,Moderate_Growth,0.5,0.26053622,0.26053622,0.25990823,0.21201603,0.00062799454,WEF07,ONET04,McKinsey_FutureOfWork_2025,0.0,Moderate_Growth,0.7,0.0
Windows 11,1,0.75,DEC02,Legacy Web Development,Decline,-0.4,0.1295867,0.1295867,0.12275365,0.119285814,0.0068330467,DEC03,ONET03,Expert_consensus,0.0,Declining,0.0,0.0
Windows 10,1,0.75,DEC03,Routine Maintenance Coding,Decline,-0.3,0.12245628,0.12245628,0.10096771,0.09015294,0.02148857,DEC02,WEF04,McKinsey_FutureOfWork_2023,0.0,Declining,0.0,0.0
WAN routing,1,0.75,ESCO01,Project Management & Agile Methodologies,Moderate_Growth,0.55,0.09830093,0.09830093,0.07499328,0.07001321,0.023307644,DEC02,ONET03,ESCO_v1.2_2024,0.0,Moderate_Growth,0.7,0.0
widgets,1,0.75,DEC03,Routine Maintenance Coding,Decline,-0.3,0.27297524,0.27297524,0.24800938,0.23335043,0.024965852,ONET03,DEC02,McKinsey_FutureOfWork_2023,0.0,Declining,0.0,0.0
welders,1,0.75,MCK02,Advanced Communication & Collaboration,Moderate_Growth,0.4,0.27078265,0.27078265,0.25403515,0.23913673,0.016747504,ONET03,DEC03,McKinsey_FutureOfWork_2025,0.0,Stable,0.4,0.0
WebLogic Server administration,1,0.75,ONET02,Database & Systems Administration,Moderate_Growth,0.5,0.28395998,0.28395998,0.2661736,0.21576864,0.017786384,DEC02,ONET03,ONET_BrightOutlook_2024,0.0,Moderate_Growth,0.7,0.0
Elastic Search,1,0.75,ONET02,Database & Systems Administration,Moderate_Growth,0.5,0.1897197,0.1897197,0.1318487,0.12418799,0.057871014,ESCO02,WEF04,ONET_BrightOutlook_2024,0.0,Moderate_Growth,0.7,0.0
EDM (Electrical Discharge Machine),1,0.75,MCK01,Process Automation & RPA,Moderate_Growth,0.5,0.13164617,0.13164617,0.07727468,0.06428677,0.05437149,WEF05,ONET03,McKinsey_FutureOfWork_2025,0.0,Moderate_Growth,0.7,0.0
editorial entities,1,0.75,MCK02,Advanced Communication & Collaboration,Moderate_Growth,0.4,0.19655408,0.19655408,0.19076154,0.15653689,0.0057925433,ONET02,ESCO02,McKinsey_FutureOfWork_2025,0.0,Stable,0.4,0.0
editor plugins,1,0.75,DEC02,Legacy Web Development,Decline,-0.4,0.22030942,0.22030942,0.19583982,0.17642824,0.0244696,DEC03,ONET02,Expert_consensus,0.0,Declining,0.0,0.0
edge devices,1,0.75,WEF04,Cloud Computing & Infrastructure,Strong_Growth,0.85,0.16205712,0.16205712,0.14912854,0.14901394,0.012928575,ONET03,DEC02,WEF_FutureOfJobs_2025,0.0,Strong_Growth,1.0,0.0
Economics,1,0.75,ONET06,Blockchain & Distributed Systems,Moderate_Growth,0.5,0.2800839,0.2800839,0.26845378,0.22320405,0.011630118,WEF05,WEF06,ONET_BrightOutlook_2024,0.0,Moderate_Growth,0.7,0.0
distributed caching,1,0.75,ONET06,Blockchain & Distributed Systems,Moderate_Growth,0.5,0.19864154,0.19864154,0.19757235,0.14481875,0.0010691881,ONET02,DEC03,ONET_BrightOutlook_2024,0.0,Moderate_Growth,0.7,0.0
disclosure requirements,1,0.75,DEC01,Routine Data Entry & Clerical,Decline,-0.6,0.24471015,0.24471015,0.23164627,0.20095855,0.013063878,ESCO02,MCK02,WEF_FutureOfJobs_2023,0.0,Declining,0.0,0.0
disbursements,1,0.75,ONET06,Blockchain & Distributed Systems,Moderate_Growth,0.5,0.23969463,0.23969463,0.10688521,0.08398475,0.13280942,WEF05,ONET02,ONET_BrightOutlook_2024,0.0,Moderate_Growth,0.7,0.0
DISA STIGs,1,0.75,ONET02,Database & Systems Administration,Moderate_Growth,0.5,0.15524815,0.15524815,0.10174072,0.076739125,0.053507432,MCK05,ONET06,ONET_BrightOutlook_2024,0.0,Moderate_Growth,0.7,0.0
DISA,1,0.75,ONET02,Database & Systems Administration,Moderate_Growth,0.5,0.15038118,0.15038118,0.12966816,0.12121217,0.020713016,ONET06,MCK05,ONET_BrightOutlook_2024,0.0,Moderate_Growth,0.7,0.0
die casting,1,0.75,ONET04,Game Development & Interactive Media,Moderate_Growth,0.6,0.07390353,0.07390353,0.066515826,0.06510633,0.007387705,DEC02,MCK03,ONET_BrightOutlook_2024,0.0,Moderate_Growth,0.7,0.0
device lifecycle,1,0.75,DEC03,Routine Maintenance Coding,Decline,-0.3,0.26025867,0.26025867,0.24253553,0.17100781,0.017723143,DEC02,MCK05,McKinsey_FutureOfWork_2023,0.0,Declining,0.0,0.0
EBS,1,0.75,WEF05,Digital Platforms & E-commerce,Moderate_Growth,0.7,0.21849681,0.21849681,0.17907473,0.17888564,0.03942208,ONET02,DEC02,WEF_FutureOfJobs_2025,0.0,Moderate_Growth,0.7,0.0
dynamically served content,1,0.75,DEC02,Legacy Web Development,Decline,-0.4,0.1739648,0.1739648,0.078389704,0.06476736,0.095575094,ONET06,ONET04,Expert_consensus,0.0,Declining,0.0,0.0
dynamic client content,1,0.75,DEC02,Legacy Web Development,Decline,-0.4,0.24146432,0.24146432,0.15587911,0.14411688,0.08558521,DEC03,ONET06,Expert_consensus,0.0,Declining,0.0,0.0
Delaware and Midland basins,1,0.75,ONET03,UX/UI & Digital Design,Moderate_Growth,0.55,0.11888553,0.11888553,0.09437241,0.08982923,0.024513125,WEF02,MCK03,ONET_BrightOutlook_2024,0.0,Moderate_Growth,0.7,0.0
Enterprise Manager (OEM),1,0.75,ONET02,Database & Systems Administration,Moderate_Growth,0.5,0.18713355,0.18713355,0.15810065,0.15719256,0.0290329,DEC02,ESCO02,ONET_BrightOutlook_2024,0.0,Moderate_Growth,0.7,0.0
Engineering operative standard,1,0.75,DEC03,Routine Maintenance Coding,Decline,-0.3,0.29127532,0.29127532,0.28037348,0.23049966,0.010901839,ESCO02,ONET03,McKinsey_FutureOfWork_2023,0.0,Declining,0.0,0.0
energy exporter,1,0.75,WEF06,Environmental & Sustainability Technology,Moderate_Growth,0.6,0.23057716,0.23057716,0.20402646,0.15972269,0.026550695,MCK02,WEF04,WEF_FutureOfJobs_2025,0.0,Moderate_Growth,0.7,0.0
encryption,1,0.75,ONET06,Blockchain & Distributed Systems,Moderate_Growth,0.5,0.25539503,0.25539503,0.21512322,0.16686082,0.040271804,WEF03,ONET02,ONET_BrightOutlook_2024,0.0,Moderate_Growth,0.7,0.0
enablement,1,0.75,MCK05,Resilience & Adaptability,Strong_Growth,0.75,0.15441555,0.15441555,0.12357546,0.11792733,0.030840091,DEC03,WEF07,WEF_FutureOfJobs_2025,0.0,Moderate_Growth,0.7,0.0
EMEA,1,0.75,MCK05,Resilience & Adaptability,Strong_Growth,0.75,0.13949996,0.13949996,0.12574548,0.10584415,0.013754487,MCK02,ONET02,WEF_FutureOfJobs_2025,0.0,Moderate_Growth,0.7,0.0
embedded,1,0.75,DEC02,Legacy Web Development,Decline,-0.4,0.27964786,0.27964786,0.21972546,0.17143443,0.059922397,MCK02,ONET03,Expert_consensus,0.0,Declining,0.0,0.0
email,1,0.75,WEF05,Digital Platforms & E-commerce,Moderate_Growth,0.7,0.13463354,0.13463354,0.1296183,0.11959411,0.005015239,ONET02,MCK02,WEF_FutureOfJobs_2025,0.0,Moderate_Growth,0.7,0.0
electronics principles,1,0.75,DEC02,Legacy Web Development,Decline,-0.4,0.1663407,0.1663407,0.14712062,0.14569044,0.019220069,ONET05,WEF03,Expert_consensus,0.0,Declining,0.0,0.0
electronics packaging,1,0.75,DEC02,Legacy Web Development,Decline,-0.4,0.20794286,0.20794286,0.13010278,0.12950632,0.077840075,DEC03,MCK02,Expert_consensus,0.0,Declining,0.0,0.0
Electronic Patient Record (EPR) system,1,0.75,DEC01,Routine Data Entry & Clerical,Decline,-0.6,0.24352354,0.24352354,0.12157284,0.10394132,0.1219507,MCK02,MCK01,WEF_FutureOfJobs_2023,0.0,Declining,0.0,0.0
electronic music lab,1,0.75,MCK01,Process Automation & RPA,Moderate_Growth,0.5,0.20461601,0.20461601,0.1993979,0.1722295,0.0052181035,ONET03,ONET05,McKinsey_FutureOfWork_2025,0.0,Moderate_Growth,0.7,0.0
electrical system architecture,1,0.75,ONET06,Blockchain & Distributed Systems,Moderate_Growth,0.5,0.22550198,0.22550198,0.18869215,0.13777113,0.03680983,ONET03,ONET02,ONET_BrightOutlook_2024,0.0,Moderate_Growth,0.7,0.0
error handling,1,0.75,DEC03,Routine Maintenance Coding,Decline,-0.3,0.2297047,0.2297047,0.11993717,0.094716355,0.10976753,ONET02,DEC01,McKinsey_FutureOfWork_2023,0.0,Declining,0.0,0.0
ERP solutions,1,0.75,ONET02,Database & Systems Administration,Moderate_Growth,0.5,0.298926,0.298926,0.28067678,0.24432673,0.018249214,MCK02,WEF05,ONET_BrightOutlook_2024,0.0,Moderate_Growth,0.7,0.0
Epic HealthConnect,1,0.75,MCK02,Advanced Communication & Collaboration,Moderate_Growth,0.4,0.19777739,0.19777739,0.15530166,0.14673361,0.04247573,ONET03,WEF07,McKinsey_FutureOfWork_2025,0.0,Stable,0.4,0.0
Entra ID,1,0.75,WEF03,Cybersecurity,Strong_Growth,0.9,0.044445165,0.044445165,0.039518442,0.037653618,0.0049267225,MCK02,MCK05,WEF_FutureOfJobs_2025,0.0,Strong_Growth,1.0,0.0
desktop,1,0.75,ONET03,UX/UI & Digital Design,Moderate_Growth,0.55,0.24566242,0.24566242,0.2164908,0.19146256,0.029171616,DEC02,ONET02,ONET_BrightOutlook_2024,0.0,Moderate_Growth,0.7,0.0
dependency sequencing,1,0.75,DEC03,Routine Maintenance Coding,Decline,-0.3,0.19239211,0.19239211,0.14208649,0.12332405,0.05030562,ONET02,WEF04,McKinsey_FutureOfWork_2023,0.0,Declining,0.0,0.0
Department of Defense,1,0.75,WEF03,Cybersecurity,Strong_Growth,0.9,0.27611488,0.27611488,0.20231897,0.14440542,0.073795915,MCK03,ONET03,WEF_FutureOfJobs_2025,0.0,Strong_Growth,1.0,0.0
demo kits,1,0.75,ONET03,UX/UI & Digital Design,Moderate_Growth,0.55,0.25635135,0.25635135,0.24938516,0.24801064,0.0069661885,DEC02,DEC03,ONET_BrightOutlook_2024,0.0,Moderate_Growth,0.7,0.0
demand planning,1,0.75,ESCO02,Business Analysis & Requirements Engineering,Moderate_Growth,0.5,0.23500249,0.23500249,0.21486124,0.19775201,0.020141244,MCK04,ESCO01,ESCO_v1.2_2024,0.0,Moderate_Growth,0.7,0.0
DeltaLake,1,0.75,MCK03,Leadership & People Development,Moderate_Growth,0.55,0.1623376,0.1623376,0.08504537,0.07678633,0.07729223,ONET02,WEF04,McKinsey_FutureOfWork_2025,0.0,Moderate_Growth,0.7,0.0
DELL,1,0.75,ONET02,Database & Systems Administration,Moderate_Growth,0.5,0.17976174,0.17976174,0.14563267,0.14547275,0.03412907,ONET05,WEF05,ONET_BrightOutlook_2024,0.0,Moderate_Growth,0.7,0.0
delivery models,1,0.75,WEF05,Digital Platforms & E-commerce,Moderate_Growth,0.7,0.26194036,0.26194036,0.21406558,0.21264358,0.04787478,ONET02,ONET06,WEF_FutureOfJobs_2025,0.0,Moderate_Growth,0.7,0.0
facilities support,1,0.75,MCK02,Advanced Communication & Collaboration,Moderate_Growth,0.4,0.29882032,0.29882032,0.22167045,0.2210295,0.07714987,MCK05,WEF04,McKinsey_FutureOfWork_2025,0.0,Stable,0.4,0.0
extrusion,1,0.75,MCK02,Advanced Communication & Collaboration,Moderate_Growth,0.4,0.086457536,0.086457536,0.08534467,0.07640955,0.0011128634,ESCO01,MCK04,McKinsey_FutureOfWork_2025,0.0,Stable,0.4,0.0
external partners,1,0.75,MCK02,Advanced Communication & Collaboration,Moderate_Growth,0.4,0.28942353,0.28942353,0.17651387,0.17434089,0.11290966,WEF05,WEF07,McKinsey_FutureOfWork_2025,0.0,Stable,0.4,0.0
Express.js,1,0.75,DEC02,Legacy Web Development,Decline,-0.4,0.24629998,0.24629998,0.1362671,0.13391069,0.110032886,WEF05,ONET03,Expert_consensus,0.0,Declining,0.0,0.0
Expo,1,0.75,MCK02,Advanced Communication & Collaboration,Moderate_Growth,0.4,0.23841627,0.23841627,0.2055479,0.19593662,0.03286837,WEF05,ONET03,McKinsey_FutureOfWork_2025,0.0,Stable,0.4,0.0
exploitation,1,0.75,MCK05,Resilience & Adaptability,Strong_Growth,0.75,0.19763544,0.19763544,0.15801625,0.1580107,0.039619192,WEF07,MCK04,WEF_FutureOfJobs_2025,0.0,Moderate_Growth,0.7,0.0
EXE,1,0.75,MCK02,Advanced Communication & Collaboration,Moderate_Growth,0.4,0.23944631,0.23944631,0.22873583,0.18381801,0.010710478,ONET02,DEC02,McKinsey_FutureOfWork_2025,0.0,Stable,0.4,0.0
Excel,1,0.75,WEF02,Big Data & Analytics,Strong_Growth,0.9,0.22108965,0.22108965,0.188333,0.18246019,0.03275664,DEC01,ESCO02,WEF_FutureOfJobs_2025,0.0,Strong_Growth,1.0,0.0
EVPN,1,0.75,MCK02,Advanced Communication & Collaboration,Moderate_Growth,0.4,0.19228318,0.19228318,0.17620526,0.17401165,0.01607792,WEF07,WEF01,McKinsey_FutureOfWork_2025,0.0,Stable,0.4,0.0
event-driven data platform,1,0.75,ONET02,Database & Systems Administration,Moderate_Growth,0.5,0.29212716,0.29212716,0.2564925,0.24116957,0.035634667,WEF02,WEF05,ONET_BrightOutlook_2024,0.0,Moderate_Growth,0.7,0.0
event-driven architecture,2,0.75,ONET02,Database & Systems Administration,Moderate_Growth,0.5,0.22916625,0.22916625,0.22413504,0.20519489,0.005031213,DEC02,ONET06,ONET_BrightOutlook_2024,0.0,Moderate_Growth,0.7,0.0
EvaluateSTIG,1,0.75,ONET05,Quality Assurance & Testing,Moderate_Growth,0.55,0.16819115,0.16819115,0.13662261,0.109608576,0.031568542,MCK04,ESCO02,ONET_BrightOutlook_2024,0.0,Moderate_Growth,0.7,0.0
ESG strategy,1,0.75,MCK02,Advanced Communication & Collaboration,Moderate_Growth,0.4,0.20900497,0.20900497,0.183056,0.15950993,0.025948972,DEC02,ESCO01,McKinsey_FutureOfWork_2025,0.0,Stable,0.4,0.0
ES6+,1,0.75,DEC02,Legacy Web Development,Decline,-0.4,0.22717936,0.22717936,0.1767437,0.115553565,0.050435662,MCK02,ONET04,Expert_consensus,0.0,Declining,0.0,0.0
fiber cabling,1,0.75,WEF04,Cloud Computing & Infrastructure,Strong_Growth,0.85,0.1474747,0.1474747,0.12811479,0.1107977,0.019359916,ONET03,DEC02,WEF_FutureOfJobs_2025,0.0,Strong_Growth,1.0,0.0
federal agencies,1,0.75,ONET06,Blockchain & Distributed Systems,Moderate_Growth,0.5,0.26713008,0.26713008,0.25494063,0.21097845,0.012189448,ONET02,DEC01,ONET_BrightOutlook_2024,0.0,Moderate_Growth,0.7,0.0
fault-tolerant systems,1,0.75,ONET06,Blockchain & Distributed Systems,Moderate_Growth,0.5,0.23003486,0.23003486,0.1953789,0.17652626,0.03465596,ONET02,DEC02,ONET_BrightOutlook_2024,0.0,Moderate_Growth,0.7,0.0
Faculty of Health Sciences,1,0.75,ONET02,Database & Systems Administration,Moderate_Growth,0.5,0.2576453,0.2576453,0.15488043,0.14008781,0.102764875,MCK03,WEF02,ONET_BrightOutlook_2024,0.0,Moderate_Growth,0.7,0.0
factory acceptance testing,1,0.75,ONET05,Quality Assurance & Testing,Moderate_Growth,0.55,0.29647437,0.29647437,0.18600747,0.17108074,0.1104669,ONET03,ESCO02,ONET_BrightOutlook_2024,0.0,Moderate_Growth,0.7,0.0
defense startup,1,0.75,MCK03,Leadership & People Development,Moderate_Growth,0.55,0.22698165,0.22698165,0.22413775,0.15826362,0.0028439015,WEF03,DEC03,McKinsey_FutureOfWork_2025,0.0,Moderate_Growth,0.7,0.0
Defender for Endpoint,1,0.75,WEF03,Cybersecurity,Strong_Growth,0.9,0.20270047,0.20270047,0.089722365,0.089346215,0.1129781,ONET01,ONET02,WEF_FutureOfJobs_2025,0.0,Strong_Growth,1.0,0.0
Defence,2,0.75,MCK03,Leadership & People Development,Moderate_Growth,0.55,0.23107418,0.23107418,0.2213446,0.19578305,0.009729579,WEF03,MCK05,McKinsey_FutureOfWork_2025,0.0,Moderate_Growth,0.7,0.0
deep draw sheet metal,1,0.75,ONET03,UX/UI & Digital Design,Moderate_Growth,0.55,0.14593953,0.14593953,0.09954302,0.07837343,0.04639651,MCK02,DEC03,ONET_BrightOutlook_2024,0.0,Moderate_Growth,0.7,0.0
declarative interfaces,1,0.75,ONET03,UX/UI & Digital Design,Moderate_Growth,0.55,0.26702332,0.26702332,0.19260493,0.1854497,0.074418396,WEF07,DEC02,ONET_BrightOutlook_2024,0.0,Moderate_Growth,0.7,0.0
decision-support systems,1,0.75,ONET02,Database & Systems Administration,Moderate_Growth,0.5,0.28659412,0.28659412,0.24626474,0.23862985,0.04032938,ONET06,DEC03,ONET_BrightOutlook_2024,0.0,Moderate_Growth,0.7,0.0
DCCL,1,0.75,DEC03,Routine Maintenance Coding,Decline,-0.3,0.17197005,0.17197005,0.16061012,0.14601825,0.01135993,WEF07,MCK01,McKinsey_FutureOfWork_2023,0.0,Declining,0.0,0.0
data-driven strategies,1,0.75,WEF01,AI & Machine Learning,Strong_Growth,1.0,0.29537278,0.29537278,0.29206178,0.28998908,0.0033110082,WEF02,DEC01,WEF_FutureOfJobs_2025,0.0,Strong_Growth,1.0,0.0
footprint tracking,1,0.75,WEF06,Environmental & Sustainability Technology,Moderate_Growth,0.6,0.12663111,0.12663111,0.11423066,0.08329565,0.012400448,MCK01,WEF04,WEF_FutureOfJobs_2025,0.0,Moderate_Growth,0.7,0.0
FMCG,1,0.75,DEC03,Routine Maintenance Coding,Decline,-0.3,0.1386821,0.1386821,0.13512799,0.12847748,0.0035541058,MCK02,ONET03,McKinsey_FutureOfWork_2023,0.0,Declining,0.0,0.0
fixed assets inventory,1,0.75,DEC03,Routine Maintenance Coding,Decline,-0.3,0.14850664,0.14850664,0.1470313,0.12916484,0.0014753342,MCK02,ONET06,McKinsey_FutureOfWork_2023,0.0,Declining,0.0,0.0
first principles mindset,1,0.75,MCK04,Critical Thinking & Problem Solving,Strong_Growth,0.8,0.24506053,0.24506053,0.18492223,0.16755973,0.0601383,MCK05,WEF07,McKinsey_FutureOfWork_2025,0.0,Strong_Growth,1.0,0.0
firmware,1,0.75,WEF03,Cybersecurity,Strong_Growth,0.9,0.18063676,0.18063676,0.17463204,0.16879174,0.006004721,WEF07,DEC03,WEF_FutureOfJobs_2025,0.0,Strong_Growth,1.0,0.0
data protection,1,0.75,ONET02,Database & Systems Administration,Moderate_Growth,0.5,0.24456587,0.24456587,0.23261611,0.2061955,0.011949763,WEF03,DEC01,ONET_BrightOutlook_2024,0.0,Moderate_Growth,0.7,0.0
data models,1,0.75,ONET02,Database & Systems Administration,Moderate_Growth,0.5,0.29212505,0.29212505,0.2873044,0.25475383,0.004820645,DEC01,WEF01,ONET_BrightOutlook_2024,0.0,Moderate_Growth,0.7,0.0
data integrity,1,0.75,ONET02,Database & Systems Administration,Moderate_Growth,0.5,0.28123957,0.28123957,0.26552045,0.22487387,0.015719116,DEC01,DEC03,ONET_BrightOutlook_2024,0.0,Moderate_Growth,0.7,0.0
data conversions,1,0.75,DEC01,Routine Data Entry & Clerical,Decline,-0.6,0.24794863,0.24794863,0.23663259,0.22626387,0.011316046,WEF02,WEF05,WEF_FutureOfJobs_2023,0.0,Declining,0.0,0.0
financial reporting,2,0.75,DEC01,Routine Data Entry & Clerical,Decline,-0.6,0.19812497,0.19812497,0.1954582,0.15625846,0.0026667714,ONET02,WEF02,WEF_FutureOfJobs_2023,0.0,Declining,0.0,0.0
financial policies,1,0.75,ONET06,Blockchain & Distributed Systems,Moderate_Growth,0.5,0.2610192,0.2610192,0.18820775,0.17671318,0.072811455,WEF05,ONET02,ONET_BrightOutlook_2024,0.0,Moderate_Growth,0.7,0.0
Financial Planning & Analysis (FP&A),1,0.75,ESCO02,Business Analysis & Requirements Engineering,Moderate_Growth,0.5,0.27716967,0.27716967,0.27402255,0.23505095,0.0031471252,ESCO01,ONET06,ESCO_v1.2_2024,0.0,Moderate_Growth,0.7,0.0
financial planning,2,0.75,ESCO01,Project Management & Agile Methodologies,Moderate_Growth,0.55,0.2693261,0.2693261,0.26019245,0.23356643,0.009133637,ONET06,MCK04,ESCO_v1.2_2024,0.0,Moderate_Growth,0.7,0.0
financial advice,1,0.75,MCK05,Resilience & Adaptability,Strong_Growth,0.75,0.20947768,0.20947768,0.1522051,0.14653948,0.057272583,ONET06,ONET02,WEF_FutureOfJobs_2025,0.0,Moderate_Growth,0.7,0.0
GDPR,1,0.75,ONET06,Blockchain & Distributed Systems,Moderate_Growth,0.5,0.21137583,0.21137583,0.21021582,0.19858378,0.0011600107,WEF02,ONET02,ONET_BrightOutlook_2024,0.0,Moderate_Growth,0.7,0.0
gathering and processing facilities,1,0.75,MCK02,Advanced Communication & Collaboration,Moderate_Growth,0.4,0.2642706,0.2642706,0.23747197,0.23431866,0.026798636,MCK01,WEF04,McKinsey_FutureOfWork_2025,0.0,Stable,0.4,0.0
Fusion Middleware,1,0.75,MCK02,Advanced Communication & Collaboration,Moderate_Growth,0.4,0.22543943,0.22543943,0.21055156,0.18910134,0.014887869,ONET02,DEC03,McKinsey_FutureOfWork_2025,0.0,Stable,0.4,0.0
fusion,2,0.75,ONET04,Game Development & Interactive Media,Moderate_Growth,0.6,0.17288524,0.17288524,0.16086707,0.15919444,0.012018174,WEF01,WEF04,ONET_BrightOutlook_2024,0.0,Moderate_Growth,0.7,0.0
Full Stack,1,0.75,ONET01,Software Development & Engineering,Moderate_Growth,0.65,0.16783865,0.16783865,0.16426465,0.13674037,0.0035739988,DEC02,ONET02,ONET_BrightOutlook_2024,0.0,Moderate_Growth,0.7,0.0
fuels,1,0.75,WEF06,Environmental & Sustainability Technology,Moderate_Growth,0.6,0.18041652,0.18041652,0.11347976,0.10423315,0.06693676,WEF04,WEF01,WEF_FutureOfJobs_2025,0.0,Moderate_Growth,0.7,0.0
formatters,1,0.75,DEC01,Routine Data Entry & Clerical,Decline,-0.6,0.17707872,0.17707872,0.16852355,0.1400228,0.008555174,DEC02,DEC03,WEF_FutureOfJobs_2023,0.0,Declining,0.0,0.0
foreign exchange conversion,1,0.75,WEF05,Digital Platforms & E-commerce,Moderate_Growth,0.7,0.16283818,0.16283818,0.09413953,0.06795546,0.068698645,MCK02,ONET03,WEF_FutureOfJobs_2025,0.0,Moderate_Growth,0.7,0.0
Forecasting,1,0.75,WEF01,AI & Machine Learning,Strong_Growth,1.0,0.24816959,0.24816959,0.20163515,0.18325984,0.046534434,ONET02,WEF02,WEF_FutureOfJobs_2025,0.0,Strong_Growth,1.0,0.0
vendor management,1,0.75,MCK02,Advanced Communication & Collaboration,Moderate_Growth,0.4,0.2816709,0.2816709,0.27240175,0.27235663,0.009269148,ESCO01,WEF05,McKinsey_FutureOfWork_2025,0.0,Stable,0.4,0.0
valves,1,0.75,WEF04,Cloud Computing & Infrastructure,Strong_Growth,0.85,0.17977041,0.17977041,0.15430914,0.14642479,0.025461271,MCK01,WEF01,WEF_FutureOfJobs_2025,0.0,Strong_Growth,1.0,0.0
vaccination mandate,1,0.75,WEF08,Technological Literacy & Digital Fluency,Strong_Growth,0.85,0.04666139,0.04666139,0.031365834,0.021185761,0.015295558,WEF03,WEF01,WEF_FutureOfJobs_2025,0.0,Strong_Growth,1.0,0.0
utilities,2,0.75,DEC03,Routine Maintenance Coding,Decline,-0.3,0.29920173,0.29920173,0.28357783,0.23959672,0.015623897,ONET02,ONET03,McKinsey_FutureOfWork_2023,0.0,Declining,0.0,0.0
user needs,1,0.75,ONET03,UX/UI & Digital Design,Moderate_Growth,0.55,0.20873074,0.20873074,0.1465049,0.14169455,0.06222585,ESCO02,ONET02,ONET_BrightOutlook_2024,0.0,Moderate_Growth,0.7,0.0
user generated content,1,0.75,DEC02,Legacy Web Development,Decline,-0.4,0.2146371,0.2146371,0.1975927,0.14343615,0.017044395,ONET03,ONET04,Expert_consensus,0.0,Declining,0.0,0.0
USAF,1,0.75,MCK03,Leadership & People Development,Moderate_Growth,0.55,0.19794133,0.19794133,0.18485953,0.18216303,0.013081804,WEF04,ONET03,McKinsey_FutureOfWork_2025,0.0,Moderate_Growth,0.7,0.0
Aquaculture,1,0.75,WEF04,Cloud Computing & Infrastructure,Strong_Growth,0.85,0.22947958,0.22947958,0.21396679,0.14671487,0.015512794,MCK05,MCK03,WEF_FutureOfJobs_2025,0.0,Strong_Growth,1.0,0.0
application packaging,1,0.75,DEC02,Legacy Web Development,Decline,-0.4,0.24162625,0.24162625,0.20507674,0.19483428,0.03654951,DEC03,ONET03,Expert_consensus,0.0,Declining,0.0,0.0
application deployment,1,0.75,WEF04,Cloud Computing & Infrastructure,Strong_Growth,0.85,0.27150846,0.27150846,0.22387199,0.19800664,0.047636464,DEC03,ONET01,WEF_FutureOfJobs_2025,0.0,Strong_Growth,1.0,0.0
Apple Retail,1,0.75,WEF05,Digital Platforms & E-commerce,Moderate_Growth,0.7,0.28106055,0.28106055,0.24019322,0.15144391,0.04086733,ONET03,ONET02,WEF_FutureOfJobs_2025,0.0,Moderate_Growth,0.7,0.0
Apple Online Store,1,0.75,WEF05,Digital Platforms & E-commerce,Moderate_Growth,0.7,0.25812137,0.25812137,0.12501603,0.11036639,0.13310534,ONET03,DEC02,WEF_FutureOfJobs_2025,0.0,Moderate_Growth,0.7,0.0
API-first architecture,1,0.75,ONET01,Software Development & Engineering,Moderate_Growth,0.65,0.22738141,0.22738141,0.18964012,0.18720773,0.03774129,ONET03,DEC02,ONET_BrightOutlook_2024,0.0,Moderate_Growth,0.7,0.0
API,2,0.75,MCK01,Process Automation & RPA,Moderate_Growth,0.5,0.21254432,0.21254432,0.21239853,0.21183237,0.00014579296,DEC03,WEF07,McKinsey_FutureOfWork_2025,0.0,Moderate_Growth,0.7,0.0
gold deposit types,1,0.75,ONET06,Blockchain & Distributed Systems,Moderate_Growth,0.5,0.18970443,0.18970443,0.121413335,0.120418236,0.0682911,WEF05,DEC01,ONET_BrightOutlook_2024,0.0,Moderate_Growth,0.7,0.0
Golang,1,0.75,MCK02,Advanced Communication & Collaboration,Moderate_Growth,0.4,0.18186766,0.18186766,0.15795907,0.15440239,0.023908585,MCK01,WEF04,McKinsey_FutureOfWork_2025,0.0,Stable,0.4,0.0
global broker relations,1,0.75,MCK02,Advanced Communication & Collaboration,Moderate_Growth,0.4,0.2961228,0.2961228,0.28078988,0.2651742,0.015332907,ONET06,ONET02,McKinsey_FutureOfWork_2025,0.0,Stable,0.4,0.0
GitHub Actions,1,0.75,DEC03,Routine Maintenance Coding,Decline,-0.3,0.18872876,0.18872876,0.17911041,0.1328944,0.009618357,MCK02,MCK01,McKinsey_FutureOfWork_2023,0.0,Declining,0.0,0.0
Git,3,0.75,DEC03,Routine Maintenance Coding,Decline,-0.3,0.2806908,0.2806908,0.25889793,0.23502126,0.021792859,ONET02,WEF04,McKinsey_FutureOfWork_2023,0.0,Declining,0.0,0.0
GHG,1,0.75,WEF04,Cloud Computing & Infrastructure,Strong_Growth,0.85,0.17577595,0.17577595,0.09900205,0.092607886,0.0767739,MCK05,ONET02,WEF_FutureOfJobs_2025,0.0,Strong_Growth,1.0,0.0
geotechnical engineering,1,0.75,MCK02,Advanced Communication & Collaboration,Moderate_Growth,0.4,0.20870021,0.20870021,0.19897483,0.19829741,0.009725377,ESCO02,DEC02,McKinsey_FutureOfWork_2025,0.0,Stable,0.4,0.0
geometallurgy,1,0.75,WEF04,Cloud Computing & Infrastructure,Strong_Growth,0.85,0.12120229,0.12120229,0.11822568,0.11712211,0.0029766113,WEF02,ONET06,WEF_FutureOfJobs_2025,0.0,Strong_Growth,1.0,0.0
data communications,1,0.75,WEF02,Big Data & Analytics,Strong_Growth,0.9,0.26605684,0.26605684,0.25598794,0.22878964,0.010068893,ONET02,DEC01,WEF_FutureOfJobs_2025,0.0,Strong_Growth,1.0,0.0
data centre fabrics,1,0.75,ONET03,UX/UI & Digital Design,Moderate_Growth,0.55,0.28551325,0.28551325,0.26273027,0.21100911,0.022782981,WEF04,ONET02,ONET_BrightOutlook_2024,0.0,Moderate_Growth,0.7,0.0
data center design,1,0.75,ONET02,Database & Systems Administration,Moderate_Growth,0.5,0.27411446,0.27411446,0.24036151,0.22081065,0.033752948,WEF04,WEF02,ONET_BrightOutlook_2024,0.0,Moderate_Growth,0.7,0.0
customer success,1,0.75,DEC03,Routine Maintenance Coding,Decline,-0.3,0.20944673,0.20944673,0.17783609,0.15125813,0.031610638,WEF05,MCK02,McKinsey_FutureOfWork_2023,0.0,Declining,0.0,0.0
geometallurgical block models,1,0.75,ONET06,Blockchain & Distributed Systems,Moderate_Growth,0.5,0.15110159,0.15110159,0.1449929,0.05913544,0.0061086863,ESCO02,WEF01,ONET_BrightOutlook_2024,0.0,Moderate_Growth,0.7,0.0
geodetic calculations,1,0.75,WEF06,Environmental & Sustainability Technology,Moderate_Growth,0.6,0.09448135,0.09448135,0.06774567,0.06596078,0.026735678,WEF02,ONET02,WEF_FutureOfJobs_2025,0.0,Moderate_Growth,0.7,0.0
GenAI applications,1,0.75,DEC03,Routine Maintenance Coding,Decline,-0.3,0.20702566,0.20702566,0.20384152,0.18560655,0.0031841397,WEF07,WEF01,McKinsey_FutureOfWork_2023,0.0,Declining,0.0,0.0
GenAI,1,0.75,WEF07,Human-AI Collaboration,Strong_Growth,0.95,0.12408285,0.12408285,0.11822608,0.11699819,0.0058567673,WEF01,ESCO01,WEF_FutureOfJobs_2025,0.0,Strong_Growth,1.0,0.0
Haas equipment,1,0.75,DEC03,Routine Maintenance Coding,Decline,-0.3,0.18998024,0.18998024,0.1757972,0.1721585,0.014183044,ESCO02,MCK02,McKinsey_FutureOfWork_2023,0.0,Declining,0.0,0.0
Gulf Coast,1,0.75,WEF04,Cloud Computing & Infrastructure,Strong_Growth,0.85,0.1435723,0.1435723,0.09691512,0.09484102,0.046657182,MCK02,ONET02,WEF_FutureOfJobs_2025,0.0,Strong_Growth,1.0,0.0
Growth Marketing,1,0.75,MCK05,Resilience & Adaptability,Strong_Growth,0.75,0.29624784,0.29624784,0.2350269,0.22604671,0.061220944,WEF05,MCK03,WEF_FutureOfJobs_2025,0.0,Moderate_Growth,0.7,0.0
group benefits,1,0.75,MCK03,Leadership & People Development,Moderate_Growth,0.55,0.27065188,0.27065188,0.20883049,0.20251152,0.061821386,MCK02,MCK05,McKinsey_FutureOfWork_2025,0.0,Moderate_Growth,0.7,0.0
GraphQL,1,0.75,ONET02,Database & Systems Administration,Moderate_Growth,0.5,0.2677318,0.2677318,0.21952708,0.2106904,0.048204705,ONET01,WEF02,ONET_BrightOutlook_2024,0.0,Moderate_Growth,0.7,0.0
graph models,1,0.75,ONET02,Database & Systems Administration,Moderate_Growth,0.5,0.20369801,0.20369801,0.15407197,0.14517123,0.049626037,WEF01,ONET06,ONET_BrightOutlook_2024,0.0,Moderate_Growth,0.7,0.0
grant applications,1,0.75,ONET06,Blockchain & Distributed Systems,Moderate_Growth,0.5,0.22396073,0.22396073,0.19002947,0.1764099,0.033931255,ONET02,ESCO02,ONET_BrightOutlook_2024,0.0,Moderate_Growth,0.7,0.0
GPUs,1,0.75,ONET02,Database & Systems Administration,Moderate_Growth,0.5,0.21813186,0.21813186,0.119257316,0.09895185,0.09887454,WEF04,WEF02,ONET_BrightOutlook_2024,0.0,Moderate_Growth,0.7,0.0
GPUaaS providers,1,0.75,WEF04,Cloud Computing & Infrastructure,Strong_Growth,0.85,0.24263702,0.24263702,0.23177654,0.18904188,0.010860488,ONET02,WEF05,WEF_FutureOfJobs_2025,0.0,Strong_Growth,1.0,0.0
GPU hardware architecture,1,0.75,ONET02,Database & Systems Administration,Moderate_Growth,0.5,0.2191172,0.2191172,0.15115517,0.1500287,0.06796202,ONET03,WEF01,ONET_BrightOutlook_2024,0.0,Moderate_Growth,0.7,0.0
GPU farms,1,0.75,WEF04,Cloud Computing & Infrastructure,Strong_Growth,0.85,0.29566574,0.29566574,0.22498226,0.17858416,0.07068348,ONET02,WEF02,WEF_FutureOfJobs_2025,0.0,Strong_Growth,1.0,0.0
GPU Compute API,1,0.75,WEF04,Cloud Computing & Infrastructure,Strong_Growth,0.85,0.17904048,0.17904048,0.15840732,0.14037485,0.020633161,WEF02,WEF01,WEF_FutureOfJobs_2025,0.0,Strong_Growth,1.0,0.0
Government Secret Security Clearance,1,0.75,WEF03,Cybersecurity,Strong_Growth,0.9,0.22887875,0.22887875,0.17634416,0.1018957,0.052534595,DEC01,MCK01,WEF_FutureOfJobs_2025,0.0,Strong_Growth,1.0,0.0
government procurement regulations,1,0.75,MCK01,Process Automation & RPA,Moderate_Growth,0.5,0.20678176,0.20678176,0.20628726,0.18982792,0.00049449503,ONET06,WEF05,McKinsey_FutureOfWork_2025,0.0,Moderate_Growth,0.7,0.0
governance,1,0.75,ONET06,Blockchain & Distributed Systems,Moderate_Growth,0.5,0.2765227,0.2765227,0.18912874,0.16215853,0.087393954,MCK03,MCK02,ONET_BrightOutlook_2024,0.0,Moderate_Growth,0.7,0.0
Google Workspace,1,0.75,WEF04,Cloud Computing & Infrastructure,Strong_Growth,0.85,0.20085853,0.20085853,0.161232,0.15240178,0.03962654,DEC02,ONET03,WEF_FutureOfJobs_2025,0.0,Strong_Growth,1.0,0.0
HL7/FHIR,1,0.75,DEC02,Legacy Web Development,Decline,-0.4,0.08880171,0.08880171,0.08170685,0.077784345,0.00709486,MCK05,MCK03,Expert_consensus,0.0,Declining,0.0,0.0
High-rise,1,0.75,ONET02,Database & Systems Administration,Moderate_Growth,0.5,0.14182161,0.14182161,0.124185205,0.12356015,0.017636403,MCK02,DEC02,ONET_BrightOutlook_2024,0.0,Moderate_Growth,0.7,0.0
high performance computing,1,0.75,ONET02,Database & Systems Administration,Moderate_Growth,0.5,0.2602535,0.2602535,0.2583927,0.22875394,0.0018607974,WEF04,WEF02,ONET_BrightOutlook_2024,0.0,Moderate_Growth,0.7,0.0
Hermes,1,0.75,ONET02,Database & Systems Administration,Moderate_Growth,0.5,0.0961328,0.0961328,0.08084745,0.07409667,0.01528535,MCK05,WEF04,ONET_BrightOutlook_2024,0.0,Moderate_Growth,0.7,0.0
hematology-oncology,1,0.75,ONET02,Database & Systems Administration,Moderate_Growth,0.5,0.11700481,0.11700481,0.10542567,0.08475225,0.011579141,ONET05,ONET06,ONET_BrightOutlook_2024,0.0,Moderate_Growth,0.7,0.0
heavy-duty mechanics,1,0.75,DEC03,Routine Maintenance Coding,Decline,-0.3,0.24875614,0.24875614,0.22732376,0.18644571,0.021432385,MCK02,MCK05,McKinsey_FutureOfWork_2023,0.0,Declining,0.0,0.0
heat transfer,1,0.75,MCK02,Advanced Communication & Collaboration,Moderate_Growth,0.4,0.063776255,0.063776255,0.05506437,0.030021459,0.008711886,MCK03,WEF01,McKinsey_FutureOfWork_2025,0.0,Stable,0.4,0.0
healthcare system integrations,1,0.75,ONET02,Database & Systems Administration,Moderate_Growth,0.5,0.29174554,0.29174554,0.2627382,0.25256458,0.029007345,DEC01,MCK01,ONET_BrightOutlook_2024,0.0,Moderate_Growth,0.7,0.0
healthcare standards,1,0.75,DEC03,Routine Maintenance Coding,Decline,-0.3,0.19460967,0.19460967,0.18331139,0.16459447,0.011298284,DEC01,ONET06,McKinsey_FutureOfWork_2023,0.0,Declining,0.0,0.0
health context,1,0.75,MCK05,Resilience & Adaptability,Strong_Growth,0.75,0.23584235,0.23584235,0.18497819,0.15116161,0.05086416,ONET03,DEC03,WEF_FutureOfJobs_2025,0.0,Moderate_Growth,0.7,0.0
health and benefits administration,1,0.75,MCK03,Leadership & People Development,Moderate_Growth,0.55,0.24769057,0.24769057,0.23452191,0.21394372,0.013168663,ONET02,MCK05,McKinsey_FutureOfWork_2025,0.0,Moderate_Growth,0.7,0.0
HDFS,1,0.75,ONET02,Database & Systems Administration,Moderate_Growth,0.5,0.27858037,0.27858037,0.21707305,0.19666404,0.061507314,WEF02,ONET06,ONET_BrightOutlook_2024,0.0,Moderate_Growth,0.7,0.0
hardware validation,1,0.75,WEF03,Cybersecurity,Strong_Growth,0.9,0.16476578,0.16476578,0.1406362,0.101792164,0.02412957,ONET05,DEC02,WEF_FutureOfJobs_2025,0.0,Strong_Growth,1.0,0.0
hardware,1,0.75,DEC02,Legacy Web Development,Decline,-0.4,0.2666377,0.2666377,0.25997427,0.25596678,0.0066634417,ONET03,ONET02,Expert_consensus,0.0,Declining,0.0,0.0
Halon,1,0.75,ESCO01,Project Management & Agile Methodologies,Moderate_Growth,0.55,0.18091267,0.18091267,0.17144996,0.1651091,0.009462714,ONET04,WEF04,ESCO_v1.2_2024,0.0,Moderate_Growth,0.7,0.0
CPUs,1,0.75,ONET02,Database & Systems Administration,Moderate_Growth,0.5,0.25916734,0.25916734,0.24937978,0.23725115,0.0097875595,WEF04,DEC02,ONET_BrightOutlook_2024,0.0,Moderate_Growth,0.7,0.0
Cowboy central delivery point,1,0.75,MCK02,Advanced Communication & Collaboration,Moderate_Growth,0.4,0.17528507,0.17528507,0.0703648,0.051107388,0.10492027,ESCO01,ONET02,McKinsey_FutureOfWork_2025,0.0,Stable,0.4,0.0
correctness tools,1,0.75,DEC03,Routine Maintenance Coding,Decline,-0.3,0.26978052,0.26978052,0.24444324,0.19775243,0.025337279,WEF07,DEC01,McKinsey_FutureOfWork_2023,0.0,Declining,0.0,0.0
IBM,1,0.75,ONET02,Database & Systems Administration,Moderate_Growth,0.5,0.25092322,0.25092322,0.24467897,0.21618128,0.006244242,DEC02,WEF04,ONET_BrightOutlook_2024,0.0,Moderate_Growth,0.7,0.0
IaaS,1,0.75,WEF04,Cloud Computing & Infrastructure,Strong_Growth,0.85,0.2155014,0.2155014,0.19956324,0.16491841,0.015938163,WEF07,ONET02,WEF_FutureOfJobs_2025,0.0,Strong_Growth,1.0,0.0
IA Control & Signaling,1,0.75,WEF07,Human-AI Collaboration,Strong_Growth,0.95,0.24516243,0.24516243,0.1393743,0.13576007,0.10578813,WEF04,MCK01,WEF_FutureOfJobs_2025,0.0,Strong_Growth,1.0,0.0
hyperscalers,1,0.75,WEF04,Cloud Computing & Infrastructure,Strong_Growth,0.85,0.16113244,0.16113244,0.12352382,0.108210325,0.037608624,WEF01,WEF05,WEF_FutureOfJobs_2025,0.0,Strong_Growth,1.0,0.0
Hybrid Join,1,0.75,MCK02,Advanced Communication & Collaboration,Moderate_Growth,0.4,0.11874382,0.11874382,0.11276995,0.10799313,0.0059738755,MCK05,WEF07,McKinsey_FutureOfWork_2025,0.0,Stable,0.4,0.0
hybrid environments,1,0.75,MCK05,Resilience & Adaptability,Strong_Growth,0.75,0.27712625,0.27712625,0.23113164,0.2097139,0.04599461,WEF04,DEC02,WEF_FutureOfJobs_2025,0.0,Moderate_Growth,0.7,0.0
HRIS System,1,0.75,ONET03,UX/UI & Digital Design,Moderate_Growth,0.55,0.22242787,0.22242787,0.22162963,0.21455204,0.0007982403,ONET02,ONET06,ONET_BrightOutlook_2024,0.0,Moderate_Growth,0.7,0.0
HR functions,1,0.75,MCK03,Leadership & People Development,Moderate_Growth,0.55,0.21905994,0.21905994,0.21763223,0.21339849,0.00142771,MCK01,ONET03,McKinsey_FutureOfWork_2025,0.0,Moderate_Growth,0.7,0.0
HR best practices,1,0.75,MCK03,Leadership & People Development,Moderate_Growth,0.55,0.2834739,0.2834739,0.24389564,0.22564214,0.039578274,MCK02,DEC01,McKinsey_FutureOfWork_2025,0.0,Moderate_Growth,0.7,0.0
HPE,1,0.75,ONET02,Database & Systems Administration,Moderate_Growth,0.5,0.1992493,0.1992493,0.1775184,0.15670516,0.0217309,ONET05,ONET04,ONET_BrightOutlook_2024,0.0,Moderate_Growth,0.7,0.0
housebuilding,1,0.75,MCK05,Resilience & Adaptability,Strong_Growth,0.75,0.24112806,0.24112806,0.21877602,0.20794013,0.02235204,DEC03,DEC02,WEF_FutureOfJobs_2025,0.0,Moderate_Growth,0.7,0.0
in-house development,1,0.75,MCK02,Advanced Communication & Collaboration,Moderate_Growth,0.4,0.27432677,0.27432677,0.2717853,0.26577207,0.0025414824,DEC02,DEC03,McKinsey_FutureOfWork_2025,0.0,Stable,0.4,0.0
ILO,1,0.75,WEF07,Human-AI Collaboration,Strong_Growth,0.95,0.17166734,0.17166734,0.120319515,0.10775256,0.051347822,ONET06,WEF03,WEF_FutureOfJobs_2025,0.0,Strong_Growth,1.0,0.0
IHV,1,0.75,ONET04,Game Development & Interactive Media,Moderate_Growth,0.6,0.124700025,0.124700025,0.104244635,0.092386656,0.02045539,MCK04,ESCO01,ONET_BrightOutlook_2024,0.0,Moderate_Growth,0.7,0.0
Ignition,1,0.75,ESCO02,Business Analysis & Requirements Engineering,Moderate_Growth,0.5,0.11095655,0.11095655,0.10160978,0.09232974,0.009346768,MCK04,ONET02,ESCO_v1.2_2024,0.0,Moderate_Growth,0.7,0.0
identity management,1,0.75,ONET02,Database & Systems Administration,Moderate_Growth,0.5,0.20788363,0.20788363,0.18116191,0.17827089,0.026721716,MCK02,WEF05,ONET_BrightOutlook_2024,0.0,Moderate_Growth,0.7,0.0
customer service,1,0.75,ONET02,Database & Systems Administration,Moderate_Growth,0.5,0.21604475,0.21604475,0.21534169,0.19317287,0.0007030666,WEF05,DEC03,ONET_BrightOutlook_2024,0.0,Moderate_Growth,0.7,0.0
customer experience,1,0.75,ESCO02,Business Analysis & Requirements Engineering,Moderate_Growth,0.5,0.27322924,0.27322924,0.2654597,0.20499083,0.007769555,MCK02,DEC02,ESCO_v1.2_2024,0.0,Moderate_Growth,0.7,0.0
customer engagement,1,0.75,WEF05,Digital Platforms & E-commerce,Moderate_Growth,0.7,0.26713383,0.26713383,0.24094415,0.21874517,0.026189685,MCK02,ESCO02,WEF_FutureOfJobs_2025,0.0,Moderate_Growth,0.7,0.0
CUDA,1,0.75,ONET02,Database & Systems Administration,Moderate_Growth,0.5,0.14047574,0.14047574,0.098172456,0.09529063,0.04230328,ESCO01,DEC03,ONET_BrightOutlook_2024,0.0,Moderate_Growth,0.7,0.0
CT Data Strategy,1,0.75,DEC01,Routine Data Entry & Clerical,Decline,-0.6,0.26332057,0.26332057,0.16358575,0.15570654,0.09973481,WEF02,MCK02,WEF_FutureOfJobs_2023,0.0,Declining,0.0,0.0
CSS3,1,0.75,DEC02,Legacy Web Development,Decline,-0.4,0.2973793,0.2973793,0.17180614,0.15078554,0.12557317,ONET03,ONET06,Expert_consensus,0.0,Declining,0.0,0.0
CSP,1,0.75,DEC03,Routine Maintenance Coding,Decline,-0.3,0.15015233,0.15015233,0.1487909,0.14678356,0.0013614297,MCK02,WEF04,McKinsey_FutureOfWork_2023,0.0,Declining,0.0,0.0
CrossRef,1,0.75,MCK02,Advanced Communication & Collaboration,Moderate_Growth,0.4,0.14284596,0.14284596,0.13660309,0.10371378,0.0062428713,MCK05,DEC03,McKinsey_FutureOfWork_2025,0.0,Stable,0.4,0.0
cross-platform mobile applications,1,0.75,WEF05,Digital Platforms & E-commerce,Moderate_Growth,0.7,0.27725813,0.27725813,0.22539307,0.20704779,0.051865056,DEC02,ONET03,WEF_FutureOfJobs_2025,0.0,Moderate_Growth,0.7,0.0
CRM,1,0.75,ONET02,Database & Systems Administration,Moderate_Growth,0.5,0.24980482,0.24980482,0.22819139,0.21633722,0.021613434,ESCO01,DEC03,ONET_BrightOutlook_2024,0.0,Moderate_Growth,0.7,0.0
Crisis Care Platform,1,0.75,ONET02,Database & Systems Administration,Moderate_Growth,0.5,0.2564058,0.2564058,0.22374259,0.20531322,0.03266321,MCK05,ONET06,ONET_BrightOutlook_2024,0.0,Moderate_Growth,0.7,0.0
consumer-driven insights,1,0.75,WEF05,Digital Platforms & E-commerce,Moderate_Growth,0.7,0.22396554,0.22396554,0.21988809,0.21792914,0.0040774494,ESCO02,MCK05,WEF_FutureOfJobs_2025,0.0,Moderate_Growth,0.7,0.0
consumer packaged goods,1,0.75,WEF05,Digital Platforms & E-commerce,Moderate_Growth,0.7,0.19376118,0.19376118,0.11317377,0.11210768,0.08058742,DEC02,ONET06,WEF_FutureOfJobs_2025,0.0,Moderate_Growth,0.7,0.0
intercom systems,1,0.75,MCK02,Advanced Communication & Collaboration,Moderate_Growth,0.4,0.2484324,0.2484324,0.23113199,0.22398274,0.017300412,ONET03,MCK01,McKinsey_FutureOfWork_2025,0.0,Stable,0.4,0.0
integrated value,1,0.75,MCK05,Resilience & Adaptability,Strong_Growth,0.75,0.19403765,0.19403765,0.15739322,0.15582313,0.03664443,MCK02,WEF08,WEF_FutureOfJobs_2025,0.0,Moderate_Growth,0.7,0.0
integrated mine closure planning,1,0.75,MCK02,Advanced Communication & Collaboration,Moderate_Growth,0.4,0.1810022,0.1810022,0.17173217,0.16322213,0.009270027,ESCO01,ESCO02,McKinsey_FutureOfWork_2025,0.0,Stable,0.4,0.0
insurance industry,2,0.75,ESCO02,Business Analysis & Requirements Engineering,Moderate_Growth,0.5,0.25242215,0.25242215,0.22937974,0.18024129,0.02304241,WEF05,ONET02,ESCO_v1.2_2024,0.0,Moderate_Growth,0.7,0.0
Instrumentation and Electrical facility design,1,0.75,ONET03,UX/UI & Digital Design,Moderate_Growth,0.55,0.22352695,0.22352695,0.16398367,0.15876456,0.05954328,ESCO02,ONET05,ONET_BrightOutlook_2024,0.0,Moderate_Growth,0.7,0.0
injection molding,1,0.75,DEC03,Routine Maintenance Coding,Decline,-0.3,0.05293845,0.05293845,0.04317606,0.033842914,0.009762391,MCK01,ESCO02,McKinsey_FutureOfWork_2023,0.0,Declining,0.0,0.0
information architecture,2,0.75,ONET02,Database & Systems Administration,Moderate_Growth,0.5,0.26849413,0.26849413,0.24877167,0.23521033,0.019722462,ONET06,ONET03,ONET_BrightOutlook_2024,0.0,Moderate_Growth,0.7,0.0
inform/awareness,1,0.75,MCK02,Advanced Communication & Collaboration,Moderate_Growth,0.4,0.24981523,0.24981523,0.20854534,0.17559314,0.041269884,WEF07,ONET02,McKinsey_FutureOfWork_2025,0.0,Stable,0.4,0.0
INFINIDAT,1,0.75,MCK03,Leadership & People Development,Moderate_Growth,0.55,0.11693899,0.11693899,0.11219394,0.10779226,0.0047450513,ESCO01,ONET02,McKinsey_FutureOfWork_2025,0.0,Moderate_Growth,0.7,0.0
industry benchmarks,1,0.75,ONET02,Database & Systems Administration,Moderate_Growth,0.5,0.2469693,0.2469693,0.24177846,0.22207819,0.0051908344,ONET03,ESCO02,ONET_BrightOutlook_2024,0.0,Moderate_Growth,0.7,0.0
industrial control systems,1,0.75,MCK01,Process Automation & RPA,Moderate_Growth,0.5,0.2893883,0.2893883,0.21831262,0.19756183,0.07107568,ONET06,ONET03,McKinsey_FutureOfWork_2025,0.0,Moderate_Growth,0.7,0.0
indexing,1,0.75,ONET02,Database & Systems Administration,Moderate_Growth,0.5,0.24812879,0.24812879,0.124449804,0.11729251,0.12367898,WEF02,ESCO02,ONET_BrightOutlook_2024,0.0,Moderate_Growth,0.7,0.0
incident management,1,0.75,ESCO01,Project Management & Agile Methodologies,Moderate_Growth,0.55,0.26554608,0.26554608,0.23245491,0.19354708,0.033091173,ONET02,MCK03,ESCO_v1.2_2024,0.0,Moderate_Growth,0.7,0.0
investment strategy,1,0.75,ESCO01,Project Management & Agile Methodologies,Moderate_Growth,0.55,0.22838937,0.22838937,0.22391987,0.18049578,0.004469499,MCK05,ONET06,ESCO_v1.2_2024,0.0,Moderate_Growth,0.7,0.0
inventory management,2,0.75,ONET02,Database & Systems Administration,Moderate_Growth,0.5,0.26140353,0.26140353,0.2180045,0.18874872,0.043399036,ESCO01,ONET06,ONET_BrightOutlook_2024,0.0,Moderate_Growth,0.7,0.0
internet,1,0.75,ONET02,Database & Systems Administration,Moderate_Growth,0.5,0.27915603,0.27915603,0.2740485,0.26537472,0.005107522,DEC02,WEF05,ONET_BrightOutlook_2024,0.0,Moderate_Growth,0.7,0.0
internationalization,1,0.75,WEF05,Digital Platforms & E-commerce,Moderate_Growth,0.7,0.1625942,0.1625942,0.16240336,0.15949365,0.00019083917,WEF07,WEF04,WEF_FutureOfJobs_2025,0.0,Moderate_Growth,0.7,0.0
internal standards,1,0.75,DEC02,Legacy Web Development,Decline,-0.4,0.21596228,0.21596228,0.20739314,0.19650263,0.008569136,ONET03,ESCO02,Expert_consensus,0.0,Declining,0.0,0.0
internal housing management software,1,0.75,ONET02,Database & Systems Administration,Moderate_Growth,0.5,0.23073134,0.23073134,0.19922566,0.19389546,0.031505674,DEC03,ESCO01,ONET_BrightOutlook_2024,0.0,Moderate_Growth,0.7,0.0
corporate governance,1,0.75,ONET06,Blockchain & Distributed Systems,Moderate_Growth,0.5,0.22788486,0.22788486,0.19863795,0.18043749,0.029246911,MCK02,MCK03,ONET_BrightOutlook_2024,0.0,Moderate_Growth,0.7,0.0
copper deposit types,1,0.75,DEC01,Routine Data Entry & Clerical,Decline,-0.6,0.17072743,0.17072743,0.16268751,0.11407852,0.0080399215,WEF08,MCK02,WEF_FutureOfJobs_2023,0.0,Declining,0.0,0.0
copper cabling,1,0.75,ONET03,UX/UI & Digital Design,Moderate_Growth,0.55,0.11768831,0.11768831,0.10024433,0.09274369,0.017443985,WEF04,DEC02,ONET_BrightOutlook_2024,0.0,Moderate_Growth,0.7,0.0
coordinate transformation systems,1,0.75,ONET03,UX/UI & Digital Design,Moderate_Growth,0.55,0.083214805,0.083214805,0.07829517,0.06288572,0.0049196333,ONET02,ONET06,ONET_BrightOutlook_2024,0.0,Moderate_Growth,0.7,0.0
contracts,1,0.75,ONET06,Blockchain & Distributed Systems,Moderate_Growth,0.5,0.26248112,0.26248112,0.26156223,0.25051546,0.000918895,MCK02,DEC03,ONET_BrightOutlook_2024,0.0,Moderate_Growth,0.7,0.0
Continuous Integration,1,0.75,ONET02,Database & Systems Administration,Moderate_Growth,0.5,0.16002427,0.16002427,0.15491164,0.15235254,0.005112633,WEF02,MCK01,ONET_BrightOutlook_2024,0.0,Moderate_Growth,0.7,0.0
Continuity of Operations (COOP),1,0.75,WEF07,Human-AI Collaboration,Strong_Growth,0.95,0.21969888,0.21969888,0.21338528,0.18701825,0.006313592,MCK02,ONET06,WEF_FutureOfJobs_2025,0.0,Strong_Growth,1.0,0.0
content metadata,1,0.75,ONET02,Database & Systems Administration,Moderate_Growth,0.5,0.24144964,0.24144964,0.21971822,0.20719114,0.021731421,DEC01,ONET06,ONET_BrightOutlook_2024,0.0,Moderate_Growth,0.7,0.0
Kriging models,1,0.75,WEF01,AI & Machine Learning,Strong_Growth,1.0,0.1248194,0.1248194,0.11762576,0.11326727,0.00719364,ONET02,WEF02,WEF_FutureOfJobs_2025,0.0,Strong_Growth,1.0,0.0
KPI,1,0.75,WEF04,Cloud Computing & Infrastructure,Strong_Growth,0.85,0.21329838,0.21329838,0.20736039,0.20111643,0.0059379935,WEF02,MCK01,WEF_FutureOfJobs_2025,0.0,Strong_Growth,1.0,0.0
Kotlin,1,0.75,MCK02,Advanced Communication & Collaboration,Moderate_Growth,0.4,0.11632775,0.11632775,0.10981482,0.1059462,0.006512925,ONET02,WEF05,McKinsey_FutureOfWork_2025,0.0,Stable,0.4,0.0
Kong Konnect,1,0.75,WEF08,Technological Literacy & Digital Fluency,Strong_Growth,0.85,0.073859274,0.073859274,0.062253874,0.05506238,0.011605401,ONET03,WEF04,WEF_FutureOfJobs_2025,0.0,Strong_Growth,1.0,0.0
knowledge graphs,1,0.75,ONET02,Database & Systems Administration,Moderate_Growth,0.5,0.25015134,0.25015134,0.22954023,0.20356193,0.020611107,WEF01,WEF07,ONET_BrightOutlook_2024,0.0,Moderate_Growth,0.7,0.0
kernel,1,0.75,ONET06,Blockchain & Distributed Systems,Moderate_Growth,0.5,0.14532697,0.14532697,0.12132262,0.11381218,0.024004355,WEF01,DEC03,ONET_BrightOutlook_2024,0.0,Moderate_Growth,0.7,0.0
Kafka,3,0.75,ONET02,Database & Systems Administration,Moderate_Growth,0.5,0.21492305,0.21492305,0.13787663,0.1250352,0.077046424,ONET06,WEF04,ONET_BrightOutlook_2024,0.0,Moderate_Growth,0.7,0.0
JMS,1,0.75,ESCO01,Project Management & Agile Methodologies,Moderate_Growth,0.55,0.2188822,0.2188822,0.19340226,0.15256464,0.025479943,ONET02,DEC02,ESCO_v1.2_2024,0.0,Moderate_Growth,0.7,0.0
Jira,2,0.75,ESCO01,Project Management & Agile Methodologies,Moderate_Growth,0.55,0.25958994,0.25958994,0.14565223,0.14498238,0.113937706,WEF02,WEF03,ESCO_v1.2_2024,0.0,Moderate_Growth,0.7,0.0
Jenkins,1,0.75,ONET05,Quality Assurance & Testing,Moderate_Growth,0.55,0.24087134,0.24087134,0.22893396,0.21865162,0.01193738,ONET02,WEF04,ONET_BrightOutlook_2024,0.0,Moderate_Growth,0.7,0.0
JDeveloper,1,0.75,ONET02,Database & Systems Administration,Moderate_Growth,0.5,0.16896826,0.16896826,0.11631253,0.11185935,0.052655727,DEC03,DEC02,ONET_BrightOutlook_2024,0.0,Moderate_Growth,0.7,0.0
JavaScript,3,0.75,DEC02,Legacy Web Development,Decline,-0.4,0.25884312,0.25884312,0.20380282,0.1883069,0.0550403,WEF01,DEC03,Expert_consensus,0.0,Declining,0.0,0.0
ISO 9001,1,0.75,DEC03,Routine Maintenance Coding,Decline,-0.3,0.109588444,0.109588444,0.106071755,0.094410814,0.003516689,ONET03,DEC02,McKinsey_FutureOfWork_2023,0.0,Declining,0.0,0.0
IoT sensors,1,0.75,WEF01,AI & Machine Learning,Strong_Growth,1.0,0.18532245,0.18532245,0.15271007,0.14354761,0.032612383,WEF02,WEF04,WEF_FutureOfJobs_2025,0.0,Strong_Growth,1.0,0.0
IoT,1,0.75,ONET06,Blockchain & Distributed Systems,Moderate_Growth,0.5,0.23981214,0.23981214,0.23091587,0.22413658,0.008896261,WEF01,WEF04,ONET_BrightOutlook_2024,0.0,Moderate_Growth,0.7,0.0
iOS,4,0.75,ONET03,UX/UI & Digital Design,Moderate_Growth,0.55,0.2763508,0.2763508,0.21725172,0.1855641,0.05909908,WEF07,WEF05,ONET_BrightOutlook_2024,0.0,Moderate_Growth,0.7,0.0
Light Gauge Steel (LGS) systems,1,0.75,ONET03,UX/UI & Digital Design,Moderate_Growth,0.55,0.12249589,0.12249589,0.09916089,0.06922206,0.023335002,DEC02,MCK02,ONET_BrightOutlook_2024,0.0,Moderate_Growth,0.7,0.0
lifecycle marketing,1,0.75,WEF05,Digital Platforms & E-commerce,Moderate_Growth,0.7,0.2746152,0.2746152,0.25974855,0.23053159,0.01486665,MCK05,ESCO02,WEF_FutureOfJobs_2025,0.0,Moderate_Growth,0.7,0.0
Life Sciences,1,0.75,ONET02,Database & Systems Administration,Moderate_Growth,0.5,0.2757856,0.2757856,0.23995087,0.20898715,0.03583473,MCK05,MCK03,ONET_BrightOutlook_2024,0.0,Moderate_Growth,0.7,0.0
life insurance,1,0.75,MCK05,Resilience & Adaptability,Strong_Growth,0.75,0.16752422,0.16752422,0.105601735,0.077653095,0.061922483,DEC03,MCK04,WEF_FutureOfJobs_2025,0.0,Moderate_Growth,0.7,0.0
Lending,1,0.75,WEF05,Digital Platforms & E-commerce,Moderate_Growth,0.7,0.2041178,0.2041178,0.1587179,0.13397421,0.045399904,ONET06,WEF07,WEF_FutureOfJobs_2025,0.0,Moderate_Growth,0.7,0.0
Legal Service Hub,1,0.75,WEF04,Cloud Computing & Infrastructure,Strong_Growth,0.85,0.19153082,0.19153082,0.1565174,0.1522817,0.035013422,MCK02,DEC01,WEF_FutureOfJobs_2025,0.0,Strong_Growth,1.0,0.0
LeapSpace,1,0.75,MCK05,Resilience & Adaptability,Strong_Growth,0.75,0.22317544,0.22317544,0.21014123,0.20348799,0.01303421,ONET04,ONET03,WEF_FutureOfJobs_2025,0.0,Moderate_Growth,0.7,0.0
LCA,1,0.75,ONET05,Quality Assurance & Testing,Moderate_Growth,0.55,0.21248499,0.21248499,0.20987494,0.14602023,0.0026100427,MCK02,MCK05,ONET_BrightOutlook_2024,0.0,Moderate_Growth,0.7,0.0
layer 3 protocols,1,0.75,ONET06,Blockchain & Distributed Systems,Moderate_Growth,0.5,0.22207154,0.22207154,0.16448963,0.14719795,0.057581916,MCK02,ONET03,ONET_BrightOutlook_2024,0.0,Moderate_Growth,0.7,0.0
layer 2 protocols,1,0.75,ONET06,Blockchain & Distributed Systems,Moderate_Growth,0.5,0.13944562,0.13944562,0.117322296,0.112836644,0.022123322,MCK02,ONET03,ONET_BrightOutlook_2024,0.0,Moderate_Growth,0.7,0.0
launch file,1,0.75,ESCO02,Business Analysis & Requirements Engineering,Moderate_Growth,0.5,0.105836585,0.105836585,0.09585101,0.09407988,0.009985574,ESCO01,ONET04,ESCO_v1.2_2024,0.0,Moderate_Growth,0.7,0.0
lasers,1,0.75,ONET02,Database & Systems Administration,Moderate_Growth,0.5,0.144321,0.144321,0.12872092,0.10006906,0.01560007,ONET04,WEF04,ONET_BrightOutlook_2024,0.0,Moderate_Growth,0.7,0.0
laser measurement systems,1,0.75,ONET05,Quality Assurance & Testing,Moderate_Growth,0.55,0.09285215,0.09285215,0.08857784,0.049706243,0.004274316,ONET02,MCK04,ONET_BrightOutlook_2024,0.0,Moderate_Growth,0.7,0.0
Large Language Models,1,0.75,WEF01,AI & Machine Learning,Strong_Growth,1.0,0.27726394,0.27726394,0.10682921,0.104281746,0.17043473,DEC03,WEF07,WEF_FutureOfJobs_2025,0.0,Strong_Growth,1.0,0.0
L4 support,1,0.75,DEC02,Legacy Web Development,Decline,-0.4,0.20252213,0.20252213,0.12660953,0.1209025,0.075912595,ONET06,MCK02,Expert_consensus,0.0,Declining,0.0,0.0
L3 support,1,0.75,DEC02,Legacy Web Development,Decline,-0.4,0.17571186,0.17571186,0.12409085,0.122929014,0.051621005,ONET06,MCK02,Expert_consensus,0.0,Declining,0.0,0.0
compression molding,1,0.75,DEC03,Routine Maintenance Coding,Decline,-0.3,0.12927431,0.12927431,0.077385366,0.070728146,0.051888943,MCK01,WEF05,McKinsey_FutureOfWork_2023,0.0,Declining,0.0,0.0
machining principles,1,0.75,MCK01,Process Automation & RPA,Moderate_Growth,0.5,0.23209026,0.23209026,0.21470666,0.1827268,0.017383605,DEC03,ONET03,McKinsey_FutureOfWork_2025,0.0,Moderate_Growth,0.7,0.0
M365 certifications,1,0.75,MCK02,Advanced Communication & Collaboration,Moderate_Growth,0.4,0.15187341,0.15187341,0.13827133,0.13224824,0.013602078,ESCO02,DEC01,McKinsey_FutureOfWork_2025,0.0,Stable,0.4,0.0
lubes,1,0.75,ONET06,Blockchain & Distributed Systems,Moderate_Growth,0.5,0.15589699,0.15589699,0.13955876,0.10605023,0.01633823,ONET02,WEF02,ONET_BrightOutlook_2024,0.0,Moderate_Growth,0.7,0.0
LSR,1,0.75,MCK02,Advanced Communication & Collaboration,Moderate_Growth,0.4,0.15404947,0.15404947,0.09357129,0.08766785,0.06047818,ONET01,DEC03,McKinsey_FutureOfWork_2025,0.0,Stable,0.4,0.0
logistics,2,0.75,ONET02,Database & Systems Administration,Moderate_Growth,0.5,0.29072824,0.29072824,0.2898759,0.27317688,0.0008523464,MCK02,ESCO01,ONET_BrightOutlook_2024,0.0,Moderate_Growth,0.7,0.0
logging guidelines,1,0.75,DEC03,Routine Maintenance Coding,Decline,-0.3,0.29866946,0.29866946,0.26440018,0.22624245,0.034269273,ONET02,DEC01,McKinsey_FutureOfWork_2023,0.0,Declining,0.0,0.0
localization,1,0.75,WEF07,Human-AI Collaboration,Strong_Growth,0.95,0.08747118,0.08747118,0.08156176,0.08069226,0.0059094205,MCK01,ONET02,WEF_FutureOfJobs_2025,0.0,Strong_Growth,1.0,0.0
live-sound,1,0.75,DEC02,Legacy Web Development,Decline,-0.4,0.19062358,0.19062358,0.1707747,0.13383925,0.019848883,ONET04,DEC03,Expert_consensus,0.0,Declining,0.0,0.0
live streaming service,1,0.75,DEC02,Legacy Web Development,Decline,-0.4,0.17085893,0.17085893,0.1412435,0.10333432,0.029615432,ONET04,WEF05,Expert_consensus,0.0,Declining,0.0,0.0
live field operations,1,0.75,DEC03,Routine Maintenance Coding,Decline,-0.3,0.21979028,0.21979028,0.2013846,0.18410063,0.018405676,MCK01,DEC01,McKinsey_FutureOfWork_2023,0.0,Declining,0.0,0.0
liquidity management,1,0.75,ONET06,Blockchain & Distributed Systems,Moderate_Growth,0.5,0.23742437,0.23742437,0.20090997,0.1905447,0.0365144,ONET02,ESCO01,ONET_BrightOutlook_2024,0.0,Moderate_Growth,0.7,0.0
linters,1,0.75,DEC02,Legacy Web Development,Decline,-0.4,0.13743496,0.13743496,0.121566564,0.10415989,0.015868396,ONET02,DEC03,Expert_consensus,0.0,Declining,0.0,0.0
lighting,2,0.75,DEC02,Legacy Web Development,Decline,-0.4,0.16045326,0.16045326,0.11586717,0.11393517,0.044586092,ONET03,MCK02,Expert_consensus,0.0,Declining,0.0,0.0
manufacturing organization,1,0.75,MCK02,Advanced Communication & Collaboration,Moderate_Growth,0.4,0.26847696,0.26847696,0.25922814,0.2525365,0.009248823,ONET02,ONET03,McKinsey_FutureOfWork_2025,0.0,Stable,0.4,0.0
manufacturing,1,0.75,MCK02,Advanced Communication & Collaboration,Moderate_Growth,0.4,0.23636413,0.23636413,0.19400913,0.18256037,0.042355,ONET03,DEC02,McKinsey_FutureOfWork_2025,0.0,Stable,0.4,0.0
managed network switches,1,0.75,ESCO01,Project Management & Agile Methodologies,Moderate_Growth,0.55,0.14903945,0.14903945,0.14895779,0.14397138,8.165836e-05,ONET02,MCK02,ESCO_v1.2_2024,0.0,Moderate_Growth,0.7,0.0
mail processing,1,0.75,ONET02,Database & Systems Administration,Moderate_Growth,0.5,0.28356883,0.28356883,0.21970695,0.20269158,0.06386188,DEC01,MCK01,ONET_BrightOutlook_2024,0.0,Moderate_Growth,0.7,0.0
macroeconomics,1,0.75,ONET06,Blockchain & Distributed Systems,Moderate_Growth,0.5,0.28126532,0.28126532,0.2112321,0.1814026,0.07003322,WEF05,WEF01,ONET_BrightOutlook_2024,0.0,Moderate_Growth,0.7,0.0
construction,1,0.75,DEC02,Legacy Web Development,Decline,-0.4,0.2443173,0.2443173,0.21941471,0.2095801,0.024902582,MCK02,DEC03,Expert_consensus,0.0,Declining,0.0,0.0
Confluence,2,0.75,MCK02,Advanced Communication & Collaboration,Moderate_Growth,0.4,0.29644516,0.29644516,0.27884364,0.22392976,0.01760152,DEC02,ONET02,McKinsey_FutureOfWork_2025,0.0,Stable,0.4,0.0
configuration profiles,1,0.75,ONET02,Database & Systems Administration,Moderate_Growth,0.5,0.26033014,0.26033014,0.22557175,0.2023677,0.03475839,DEC03,DEC01,ONET_BrightOutlook_2024,0.0,Moderate_Growth,0.7,0.0
Conditional Access,1,0.75,ONET03,UX/UI & Digital Design,Moderate_Growth,0.55,0.07201131,0.07201131,0.07105127,0.05875938,0.0009600371,DEC01,WEF07,ONET_BrightOutlook_2024,0.0,Moderate_Growth,0.7,0.0
Computer Vision,2,0.75,WEF01,AI & Machine Learning,Strong_Growth,1.0,0.25771883,0.25771883,0.16609435,0.16441336,0.09162448,WEF07,MCK01,WEF_FutureOfJobs_2025,0.0,Strong_Growth,1.0,0.0
compute programming models,1,0.75,WEF01,AI & Machine Learning,Strong_Growth,1.0,0.2686293,0.2686293,0.24859065,0.24811505,0.020038664,DEC03,ONET06,WEF_FutureOfJobs_2025,0.0,Strong_Growth,1.0,0.0
compute architecture,1,0.75,WEF04,Cloud Computing & Infrastructure,Strong_Growth,0.85,0.26797998,0.26797998,0.24773082,0.22733489,0.020249158,WEF01,ONET06,WEF_FutureOfJobs_2025,0.0,Strong_Growth,1.0,0.0
Computational Modeling,1,0.75,ONET06,Blockchain & Distributed Systems,Moderate_Growth,0.5,0.25264892,0.25264892,0.2511766,0.16467562,0.0014723241,WEF01,ESCO02,ONET_BrightOutlook_2024,0.0,Moderate_Growth,0.7,0.0
computational geometry,1,0.75,ONET06,Blockchain & Distributed Systems,Moderate_Growth,0.5,0.22567733,0.22567733,0.19989702,0.16704342,0.025780305,ONET04,WEF01,ONET_BrightOutlook_2024,0.0,Moderate_Growth,0.7,0.0
Mediators,1,0.75,MCK03,Leadership & People Development,Moderate_Growth,0.55,0.25634685,0.25634685,0.22947809,0.18409008,0.02686876,MCK02,WEF05,McKinsey_FutureOfWork_2025,0.0,Moderate_Growth,0.7,0.0
Media,2,0.75,ONET04,Game Development & Interactive Media,Moderate_Growth,0.6,0.29156655,0.29156655,0.23640439,0.2271513,0.05516216,WEF08,WEF05,ONET_BrightOutlook_2024,0.0,Moderate_Growth,0.7,0.0
MEDDPICC,1,0.75,WEF07,Human-AI Collaboration,Strong_Growth,0.95,0.14032832,0.14032832,0.12361302,0.10781771,0.016715296,MCK01,DEC03,WEF_FutureOfJobs_2025,0.0,Strong_Growth,1.0,0.0
MEDDIC,1,0.75,ONET06,Blockchain & Distributed Systems,Moderate_Growth,0.5,0.21088877,0.21088877,0.17288549,0.12385887,0.03800328,ONET02,WEF05,ONET_BrightOutlook_2024,0.0,Moderate_Growth,0.7,0.0
mechanism design,1,0.75,ONET06,Blockchain & Distributed Systems,Moderate_Growth,0.5,0.12025447,0.12025447,0.10487042,0.0853512,0.015384048,ONET03,DEC02,ONET_BrightOutlook_2024,0.0,Moderate_Growth,0.7,0.0
mechanical subsystems,1,0.75,ONET03,UX/UI & Digital Design,Moderate_Growth,0.55,0.19677679,0.19677679,0.19367297,0.16212517,0.0031038225,ONET06,MCK01,ONET_BrightOutlook_2024,0.0,Moderate_Growth,0.7,0.0
mechanical design,1,0.75,ONET03,UX/UI & Digital Design,Moderate_Growth,0.55,0.28922668,0.28922668,0.20039763,0.18297954,0.088829055,DEC02,MCK02,ONET_BrightOutlook_2024,0.0,Moderate_Growth,0.7,0.0
McMaster University,1,0.75,MCK03,Leadership & People Development,Moderate_Growth,0.55,0.1337549,0.1337549,0.124132395,0.123320065,0.009622499,ONET03,ESCO01,McKinsey_FutureOfWork_2025,0.0,Moderate_Growth,0.7,0.0
McMaster Children’s Hospital,1,0.75,MCK03,Leadership & People Development,Moderate_Growth,0.55,0.17591369,0.17591369,0.108516484,0.083669886,0.06739721,MCK05,ONET03,McKinsey_FutureOfWork_2025,0.0,Moderate_Growth,0.7,0.0
McCarthy Stone framework,1,0.75,DEC02,Legacy Web Development,Decline,-0.4,0.10884993,0.10884993,0.098348126,0.07923681,0.010501802,ONET04,MCK02,Expert_consensus,0.0,Declining,0.0,0.0
Mathematics,1,0.75,MCK04,Critical Thinking & Problem Solving,Strong_Growth,0.8,0.26021457,0.26021457,0.25631857,0.24118847,0.003895998,WEF02,ONET06,McKinsey_FutureOfWork_2025,0.0,Strong_Growth,1.0,0.0
mathematical optimization,1,0.75,MCK04,Critical Thinking & Problem Solving,Strong_Growth,0.8,0.1447,0.1447,0.11436246,0.089955375,0.030337542,WEF01,WEF05,McKinsey_FutureOfWork_2025,0.0,Strong_Growth,1.0,0.0
mathematical models,1,0.75,ONET06,Blockchain & Distributed Systems,Moderate_Growth,0.5,0.21686602,0.21686602,0.20405968,0.1336227,0.012806341,WEF01,WEF05,ONET_BrightOutlook_2024,0.0,Moderate_Growth,0.7,0.0
Materials Science,1,0.75,ONET03,UX/UI & Digital Design,Moderate_Growth,0.55,0.26115346,0.26115346,0.22416554,0.22299856,0.036987916,MCK02,ONET02,ONET_BrightOutlook_2024,0.0,Moderate_Growth,0.7,0.0
maritime operations,1,0.75,MCK02,Advanced Communication & Collaboration,Moderate_Growth,0.4,0.23981786,0.23981786,0.23530805,0.18734992,0.0045098066,WEF04,ONET02,McKinsey_FutureOfWork_2025,0.0,Stable,0.4,0.0
marine/offshore,1,0.75,WEF04,Cloud Computing & Infrastructure,Strong_Growth,0.85,0.2802315,0.2802315,0.2777088,0.2500197,0.002522707,MCK02,DEC02,WEF_FutureOfJobs_2025,0.0,Strong_Growth,1.0,0.0
Microsoft packages,1,0.75,DEC03,Routine Maintenance Coding,Decline,-0.3,0.2718491,0.2718491,0.2116757,0.19514658,0.060173392,DEC02,ONET02,McKinsey_FutureOfWork_2023,0.0,Declining,0.0,0.0
Microsoft Intune,1,0.75,ONET02,Database & Systems Administration,Moderate_Growth,0.5,0.27263558,0.27263558,0.21347392,0.21120143,0.059161663,ONET03,DEC03,ONET_BrightOutlook_2024,0.0,Moderate_Growth,0.7,0.0
Microsoft Endpoint certifications,1,0.75,MCK02,Advanced Communication & Collaboration,Moderate_Growth,0.4,0.26711196,0.26711196,0.25271034,0.23971403,0.014401615,ONET05,ESCO02,McKinsey_FutureOfWork_2025,0.0,Stable,0.4,0.0
Microsoft Azure blob storage,1,0.75,WEF04,Cloud Computing & Infrastructure,Strong_Growth,0.85,0.17847589,0.17847589,0.12622266,0.04733497,0.05225323,WEF02,ONET02,WEF_FutureOfJobs_2025,0.0,Strong_Growth,1.0,0.0
Microsoft 365 Power Platform,1,0.75,WEF05,Digital Platforms & E-commerce,Moderate_Growth,0.7,0.27246237,0.27246237,0.24724706,0.2130863,0.025215313,WEF04,ONET06,WEF_FutureOfJobs_2025,0.0,Moderate_Growth,0.7,0.0
Microsoft 365,1,0.75,WEF05,Digital Platforms & E-commerce,Moderate_Growth,0.7,0.2850213,0.2850213,0.26245785,0.24281918,0.022563457,DEC02,ONET06,WEF_FutureOfJobs_2025,0.0,Moderate_Growth,0.7,0.0
microphones,2,0.75,DEC02,Legacy Web Development,Decline,-0.4,0.15988447,0.15988447,0.15382873,0.14580292,0.0060557425,ONET02,WEF04,Expert_consensus,0.0,Declining,0.0,0.0
Metro,1,0.75,ONET03,UX/UI & Digital Design,Moderate_Growth,0.55,0.23483472,0.23483472,0.08487684,0.078350104,0.14995787,ONET02,MCK05,ONET_BrightOutlook_2024,0.0,Moderate_Growth,0.7,0.0
metadata schemas,1,0.75,ONET02,Database & Systems Administration,Moderate_Growth,0.5,0.2987037,0.2987037,0.2768141,0.22173035,0.021889597,DEC01,ONET06,ONET_BrightOutlook_2024,0.0,Moderate_Growth,0.7,0.0
messaging,1,0.75,MCK02,Advanced Communication & Collaboration,Moderate_Growth,0.4,0.23534682,0.23534682,0.16704261,0.13945247,0.06830421,ONET02,DEC03,McKinsey_FutureOfWork_2025,0.0,Stable,0.4,0.0
message queues,1,0.75,ONET02,Database & Systems Administration,Moderate_Growth,0.5,0.2580543,0.2580543,0.16232556,0.15475267,0.095728725,ONET06,DEC03,ONET_BrightOutlook_2024,0.0,Moderate_Growth,0.7,0.0
MeSH,1,0.75,WEF04,Cloud Computing & Infrastructure,Strong_Growth,0.85,0.14402276,0.14402276,0.13113087,0.12941003,0.012891889,ONET06,ONET03,WEF_FutureOfJobs_2025,0.0,Strong_Growth,1.0,0.0
merchant risk,1,0.75,WEF05,Digital Platforms & E-commerce,Moderate_Growth,0.7,0.15984973,0.15984973,0.13810761,0.13205175,0.02174212,MCK05,ONET06,WEF_FutureOfJobs_2025,0.0,Moderate_Growth,0.7,0.0
Memcached,1,0.75,ONET02,Database & Systems Administration,Moderate_Growth,0.5,0.13001086,0.13001086,0.122276835,0.09108704,0.007734023,DEC03,DEC02,ONET_BrightOutlook_2024,0.0,Moderate_Growth,0.7,0.0
Medical device,1,0.75,WEF07,Human-AI Collaboration,Strong_Growth,0.95,0.15772602,0.15772602,0.15077464,0.11889076,0.006951377,MCK01,WEF01,WEF_FutureOfJobs_2025,0.0,Strong_Growth,1.0,0.0
mine planning,1,0.75,DEC03,Routine Maintenance Coding,Decline,-0.3,0.22007896,0.22007896,0.19070771,0.1900368,0.029371247,MCK04,ESCO01,McKinsey_FutureOfWork_2023,0.0,Declining,0.0,0.0
military,1,0.75,WEF04,Cloud Computing & Infrastructure,Strong_Growth,0.85,0.24848299,0.24848299,0.23426718,0.2248278,0.014215812,MCK03,MCK02,WEF_FutureOfJobs_2025,0.0,Strong_Growth,1.0,0.0
middleware security,1,0.75,ONET06,Blockchain & Distributed Systems,Moderate_Growth,0.5,0.24728566,0.24728566,0.2442098,0.21969327,0.003075868,WEF03,ONET02,ONET_BrightOutlook_2024,0.0,Moderate_Growth,0.7,0.0
Mid-rise,1,0.75,MCK02,Advanced Communication & Collaboration,Moderate_Growth,0.4,0.15035462,0.15035462,0.13510576,0.13225967,0.015248865,ESCO01,ONET01,McKinsey_FutureOfWork_2025,0.0,Stable,0.4,0.0
components,1,0.75,ONET03,UX/UI & Digital Design,Moderate_Growth,0.55,0.2542636,0.2542636,0.24459992,0.203469,0.009663686,DEC02,MCK02,ONET_BrightOutlook_2024,0.0,Moderate_Growth,0.7,0.0
compliance audits,1,0.75,DEC01,Routine Data Entry & Clerical,Decline,-0.6,0.28403166,0.28403166,0.25708246,0.2472265,0.026949197,WEF03,ESCO02,WEF_FutureOfJobs_2023,0.0,Declining,0.0,0.0
compliance,2,0.75,DEC03,Routine Maintenance Coding,Decline,-0.3,0.2714704,0.2714704,0.2501992,0.22391644,0.021271199,DEC01,MCK05,McKinsey_FutureOfWork_2023,0.0,Declining,0.0,0.0
compact data encoding standards,1,0.75,DEC01,Routine Data Entry & Clerical,Decline,-0.6,0.22002926,0.22002926,0.19804618,0.17531091,0.021983087,DEC03,WEF02,WEF_FutureOfJobs_2023,0.0,Declining,0.0,0.0
communications systems,1,0.75,ONET06,Blockchain & Distributed Systems,Moderate_Growth,0.5,0.26291335,0.26291335,0.24428791,0.23055364,0.018625438,ONET02,MCK02,ONET_BrightOutlook_2024,0.0,Moderate_Growth,0.7,0.0
commercial objectives,1,0.75,MCK02,Advanced Communication & Collaboration,Moderate_Growth,0.4,0.27920443,0.27920443,0.26866966,0.2593032,0.010534763,ESCO02,ESCO01,McKinsey_FutureOfWork_2025,0.0,Stable,0.4,0.0
commercial insurance,1,0.75,WEF05,Digital Platforms & E-commerce,Moderate_Growth,0.7,0.19080596,0.19080596,0.16003416,0.1339925,0.030771792,DEC03,ESCO02,WEF_FutureOfJobs_2025,0.0,Moderate_Growth,0.7,0.0
commercial acumen,1,0.75,MCK02,Advanced Communication & Collaboration,Moderate_Growth,0.4,0.17769597,0.17769597,0.15657854,0.15022069,0.021117434,WEF05,DEC03,McKinsey_FutureOfWork_2025,0.0,Stable,0.4,0.0
Commercial,1,0.75,WEF05,Digital Platforms & E-commerce,Moderate_Growth,0.7,0.14712141,0.14712141,0.11967215,0.11665004,0.027449265,MCK02,WEF07,WEF_FutureOfJobs_2025,0.0,Moderate_Growth,0.7,0.0
Apache Iceberg,1,0.75,DEC02,Legacy Web Development,Decline,-0.4,0.17121476,0.17121476,0.09477797,0.08805707,0.07643679,DEC03,ONET06,Expert_consensus,0.0,Declining,0.0,0.0
Apache Hudi,1,0.75,DEC02,Legacy Web Development,Decline,-0.4,0.18399036,0.18399036,0.13485017,0.11588269,0.049140185,ONET02,DEC03,Expert_consensus,0.0,Declining,0.0,0.0
Apache Flink,1,0.75,DEC02,Legacy Web Development,Decline,-0.4,0.24702409,0.24702409,0.102074966,0.066044874,0.14494912,DEC03,ONET02,Expert_consensus,0.0,Declining,0.0,0.0
US Healthcare,1,0.75,WEF04,Cloud Computing & Infrastructure,Strong_Growth,0.85,0.17359564,0.17359564,0.17331001,0.1712521,0.00028562546,ONET03,WEF07,WEF_FutureOfJobs_2025,0.0,Strong_Growth,1.0,0.0
UPS,1,0.75,ONET02,Database & Systems Administration,Moderate_Growth,0.5,0.21586272,0.21586272,0.19464493,0.13559587,0.021217793,WEF04,MCK03,ONET_BrightOutlook_2024,0.0,Moderate_Growth,0.7,0.0
uncrewed systems,1,0.75,ONET06,Blockchain & Distributed Systems,Moderate_Growth,0.5,0.27416062,0.27416062,0.17360365,0.13278696,0.10055697,WEF04,ONET02,ONET_BrightOutlook_2024,0.0,Moderate_Growth,0.7,0.0
Unconventional business,1,0.75,DEC02,Legacy Web Development,Decline,-0.4,0.21662018,0.21662018,0.20021908,0.19332774,0.016401097,MCK02,ONET06,Expert_consensus,0.0,Declining,0.0,0.0
unclassified environments,1,0.75,WEF04,Cloud Computing & Infrastructure,Strong_Growth,0.85,0.24242528,0.24242528,0.1844594,0.18367788,0.057965875,DEC03,DEC02,WEF_FutureOfJobs_2025,0.0,Strong_Growth,1.0,0.0
UN Global Compact,1,0.75,WEF04,Cloud Computing & Infrastructure,Strong_Growth,0.85,0.1269559,0.1269559,0.06851622,0.06233126,0.05843968,MCK02,MCK05,WEF_FutureOfJobs_2025,0.0,Strong_Growth,1.0,0.0
UMLS,1,0.75,ONET03,UX/UI & Digital Design,Moderate_Growth,0.55,0.2558848,0.2558848,0.225335,0.17798142,0.030549794,ONET01,MCK02,ONET_BrightOutlook_2024,0.0,Moderate_Growth,0.7,0.0
Ubuntu Core,1,0.75,ONET02,Database & Systems Administration,Moderate_Growth,0.5,0.24527308,0.24527308,0.24323079,0.2235305,0.0020422935,ONET01,ONET03,ONET_BrightOutlook_2024,0.0,Moderate_Growth,0.7,0.0
Ubuntu Classic,1,0.75,DEC02,Legacy Web Development,Decline,-0.4,0.2735557,0.2735557,0.17166106,0.13113745,0.10189463,DEC03,ONET03,Expert_consensus,0.0,Declining,0.0,0.0
Ubuntu,2,0.75,ONET03,UX/UI & Digital Design,Moderate_Growth,0.55,0.23961532,0.23961532,0.23718527,0.17800856,0.0024300516,ONET02,DEC02,ONET_BrightOutlook_2024,0.0,Moderate_Growth,0.7,0.0
TypeScript,3,0.75,DEC02,Legacy Web Development,Decline,-0.4,0.19267328,0.19267328,0.15252192,0.13355455,0.040151358,DEC03,WEF01,Expert_consensus,0.0,Declining,0.0,0.0
Twitch,1,0.75,ONET04,Game Development & Interactive Media,Moderate_Growth,0.6,0.16706881,0.16706881,0.14784534,0.1414095,0.019223467,ESCO01,ONET02,ONET_BrightOutlook_2024,0.0,Moderate_Growth,0.7,0.0
tunnels,1,0.75,ONET04,Game Development & Interactive Media,Moderate_Growth,0.6,0.19342545,0.19342545,0.18547401,0.18432653,0.007951438,WEF04,WEF01,ONET_BrightOutlook_2024,0.0,Moderate_Growth,0.7,0.0
MQTT,1,0.75,MCK02,Advanced Communication & Collaboration,Moderate_Growth,0.4,0.14354557,0.14354557,0.13764702,0.12906209,0.00589855,ONET01,ESCO01,McKinsey_FutureOfWork_2025,0.0,Stable,0.4,0.0
monitoring,1,0.75,ONET02,Database & Systems Administration,Moderate_Growth,0.5,0.26696342,0.26696342,0.20186768,0.18579312,0.06509574,DEC03,WEF02,ONET_BrightOutlook_2024,0.0,Moderate_Growth,0.7,0.0
Modern Methods of Construction (MMC),1,0.75,DEC02,Legacy Web Development,Decline,-0.4,0.24435295,0.24435295,0.1951426,0.18846425,0.049210355,ESCO01,MCK02,Expert_consensus,0.0,Declining,0.0,0.0
Model-driven Apps,1,0.75,ESCO02,Business Analysis & Requirements Engineering,Moderate_Growth,0.5,0.24380207,0.24380207,0.24265395,0.23405969,0.0011481196,DEC03,ONET01,ESCO_v1.2_2024,0.0,Moderate_Growth,0.7,0.0
Model-Based Systems Engineering (MBSE),1,0.75,ESCO02,Business Analysis & Requirements Engineering,Moderate_Growth,0.5,0.29406294,0.29406294,0.24497592,0.24165365,0.049087018,ONET03,ONET02,ESCO_v1.2_2024,0.0,Moderate_Growth,0.7,0.0
mobile UI,1,0.75,ONET03,UX/UI & Digital Design,Moderate_Growth,0.55,0.2972857,0.2972857,0.20816326,0.14315203,0.089122444,DEC02,DEC03,ONET_BrightOutlook_2024,0.0,Moderate_Growth,0.7,0.0
CNC programming,1,0.75,DEC03,Routine Maintenance Coding,Decline,-0.3,0.29641682,0.29641682,0.28120965,0.28029552,0.015207171,WEF07,MCK01,McKinsey_FutureOfWork_2023,0.0,Declining,0.0,0.0
CNC machining,2,0.75,MCK01,Process Automation & RPA,Moderate_Growth,0.5,0.26169002,0.26169002,0.17406413,0.17232211,0.08762589,DEC03,MCK02,McKinsey_FutureOfWork_2025,0.0,Moderate_Growth,0.7,0.0
CNC,1,0.75,WEF07,Human-AI Collaboration,Strong_Growth,0.95,0.1835165,0.1835165,0.15278329,0.1400493,0.030733213,MCK02,MCK01,WEF_FutureOfJobs_2025,0.0,Strong_Growth,1.0,0.0
ML lifecycle,1,0.75,WEF01,AI & Machine Learning,Strong_Growth,1.0,0.19918571,0.19918571,0.19365841,0.18539074,0.0055273026,MCK05,DEC03,WEF_FutureOfJobs_2025,0.0,Strong_Growth,1.0,0.0
mixing console,1,0.75,ONET04,Game Development & Interactive Media,Moderate_Growth,0.6,0.14727843,0.14727843,0.1251612,0.09113048,0.022117227,DEC02,MCK02,ONET_BrightOutlook_2024,0.0,Moderate_Growth,0.7,0.0
Mixed-use,1,0.75,DEC02,Legacy Web Development,Decline,-0.4,0.29024088,0.29024088,0.21958552,0.18745911,0.07065536,MCK02,ONET03,Expert_consensus,0.0,Declining,0.0,0.0
mission IT,1,0.75,WEF07,Human-AI Collaboration,Strong_Growth,0.95,0.110952355,0.110952355,0.08994104,0.08230777,0.021011315,MCK03,DEC03,WEF_FutureOfJobs_2025,0.0,Strong_Growth,1.0,0.0
mineral resource evaluation,1,0.75,WEF06,Environmental & Sustainability Technology,Moderate_Growth,0.6,0.18297563,0.18297563,0.14327571,0.1092459,0.039699927,MCK05,ESCO01,WEF_FutureOfJobs_2025,0.0,Moderate_Growth,0.7,0.0
mineral processing routing,1,0.75,ONET02,Database & Systems Administration,Moderate_Growth,0.5,0.16973831,0.16973831,0.15415293,0.14995669,0.015585378,WEF04,MCK01,ONET_BrightOutlook_2024,0.0,Moderate_Growth,0.7,0.0
navigation patterns,1,0.75,ONET03,UX/UI & Digital Design,Moderate_Growth,0.55,0.21066073,0.21066073,0.19999665,0.18479279,0.010664076,ONET02,ONET04,ONET_BrightOutlook_2024,0.0,Moderate_Growth,0.7,0.0
Natural Language Processing (NLP),1,0.75,WEF01,AI & Machine Learning,Strong_Growth,1.0,0.25379148,0.25379148,0.21712822,0.17355299,0.036663264,MCK01,DEC03,WEF_FutureOfJobs_2025,0.0,Strong_Growth,1.0,0.0
Natural Language Processing,1,0.75,WEF01,AI & Machine Learning,Strong_Growth,1.0,0.25187752,0.25187752,0.18400264,0.16220073,0.06787488,MCK01,ESCO02,WEF_FutureOfJobs_2025,0.0,Strong_Growth,1.0,0.0
NASDAQ,1,0.75,ONET02,Database & Systems Administration,Moderate_Growth,0.5,0.29349723,0.29349723,0.20459317,0.17310824,0.08890407,WEF02,ONET06,ONET_BrightOutlook_2024,0.0,Moderate_Growth,0.7,0.0
NASA,1,0.75,WEF04,Cloud Computing & Infrastructure,Strong_Growth,0.85,0.27676496,0.27676496,0.26044196,0.2434507,0.016323,WEF07,ONET02,WEF_FutureOfJobs_2025,0.0,Strong_Growth,1.0,0.0
n-tiered architectures,1,0.75,DEC02,Legacy Web Development,Decline,-0.4,0.29289207,0.29289207,0.2856601,0.23674084,0.0072319806,WEF04,ONET03,Expert_consensus,0.0,Declining,0.0,0.0
Māori culture,1,0.75,DEC02,Legacy Web Development,Decline,-0.4,0.18917915,0.18917915,0.14691861,0.14438587,0.042260543,MCK02,ONET04,Expert_consensus,0.0,Declining,0.0,0.0
music,1,0.75,ONET04,Game Development & Interactive Media,Moderate_Growth,0.6,0.19404592,0.19404592,0.16525581,0.1529724,0.028790101,ONET06,WEF05,ONET_BrightOutlook_2024,0.0,Moderate_Growth,0.7,0.0
Mural,1,0.75,ESCO01,Project Management & Agile Methodologies,Moderate_Growth,0.55,0.10465794,0.10465794,0.09359208,0.0852982,0.011065863,DEC02,MCK05,ESCO_v1.2_2024,0.0,Moderate_Growth,0.7,0.0
multimodal interfaces,1,0.75,ONET03,UX/UI & Digital Design,Moderate_Growth,0.55,0.27992737,0.27992737,0.23590001,0.2129567,0.04402736,WEF07,ONET04,ONET_BrightOutlook_2024,0.0,Moderate_Growth,0.7,0.0
multi-sensor data collection,1,0.75,ONET02,Database & Systems Administration,Moderate_Growth,0.5,0.22987658,0.22987658,0.20603184,0.13670118,0.023844734,WEF02,ONET06,ONET_BrightOutlook_2024,0.0,Moderate_Growth,0.7,0.0
MSI,1,0.75,ONET03,UX/UI & Digital Design,Moderate_Growth,0.55,0.19446564,0.19446564,0.1703952,0.14739421,0.024070442,WEF07,MCK02,ONET_BrightOutlook_2024,0.0,Moderate_Growth,0.7,0.0
MS Purview,1,0.75,ESCO01,Project Management & Agile Methodologies,Moderate_Growth,0.55,0.15327485,0.15327485,0.13552046,0.1287669,0.01775439,WEF02,ONET03,ESCO_v1.2_2024,0.0,Moderate_Growth,0.7,0.0
MS Office,1,0.75,MCK02,Advanced Communication & Collaboration,Moderate_Growth,0.4,0.24588954,0.24588954,0.23607743,0.22649299,0.009812117,DEC01,ONET02,McKinsey_FutureOfWork_2025,0.0,Stable,0.4,0.0
networking,1,0.75,MCK02,Advanced Communication & Collaboration,Moderate_Growth,0.4,0.24051297,0.24051297,0.21971971,0.21786149,0.02079326,WEF07,ONET02,McKinsey_FutureOfWork_2025,0.0,Stable,0.4,0.0
Network Security,1,0.75,WEF03,Cybersecurity,Strong_Growth,0.9,0.28397128,0.28397128,0.16242595,0.15322612,0.12154533,ONET02,ONET06,WEF_FutureOfJobs_2025,0.0,Strong_Growth,1.0,0.0
network fabrics,1,0.75,ONET03,UX/UI & Digital Design,Moderate_Growth,0.55,0.25448763,0.25448763,0.24505705,0.20499827,0.009430587,DEC02,WEF04,ONET_BrightOutlook_2024,0.0,Moderate_Growth,0.7,0.0
network devices,1,0.75,WEF04,Cloud Computing & Infrastructure,Strong_Growth,0.85,0.18683872,0.18683872,0.16628134,0.16200605,0.020557374,WEF07,MCK02,WEF_FutureOfJobs_2025,0.0,Strong_Growth,1.0,0.0
net zero ambition,1,0.75,WEF03,Cybersecurity,Strong_Growth,0.9,0.18843943,0.18843943,0.18130103,0.15534881,0.0071384013,MCK05,DEC02,WEF_FutureOfJobs_2025,0.0,Strong_Growth,1.0,0.0
closing strategies,1,0.75,MCK04,Critical Thinking & Problem Solving,Strong_Growth,0.8,0.22735499,0.22735499,0.20357513,0.18811601,0.023779854,MCK03,MCK02,McKinsey_FutureOfWork_2025,0.0,Strong_Growth,1.0,0.0
clinical services,1,0.75,ONET02,Database & Systems Administration,Moderate_Growth,0.5,0.22242662,0.22242662,0.21005136,0.20344767,0.012375265,ONET06,DEC01,ONET_BrightOutlook_2024,0.0,Moderate_Growth,0.7,0.0
client plant design,1,0.75,MCK02,Advanced Communication & Collaboration,Moderate_Growth,0.4,0.2607544,0.2607544,0.18296795,0.15327789,0.07778646,DEC02,ONET03,McKinsey_FutureOfWork_2025,0.0,Stable,0.4,0.0
AAD Join,1,0.75,WEF07,Human-AI Collaboration,Strong_Growth,0.95,0.21919745,0.21919745,0.21638122,0.21323952,0.00281623,MCK02,MCK03,WEF_FutureOfJobs_2025,0.0,Strong_Growth,1.0,0.0
client data,1,0.75,DEC01,Routine Data Entry & Clerical,Decline,-0.6,0.22793543,0.22793543,0.20468035,0.20353365,0.02325508,ONET06,WEF05,WEF_FutureOfJobs_2023,0.0,Declining,0.0,0.0
classified environments,1,0.75,WEF03,Cybersecurity,Strong_Growth,0.9,0.28501046,0.28501046,0.24969938,0.2380639,0.035311073,WEF04,ONET02,WEF_FutureOfJobs_2025,0.0,Strong_Growth,1.0,0.0
Nessus APIs,1,0.75,ONET02,Database & Systems Administration,Moderate_Growth,0.5,0.24405739,0.24405739,0.20294824,0.18233447,0.041109145,ONET01,ONET03,ONET_BrightOutlook_2024,0.0,Moderate_Growth,0.7,0.0
Nessus (ACAS),1,0.75,ONET02,Database & Systems Administration,Moderate_Growth,0.5,0.18190336,0.18190336,0.14793861,0.14441966,0.033964753,ONET03,WEF04,ONET_BrightOutlook_2024,0.0,Moderate_Growth,0.7,0.0
Nessus,1,0.75,ONET02,Database & Systems Administration,Moderate_Growth,0.5,0.19641903,0.19641903,0.13364072,0.121093124,0.06277831,ONET06,WEF04,ONET_BrightOutlook_2024,0.0,Moderate_Growth,0.7,0.0
Odoo,1,0.75,ONET02,Database & Systems Administration,Moderate_Growth,0.5,0.116692364,0.116692364,0.076651506,0.07007685,0.040040858,DEC03,MCK05,ONET_BrightOutlook_2024,0.0,Moderate_Growth,0.7,0.0
ODMs,1,0.75,ONET02,Database & Systems Administration,Moderate_Growth,0.5,0.2612549,0.2612549,0.23073286,0.154423,0.030522048,ONET03,DEC02,ONET_BrightOutlook_2024,0.0,Moderate_Growth,0.7,0.0
OCI,1,0.75,ONET02,Database & Systems Administration,Moderate_Growth,0.5,0.1255407,0.1255407,0.10913732,0.106101744,0.016403385,WEF05,WEF03,ONET_BrightOutlook_2024,0.0,Moderate_Growth,0.7,0.0
observability,3,0.75,MCK05,Resilience & Adaptability,Strong_Growth,0.75,0.15537304,0.15537304,0.09958765,0.078773245,0.055785388,ONET06,WEF03,WEF_FutureOfJobs_2025,0.0,Moderate_Growth,0.7,0.0
objection handling,1,0.75,ESCO02,Business Analysis & Requirements Engineering,Moderate_Growth,0.5,0.106415786,0.106415786,0.100850746,0.09393715,0.00556504,WEF07,MCK02,ESCO_v1.2_2024,0.0,Moderate_Growth,0.7,0.0
OAA,1,0.75,MCK05,Resilience & Adaptability,Strong_Growth,0.75,0.06084457,0.06084457,0.052661873,0.050133128,0.008182697,MCK03,ONET03,WEF_FutureOfJobs_2025,0.0,Moderate_Growth,0.7,0.0
NVQ-3 in Beauty Therapy,1,0.75,ONET04,Game Development & Interactive Media,Moderate_Growth,0.6,0.09422297,0.09422297,0.09089058,0.073575534,0.0033323914,ONET05,MCK05,ONET_BrightOutlook_2024,0.0,Moderate_Growth,0.7,0.0
NVIDIA Jetson,1,0.75,ONET02,Database & Systems Administration,Moderate_Growth,0.5,0.14292619,0.14292619,0.12909016,0.12017034,0.013836026,ONET04,DEC03,ONET_BrightOutlook_2024,0.0,Moderate_Growth,0.7,0.0
NVIDIA GPUs,1,0.75,ONET02,Database & Systems Administration,Moderate_Growth,0.5,0.13622497,0.13622497,0.059152123,0.03638224,0.077072844,WEF04,WEF02,ONET_BrightOutlook_2024,0.0,Moderate_Growth,0.7,0.0
numerical simulation,1,0.75,ONET06,Blockchain & Distributed Systems,Moderate_Growth,0.5,0.09545464,0.09545464,0.06462172,0.062328286,0.030832924,ONET03,ONET05,ONET_BrightOutlook_2024,0.0,Moderate_Growth,0.7,0.0
North America,1,0.75,ONET02,Database & Systems Administration,Moderate_Growth,0.5,0.17443983,0.17443983,0.15320483,0.14907452,0.021235004,ONET03,WEF04,ONET_BrightOutlook_2024,0.0,Moderate_Growth,0.7,0.0
Node.js,3,0.75,DEC02,Legacy Web Development,Decline,-0.4,0.27829647,0.27829647,0.22203723,0.20174675,0.056259245,ONET02,ONET06,Expert_consensus,0.0,Declining,0.0,0.0
Node,1,0.75,ONET02,Database & Systems Administration,Moderate_Growth,0.5,0.23844403,0.23844403,0.195041,0.18847716,0.04340303,ONET06,WEF04,ONET_BrightOutlook_2024,0.0,Moderate_Growth,0.7,0.0
NIST SP 800-53,1,0.75,WEF03,Cybersecurity,Strong_Growth,0.9,0.11354609,0.11354609,0.08170342,0.07679014,0.03184267,MCK01,DEC03,WEF_FutureOfJobs_2025,0.0,Strong_Growth,1.0,0.0
New Mexico,1,0.75,ONET03,UX/UI & Digital Design,Moderate_Growth,0.55,0.11279819,0.11279819,0.094333164,0.075043686,0.018465027,ONET02,DEC02,ONET_BrightOutlook_2024,0.0,Moderate_Growth,0.7,0.0
OpenStack,1,0.75,WEF04,Cloud Computing & Infrastructure,Strong_Growth,0.85,0.25105727,0.25105727,0.17744032,0.14901924,0.07361695,ONET02,WEF02,WEF_FutureOfJobs_2025,0.0,Strong_Growth,1.0,0.0
OpenSCAP,1,0.75,ONET02,Database & Systems Administration,Moderate_Growth,0.5,0.18250284,0.18250284,0.16844726,0.1490673,0.01405558,WEF04,WEF05,ONET_BrightOutlook_2024,0.0,Moderate_Growth,0.7,0.0
OpenCL,1,0.75,DEC03,Routine Maintenance Coding,Decline,-0.3,0.1658612,0.1658612,0.12573391,0.109767646,0.040127292,ONET02,ONET05,McKinsey_FutureOfWork_2023,0.0,Declining,0.0,0.0
open-source technologies,1,0.75,WEF06,Environmental & Sustainability Technology,Moderate_Growth,0.6,0.2641449,0.2641449,0.26338467,0.25891557,0.00076022744,ONET06,DEC02,WEF_FutureOfJobs_2025,0.0,Moderate_Growth,0.7,0.0
online store,1,0.75,WEF05,Digital Platforms & E-commerce,Moderate_Growth,0.7,0.23079705,0.23079705,0.17962569,0.109657526,0.051171362,DEC02,ONET06,WEF_FutureOfJobs_2025,0.0,Moderate_Growth,0.7,0.0
onboarding,1,0.75,MCK02,Advanced Communication & Collaboration,Moderate_Growth,0.4,0.28011477,0.28011477,0.2645256,0.22127692,0.015589178,WEF07,MCK03,McKinsey_FutureOfWork_2025,0.0,Stable,0.4,0.0
on-prem deployment,1,0.75,DEC02,Legacy Web Development,Decline,-0.4,0.27585435,0.27585435,0.26113558,0.22772694,0.014718771,WEF04,DEC03,Expert_consensus,0.0,Declining,0.0,0.0
oil equivalent resource,1,0.75,WEF06,Environmental & Sustainability Technology,Moderate_Growth,0.6,0.14724272,0.14724272,0.13899712,0.120999955,0.008245602,MCK05,MCK02,WEF_FutureOfJobs_2025,0.0,Moderate_Growth,0.7,0.0
oil & gas,1,0.75,ONET06,Blockchain & Distributed Systems,Moderate_Growth,0.5,0.18769266,0.18769266,0.18691444,0.18438086,0.00077821314,ESCO02,WEF01,ONET_BrightOutlook_2024,0.0,Moderate_Growth,0.7,0.0
offline feeds,1,0.75,ONET02,Database & Systems Administration,Moderate_Growth,0.5,0.11001992,0.11001992,0.108276114,0.09470184,0.0017438084,WEF05,WEF02,ONET_BrightOutlook_2024,0.0,Moderate_Growth,0.7,0.0
VMware by Broadcom products,1,0.75,ONET03,UX/UI & Digital Design,Moderate_Growth,0.55,0.17130023,0.17130023,0.12904772,0.12010585,0.04225251,DEC02,WEF04,ONET_BrightOutlook_2024,0.0,Moderate_Growth,0.7,0.0
Offer Acceptance Rates,1,0.75,WEF05,Digital Platforms & E-commerce,Moderate_Growth,0.7,0.11806632,0.11806632,0.07462018,0.050166413,0.04344614,MCK02,ESCO02,WEF_FutureOfJobs_2025,0.0,Moderate_Growth,0.7,0.0
OEMs,2,0.75,DEC02,Legacy Web Development,Decline,-0.4,0.21036163,0.21036163,0.14745697,0.10827089,0.062904656,DEC03,ONET03,Expert_consensus,0.0,Declining,0.0,0.0
ore control,1,0.75,DEC03,Routine Maintenance Coding,Decline,-0.3,0.14737295,0.14737295,0.10625979,0.100664355,0.041113153,MCK02,ONET02,McKinsey_FutureOfWork_2023,0.0,Declining,0.0,0.0
ORCID,1,0.75,DEC03,Routine Maintenance Coding,Decline,-0.3,0.10181981,0.10181981,0.08359738,0.07848954,0.018222436,DEC02,ONET01,McKinsey_FutureOfWork_2023,0.0,Declining,0.0,0.0
orchestration layers,1,0.75,WEF04,Cloud Computing & Infrastructure,Strong_Growth,0.85,0.245334,0.245334,0.22959314,0.17806481,0.015740857,ONET03,ONET06,WEF_FutureOfJobs_2025,0.0,Strong_Growth,1.0,0.0
Oracle Service Bus (OSB),1,0.75,ONET02,Database & Systems Administration,Moderate_Growth,0.5,0.17596446,0.17596446,0.14043604,0.099427044,0.03552842,WEF04,DEC01,ONET_BrightOutlook_2024,0.0,Moderate_Growth,0.7,0.0
Oracle Fusion Middleware,1,0.75,ONET02,Database & Systems Administration,Moderate_Growth,0.5,0.25699165,0.25699165,0.19554304,0.19229832,0.06144862,DEC03,MCK02,ONET_BrightOutlook_2024,0.0,Moderate_Growth,0.7,0.0
Oracle ERP,1,0.75,ONET02,Database & Systems Administration,Moderate_Growth,0.5,0.27441564,0.27441564,0.19737962,0.18836606,0.07703602,DEC03,MCK02,ONET_BrightOutlook_2024,0.0,Moderate_Growth,0.7,0.0
Oracle certifications,1,0.75,ONET05,Quality Assurance & Testing,Moderate_Growth,0.55,0.29107827,0.29107827,0.24589479,0.22097118,0.04518348,ONET02,DEC01,ONET_BrightOutlook_2024,0.0,Moderate_Growth,0.7,0.0
optimization,2,0.75,MCK04,Critical Thinking & Problem Solving,Strong_Growth,0.8,0.1392137,0.1392137,0.10524501,0.100465536,0.033968687,ONET02,ESCO01,McKinsey_FutureOfWork_2025,0.0,Strong_Growth,1.0,0.0
optical sorter,1,0.75,ONET02,Database & Systems Administration,Moderate_Growth,0.5,0.100402735,0.100402735,0.06506987,0.04202663,0.035332866,MCK01,WEF02,ONET_BrightOutlook_2024,0.0,Moderate_Growth,0.7,0.0
operations troubleshooting,1,0.75,DEC03,Routine Maintenance Coding,Decline,-0.3,0.2757308,0.2757308,0.21555609,0.20659596,0.060174704,ESCO02,DEC01,McKinsey_FutureOfWork_2023,0.0,Declining,0.0,0.0
operations,1,0.75,ONET02,Database & Systems Administration,Moderate_Growth,0.5,0.2738065,0.2738065,0.24124958,0.24057609,0.032556936,ONET06,DEC03,ONET_BrightOutlook_2024,0.0,Moderate_Growth,0.7,0.0
operational efficiency,1,0.75,WEF06,Environmental & Sustainability Technology,Moderate_Growth,0.6,0.17827682,0.17827682,0.16473395,0.16263415,0.013542876,ONET02,DEC03,WEF_FutureOfJobs_2025,0.0,Moderate_Growth,0.7,0.0
operational delivery,1,0.75,MCK02,Advanced Communication & Collaboration,Moderate_Growth,0.4,0.24047104,0.24047104,0.20709115,0.18876019,0.033379883,DEC03,ONET02,McKinsey_FutureOfWork_2025,0.0,Stable,0.4,0.0
operated assets,1,0.75,MCK02,Advanced Communication & Collaboration,Moderate_Growth,0.4,0.27708068,0.27708068,0.21060124,0.19081473,0.066479445,MCK05,ESCO01,McKinsey_FutureOfWork_2025,0.0,Stable,0.4,0.0
Chaos Engineering,1,0.75,ONET06,Blockchain & Distributed Systems,Moderate_Growth,0.5,0.15856421,0.15856421,0.15571544,0.1420835,0.0028487742,DEC03,MCK05,ONET_BrightOutlook_2024,0.0,Moderate_Growth,0.7,0.0
CCRI/CORA preparation,1,0.75,MCK01,Process Automation & RPA,Moderate_Growth,0.5,0.17917065,0.17917065,0.1613516,0.15693149,0.017819047,DEC03,MCK02,McKinsey_FutureOfWork_2025,0.0,Moderate_Growth,0.7,0.0
CCoP,1,0.75,WEF07,Human-AI Collaboration,Strong_Growth,0.95,0.20641944,0.20641944,0.18612145,0.17553353,0.02029799,DEC03,MCK01,WEF_FutureOfJobs_2025,0.0,Strong_Growth,1.0,0.0
causal inference,1,0.75,MCK03,Leadership & People Development,Moderate_Growth,0.55,0.08841054,0.08841054,0.08146696,0.07890403,0.0069435835,MCK05,DEC01,McKinsey_FutureOfWork_2025,0.0,Moderate_Growth,0.7,0.0
catalog entities,1,0.75,ONET02,Database & Systems Administration,Moderate_Growth,0.5,0.2620215,0.2620215,0.23980363,0.20877878,0.022217885,ESCO02,WEF05,ONET_BrightOutlook_2024,0.0,Moderate_Growth,0.7,0.0
payment acquisitions,1,0.75,MCK02,Advanced Communication & Collaboration,Moderate_Growth,0.4,0.20561552,0.20561552,0.18783703,0.13410288,0.017778486,WEF05,ONET06,McKinsey_FutureOfWork_2025,0.0,Stable,0.4,0.0
patterns,1,0.75,DEC03,Routine Maintenance Coding,Decline,-0.3,0.25624323,0.25624323,0.23311278,0.18761572,0.023130447,DEC01,ONET06,McKinsey_FutureOfWork_2023,0.0,Declining,0.0,0.0
Passthrough Rates,1,0.75,ONET06,Blockchain & Distributed Systems,Moderate_Growth,0.5,0.06339551,0.06339551,0.054504074,0.046019778,0.0088914335,WEF01,WEF05,ONET_BrightOutlook_2024,0.0,Moderate_Growth,0.7,0.0
packaging components,1,0.75,DEC02,Legacy Web Development,Decline,-0.4,0.23873267,0.23873267,0.18415126,0.17415205,0.054581404,DEC03,MCK02,Expert_consensus,0.0,Declining,0.0,0.0
PaaS,2,0.75,ONET05,Quality Assurance & Testing,Moderate_Growth,0.55,0.1435614,0.1435614,0.14105271,0.12399976,0.002508685,WEF04,ONET02,ONET_BrightOutlook_2024,0.0,Moderate_Growth,0.7,0.0
overmolding,1,0.75,DEC03,Routine Maintenance Coding,Decline,-0.3,0.22719671,0.22719671,0.1665872,0.15802607,0.060609505,MCK05,DEC02,McKinsey_FutureOfWork_2023,0.0,Declining,0.0,0.0
OSPF,1,0.75,ONET03,UX/UI & Digital Design,Moderate_Growth,0.55,0.23239407,0.23239407,0.15793604,0.1354154,0.07445803,ONET02,DEC03,ONET_BrightOutlook_2024,0.0,Moderate_Growth,0.7,0.0
OSB,1,0.75,ONET02,Database & Systems Administration,Moderate_Growth,0.5,0.22266108,0.22266108,0.20359188,0.15652707,0.019069195,ONET03,DEC03,ONET_BrightOutlook_2024,0.0,Moderate_Growth,0.7,0.0
organizational health indicators,1,0.75,MCK05,Resilience & Adaptability,Strong_Growth,0.75,0.28862375,0.28862375,0.27877226,0.22190511,0.0098514855,MCK03,ONET02,WEF_FutureOfJobs_2025,0.0,Moderate_Growth,0.7,0.0
ore type categorisation,1,0.75,ONET01,Software Development & Engineering,Moderate_Growth,0.65,0.14864932,0.14864932,0.14819601,0.14627954,0.00045330822,ESCO02,WEF05,ONET_BrightOutlook_2024,0.0,Moderate_Growth,0.7,0.0
Permian Basin,1,0.75,ESCO01,Project Management & Agile Methodologies,Moderate_Growth,0.55,0.07746822,0.07746822,0.07029982,0.061752383,0.0071683973,DEC02,ONET06,ESCO_v1.2_2024,0.0,Moderate_Growth,0.7,0.0
performance analysis,1,0.75,ESCO02,Business Analysis & Requirements Engineering,Moderate_Growth,0.5,0.23349744,0.23349744,0.20875074,0.19988778,0.024746701,ONET03,ONET02,ESCO_v1.2_2024,0.0,Moderate_Growth,0.7,0.0
performance,1,0.75,ONET02,Database & Systems Administration,Moderate_Growth,0.5,0.1709106,0.1709106,0.15280767,0.14401664,0.018102929,DEC02,ONET03,ONET_BrightOutlook_2024,0.0,Moderate_Growth,0.7,0.0
pensions,1,0.75,MCK05,Resilience & Adaptability,Strong_Growth,0.75,0.24044561,0.24044561,0.1890914,0.1655325,0.051354215,MCK03,DEC02,WEF_FutureOfJobs_2025,0.0,Moderate_Growth,0.7,0.0
pension administration,1,0.75,ESCO01,Project Management & Agile Methodologies,Moderate_Growth,0.55,0.21923174,0.21923174,0.21792702,0.19658045,0.0013047159,MCK03,MCK05,ESCO_v1.2_2024,0.0,Moderate_Growth,0.7,0.0
pediatrics,1,0.75,MCK03,Leadership & People Development,Moderate_Growth,0.55,0.24107698,0.24107698,0.19182569,0.16688128,0.04925129,MCK05,MCK04,McKinsey_FutureOfWork_2025,0.0,Moderate_Growth,0.7,0.0
pedagogy,1,0.75,MCK04,Critical Thinking & Problem Solving,Strong_Growth,0.8,0.23373127,0.23373127,0.21373698,0.18377024,0.019994289,WEF08,MCK03,McKinsey_FutureOfWork_2025,0.0,Strong_Growth,1.0,0.0
Payments,1,0.75,ONET06,Blockchain & Distributed Systems,Moderate_Growth,0.5,0.26496646,0.26496646,0.20771891,0.0853816,0.05724755,WEF05,MCK02,ONET_BrightOutlook_2024,0.0,Moderate_Growth,0.7,0.0
Cisco,1,0.75,ONET03,UX/UI & Digital Design,Moderate_Growth,0.55,0.29122624,0.29122624,0.24216667,0.22116408,0.04905957,MCK02,WEF07,ONET_BrightOutlook_2024,0.0,Moderate_Growth,0.7,0.0
Circuit Card Assemblies,1,0.75,DEC02,Legacy Web Development,Decline,-0.4,0.20418203,0.20418203,0.16200334,0.13129964,0.04217869,ONET06,WEF04,Expert_consensus,0.0,Declining,0.0,0.0
CI/CD platforms,1,0.75,WEF04,Cloud Computing & Infrastructure,Strong_Growth,0.85,0.28179273,0.28179273,0.27876842,0.2774094,0.0030243099,ONET05,ONET03,WEF_FutureOfJobs_2025,0.0,Strong_Growth,1.0,0.0
CI/CD pipeline,1,0.75,ONET05,Quality Assurance & Testing,Moderate_Growth,0.55,0.29436922,0.29436922,0.2610298,0.25751123,0.03333941,WEF04,MCK01,ONET_BrightOutlook_2024,0.0,Moderate_Growth,0.7,0.0
CI/CD,4,0.75,ONET05,Quality Assurance & Testing,Moderate_Growth,0.55,0.25508878,0.25508878,0.24853584,0.20818868,0.0065529346,ONET03,MCK02,ONET_BrightOutlook_2024,0.0,Moderate_Growth,0.7,0.0
chemicals,1,0.75,WEF06,Environmental & Sustainability Technology,Moderate_Growth,0.6,0.15636426,0.15636426,0.15451096,0.13979697,0.0018533021,DEC03,DEC02,WEF_FutureOfJobs_2025,0.0,Moderate_Growth,0.7,0.0
chatbot,1,0.75,WEF07,Human-AI Collaboration,Strong_Growth,0.95,0.26342413,0.26342413,0.24450344,0.19469717,0.01892069,WEF01,MCK01,WEF_FutureOfJobs_2025,0.0,Strong_Growth,1.0,0.0
Charlotte’s Magic Academy,1,0.75,MCK03,Leadership & People Development,Moderate_Growth,0.55,0.13675714,0.13675714,0.09229267,0.07972708,0.04446447,MCK05,WEF03,McKinsey_FutureOfWork_2025,0.0,Moderate_Growth,0.7,0.0
podcast environments,1,0.75,ONET02,Database & Systems Administration,Moderate_Growth,0.5,0.25339624,0.25339624,0.20379469,0.20111653,0.049601555,MCK02,DEC02,ONET_BrightOutlook_2024,0.0,Moderate_Growth,0.7,0.0
POA&M remediation strategies,1,0.75,ESCO01,Project Management & Agile Methodologies,Moderate_Growth,0.55,0.19798803,0.19798803,0.16318834,0.15818991,0.034799695,MCK05,ONET02,ESCO_v1.2_2024,0.0,Moderate_Growth,0.7,0.0
pneumatic ejection,1,0.75,MCK01,Process Automation & RPA,Moderate_Growth,0.5,0.0695578,0.0695578,0.03044074,0.027757112,0.03911706,ONET04,ONET03,McKinsey_FutureOfWork_2025,0.0,Moderate_Growth,0.7,0.0
PMO,1,0.75,ESCO01,Project Management & Agile Methodologies,Moderate_Growth,0.55,0.20928222,0.20928222,0.16648464,0.11750689,0.04279758,ONET06,WEF07,ESCO_v1.2_2024,0.0,Moderate_Growth,0.7,0.0
platform reliability,1,0.75,DEC02,Legacy Web Development,Decline,-0.4,0.29525167,0.29525167,0.24221838,0.23473017,0.053033292,ONET02,DEC03,Expert_consensus,0.0,Declining,0.0,0.0
plant design,1,0.75,MCK05,Resilience & Adaptability,Strong_Growth,0.75,0.14063004,0.14063004,0.12853953,0.12072062,0.012090504,ONET03,DEC02,WEF_FutureOfJobs_2025,0.0,Moderate_Growth,0.7,0.0
planning capability,1,0.75,MCK02,Advanced Communication & Collaboration,Moderate_Growth,0.4,0.2942226,0.2942226,0.2922423,0.28118694,0.0019803047,ESCO01,WEF07,McKinsey_FutureOfWork_2025,0.0,Stable,0.4,0.0
PL/SQL,1,0.75,ONET02,Database & Systems Administration,Moderate_Growth,0.5,0.24557358,0.24557358,0.20794235,0.17826843,0.03763123,ONET01,WEF02,ONET_BrightOutlook_2024,0.0,Moderate_Growth,0.7,0.0
PII,1,0.75,WEF07,Human-AI Collaboration,Strong_Growth,0.95,0.1595887,0.1595887,0.15153566,0.14083943,0.008053035,ONET06,ONET04,WEF_FutureOfJobs_2025,0.0,Strong_Growth,1.0,0.0
PHP,1,0.75,DEC02,Legacy Web Development,Decline,-0.4,0.26854637,0.26854637,0.21629569,0.15782703,0.052250683,DEC03,ONET02,Expert_consensus,0.0,Declining,0.0,0.0
photo imaging,1,0.75,ONET02,Database & Systems Administration,Moderate_Growth,0.5,0.11741573,0.11741573,0.07575689,0.047333993,0.04165884,WEF04,WEF02,ONET_BrightOutlook_2024,0.0,Moderate_Growth,0.7,0.0
PharmaPendium,1,0.75,MCK05,Resilience & Adaptability,Strong_Growth,0.75,0.095543385,0.095543385,0.09404154,0.0847614,0.0015018433,ONET02,ONET03,WEF_FutureOfJobs_2025,0.0,Moderate_Growth,0.7,0.0
pharmacy operations,1,0.75,DEC01,Routine Data Entry & Clerical,Decline,-0.6,0.29028493,0.29028493,0.26476595,0.20154998,0.025518984,ONET02,ESCO02,WEF_FutureOfJobs_2023,0.0,Declining,0.0,0.0
Personal Protective Equipment (PPE),1,0.75,MCK05,Resilience & Adaptability,Strong_Growth,0.75,0.13595948,0.13595948,0.12384838,0.108287126,0.012111098,DEC03,DEC01,WEF_FutureOfJobs_2025,0.0,Moderate_Growth,0.7,0.0
cable installation,1,0.75,ONET02,Database & Systems Administration,Moderate_Growth,0.5,0.08905908,0.08905908,0.06735245,0.031166125,0.021706626,DEC02,DEC03,ONET_BrightOutlook_2024,0.0,Moderate_Growth,0.7,0.0
cable handling,1,0.75,DEC03,Routine Maintenance Coding,Decline,-0.3,0.17217489,0.17217489,0.15926379,0.14530417,0.012911096,DEC02,ONET02,McKinsey_FutureOfWork_2023,0.0,Declining,0.0,0.0
C++,3,0.75,WEF01,AI & Machine Learning,Strong_Growth,1.0,0.24981691,0.24981691,0.23920712,0.22569981,0.010609791,ONET06,ONET02,WEF_FutureOfJobs_2025,0.0,Strong_Growth,1.0,0.0
C/C++,1,0.75,ONET03,UX/UI & Digital Design,Moderate_Growth,0.55,0.2579685,0.2579685,0.257302,0.23734838,0.00066649914,ONET02,WEF01,ONET_BrightOutlook_2024,0.0,Moderate_Growth,0.7,0.0
BWOF,1,0.75,ONET02,Database & Systems Administration,Moderate_Growth,0.5,0.16413516,0.16413516,0.12613928,0.11092116,0.037995875,ESCO01,WEF02,ONET_BrightOutlook_2024,0.0,Moderate_Growth,0.7,0.0
privacy matters,1,0.75,ONET06,Blockchain & Distributed Systems,Moderate_Growth,0.5,0.17002946,0.17002946,0.14184654,0.13766399,0.028182924,WEF03,ONET02,ONET_BrightOutlook_2024,0.0,Moderate_Growth,0.7,0.0
privacy compliance,1,0.75,WEF03,Cybersecurity,Strong_Growth,0.9,0.25981483,0.25981483,0.2535172,0.24156086,0.006297618,ONET06,DEC01,WEF_FutureOfJobs_2025,0.0,Strong_Growth,1.0,0.0
privacy,1,0.75,ONET06,Blockchain & Distributed Systems,Moderate_Growth,0.5,0.20217806,0.20217806,0.16859648,0.14596418,0.033581585,ONET02,WEF03,ONET_BrightOutlook_2024,0.0,Moderate_Growth,0.7,0.0
PowerShell scripting,1,0.75,MCK01,Process Automation & RPA,Moderate_Growth,0.5,0.20740676,0.20740676,0.16803563,0.12842076,0.039371133,DEC03,WEF07,McKinsey_FutureOfWork_2025,0.0,Moderate_Growth,0.7,0.0
PowerShell,4,0.75,MCK01,Process Automation & RPA,Moderate_Growth,0.5,0.21155475,0.21155475,0.15146147,0.14298557,0.060093284,DEC03,WEF04,McKinsey_FutureOfWork_2025,0.0,Moderate_Growth,0.7,0.0
Power Pages,1,0.75,DEC02,Legacy Web Development,Decline,-0.4,0.18013261,0.18013261,0.118352845,0.11828124,0.061779767,MCK02,ONET03,Expert_consensus,0.0,Declining,0.0,0.0
Power Line System,1,0.75,ONET06,Blockchain & Distributed Systems,Moderate_Growth,0.5,0.12627164,0.12627164,0.07813784,0.07097702,0.048133798,WEF06,WEF04,ONET_BrightOutlook_2024,0.0,Moderate_Growth,0.7,0.0
Power BI,4,0.75,MCK02,Advanced Communication & Collaboration,Moderate_Growth,0.4,0.17172834,0.17172834,0.14576603,0.14575031,0.025962308,MCK01,WEF03,McKinsey_FutureOfWork_2025,0.0,Stable,0.4,0.0
Power Apps,1,0.75,WEF06,Environmental & Sustainability Technology,Moderate_Growth,0.6,0.13401593,0.13401593,0.12600735,0.12416428,0.008008584,MCK01,ONET03,WEF_FutureOfJobs_2025,0.0,Moderate_Growth,0.7,0.0
TSX,1,0.75,ONET03,UX/UI & Digital Design,Moderate_Growth,0.55,0.2702219,0.2702219,0.20389575,0.18055913,0.06632614,MCK02,DEC02,ONET_BrightOutlook_2024,0.0,Moderate_Growth,0.7,0.0
transport,1,0.75,WEF04,Cloud Computing & Infrastructure,Strong_Growth,0.85,0.18338695,0.18338695,0.15413862,0.15121327,0.029248327,MCK05,MCK02,WEF_FutureOfJobs_2025,0.0,Strong_Growth,1.0,0.0
Transmission Lines,1,0.75,ONET03,UX/UI & Digital Design,Moderate_Growth,0.55,0.11705386,0.11705386,0.07787624,0.059458308,0.03917762,MCK02,DEC01,ONET_BrightOutlook_2024,0.0,Moderate_Growth,0.7,0.0
Transformers,1,0.75,MCK01,Process Automation & RPA,Moderate_Growth,0.5,0.18976457,0.18976457,0.18354057,0.16440728,0.0062240064,WEF01,ONET04,McKinsey_FutureOfWork_2025,0.0,Moderate_Growth,0.7,0.0
transaction monitoring,1,0.75,ONET02,Database & Systems Administration,Moderate_Growth,0.5,0.29095325,0.29095325,0.21207564,0.17747,0.07887761,ONET06,DEC01,ONET_BrightOutlook_2024,0.0,Moderate_Growth,0.7,0.0
tracks,1,0.75,ESCO01,Project Management & Agile Methodologies,Moderate_Growth,0.55,0.1756112,0.1756112,0.14069813,0.13397181,0.034913063,ONET06,MCK03,ESCO_v1.2_2024,0.0,Moderate_Growth,0.7,0.0
Total:Vision™ Video Analytics Solution (VAS),1,0.75,WEF02,Big Data & Analytics,Strong_Growth,0.9,0.19704726,0.19704726,0.14614125,0.14289512,0.050906017,WEF01,WEF04,WEF_FutureOfJobs_2025,0.0,Strong_Growth,1.0,0.0
Total:Perception™ Systems Simulation Engine (SSE),1,0.75,WEF01,AI & Machine Learning,Strong_Growth,1.0,0.26265046,0.26265046,0.25532955,0.24800485,0.0073209107,ONET04,ONET03,WEF_FutureOfJobs_2025,0.0,Strong_Growth,1.0,0.0
Total:Insight™ DSS,1,0.75,WEF02,Big Data & Analytics,Strong_Growth,0.9,0.2770973,0.2770973,0.26097226,0.24324244,0.016125053,ONET02,MCK02,WEF_FutureOfJobs_2025,0.0,Strong_Growth,1.0,0.0
Total Gas Management Systems,1,0.75,ONET02,Database & Systems Administration,Moderate_Growth,0.5,0.19951835,0.19951835,0.19263512,0.18371561,0.006883234,ONET06,ESCO01,ONET_BrightOutlook_2024,0.0,Moderate_Growth,0.7,0.0
tooling selection,1,0.75,MCK01,Process Automation & RPA,Moderate_Growth,0.5,0.2543578,0.2543578,0.24918544,0.23468038,0.005172372,MCK02,ONET03,McKinsey_FutureOfWork_2025,0.0,Moderate_Growth,0.7,0.0
titanium,1,0.75,DEC03,Routine Maintenance Coding,Decline,-0.3,0.19761485,0.19761485,0.17522787,0.13887034,0.022386983,ONET03,DEC02,McKinsey_FutureOfWork_2023,0.0,Declining,0.0,0.0
threat detection,1,0.75,WEF03,Cybersecurity,Strong_Growth,0.9,0.2509949,0.2509949,0.18473691,0.11098327,0.06625798,WEF01,MCK05,WEF_FutureOfJobs_2025,0.0,Strong_Growth,1.0,0.0
third-party SDKs,1,0.75,ONET06,Blockchain & Distributed Systems,Moderate_Growth,0.5,0.19573921,0.19573921,0.17779374,0.15107113,0.017945468,WEF05,WEF04,ONET_BrightOutlook_2024,0.0,Moderate_Growth,0.7,0.0
third-party agents,1,0.75,WEF07,Human-AI Collaboration,Strong_Growth,0.95,0.27780885,0.27780885,0.21891627,0.2135921,0.058892578,WEF05,MCK02,WEF_FutureOfJobs_2025,0.0,Strong_Growth,1.0,0.0
thermal management,1,0.75,ONET02,Database & Systems Administration,Moderate_Growth,0.5,0.19731905,0.19731905,0.19222783,0.1473879,0.00509122,WEF06,ESCO01,ONET_BrightOutlook_2024,0.0,Moderate_Growth,0.7,0.0
Professional Engineer License,1,0.75,ESCO02,Business Analysis & Requirements Engineering,Moderate_Growth,0.5,0.29569086,0.29569086,0.237369,0.22560427,0.058321863,ONET05,ONET03,ESCO_v1.2_2024,0.0,Moderate_Growth,0.7,0.0
productivity metrics,1,0.75,WEF06,Environmental & Sustainability Technology,Moderate_Growth,0.6,0.2887978,0.2887978,0.24293306,0.23570573,0.04586473,MCK05,ONET02,WEF_FutureOfJobs_2025,0.0,Moderate_Growth,0.7,0.0
visitor management,1,0.75,ONET02,Database & Systems Administration,Moderate_Growth,0.5,0.22701967,0.22701967,0.22647773,0.17361706,0.00054194033,ESCO01,DEC02,ONET_BrightOutlook_2024,0.0,Moderate_Growth,0.7,0.0
production,1,0.75,MCK02,Advanced Communication & Collaboration,Moderate_Growth,0.4,0.25654835,0.25654835,0.22415851,0.22113381,0.032389835,ONET02,MCK03,McKinsey_FutureOfWork_2025,0.0,Stable,0.4,0.0
procurement,1,0.75,MCK02,Advanced Communication & Collaboration,Moderate_Growth,0.4,0.2861256,0.2861256,0.24025983,0.24005769,0.045865774,WEF05,ONET06,McKinsey_FutureOfWork_2025,0.0,Stable,0.4,0.0
process optimization,1,0.75,MCK01,Process Automation & RPA,Moderate_Growth,0.5,0.20761967,0.20761967,0.2006501,0.16226684,0.006969571,ONET02,MCK04,McKinsey_FutureOfWork_2025,0.0,Moderate_Growth,0.7,0.0
Cassandra,1,0.75,ONET02,Database & Systems Administration,Moderate_Growth,0.5,0.23639338,0.23639338,0.16730729,0.12377161,0.06908609,WEF02,WEF04,ONET_BrightOutlook_2024,0.0,Moderate_Growth,0.7,0.0
Cargo Inspection Systems (CIS),1,0.75,MCK01,Process Automation & RPA,Moderate_Growth,0.5,0.26217544,0.26217544,0.20180136,0.19321251,0.06037408,WEF04,DEC03,McKinsey_FutureOfWork_2025,0.0,Moderate_Growth,0.7,0.0
carbide,1,0.75,MCK02,Advanced Communication & Collaboration,Moderate_Growth,0.4,0.13591379,0.13591379,0.12629071,0.10598847,0.0096230805,DEC03,ONET02,McKinsey_FutureOfWork_2025,0.0,Stable,0.4,0.0
CAP theorem,1,0.75,WEF04,Cloud Computing & Infrastructure,Strong_Growth,0.85,0.02578049,0.02578049,0.015704874,0.003900887,0.010075616,ONET06,ONET02,WEF_FutureOfJobs_2025,0.0,Strong_Growth,1.0,0.0
Canvas Apps,1,0.75,ONET03,UX/UI & Digital Design,Moderate_Growth,0.55,0.25908497,0.25908497,0.17362048,0.16922995,0.08546449,DEC02,ONET04,ONET_BrightOutlook_2024,0.0,Moderate_Growth,0.7,0.0
cameras,1,0.75,ONET02,Database & Systems Administration,Moderate_Growth,0.5,0.15728125,0.15728125,0.14327854,0.1432454,0.014002711,DEC03,ONET04,ONET_BrightOutlook_2024,0.0,Moderate_Growth,0.7,0.0
CAD/CAM software,1,0.75,DEC03,Routine Maintenance Coding,Decline,-0.3,0.27437085,0.27437085,0.25784445,0.22631916,0.016526401,MCK01,ONET03,McKinsey_FutureOfWork_2023,0.0,Declining,0.0,0.0
caches,1,0.75,DEC03,Routine Maintenance Coding,Decline,-0.3,0.27735776,0.27735776,0.23758563,0.21873483,0.039772123,ONET02,DEC02,McKinsey_FutureOfWork_2023,0.0,Declining,0.0,0.0
property management systems,1,0.75,ONET02,Database & Systems Administration,Moderate_Growth,0.5,0.29364842,0.29364842,0.26348335,0.24943992,0.030165076,ONET06,ESCO01,ONET_BrightOutlook_2024,0.0,Moderate_Growth,0.7,0.0
property development,1,0.75,DEC03,Routine Maintenance Coding,Decline,-0.3,0.25542554,0.25542554,0.24915573,0.24167906,0.0062698126,DEC02,MCK05,McKinsey_FutureOfWork_2023,0.0,Declining,0.0,0.0
Property,1,0.75,MCK05,Resilience & Adaptability,Strong_Growth,0.75,0.15701118,0.15701118,0.12376562,0.10187414,0.033245564,DEC03,ONET06,WEF_FutureOfJobs_2025,0.0,Moderate_Growth,0.7,0.0
progressive die,1,0.75,DEC02,Legacy Web Development,Decline,-0.4,0.20363997,0.20363997,0.100768715,0.09357348,0.102871254,MCK03,MCK05,Expert_consensus,0.0,Declining,0.0,0.0
programme certainty,1,0.75,WEF01,AI & Machine Learning,Strong_Growth,1.0,0.12290078,0.12290078,0.119542,0.10306794,0.003358774,WEF03,MCK05,WEF_FutureOfJobs_2025,0.0,Strong_Growth,1.0,0.0
bundlers,1,0.75,DEC02,Legacy Web Development,Decline,-0.4,0.122435994,0.122435994,0.1193711,0.11286649,0.0030648932,ONET03,DEC03,Expert_consensus,0.0,Declining,0.0,0.0
Building Warrant of Fitness,1,0.75,MCK05,Resilience & Adaptability,Strong_Growth,0.75,0.22507408,0.22507408,0.11106677,0.08320485,0.11400731,DEC03,DEC01,WEF_FutureOfJobs_2025,0.0,Moderate_Growth,0.7,0.0
build efficiency,1,0.75,MCK05,Resilience & Adaptability,Strong_Growth,0.75,0.23974642,0.23974642,0.21011485,0.20605332,0.02963157,DEC03,DEC02,WEF_FutureOfJobs_2025,0.0,Moderate_Growth,0.7,0.0
Broadcast Support Engineering,1,0.75,MCK02,Advanced Communication & Collaboration,Moderate_Growth,0.4,0.22852075,0.22852075,0.21896887,0.19089562,0.009551883,DEC03,ONET02,McKinsey_FutureOfWork_2025,0.0,Stable,0.4,0.0
broadcast operations,1,0.75,ONET02,Database & Systems Administration,Moderate_Growth,0.5,0.18957901,0.18957901,0.14776373,0.14456822,0.04181528,MCK02,DEC03,ONET_BrightOutlook_2024,0.0,Moderate_Growth,0.7,0.0
BPEL,1,0.75,ONET03,UX/UI & Digital Design,Moderate_Growth,0.55,0.19560227,0.19560227,0.13770464,0.13020118,0.057897627,ESCO02,ONET02,ONET_BrightOutlook_2024,0.0,Moderate_Growth,0.7,0.0
box assemblies,1,0.75,DEC02,Legacy Web Development,Decline,-0.4,0.24378951,0.24378951,0.22455004,0.20185727,0.01923947,WEF04,ONET03,Expert_consensus,0.0,Declining,0.0,0.0
Bluebeam,1,0.75,ONET02,Database & Systems Administration,Moderate_Growth,0.5,0.14689709,0.14689709,0.13940728,0.119280495,0.0074898154,ESCO01,WEF02,ONET_BrightOutlook_2024,0.0,Moderate_Growth,0.7,0.0
blob storage API,1,0.75,WEF02,Big Data & Analytics,Strong_Growth,0.9,0.12435433,0.12435433,0.09647058,0.07204677,0.027883753,ONET02,WEF04,WEF_FutureOfJobs_2025,0.0,Strong_Growth,1.0,0.0
railway infrastructure,1,0.75,WEF04,Cloud Computing & Infrastructure,Strong_Growth,0.85,0.2502528,0.2502528,0.23420975,0.23089916,0.016043067,ONET06,ONET03,WEF_FutureOfJobs_2025,0.0,Strong_Growth,1.0,0.0
rag-less inferencing,1,0.75,DEC01,Routine Data Entry & Clerical,Decline,-0.6,0.059206307,0.059206307,0.021214703,-0.018439723,0.037991606,DEC03,MCK02,WEF_FutureOfJobs_2023,0.0,Declining,0.0,0.0
Radio and fiber optic communications,1,0.75,ONET02,Database & Systems Administration,Moderate_Growth,0.5,0.13971522,0.13971522,0.12723804,0.11398642,0.012477189,WEF05,ONET03,ONET_BrightOutlook_2024,0.0,Moderate_Growth,0.7,0.0
rack power,1,0.75,MCK05,Resilience & Adaptability,Strong_Growth,0.75,0.11837495,0.11837495,0.08899008,0.084258005,0.029384874,MCK02,ESCO01,WEF_FutureOfJobs_2025,0.0,Moderate_Growth,0.7,0.0
quantitative data,1,0.75,WEF02,Big Data & Analytics,Strong_Growth,0.9,0.24784267,0.24784267,0.16297083,0.16087228,0.08487184,ONET02,DEC01,WEF_FutureOfJobs_2025,0.0,Strong_Growth,1.0,0.0
quality standards,2,0.75,ONET05,Quality Assurance & Testing,Moderate_Growth,0.55,0.24950778,0.24950778,0.21039522,0.20859453,0.039112568,DEC03,DEC02,ONET_BrightOutlook_2024,0.0,Moderate_Growth,0.7,0.0
quality management systems,1,0.75,ONET05,Quality Assurance & Testing,Moderate_Growth,0.55,0.25209785,0.25209785,0.25195217,0.24427336,0.00014567375,ONET02,ESCO01,ONET_BrightOutlook_2024,0.0,Moderate_Growth,0.7,0.0
qualitative data,1,0.75,MCK03,Leadership & People Development,Moderate_Growth,0.55,0.2502842,0.2502842,0.24668077,0.24416378,0.0036034286,MCK05,DEC01,McKinsey_FutureOfWork_2025,0.0,Moderate_Growth,0.7,0.0
Python,8,0.75,WEF01,AI & Machine Learning,Strong_Growth,1.0,0.25901768,0.25901768,0.23408756,0.22962797,0.02493012,MCK01,ONET02,WEF_FutureOfJobs_2025,0.0,Strong_Growth,1.0,0.0
push notifications,1,0.75,WEF05,Digital Platforms & E-commerce,Moderate_Growth,0.7,0.14887637,0.14887637,0.100275904,0.09827538,0.048600465,ONET06,ONET02,WEF_FutureOfJobs_2025,0.0,Moderate_Growth,0.7,0.0
purchasing flows,1,0.75,WEF05,Digital Platforms & E-commerce,Moderate_Growth,0.7,0.27102208,0.27102208,0.17740227,0.13496786,0.09361981,ONET06,MCK02,WEF_FutureOfJobs_2025,0.0,Moderate_Growth,0.7,0.0
Public Sector,2,0.75,MCK03,Leadership & People Development,Moderate_Growth,0.55,0.26387292,0.26387292,0.26244214,0.24654138,0.0014307797,ONET02,ONET06,McKinsey_FutureOfWork_2025,0.0,Moderate_Growth,0.7,0.0
Public Safety,1,0.75,MCK05,Resilience & Adaptability,Strong_Growth,0.75,0.19727144,0.19727144,0.18968222,0.17965728,0.007589221,MCK03,WEF03,WEF_FutureOfJobs_2025,0.0,Moderate_Growth,0.7,0.0
public company,1,0.75,ONET02,Database & Systems Administration,Moderate_Growth,0.5,0.16440734,0.16440734,0.14976183,0.14344883,0.014645517,MCK03,MCK02,ONET_BrightOutlook_2024,0.0,Moderate_Growth,0.7,0.0
provisioning,1,0.75,WEF04,Cloud Computing & Infrastructure,Strong_Growth,0.85,0.23554641,0.23554641,0.20014231,0.18299198,0.0354041,DEC03,ONET02,WEF_FutureOfJobs_2025,0.0,Strong_Growth,1.0,0.0
Protection of Privacy Act (Alberta),1,0.75,WEF03,Cybersecurity,Strong_Growth,0.9,0.112686366,0.112686366,0.11108488,0.07564324,0.0016014874,ONET06,DEC01,WEF_FutureOfJobs_2025,0.0,Strong_Growth,1.0,0.0
Residential,1,0.75,DEC02,Legacy Web Development,Decline,-0.4,0.20431928,0.20431928,0.1989035,0.18203352,0.0054157823,DEC03,MCK02,Expert_consensus,0.0,Declining,0.0,0.0
representation learning,1,0.75,WEF01,AI & Machine Learning,Strong_Growth,1.0,0.12648621,0.12648621,0.049198143,0.04448055,0.07728807,WEF07,MCK03,WEF_FutureOfJobs_2025,0.0,Strong_Growth,1.0,0.0
replication lag,1,0.75,ONET02,Database & Systems Administration,Moderate_Growth,0.5,0.1336149,0.1336149,0.09171176,0.08177055,0.04190314,ONET06,MCK02,ONET_BrightOutlook_2024,0.0,Moderate_Growth,0.7,0.0
remediation,1,0.75,MCK05,Resilience & Adaptability,Strong_Growth,0.75,0.2171346,0.2171346,0.16937034,0.14295807,0.047764257,DEC03,ONET02,WEF_FutureOfJobs_2025,0.0,Moderate_Growth,0.7,0.0
regulatory requirements,1,0.75,ESCO02,Business Analysis & Requirements Engineering,Moderate_Growth,0.5,0.26521766,0.26521766,0.20361643,0.15268765,0.061601236,DEC01,WEF03,ESCO_v1.2_2024,0.0,Moderate_Growth,0.7,0.0
regulatory needs,1,0.75,ESCO02,Business Analysis & Requirements Engineering,Moderate_Growth,0.5,0.24081519,0.24081519,0.19299103,0.18181078,0.04782416,WEF06,DEC01,ESCO_v1.2_2024,0.0,Moderate_Growth,0.7,0.0
regulatory compliance,2,0.75,DEC01,Routine Data Entry & Clerical,Decline,-0.6,0.2064251,0.2064251,0.17459689,0.17229065,0.03182821,DEC03,WEF03,WEF_FutureOfJobs_2023,0.0,Declining,0.0,0.0
regulatory affairs,1,0.75,WEF05,Digital Platforms & E-commerce,Moderate_Growth,0.7,0.22199707,0.22199707,0.21723762,0.19041494,0.004759446,ESCO02,ONET02,WEF_FutureOfJobs_2025,0.0,Moderate_Growth,0.7,0.0
Redis,2,0.75,ONET02,Database & Systems Administration,Moderate_Growth,0.5,0.2835166,0.2835166,0.20937365,0.15250872,0.07414293,ONET06,WEF04,ONET_BrightOutlook_2024,0.0,Moderate_Growth,0.7,0.0
reconciliation,1,0.75,MCK02,Advanced Communication & Collaboration,Moderate_Growth,0.4,0.19197482,0.19197482,0.16182199,0.14268085,0.030152828,MCK05,MCK03,McKinsey_FutureOfWork_2025,0.0,Stable,0.4,0.0
REB applications,1,0.75,ONET03,UX/UI & Digital Design,Moderate_Growth,0.55,0.23210147,0.23210147,0.22799292,0.22108322,0.004108548,ONET02,DEC02,ONET_BrightOutlook_2024,0.0,Moderate_Growth,0.7,0.0
real-time networking,1,0.75,WEF07,Human-AI Collaboration,Strong_Growth,0.95,0.18573791,0.18573791,0.1618335,0.16181657,0.023904413,MCK02,ONET03,WEF_FutureOfJobs_2025,0.0,Strong_Growth,1.0,0.0
real-time data streaming platforms,1,0.75,WEF02,Big Data & Analytics,Strong_Growth,0.9,0.25516275,0.25516275,0.21338981,0.17566621,0.04177293,ONET02,WEF05,WEF_FutureOfJobs_2025,0.0,Strong_Growth,1.0,0.0
React Native,2,0.75,DEC02,Legacy Web Development,Decline,-0.4,0.18022054,0.18022054,0.12311935,0.067285374,0.057101198,ONET03,MCK02,Expert_consensus,0.0,Declining,0.0,0.0
React JS,1,0.75,DEC02,Legacy Web Development,Decline,-0.4,0.18223882,0.18223882,0.08948471,0.085835874,0.09275411,ONET06,ONET03,Expert_consensus,0.0,Declining,0.0,0.0
React,3,0.75,DEC02,Legacy Web Development,Decline,-0.4,0.1547463,0.1547463,0.10976679,0.09306456,0.044979505,ONET03,ONET06,Expert_consensus,0.0,Declining,0.0,0.0
retail operations,1,0.75,ONET02,Database & Systems Administration,Moderate_Growth,0.5,0.2980029,0.2980029,0.29073617,0.24976292,0.00726673,WEF05,DEC01,ONET_BrightOutlook_2024,0.0,Moderate_Growth,0.7,0.0
Retail,2,0.75,WEF05,Digital Platforms & E-commerce,Moderate_Growth,0.7,0.2759381,0.2759381,0.21302116,0.1941611,0.062916934,ONET02,ONET03,WEF_FutureOfJobs_2025,0.0,Moderate_Growth,0.7,0.0
REST,2,0.75,MCK05,Resilience & Adaptability,Strong_Growth,0.75,0.20049962,0.20049962,0.15542099,0.14418907,0.045078635,DEC03,ONET02,WEF_FutureOfJobs_2025,0.0,Moderate_Growth,0.7,0.0
responsible investment,1,0.75,MCK05,Resilience & Adaptability,Strong_Growth,0.75,0.20638116,0.20638116,0.16367081,0.15529601,0.04271035,ONET06,WEF06,WEF_FutureOfJobs_2025,0.0,Moderate_Growth,0.7,0.0
resource block models,1,0.75,DEC02,Legacy Web Development,Decline,-0.4,0.19291447,0.19291447,0.18528864,0.17267764,0.007625833,ONET06,ONET02,Expert_consensus,0.0,Declining,0.0,0.0
blending,1,0.75,MCK02,Advanced Communication & Collaboration,Moderate_Growth,0.4,0.145063,0.145063,0.14234444,0.098290816,0.002718553,ONET04,WEF07,McKinsey_FutureOfWork_2025,0.0,Stable,0.4,0.0
blasthole optimisation,1,0.75,ESCO02,Business Analysis & Requirements Engineering,Moderate_Growth,0.5,0.1166471,0.1166471,0.10413932,0.0867333,0.012507781,MCK04,WEF03,ESCO_v1.2_2024,0.0,Moderate_Growth,0.7,0.0
biotech consumables,1,0.75,WEF06,Environmental & Sustainability Technology,Moderate_Growth,0.6,0.21795125,0.21795125,0.20204452,0.15950167,0.015906736,MCK05,MCK02,WEF_FutureOfJobs_2025,0.0,Moderate_Growth,0.7,0.0
BIOS,1,0.75,ONET02,Database & Systems Administration,Moderate_Growth,0.5,0.21620476,0.21620476,0.18022245,0.17926097,0.03598231,WEF03,WEF04,ONET_BrightOutlook_2024,0.0,Moderate_Growth,0.7,0.0
Biology,1,0.75,MCK03,Leadership & People Development,Moderate_Growth,0.55,0.17747004,0.17747004,0.16827625,0.15472731,0.009193793,ONET02,MCK05,McKinsey_FutureOfWork_2025,0.0,Moderate_Growth,0.7,0.0
BigCommerce,1,0.75,WEF05,Digital Platforms & E-commerce,Moderate_Growth,0.7,0.28137657,0.28137657,0.22809336,0.2252551,0.053283215,ONET06,WEF02,WEF_FutureOfJobs_2025,0.0,Moderate_Growth,0.7,0.0
BICS,1,0.75,ONET02,Database & Systems Administration,Moderate_Growth,0.5,0.2085772,0.2085772,0.19057758,0.1854664,0.01799962,MCK02,ESCO02,ONET_BrightOutlook_2024,0.0,Moderate_Growth,0.7,0.0
Bicep,1,0.75,WEF01,AI & Machine Learning,Strong_Growth,1.0,0.087552175,0.087552175,0.08738146,0.07792366,0.00017071515,ESCO01,DEC03,WEF_FutureOfJobs_2025,0.0,Strong_Growth,1.0,0.0
BGP,1,0.75,WEF02,Big Data & Analytics,Strong_Growth,0.9,0.17180151,0.17180151,0.14391762,0.14336541,0.027883887,WEF05,ONET02,WEF_FutureOfJobs_2025,0.0,Strong_Growth,1.0,0.0
behavioral science,1,0.75,ONET03,UX/UI & Digital Design,Moderate_Growth,0.55,0.28964245,0.28964245,0.26747233,0.24182326,0.022170126,WEF07,WEF01,ONET_BrightOutlook_2024,0.0,Moderate_Growth,0.7,0.0
beauty,1,0.75,MCK05,Resilience & Adaptability,Strong_Growth,0.75,0.16255014,0.16255014,0.15825455,0.11438346,0.0042955875,ONET02,ONET04,WEF_FutureOfJobs_2025,0.0,Moderate_Growth,0.7,0.0
Rust,1,0.75,DEC03,Routine Maintenance Coding,Decline,-0.3,0.23579395,0.23579395,0.21621129,0.13742222,0.019582659,DEC02,MCK02,McKinsey_FutureOfWork_2023,0.0,Declining,0.0,0.0
RTP,1,0.75,MCK02,Advanced Communication & Collaboration,Moderate_Growth,0.4,0.1839549,0.1839549,0.13786194,0.12472377,0.046092957,MCK01,WEF07,McKinsey_FutureOfWork_2025,0.0,Stable,0.4,0.0
RS-232/485,1,0.75,WEF03,Cybersecurity,Strong_Growth,0.9,0.117335096,0.117335096,0.11249313,0.07773945,0.0048419684,MCK01,WEF05,WEF_FutureOfJobs_2025,0.0,Strong_Growth,1.0,0.0
routine inspection,1,0.75,DEC03,Routine Maintenance Coding,Decline,-0.3,0.27698213,0.27698213,0.18383929,0.16728055,0.09314284,DEC01,MCK01,McKinsey_FutureOfWork_2023,0.0,Declining,0.0,0.0
ROI reporting,1,0.75,WEF06,Environmental & Sustainability Technology,Moderate_Growth,0.6,0.16178614,0.16178614,0.15941024,0.14367235,0.0023759007,WEF02,MCK02,WEF_FutureOfJobs_2025,0.0,Moderate_Growth,0.7,0.0
RMF guidance,1,0.75,ESCO01,Project Management & Agile Methodologies,Moderate_Growth,0.55,0.19480856,0.19480856,0.18451679,0.16270165,0.01029177,MCK02,DEC03,ESCO_v1.2_2024,0.0,Moderate_Growth,0.7,0.0
RMF compliance,1,0.75,MCK02,Advanced Communication & Collaboration,Moderate_Growth,0.4,0.16006055,0.16006055,0.15757701,0.15755662,0.0024835467,ESCO01,DEC03,McKinsey_FutureOfWork_2025,0.0,Stable,0.4,0.0
RMA/OHIP billing,1,0.75,WEF05,Digital Platforms & E-commerce,Moderate_Growth,0.7,0.21247023,0.21247023,0.16478172,0.13032238,0.047688514,ONET06,MCK02,WEF_FutureOfJobs_2025,0.0,Moderate_Growth,0.7,0.0
risk solutions,1,0.75,MCK05,Resilience & Adaptability,Strong_Growth,0.75,0.27852803,0.27852803,0.20910436,0.20702867,0.069423676,ESCO01,MCK04,WEF_FutureOfJobs_2025,0.0,Moderate_Growth,0.7,0.0
Risk and Regulatory,1,0.75,MCK05,Resilience & Adaptability,Strong_Growth,0.75,0.20058589,0.20058589,0.16775581,0.15157932,0.032830074,WEF03,WEF06,WEF_FutureOfJobs_2025,0.0,Moderate_Growth,0.7,0.0
Rhapsody,1,0.75,DEC02,Legacy Web Development,Decline,-0.4,0.12854996,0.12854996,0.119314425,0.11523929,0.009235539,ONET06,ONET02,Expert_consensus,0.0,Declining,0.0,0.0
reward,1,0.75,DEC03,Routine Maintenance Coding,Decline,-0.3,0.18097779,0.18097779,0.17422046,0.1630384,0.006757334,MCK03,MCK05,McKinsey_FutureOfWork_2023,0.0,Declining,0.0,0.0
Revit,2,0.75,ONET02,Database & Systems Administration,Moderate_Growth,0.5,0.14125445,0.14125445,0.123673685,0.08423158,0.01758077,DEC03,ONET06,ONET_BrightOutlook_2024,0.0,Moderate_Growth,0.7,0.0
revenue growth,1,0.75,WEF05,Digital Platforms & E-commerce,Moderate_Growth,0.7,0.1840474,0.1840474,0.16100974,0.11226335,0.023037657,ONET06,ESCO01,WEF_FutureOfJobs_2025,0.0,Moderate_Growth,0.7,0.0
retrieval-augmented generation (RAG),1,0.75,DEC03,Routine Maintenance Coding,Decline,-0.3,0.16132875,0.16132875,0.13581455,0.12196728,0.0255142,WEF07,MCK02,McKinsey_FutureOfWork_2023,0.0,Declining,0.0,0.0
retail stores,1,0.75,WEF05,Digital Platforms & E-commerce,Moderate_Growth,0.7,0.19630995,0.19630995,0.15107659,0.12057251,0.04523337,ONET02,DEC02,WEF_FutureOfJobs_2025,0.0,Moderate_Growth,0.7,0.0
Scopus AI,1,0.75,WEF07,Human-AI Collaboration,Strong_Growth,0.95,0.19936585,0.19936585,0.1887466,0.17077422,0.010619253,ONET02,ONET06,WEF_FutureOfJobs_2025,0.0,Strong_Growth,1.0,0.0
science,1,0.75,ONET02,Database & Systems Administration,Moderate_Growth,0.5,0.26105624,0.26105624,0.21987891,0.20874935,0.041177332,WEF02,WEF01,ONET_BrightOutlook_2024,0.0,Moderate_Growth,0.7,0.0
schematic design,1,0.75,ONET03,UX/UI & Digital Design,Moderate_Growth,0.55,0.2591676,0.2591676,0.22964928,0.21954161,0.029518336,DEC02,MCK02,ONET_BrightOutlook_2024,0.0,Moderate_Growth,0.7,0.0
schema design,1,0.75,ESCO02,Business Analysis & Requirements Engineering,Moderate_Growth,0.5,0.24908504,0.24908504,0.23696342,0.20322666,0.012121618,ONET03,DEC02,ESCO_v1.2_2024,0.0,Moderate_Growth,0.7,0.0
SCCM,1,0.75,ESCO01,Project Management & Agile Methodologies,Moderate_Growth,0.55,0.28099582,0.28099582,0.261056,0.21221077,0.01993981,MCK02,WEF03,ESCO_v1.2_2024,0.0,Moderate_Growth,0.7,0.0
scalable solutions,1,0.75,MCK05,Resilience & Adaptability,Strong_Growth,0.75,0.24298537,0.24298537,0.21548246,0.20289046,0.02750291,WEF04,ONET06,WEF_FutureOfJobs_2025,0.0,Moderate_Growth,0.7,0.0
scalable integration architecture,1,0.75,WEF04,Cloud Computing & Infrastructure,Strong_Growth,0.85,0.2819414,0.2819414,0.27084246,0.2043671,0.011098951,ONET02,ONET06,WEF_FutureOfJobs_2025,0.0,Strong_Growth,1.0,0.0
scalability,1,0.75,MCK05,Resilience & Adaptability,Strong_Growth,0.75,0.28135896,0.28135896,0.21333078,0.20481259,0.06802818,ONET06,WEF04,WEF_FutureOfJobs_2025,0.0,Moderate_Growth,0.7,0.0
SCADA,1,0.75,MCK01,Process Automation & RPA,Moderate_Growth,0.5,0.22935072,0.22935072,0.22699249,0.22351173,0.002358228,MCK02,WEF03,McKinsey_FutureOfWork_2025,0.0,Moderate_Growth,0.7,0.0
satellite,1,0.75,WEF04,Cloud Computing & Infrastructure,Strong_Growth,0.85,0.21454573,0.21454573,0.14603844,0.10716602,0.068507284,ONET02,DEC03,WEF_FutureOfJobs_2025,0.0,Strong_Growth,1.0,0.0
SaMD,1,0.75,ONET02,Database & Systems Administration,Moderate_Growth,0.5,0.12916952,0.12916952,0.09116088,0.08149544,0.038008645,ESCO01,WEF07,ONET_BrightOutlook_2024,0.0,Moderate_Growth,0.7,0.0
SAM,1,0.75,ONET02,Database & Systems Administration,Moderate_Growth,0.5,0.13122371,0.13122371,0.10448424,0.103796065,0.02673947,WEF07,ESCO01,ONET_BrightOutlook_2024,0.0,Moderate_Growth,0.7,0.0
safety standards,1,0.75,WEF03,Cybersecurity,Strong_Growth,0.9,0.26207596,0.26207596,0.1843566,0.17651902,0.07771936,DEC03,MCK05,WEF_FutureOfJobs_2025,0.0,Strong_Growth,1.0,0.0
safety critical applications,1,0.75,WEF03,Cybersecurity,Strong_Growth,0.9,0.26526976,0.26526976,0.24693839,0.19230074,0.018331364,MCK04,DEC03,WEF_FutureOfJobs_2025,0.0,Strong_Growth,1.0,0.0
safety and governance requirements,1,0.75,ESCO02,Business Analysis & Requirements Engineering,Moderate_Growth,0.5,0.1861215,0.1861215,0.1856454,0.1808717,0.0004760921,WEF03,MCK05,ESCO_v1.2_2024,0.0,Moderate_Growth,0.7,0.0
SaaS,5,0.75,ONET02,Database & Systems Administration,Moderate_Growth,0.5,0.26832187,0.26832187,0.23857877,0.23813361,0.029743105,WEF04,MCK02,ONET_BrightOutlook_2024,0.0,Moderate_Growth,0.7,0.0
Azure Bicep,1,0.75,WEF04,Cloud Computing & Infrastructure,Strong_Growth,0.85,0.18709883,0.18709883,0.12164383,0.11916956,0.065455005,MCK02,WEF01,WEF_FutureOfJobs_2025,0.0,Strong_Growth,1.0,0.0
Azure Administrator Associate,1,0.75,WEF04,Cloud Computing & Infrastructure,Strong_Growth,0.85,0.19943458,0.19943458,0.12689759,0.10160631,0.07253699,MCK02,WEF07,WEF_FutureOfJobs_2025,0.0,Strong_Growth,1.0,0.0
AWS parameter groups,1,0.75,WEF04,Cloud Computing & Infrastructure,Strong_Growth,0.85,0.20483895,0.20483895,0.16124772,0.147321,0.04359123,MCK03,ESCO02,WEF_FutureOfJobs_2025,0.0,Strong_Growth,1.0,0.0
AV equipment,1,0.75,ONET02,Database & Systems Administration,Moderate_Growth,0.5,0.19769338,0.19769338,0.19072938,0.1898079,0.006963998,WEF04,DEC03,ONET_BrightOutlook_2024,0.0,Moderate_Growth,0.7,0.0
BCBS 239,1,0.75,ONET03,UX/UI & Digital Design,Moderate_Growth,0.55,0.11120573,0.11120573,0.107327454,0.09882184,0.003878273,WEF03,DEC03,ONET_BrightOutlook_2024,0.0,Moderate_Growth,0.7,0.0
Bash,1,0.75,DEC03,Routine Maintenance Coding,Decline,-0.3,0.21121567,0.21121567,0.17059961,0.14752862,0.040616065,ONET02,MCK05,McKinsey_FutureOfWork_2023,0.0,Declining,0.0,0.0
Bamboo,1,0.75,DEC02,Legacy Web Development,Decline,-0.4,0.16445583,0.16445583,0.1368927,0.1331731,0.027563125,MCK02,WEF04,Expert_consensus,0.0,Declining,0.0,0.0
B2B software sales,1,0.75,WEF05,Digital Platforms & E-commerce,Moderate_Growth,0.7,0.28151506,0.28151506,0.25594276,0.22182137,0.0255723,ESCO02,ONET02,WEF_FutureOfJobs_2025,0.0,Moderate_Growth,0.7,0.0
B2B SaaS,1,0.75,ONET02,Database & Systems Administration,Moderate_Growth,0.5,0.21021062,0.21021062,0.19208145,0.18801199,0.01812917,ESCO01,WEF05,ONET_BrightOutlook_2024,0.0,Moderate_Growth,0.7,0.0
B2B products,1,0.75,ESCO02,Business Analysis & Requirements Engineering,Moderate_Growth,0.5,0.1434427,0.1434427,0.10923463,0.092293955,0.034208074,WEF05,ONET03,ESCO_v1.2_2024,0.0,Moderate_Growth,0.7,0.0
B2B,1,0.75,ONET02,Database & Systems Administration,Moderate_Growth,0.5,0.13605013,0.13605013,0.11058413,0.108153306,0.025466003,ESCO01,WEF02,ONET_BrightOutlook_2024,0.0,Moderate_Growth,0.7,0.0
Azure Storage,1,0.75,WEF04,Cloud Computing & Infrastructure,Strong_Growth,0.85,0.27140847,0.27140847,0.1368801,0.1253333,0.13452837,WEF02,ONET02,WEF_FutureOfJobs_2025,0.0,Strong_Growth,1.0,0.0
Azure Resource Manager (ARM) templates,1,0.75,WEF04,Cloud Computing & Infrastructure,Strong_Growth,0.85,0.26278797,0.26278797,0.17039107,0.13340886,0.0923969,ESCO01,MCK02,WEF_FutureOfJobs_2025,0.0,Strong_Growth,1.0,0.0
ServiceNow,2,0.75,DEC03,Routine Maintenance Coding,Decline,-0.3,0.17291546,0.17291546,0.16716123,0.15084848,0.0057542324,WEF04,MCK02,McKinsey_FutureOfWork_2023,0.0,Declining,0.0,0.0
Service Reliability Management,1,0.75,ONET02,Database & Systems Administration,Moderate_Growth,0.5,0.23769052,0.23769052,0.21099341,0.20001839,0.026697114,DEC03,MCK05,ONET_BrightOutlook_2024,0.0,Moderate_Growth,0.7,0.0
service portal,1,0.75,ONET02,Database & Systems Administration,Moderate_Growth,0.5,0.2516512,0.2516512,0.22725475,0.22461835,0.02439645,WEF04,MCK01,ONET_BrightOutlook_2024,0.0,Moderate_Growth,0.7,0.0
Service Design,1,0.75,ONET06,Blockchain & Distributed Systems,Moderate_Growth,0.5,0.2509168,0.2509168,0.22548299,0.22004567,0.025433823,ONET02,ONET03,ONET_BrightOutlook_2024,0.0,Moderate_Growth,0.7,0.0
service boundaries,1,0.75,WEF04,Cloud Computing & Infrastructure,Strong_Growth,0.85,0.2907828,0.2907828,0.23666671,0.209714,0.0541161,ONET06,ONET02,WEF_FutureOfJobs_2025,0.0,Strong_Growth,1.0,0.0
server-client communication models,1,0.75,ONET06,Blockchain & Distributed Systems,Moderate_Growth,0.5,0.24249586,0.24249586,0.23869513,0.2035805,0.0038007349,ONET02,DEC02,ONET_BrightOutlook_2024,0.0,Moderate_Growth,0.7,0.0
Series A funding,1,0.75,MCK02,Advanced Communication & Collaboration,Moderate_Growth,0.4,0.18189791,0.18189791,0.17360118,0.1711323,0.008296728,MCK03,WEF07,McKinsey_FutureOfWork_2025,0.0,Stable,0.4,0.0
SEO,1,0.75,DEC02,Legacy Web Development,Decline,-0.4,0.26984838,0.26984838,0.22280505,0.21756665,0.047043324,ONET02,WEF05,Expert_consensus,0.0,Declining,0.0,0.0
sensors,1,0.75,WEF01,AI & Machine Learning,Strong_Growth,1.0,0.15932445,0.15932445,0.13806671,0.12392287,0.021257743,WEF02,MCK01,WEF_FutureOfJobs_2025,0.0,Strong_Growth,1.0,0.0
semiconductor,1,0.75,WEF03,Cybersecurity,Strong_Growth,0.9,0.13598418,0.13598418,0.123041354,0.112348706,0.012942828,ONET06,WEF06,WEF_FutureOfJobs_2025,0.0,Strong_Growth,1.0,0.0
semantic search,1,0.75,ONET02,Database & Systems Administration,Moderate_Growth,0.5,0.25277227,0.25277227,0.21038638,0.20650059,0.04238589,MCK01,WEF01,ONET_BrightOutlook_2024,0.0,Moderate_Growth,0.7,0.0
sell-side research,1,0.75,MCK02,Advanced Communication & Collaboration,Moderate_Growth,0.4,0.2873996,0.2873996,0.24172777,0.22004506,0.04567182,WEF05,ESCO02,McKinsey_FutureOfWork_2025,0.0,Stable,0.4,0.0
SEEQ,1,0.75,ONET02,Database & Systems Administration,Moderate_Growth,0.5,0.15487406,0.15487406,0.1421881,0.11742156,0.012685955,MCK04,MCK05,ONET_BrightOutlook_2024,0.0,Moderate_Growth,0.7,0.0
SDKs,1,0.75,ONET06,Blockchain & Distributed Systems,Moderate_Growth,0.5,0.21261132,0.21261132,0.20707813,0.1908021,0.0055331886,ONET02,DEC03,ONET_BrightOutlook_2024,0.0,Moderate_Growth,0.7,0.0
SOA components,1,0.75,ONET03,UX/UI & Digital Design,Moderate_Growth,0.55,0.23819223,0.23819223,0.21471107,0.18815784,0.02348116,DEC02,MCK02,ONET_BrightOutlook_2024,0.0,Moderate_Growth,0.7,0.0
SmartNIC,1,0.75,MCK05,Resilience & Adaptability,Strong_Growth,0.75,0.18318093,0.18318093,0.17462209,0.15377526,0.00855884,MCK02,WEF08,WEF_FutureOfJobs_2025,0.0,Moderate_Growth,0.7,0.0
SLOs,1,0.75,ONET06,Blockchain & Distributed Systems,Moderate_Growth,0.5,0.20219287,0.20219287,0.19521824,0.18511954,0.0069746375,ONET02,WEF04,ONET_BrightOutlook_2024,0.0,Moderate_Growth,0.7,0.0
SLIs,1,0.75,ONET06,Blockchain & Distributed Systems,Moderate_Growth,0.5,0.23578377,0.23578377,0.22112787,0.18726787,0.014655903,ONET02,WEF04,ONET_BrightOutlook_2024,0.0,Moderate_Growth,0.7,0.0
SLAs,1,0.75,ONET02,Database & Systems Administration,Moderate_Growth,0.5,0.20060864,0.20060864,0.18214762,0.18044949,0.018461019,WEF04,ONET06,ONET_BrightOutlook_2024,0.0,Moderate_Growth,0.7,0.0
Autonomous Underwater Vehicles (AUVs),1,0.75,WEF07,Human-AI Collaboration,Strong_Growth,0.95,0.24838868,0.24838868,0.18512072,0.1659429,0.06326796,WEF04,ESCO01,WEF_FutureOfJobs_2025,0.0,Strong_Growth,1.0,0.0
Autonomous Surface Vehicles (USVs),1,0.75,WEF07,Human-AI Collaboration,Strong_Growth,0.95,0.25173414,0.25173414,0.22626133,0.17850047,0.025472805,WEF04,MCK01,WEF_FutureOfJobs_2025,0.0,Strong_Growth,1.0,0.0
autonomous marine systems,1,0.75,WEF04,Cloud Computing & Infrastructure,Strong_Growth,0.85,0.23566037,0.23566037,0.223828,0.2126417,0.011832371,ONET06,WEF07,WEF_FutureOfJobs_2025,0.0,Strong_Growth,1.0,0.0
Automotive,3,0.75,MCK01,Process Automation & RPA,Moderate_Growth,0.5,0.2354441,0.2354441,0.2202905,0.21259776,0.015153602,WEF07,ESCO02,McKinsey_FutureOfWork_2025,0.0,Moderate_Growth,0.7,0.0
automated weed control,1,0.75,MCK01,Process Automation & RPA,Moderate_Growth,0.5,0.18650576,0.18650576,0.12400527,0.120125264,0.06250049,ONET05,WEF07,McKinsey_FutureOfWork_2025,0.0,Moderate_Growth,0.7,0.0
automated metadata ingestion,1,0.75,ONET02,Database & Systems Administration,Moderate_Growth,0.5,0.21907592,0.21907592,0.21320519,0.21148711,0.0058707297,MCK01,DEC01,ONET_BrightOutlook_2024,0.0,Moderate_Growth,0.7,0.0
AutoCAD,2,0.75,ONET03,UX/UI & Digital Design,Moderate_Growth,0.55,0.19091126,0.19091126,0.18857351,0.17252856,0.0023377538,MCK01,DEC03,ONET_BrightOutlook_2024,0.0,Moderate_Growth,0.7,0.0
Australian residential construction regulations,1,0.75,ONET03,UX/UI & Digital Design,Moderate_Growth,0.55,0.17045613,0.17045613,0.15956283,0.1425141,0.0108933,DEC02,DEC03,ONET_BrightOutlook_2024,0.0,Moderate_Growth,0.7,0.0
Australian residential construction practices,1,0.75,DEC03,Routine Maintenance Coding,Decline,-0.3,0.23075305,0.23075305,0.206755,0.1982311,0.023998052,DEC02,MCK02,McKinsey_FutureOfWork_2023,0.0,Declining,0.0,0.0
SIP,1,0.75,WEF05,Digital Platforms & E-commerce,Moderate_Growth,0.7,0.15787251,0.15787251,0.14653015,0.12701556,0.011342362,ESCO01,ONET02,WEF_FutureOfJobs_2025,0.0,Moderate_Growth,0.7,0.0
settlement and clearing,1,0.75,ONET06,Blockchain & Distributed Systems,Moderate_Growth,0.5,0.17168966,0.17168966,0.14736904,0.12431361,0.024320617,MCK02,DEC03,ONET_BrightOutlook_2024,0.0,Moderate_Growth,0.7,0.0
SSIS,1,0.75,WEF03,Cybersecurity,Strong_Growth,0.9,0.2637705,0.2637705,0.2446942,0.24120586,0.019076288,ONET02,MCK02,WEF_FutureOfJobs_2025,0.0,Strong_Growth,1.0,0.0
SRE,1,0.75,ESCO01,Project Management & Agile Methodologies,Moderate_Growth,0.55,0.13655475,0.13655475,0.13103689,0.12968285,0.0055178553,MCK02,ONET02,ESCO_v1.2_2024,0.0,Moderate_Growth,0.7,0.0
SQL,4,0.75,ONET02,Database & Systems Administration,Moderate_Growth,0.5,0.28442508,0.28442508,0.229383,0.21629664,0.055042073,DEC01,DEC03,ONET_BrightOutlook_2024,0.0,Moderate_Growth,0.7,0.0
sports,1,0.75,ONET04,Game Development & Interactive Media,Moderate_Growth,0.6,0.2882916,0.2882916,0.28097183,0.1999307,0.007319778,MCK03,ONET01,ONET_BrightOutlook_2024,0.0,Moderate_Growth,0.7,0.0
specialized alloys,1,0.75,MCK02,Advanced Communication & Collaboration,Moderate_Growth,0.4,0.16030845,0.16030845,0.15803242,0.15308541,0.0022760332,DEC03,WEF01,McKinsey_FutureOfWork_2025,0.0,Stable,0.4,0.0
Spark,2,0.75,WEF02,Big Data & Analytics,Strong_Growth,0.9,0.20229904,0.20229904,0.14171582,0.12623577,0.06058322,ONET02,MCK05,WEF_FutureOfJobs_2025,0.0,Strong_Growth,1.0,0.0
space planning,1,0.75,WEF07,Human-AI Collaboration,Strong_Growth,0.95,0.22874494,0.22874494,0.22716296,0.19964263,0.0015819818,ONET04,ONET02,WEF_FutureOfJobs_2025,0.0,Strong_Growth,1.0,0.0
SOPs,1,0.75,ONET02,Database & Systems Administration,Moderate_Growth,0.5,0.10743538,0.10743538,0.09958086,0.08709711,0.007854521,WEF03,DEC02,ONET_BrightOutlook_2024,0.0,Moderate_Growth,0.7,0.0
Solr,1,0.75,ONET02,Database & Systems Administration,Moderate_Growth,0.5,0.22612694,0.22612694,0.1467143,0.14290804,0.07941264,DEC03,MCK05,ONET_BrightOutlook_2024,0.0,Moderate_Growth,0.7,0.0
social,1,0.75,MCK02,Advanced Communication & Collaboration,Moderate_Growth,0.4,0.20725182,0.20725182,0.20482269,0.19742525,0.0024291277,ONET06,WEF07,McKinsey_FutureOfWork_2025,0.0,Stable,0.4,0.0
SOAP,1,0.75,DEC03,Routine Maintenance Coding,Decline,-0.3,0.16675577,0.16675577,0.13732049,0.1363249,0.029435277,ONET01,WEF05,McKinsey_FutureOfWork_2023,0.0,Declining,0.0,0.0
SOA Suite,1,0.75,ONET03,UX/UI & Digital Design,Moderate_Growth,0.55,0.20961636,0.20961636,0.17690259,0.17315441,0.03271377,ONET02,DEC02,ONET_BrightOutlook_2024,0.0,Moderate_Growth,0.7,0.0
Streamlit,1,0.75,ONET04,Game Development & Interactive Media,Moderate_Growth,0.6,0.19291586,0.19291586,0.19245942,0.13514848,0.00045643747,DEC02,MCK02,ONET_BrightOutlook_2024,0.0,Moderate_Growth,0.7,0.0
streaming software,1,0.75,ONET02,Database & Systems Administration,Moderate_Growth,0.5,0.21037307,0.21037307,0.19905092,0.18353541,0.011322156,ONET04,DEC02,ONET_BrightOutlook_2024,0.0,Moderate_Growth,0.7,0.0
video technology,1,0.75,ONET04,Game Development & Interactive Media,Moderate_Growth,0.6,0.2529196,0.2529196,0.20600931,0.19202623,0.0469103,DEC02,ONET03,ONET_BrightOutlook_2024,0.0,Moderate_Growth,0.7,0.0
strategic priorities,1,0.75,MCK02,Advanced Communication & Collaboration,Moderate_Growth,0.4,0.28955126,0.28955126,0.28312433,0.27307135,0.0064269304,ESCO01,MCK04,McKinsey_FutureOfWork_2025,0.0,Stable,0.4,0.0
STP,1,0.75,ONET02,Database & Systems Administration,Moderate_Growth,0.5,0.1110629,0.1110629,0.10225007,0.08931696,0.00881283,ESCO01,WEF05,ONET_BrightOutlook_2024,0.0,Moderate_Growth,0.7,0.0
storefronts,1,0.75,DEC02,Legacy Web Development,Decline,-0.4,0.28663948,0.28663948,0.22797364,0.2001183,0.05866584,ONET03,ONET02,Expert_consensus,0.0,Declining,0.0,0.0
StigViewer,1,0.75,ONET03,UX/UI & Digital Design,Moderate_Growth,0.55,0.13807401,0.13807401,0.090594664,0.07393221,0.047479346,DEC02,WEF07,ONET_BrightOutlook_2024,0.0,Moderate_Growth,0.7,0.0
STIG hardening process,1,0.75,DEC03,Routine Maintenance Coding,Decline,-0.3,0.1105119,0.1105119,0.06125524,0.040261485,0.04925666,ONET02,WEF05,McKinsey_FutureOfWork_2023,0.0,Declining,0.0,0.0
steel,1,0.75,DEC02,Legacy Web Development,Decline,-0.4,0.25236994,0.25236994,0.21030778,0.1929076,0.042062163,ONET03,MCK02,Expert_consensus,0.0,Declining,0.0,0.0
Statistics,1,0.75,WEF02,Big Data & Analytics,Strong_Growth,0.9,0.24392782,0.24392782,0.18512675,0.17255853,0.05880107,ONET02,MCK03,WEF_FutureOfJobs_2025,0.0,Strong_Growth,1.0,0.0
statistical methods,1,0.75,ONET02,Database & Systems Administration,Moderate_Growth,0.5,0.18287876,0.18287876,0.15364997,0.12676023,0.029228792,ESCO01,DEC01,ONET_BrightOutlook_2024,0.0,Moderate_Growth,0.7,0.0
State of Washington statutes,1,0.75,WEF04,Cloud Computing & Infrastructure,Strong_Growth,0.85,0.06247287,0.06247287,0.034575373,0.023638472,0.027897496,DEC01,MCK01,WEF_FutureOfJobs_2025,0.0,Strong_Growth,1.0,0.0
state management libraries,1,0.75,ONET02,Database & Systems Administration,Moderate_Growth,0.5,0.28758562,0.28758562,0.1975077,0.18083489,0.09007792,MCK01,ONET06,ONET_BrightOutlook_2024,0.0,Moderate_Growth,0.7,0.0
standard office equipment,1,0.75,DEC01,Routine Data Entry & Clerical,Decline,-0.6,0.26947978,0.26947978,0.20971096,0.20261227,0.059768826,DEC02,DEC03,WEF_FutureOfJobs_2023,0.0,Declining,0.0,0.0
SSRS,1,0.75,ONET02,Database & Systems Administration,Moderate_Growth,0.5,0.20663495,0.20663495,0.20391282,0.19860895,0.0027221292,MCK04,MCK02,ONET_BrightOutlook_2024,0.0,Moderate_Growth,0.7,0.0
Arista Fabric,1,0.75,ONET02,Database & Systems Administration,Moderate_Growth,0.5,0.07993042,0.07993042,0.07579622,0.07384381,0.0041342005,WEF04,DEC03,ONET_BrightOutlook_2024,0.0,Moderate_Growth,0.7,0.0
Arista,1,0.75,ONET02,Database & Systems Administration,Moderate_Growth,0.5,0.16965702,0.16965702,0.103799604,0.09830126,0.06585742,WEF02,ESCO01,ONET_BrightOutlook_2024,0.0,Moderate_Growth,0.7,0.0
system validation,1,0.75,ONET06,Blockchain & Distributed Systems,Moderate_Growth,0.5,0.14348216,0.14348216,0.114592895,0.10312377,0.028889269,WEF03,DEC03,ONET_BrightOutlook_2024,0.0,Moderate_Growth,0.7,0.0
system requirements,1,0.75,ONET02,Database & Systems Administration,Moderate_Growth,0.5,0.2685598,0.2685598,0.25160164,0.23701963,0.016958177,ONET03,DEC02,ONET_BrightOutlook_2024,0.0,Moderate_Growth,0.7,0.0
system design,1,0.75,ONET03,UX/UI & Digital Design,Moderate_Growth,0.55,0.26722306,0.26722306,0.26696664,0.23092875,0.00025641918,ONET06,DEC02,ONET_BrightOutlook_2024,0.0,Moderate_Growth,0.7,0.0
system analysis,1,0.75,ONET06,Blockchain & Distributed Systems,Moderate_Growth,0.5,0.2504878,0.2504878,0.185906,0.18176901,0.06458181,ESCO02,ONET02,ONET_BrightOutlook_2024,0.0,Moderate_Growth,0.7,0.0
Swift,1,0.75,ONET03,UX/UI & Digital Design,Moderate_Growth,0.55,0.18826723,0.18826723,0.18397069,0.18223786,0.004296541,WEF01,WEF07,ONET_BrightOutlook_2024,0.0,Moderate_Growth,0.7,0.0
SVN,1,0.75,WEF03,Cybersecurity,Strong_Growth,0.9,0.1751159,0.1751159,0.15730971,0.15417759,0.017806187,WEF01,WEF04,WEF_FutureOfJobs_2025,0.0,Strong_Growth,1.0,0.0
supply chain,2,0.75,ONET06,Blockchain & Distributed Systems,Moderate_Growth,0.5,0.2493206,0.2493206,0.22783929,0.22389856,0.021481305,ONET02,WEF05,ONET_BrightOutlook_2024,0.0,Moderate_Growth,0.7,0.0
super funds,1,0.75,MCK02,Advanced Communication & Collaboration,Moderate_Growth,0.4,0.17165872,0.17165872,0.17123675,0.14969829,0.00042197108,ONET06,ESCO01,McKinsey_FutureOfWork_2025,0.0,Stable,0.4,0.0
studio equipment,1,0.75,MCK02,Advanced Communication & Collaboration,Moderate_Growth,0.4,0.27225202,0.27225202,0.24466363,0.23495242,0.027588397,DEC03,ONET03,McKinsey_FutureOfWork_2025,0.0,Stable,0.4,0.0
studio,1,0.75,ONET04,Game Development & Interactive Media,Moderate_Growth,0.6,0.28425804,0.28425804,0.26398605,0.25818872,0.020271987,WEF07,MCK02,ONET_BrightOutlook_2024,0.0,Moderate_Growth,0.7,0.0
structured induction programme,1,0.75,MCK03,Leadership & People Development,Moderate_Growth,0.55,0.2044571,0.2044571,0.18216276,0.17761235,0.022294343,DEC01,WEF01,McKinsey_FutureOfWork_2025,0.0,Moderate_Growth,0.7,0.0
Structural Engineering,1,0.75,ONET03,UX/UI & Digital Design,Moderate_Growth,0.55,0.2644269,0.2644269,0.25488356,0.23824915,0.0095433295,DEC02,ESCO02,ONET_BrightOutlook_2024,0.0,Moderate_Growth,0.7,0.0
structs,1,0.75,ONET02,Database & Systems Administration,Moderate_Growth,0.5,0.19952604,0.19952604,0.1872823,0.15024097,0.012243748,ONET06,ONET03,ONET_BrightOutlook_2024,0.0,Moderate_Growth,0.7,0.0
Tenable,1,0.75,MCK05,Resilience & Adaptability,Strong_Growth,0.75,0.2704643,0.2704643,0.091079265,0.08066919,0.17938504,ONET06,DEC03,WEF_FutureOfJobs_2025,0.0,Moderate_Growth,0.7,0.0
video streaming technologies,1,0.75,WEF05,Digital Platforms & E-commerce,Moderate_Growth,0.7,0.22400883,0.22400883,0.21805759,0.20954004,0.0059512407,DEC02,ONET02,WEF_FutureOfJobs_2025,0.0,Moderate_Growth,0.7,0.0
technical audio,1,0.75,ONET03,UX/UI & Digital Design,Moderate_Growth,0.55,0.28265446,0.28265446,0.2503646,0.22601432,0.032289863,MCK02,MCK01,ONET_BrightOutlook_2024,0.0,Moderate_Growth,0.7,0.0
Te Kaupapa Matua,1,0.75,MCK02,Advanced Communication & Collaboration,Moderate_Growth,0.4,0.105360545,0.105360545,0.0976796,0.095478326,0.007680945,ONET06,MCK05,McKinsey_FutureOfWork_2025,0.0,Stable,0.4,0.0
target drilling,1,0.75,ESCO02,Business Analysis & Requirements Engineering,Moderate_Growth,0.5,0.18630618,0.18630618,0.17289141,0.16936693,0.01341477,MCK02,ESCO01,ESCO_v1.2_2024,0.0,Moderate_Growth,0.7,0.0
system verification,1,0.75,ONET06,Blockchain & Distributed Systems,Moderate_Growth,0.5,0.16590512,0.16590512,0.1280095,0.12242609,0.03789562,WEF03,MCK01,ONET_BrightOutlook_2024,0.0,Moderate_Growth,0.7,0.0
auditorium,1,0.75,ONET04,Game Development & Interactive Media,Moderate_Growth,0.6,0.15494764,0.15494764,0.13189286,0.12566952,0.023054779,ONET03,MCK03,ONET_BrightOutlook_2024,0.0,Moderate_Growth,0.7,0.0
audio system,1,0.75,ONET06,Blockchain & Distributed Systems,Moderate_Growth,0.5,0.20061833,0.20061833,0.18282238,0.1775314,0.01779595,ONET03,ONET02,ONET_BrightOutlook_2024,0.0,Moderate_Growth,0.7,0.0
audio software,1,0.75,ONET02,Database & Systems Administration,Moderate_Growth,0.5,0.2438089,0.2438089,0.19571495,0.1955064,0.048093945,WEF01,ONET03,ONET_BrightOutlook_2024,0.0,Moderate_Growth,0.7,0.0
audio hardware,1,0.75,ONET03,UX/UI & Digital Design,Moderate_Growth,0.55,0.22269675,0.22269675,0.20771703,0.19945839,0.01497972,ONET02,DEC02,ONET_BrightOutlook_2024,0.0,Moderate_Growth,0.7,0.0
Win32,1,0.75,DEC03,Routine Maintenance Coding,Decline,-0.3,0.13478048,0.13478048,0.13373446,0.09570838,0.0010460168,DEC02,WEF01,McKinsey_FutureOfWork_2023,0.0,Declining,0.0,0.0
assembly code,1,0.75,DEC03,Routine Maintenance Coding,Decline,-0.3,0.22909465,0.22909465,0.13132119,0.121903464,0.09777346,DEC02,WEF07,McKinsey_FutureOfWork_2023,0.0,Declining,0.0,0.0
ASO,1,0.75,ONET02,Database & Systems Administration,Moderate_Growth,0.5,0.12451853,0.12451853,0.11895739,0.108636424,0.0055611357,WEF07,DEC03,ONET_BrightOutlook_2024,0.0,Moderate_Growth,0.7,0.0
Asia Pacific,1,0.75,WEF04,Cloud Computing & Infrastructure,Strong_Growth,0.85,0.22061297,0.22061297,0.205305,0.1936383,0.015307978,MCK02,ONET04,WEF_FutureOfJobs_2025,0.0,Strong_Growth,1.0,0.0
AS9100,1,0.75,DEC02,Legacy Web Development,Decline,-0.4,0.13744602,0.13744602,0.13079634,0.10968462,0.006649673,DEC03,ONET03,Expert_consensus,0.0,Declining,0.0,0.0
artistry,1,0.75,ONET03,UX/UI & Digital Design,Moderate_Growth,0.55,0.19231345,0.19231345,0.17166485,0.119519636,0.020648599,DEC02,MCK02,ONET_BrightOutlook_2024,0.0,Moderate_Growth,0.7,0.0
academic medical setting,1,0.75,DEC01,Routine Data Entry & Clerical,Decline,-0.6,0.24943992,0.24943992,0.20265055,0.17519408,0.046789378,ONET02,MCK03,WEF_FutureOfJobs_2023,0.0,Declining,0.0,0.0
Yarn,1,0.75,DEC03,Routine Maintenance Coding,Decline,-0.3,0.21634915,0.21634915,0.1858735,0.1699242,0.030475661,DEC02,WEF04,McKinsey_FutureOfWork_2023,0.0,Declining,0.0,0.0
Xsolla ecosystem,1,0.75,ONET03,UX/UI & Digital Design,Moderate_Growth,0.55,0.09307801,0.09307801,0.086585216,0.07964719,0.0064927936,MCK05,MCK02,ONET_BrightOutlook_2024,0.0,Moderate_Growth,0.7,0.0
XSLT,1,0.75,ONET03,UX/UI & Digital Design,Moderate_Growth,0.55,0.22269994,0.22269994,0.18944901,0.15841159,0.033250928,DEC02,ONET06,ONET_BrightOutlook_2024,0.0,Moderate_Growth,0.7,0.0
XSD,1,0.75,ONET03,UX/UI & Digital Design,Moderate_Growth,0.55,0.20017165,0.20017165,0.16524872,0.16475439,0.034922928,ONET01,ONET02,ONET_BrightOutlook_2024,0.0,Moderate_Growth,0.7,0.0
XQuery,1,0.75,ONET03,UX/UI & Digital Design,Moderate_Growth,0.55,0.14062503,0.14062503,0.12093655,0.11448592,0.01968848,ONET02,ONET05,ONET_BrightOutlook_2024,0.0,Moderate_Growth,0.7,0.0
XML,1,0.75,ONET03,UX/UI & Digital Design,Moderate_Growth,0.55,0.25658193,0.25658193,0.20068166,0.16105741,0.055900276,ONET01,DEC03,ONET_BrightOutlook_2024,0.0,Moderate_Growth,0.7,0.0
WSDL,1,0.75,ONET06,Blockchain & Distributed Systems,Moderate_Growth,0.5,0.18682683,0.18682683,0.17602795,0.16328664,0.0107988715,DEC02,ONET03,ONET_BrightOutlook_2024,0.0,Moderate_Growth,0.7,0.0
WBCSD,1,0.75,ONET02,Database & Systems Administration,Moderate_Growth,0.5,0.157412,0.157412,0.13466153,0.12741278,0.022750467,MCK03,WEF02,ONET_BrightOutlook_2024,0.0,Moderate_Growth,0.7,0.0
Amazon Interactive Video Service (Amazon IVS),1,0.75,ONET04,Game Development & Interactive Media,Moderate_Growth,0.6,0.23686604,0.23686604,0.21150579,0.1617091,0.025360256,WEF07,WEF04,ONET_BrightOutlook_2024,0.0,Moderate_Growth,0.7,0.0
waste management,1,0.75,WEF06,Environmental & Sustainability Technology,Moderate_Growth,0.6,0.2569521,0.2569521,0.18184009,0.1475671,0.075112015,ESCO01,ONET02,WEF_FutureOfJobs_2025,0.0,Moderate_Growth,0.7,0.0
VxLAN,1,0.75,ONET03,UX/UI & Digital Design,Moderate_Growth,0.55,0.23297566,0.23297566,0.106729515,0.10368792,0.12624615,ONET04,DEC02,ONET_BrightOutlook_2024,0.0,Moderate_Growth,0.7,0.0
vulnerability remediation campaigns,1,0.75,WEF03,Cybersecurity,Strong_Growth,0.9,0.28956172,0.28956172,0.2865833,0.27999437,0.0029784143,MCK05,DEC03,WEF_FutureOfJobs_2025,0.0,Strong_Growth,1.0,0.0
Voldemort,1,0.75,MCK05,Resilience & Adaptability,Strong_Growth,0.75,0.1141855,0.1141855,0.08798863,0.07801666,0.026196867,WEF01,ONET02,WEF_FutureOfJobs_2025,0.0,Moderate_Growth,0.7,0.0
VoIP protocols,1,0.75,ONET02,Database & Systems Administration,Moderate_Growth,0.5,0.16111201,0.16111201,0.14475188,0.13681266,0.016360134,ONET06,MCK02,ONET_BrightOutlook_2024,0.0,Moderate_Growth,0.7,0.0
advanced robotics,1,0.75,MCK01,Process Automation & RPA,Moderate_Growth,0.5,0.28688854,0.28688854,0.25380808,0.21660449,0.03308046,MCK02,WEF07,McKinsey_FutureOfWork_2025,0.0,Moderate_Growth,0.7,0.0
advanced algorithms,1,0.75,ONET06,Blockchain & Distributed Systems,Moderate_Growth,0.5,0.22571333,0.22571333,0.21906048,0.21698803,0.006652847,WEF01,MCK01,ONET_BrightOutlook_2024,0.0,Moderate_Growth,0.7,0.0
Adapters,1,0.75,MCK05,Resilience & Adaptability,Strong_Growth,0.75,0.18974799,0.18974799,0.13018718,0.12815647,0.059560806,ONET03,DEC02,WEF_FutureOfJobs_2025,0.0,Moderate_Growth,0.7,0.0
actuators,1,0.75,MCK01,Process Automation & RPA,Moderate_Growth,0.5,0.2096823,0.2096823,0.19649313,0.16859111,0.013189167,MCK05,MCK02,McKinsey_FutureOfWork_2025,0.0,Moderate_Growth,0.7,0.0
acoustic,1,0.75,DEC02,Legacy Web Development,Decline,-0.4,0.1320843,0.1320843,0.1218718,0.10656936,0.010212496,MCK02,ONET03,Expert_consensus,0.0,Declining,0.0,0.0
Accounts Receivable,1,0.75,ONET06,Blockchain & Distributed Systems,Moderate_Growth,0.5,0.13075991,0.13075991,0.10703048,0.067536086,0.023729429,DEC01,ONET02,ONET_BrightOutlook_2024,0.0,Moderate_Growth,0.7,0.0
Accounting,3,0.75,ONET02,Database & Systems Administration,Moderate_Growth,0.5,0.27175757,0.27175757,0.23523568,0.23194677,0.036521897,WEF05,ONET06,ONET_BrightOutlook_2024,0.0,Moderate_Growth,0.7,0.0
Access to Information Act,1,0.75,DEC01,Routine Data Entry & Clerical,Decline,-0.6,0.22666979,0.22666979,0.18759704,0.16549394,0.039072752,WEF03,ESCO02,WEF_FutureOfJobs_2023,0.0,Declining,0.0,0.0
access control,1,0.75,MCK02,Advanced Communication & Collaboration,Moderate_Growth,0.4,0.20674509,0.20674509,0.19507615,0.19265778,0.011668935,ONET02,ONET03,McKinsey_FutureOfWork_2025,0.0,Stable,0.4,0.0
ACAS,1,0.75,ONET05,Quality Assurance & Testing,Moderate_Growth,0.55,0.2041621,0.2041621,0.18085289,0.16717309,0.023309216,MCK02,WEF07,ONET_BrightOutlook_2024,0.0,Moderate_Growth,0.7,0.0
YOLO,1,0.75,ONET02,Database & Systems Administration,Moderate_Growth,0.5,0.14065254,0.14065254,0.12231797,0.118725784,0.018334568,WEF05,WEF01,ONET_BrightOutlook_2024,0.0,Moderate_Growth,0.7,0.0
compliance policies,1,0.75,DEC03,Routine Maintenance Coding,Decline,-0.3,0.30263013,0.30263013,0.26859686,0.24417582,0.03403327,DEC01,ONET02,McKinsey_FutureOfWork_2023,-0.09078903794288636,Declining,0.0,0.0
product lifecycle,1,0.75,DEC03,Routine Maintenance Coding,Decline,-0.3,0.30689284,0.30689284,0.2786385,0.22976449,0.02825433,DEC02,MCK05,McKinsey_FutureOfWork_2023,-0.09206785261631012,Declining,0.0,0.0
defects,1,0.75,DEC03,Routine Maintenance Coding,Decline,-0.3,0.31964266,0.31964266,0.21531877,0.17858282,0.104323894,DEC02,ONET05,McKinsey_FutureOfWork_2023,-0.09589279890060425,Declining,0.0,0.0
scripting,1,0.75,DEC03,Routine Maintenance Coding,Decline,-0.3,0.31969288,0.31969288,0.25191978,0.24965507,0.0677731,MCK01,WEF07,McKinsey_FutureOfWork_2023,-0.09590786397457123,Declining,0.0,0.0
operational needs,1,0.75,DEC03,Routine Maintenance Coding,Decline,-0.3,0.32232523,0.32232523,0.2803552,0.2743639,0.041970044,ESCO02,MCK02,McKinsey_FutureOfWork_2023,-0.09669756889343262,Declining,0.0,0.0
scripting languages,1,0.75,DEC03,Routine Maintenance Coding,Decline,-0.3,0.32252303,0.32252303,0.29987347,0.2984023,0.022649556,WEF01,MCK01,McKinsey_FutureOfWork_2023,-0.09675690829753876,Declining,0.0,0.0
version control systems,1,0.75,DEC03,Routine Maintenance Coding,Decline,-0.3,0.3245204,0.3245204,0.29623145,0.24836546,0.02828896,ONET02,DEC02,McKinsey_FutureOfWork_2023,-0.09735612273216247,Declining,0.0,0.0
self-service tooling,1,0.75,DEC03,Routine Maintenance Coding,Decline,-0.3,0.3265244,0.3265244,0.28795257,0.25943384,0.038571835,MCK01,ONET02,McKinsey_FutureOfWork_2023,-0.09795732200145721,Declining,0.0,0.0
foundational model developers,1,0.75,DEC03,Routine Maintenance Coding,Decline,-0.3,0.33261374,0.33261374,0.3160742,0.31125116,0.016539544,ONET01,MCK02,McKinsey_FutureOfWork_2023,-0.09978412091732025,Declining,0.0,0.0
APIs,2,0.75,DEC03,Routine Maintenance Coding,Decline,-0.3,0.33418605,0.33418605,0.30620167,0.30351248,0.02798438,WEF01,MCK01,McKinsey_FutureOfWork_2023,-0.10025581419467926,Declining,0.0,0.0
developer efficiency,1,0.75,DEC03,Routine Maintenance Coding,Decline,-0.3,0.33627796,0.33627796,0.31982496,0.27919662,0.016452998,DEC02,ONET01,McKinsey_FutureOfWork_2023,-0.1008833885192871,Declining,0.0,0.0
continuous improvement processes,1,0.75,DEC03,Routine Maintenance Coding,Decline,-0.3,0.33657384,0.33657384,0.25507683,0.23850504,0.08149701,MCK03,MCK05,McKinsey_FutureOfWork_2023,-0.10097215175628661,Declining,0.0,0.0
CLI tools,1,0.75,DEC03,Routine Maintenance Coding,Decline,-0.3,0.3403449,0.3403449,0.26646966,0.254043,0.07387525,ONET02,MCK02,McKinsey_FutureOfWork_2023,-0.10210347175598145,Declining,0.0,0.0
fault policies,1,0.75,DEC03,Routine Maintenance Coding,Decline,-0.3,0.35966498,0.35966498,0.2321122,0.19904894,0.12755278,ONET02,MCK05,McKinsey_FutureOfWork_2023,-0.10789949297904967,Declining,0.0,0.0
software delivery lifecycle,1,0.75,DEC03,Routine Maintenance Coding,Decline,-0.3,0.36602283,0.36602283,0.3334688,0.29972202,0.03255403,DEC02,ONET01,McKinsey_FutureOfWork_2023,-0.10980684757232666,Declining,0.0,0.0
operational documentation,1,0.75,DEC03,Routine Maintenance Coding,Decline,-0.3,0.3709143,0.3709143,0.34319025,0.32886267,0.027724057,DEC01,MCK02,McKinsey_FutureOfWork_2023,-0.1112742930650711,Declining,0.0,0.0
facilities maintenance,1,0.75,DEC03,Routine Maintenance Coding,Decline,-0.3,0.3749547,0.3749547,0.26437888,0.2641479,0.110575825,WEF04,ONET02,McKinsey_FutureOfWork_2023,-0.11248641014099121,Declining,0.0,0.0
patching,1,0.75,DEC03,Routine Maintenance Coding,Decline,-0.3,0.38139287,0.38139287,0.13088706,0.113348156,0.2505058,ONET02,DEC02,McKinsey_FutureOfWork_2023,-0.11441785991191863,Declining,0.0,0.0
program management,1,0.75,DEC03,Routine Maintenance Coding,Decline,-0.3,0.3915469,0.3915469,0.38913265,0.3571186,0.0024142563,ONET02,ESCO01,McKinsey_FutureOfWork_2023,-0.11746407151222228,Declining,0.0,0.0
maintenance records,1,0.75,DEC03,Routine Maintenance Coding,Decline,-0.3,0.39673433,0.39673433,0.28678083,0.25374252,0.10995349,DEC01,ONET02,McKinsey_FutureOfWork_2023,-0.11902029812335968,Declining,0.0,0.0
native modules,1,0.75,DEC02,Legacy Web Development,Decline,-0.4,0.3027425,0.3027425,0.22305614,0.17778277,0.07968637,DEC03,ONET03,Expert_consensus,-0.12109700441360474,Declining,0.0,0.0
Feature Flags,1,0.75,DEC03,Routine Maintenance Coding,Decline,-0.3,0.40462667,0.40462667,0.18692079,0.17357153,0.21770588,MCK01,WEF07,McKinsey_FutureOfWork_2023,-0.12138800024986267,Declining,0.0,0.0
embedded software,2,0.75,DEC02,Legacy Web Development,Decline,-0.4,0.30442643,0.30442643,0.25769758,0.24959323,0.04672885,MCK02,ONET03,Expert_consensus,-0.12177057266235353,Declining,0.0,0.0
native code,1,0.75,DEC03,Routine Maintenance Coding,Decline,-0.3,0.42007843,0.42007843,0.31180462,0.22578157,0.108273804,DEC02,ONET03,McKinsey_FutureOfWork_2023,-0.12602352797985075,Declining,0.0,0.0
open source stack,1,0.75,DEC02,Legacy Web Development,Decline,-0.4,0.31981575,0.31981575,0.28320447,0.21902658,0.03661129,ONET02,WEF04,Expert_consensus,-0.12792630195617677,Declining,0.0,0.0
lineage platform,1,0.75,DEC02,Legacy Web Development,Decline,-0.4,0.32233173,0.32233173,0.27892253,0.21360949,0.0434092,ONET02,WEF04,Expert_consensus,-0.12893269062042237,Declining,0.0,0.0
preventive maintenance,1,0.75,DEC03,Routine Maintenance Coding,Decline,-0.3,0.4314354,0.4314354,0.2337834,0.19429824,0.19765201,MCK05,DEC02,McKinsey_FutureOfWork_2023,-0.1294306218624115,Declining,0.0,0.0
foundational libraries,1,0.75,DEC02,Legacy Web Development,Decline,-0.4,0.32788906,0.32788906,0.24344707,0.21362612,0.08444199,ONET02,ONET03,Expert_consensus,-0.13115562200546266,Declining,0.0,0.0
software solutions,1,0.75,DEC03,Routine Maintenance Coding,Decline,-0.3,0.44403756,0.44403756,0.3574279,0.31211096,0.08660966,ONET02,ESCO01,McKinsey_FutureOfWork_2023,-0.1332112669944763,Declining,0.0,0.0
security on the web,1,0.75,DEC02,Legacy Web Development,Decline,-0.4,0.3360378,0.3360378,0.25637287,0.23292877,0.079664946,WEF03,ONET06,Expert_consensus,-0.1344151258468628,Declining,0.0,0.0
developer tooling,1,0.75,DEC03,Routine Maintenance Coding,Decline,-0.3,0.4483466,0.4483466,0.39983344,0.35085434,0.048513174,ONET01,DEC02,McKinsey_FutureOfWork_2023,-0.13450398445129394,Declining,0.0,0.0
static client content,1,0.75,DEC02,Legacy Web Development,Decline,-0.4,0.34015036,0.34015036,0.22432065,0.11025978,0.115829706,DEC03,ONET06,Expert_consensus,-0.13606014251708984,Declining,0.0,0.0
frontend,1,0.75,DEC02,Legacy Web Development,Decline,-0.4,0.34141296,0.34141296,0.33106083,0.26600385,0.010352135,ONET02,ONET03,Expert_consensus,-0.1365651845932007,Declining,0.0,0.0
programming standards,1,0.75,DEC03,Routine Maintenance Coding,Decline,-0.3,0.4557199,0.4557199,0.38095218,0.3406536,0.07476771,DEC02,ONET03,McKinsey_FutureOfWork_2023,-0.13671596646308898,Declining,0.0,0.0
predictive maintenance,1,0.75,DEC03,Routine Maintenance Coding,Decline,-0.3,0.46248472,0.46248472,0.23090151,0.20732415,0.23158321,ONET02,MCK05,McKinsey_FutureOfWork_2023,-0.13874541521072387,Declining,0.0,0.0
hardware development,1,0.75,DEC02,Legacy Web Development,Decline,-0.4,0.34701833,0.34701833,0.32402924,0.3052305,0.022989094,ONET03,ONET01,Expert_consensus,-0.13880733251571656,Declining,0.0,0.0
online content system,1,0.75,DEC02,Legacy Web Development,Decline,-0.4,0.34980917,0.34980917,0.32293636,0.3117546,0.026872814,ONET06,ONET02,Expert_consensus,-0.13992366790771485,Declining,0.0,0.0
developer workflows,1,0.75,DEC03,Routine Maintenance Coding,Decline,-0.3,0.47567415,0.47567415,0.38187945,0.3464465,0.0937947,ONET01,MCK01,McKinsey_FutureOfWork_2023,-0.14270224571228027,Declining,0.0,0.0
no-code platform,1,0.75,DEC02,Legacy Web Development,Decline,-0.4,0.35719612,0.35719612,0.3481233,0.280652,0.00907281,DEC03,WEF04,Expert_consensus,-0.1428784489631653,Declining,0.0,0.0
frontend architecture,1,0.75,DEC02,Legacy Web Development,Decline,-0.4,0.3619083,0.3619083,0.28773493,0.2795301,0.07417336,ONET02,ONET03,Expert_consensus,-0.1447633147239685,Declining,0.0,0.0
compiler technologies,1,0.75,DEC02,Legacy Web Development,Decline,-0.4,0.36636108,0.36636108,0.35094,0.3227443,0.0154210925,DEC03,MCK02,Expert_consensus,-0.1465444326400757,Declining,0.0,0.0
condition-based maintenance,1,0.75,DEC03,Routine Maintenance Coding,Decline,-0.3,0.49960852,0.49960852,0.22847274,0.21942478,0.27113578,DEC02,ONET02,McKinsey_FutureOfWork_2023,-0.14988255500793457,Declining,0.0,0.0
platform design,1,0.75,DEC02,Legacy Web Development,Decline,-0.4,0.37563843,0.37563843,0.3557173,0.3209316,0.019921124,ONET03,WEF05,Expert_consensus,-0.1502553701400757,Declining,0.0,0.0
data-driven maintenance strategy,1,0.75,DEC03,Routine Maintenance Coding,Decline,-0.3,0.5086369,0.5086369,0.30472547,0.27142024,0.20391142,ONET02,DEC02,McKinsey_FutureOfWork_2023,-0.15259106755256652,Declining,0.0,0.0
web portal,1,0.75,DEC02,Legacy Web Development,Decline,-0.4,0.38378745,0.38378745,0.27282655,0.24498034,0.1109609,WEF05,ONET03,Expert_consensus,-0.15351498126983643,Declining,0.0,0.0
web service frameworks,1,0.75,DEC02,Legacy Web Development,Decline,-0.4,0.3941507,0.3941507,0.32653087,0.29771686,0.06761983,ONET06,WEF04,Expert_consensus,-0.1576602816581726,Declining,0.0,0.0
full-stack development,1,0.75,DEC02,Legacy Web Development,Decline,-0.4,0.39671808,0.39671808,0.32079515,0.306742,0.075922936,ONET01,DEC03,Expert_consensus,-0.15868723392486572,Declining,0.0,0.0
software backend development,1,0.75,DEC02,Legacy Web Development,Decline,-0.4,0.39679906,0.39679906,0.39662585,0.38801765,0.0001732111,ONET01,DEC03,Expert_consensus,-0.1587196230888367,Declining,0.0,0.0
architecture of a web server,1,0.75,DEC02,Legacy Web Development,Decline,-0.4,0.41605985,0.41605985,0.27477455,0.21785507,0.1412853,ONET06,ONET02,Expert_consensus,-0.16642394065856936,Declining,0.0,0.0
Backend Engineering,1,0.75,DEC02,Legacy Web Development,Decline,-0.4,0.4168101,0.4168101,0.38848725,0.38688433,0.028322846,ONET02,ONET03,Expert_consensus,-0.16672403812408448,Declining,0.0,0.0
platform development,1,0.75,DEC02,Legacy Web Development,Decline,-0.4,0.4265353,0.4265353,0.393895,0.3761965,0.03264031,WEF05,ONET01,Expert_consensus,-0.1706141233444214,Declining,0.0,0.0
frameworks,1,0.75,DEC02,Legacy Web Development,Decline,-0.4,0.43258846,0.43258846,0.36060026,0.34884256,0.071988195,ONET03,ONET02,Expert_consensus,-0.1730353832244873,Declining,0.0,0.0
HTML5,1,0.75,DEC02,Legacy Web Development,Decline,-0.4,0.4407767,0.4407767,0.15483722,0.13500538,0.28593948,DEC03,ONET03,Expert_consensus,-0.17631068229675295,Declining,0.0,0.0
web,1,0.75,DEC02,Legacy Web Development,Decline,-0.4,0.4427799,0.4427799,0.30736172,0.2998361,0.13541818,WEF05,ONET06,Expert_consensus,-0.17711195945739747,Declining,0.0,0.0
developer environments,1,0.75,DEC02,Legacy Web Development,Decline,-0.4,0.45600995,0.45600995,0.45375758,0.44821957,0.0022523701,ONET01,DEC03,Expert_consensus,-0.18240398168563843,Declining,0.0,0.0
frontend development,1,0.75,DEC02,Legacy Web Development,Decline,-0.4,0.4580555,0.4580555,0.3514235,0.34806728,0.106631994,DEC03,ONET03,Expert_consensus,-0.18322219848632815,Declining,0.0,0.0
clinical documents,1,0.75,DEC01,Routine Data Entry & Clerical,Decline,-0.6,0.31502375,0.31502375,0.15689889,0.15272692,0.15812486,MCK02,ONET02,WEF_FutureOfJobs_2023,-0.18901425004005432,Declining,0.0,0.0
modern frameworks,1,0.75,DEC02,Legacy Web Development,Decline,-0.4,0.4801494,0.4801494,0.33073494,0.2822105,0.14941445,DEC03,ONET03,Expert_consensus,-0.19205975532531738,Declining,0.0,0.0
web platforms,1,0.75,DEC02,Legacy Web Development,Decline,-0.4,0.4914375,0.4914375,0.47715753,0.37136173,0.014279962,WEF05,ONET06,Expert_consensus,-0.19657499790191652,Declining,0.0,0.0
office operations,1,0.75,DEC01,Routine Data Entry & Clerical,Decline,-0.6,0.32811186,0.32811186,0.31339678,0.26458296,0.0147150755,ONET02,MCK02,WEF_FutureOfJobs_2023,-0.19686711430549622,Declining,0.0,0.0
components of web applications,1,0.75,DEC02,Legacy Web Development,Decline,-0.4,0.50319076,0.50319076,0.34044358,0.3386852,0.16274717,ONET03,ONET06,Expert_consensus,-0.20127630233764648,Declining,0.0,0.0
workforce planning,1,0.75,DEC01,Routine Data Entry & Clerical,Decline,-0.6,0.3355833,0.3355833,0.33297765,0.30680946,0.0026056468,MCK03,MCK02,WEF_FutureOfJobs_2023,-0.20134997963905335,Declining,0.0,0.0
content/data integration,1,0.75,DEC01,Routine Data Entry & Clerical,Decline,-0.6,0.3480451,0.3480451,0.3144735,0.29506895,0.0335716,ONET02,WEF02,WEF_FutureOfJobs_2023,-0.20882706642150878,Declining,0.0,0.0
web development processes,1,0.75,DEC02,Legacy Web Development,Decline,-0.4,0.5481949,0.5481949,0.38572067,0.35192865,0.16247422,DEC03,ONET01,Expert_consensus,-0.2192779541015625,Declining,0.0,0.0
building operations data,1,0.75,DEC01,Routine Data Entry & Clerical,Decline,-0.6,0.38918918,0.38918918,0.3416562,0.32477778,0.047532976,ESCO02,ONET02,WEF_FutureOfJobs_2023,-0.23351351022720335,Declining,0.0,0.0
software development on the web,1,0.75,DEC02,Legacy Web Development,Decline,-0.4,0.58480483,0.58480483,0.415663,0.39161807,0.16914183,ONET01,DEC03,Expert_consensus,-0.23392193317413332,Declining,0.0,0.0
Data Compliance,1,0.75,DEC01,Routine Data Entry & Clerical,Decline,-0.6,0.41516417,0.41516417,0.3283791,0.2851293,0.08678508,ONET02,WEF02,WEF_FutureOfJobs_2023,-0.24909850358963012,Declining,0.0,0.0
web development,1,0.75,DEC02,Legacy Web Development,Decline,-0.4,0.6482393,0.6482393,0.38287815,0.360228,0.26536116,DEC03,ONET01,Expert_consensus,-0.25929572582244875,Declining,0.0,0.0
data workflows,1,0.75,DEC01,Routine Data Entry & Clerical,Decline,-0.6,0.45035526,0.45035526,0.36800122,0.3658051,0.08235404,DEC03,WEF02,WEF_FutureOfJobs_2023,-0.27021315693855286,Declining,0.0,0.0
