rank,demand_freq,mean_confidence,skill,skill_type,bloom_level,example_job_ids,demand_norm,trend_score_norm,trend_label,trend_q_value,future_weight,future_domain,mapping_margin,future_norm,coverage_gap,validity_score,priority_score,expert_priority
1,10,0.662,collaborate with team,Soft,Unknown,"['in-284b7cf30eb81914', 'in-368b730dfbfb2c56', 'in-4fac46ba90c4b16c', 'in-6c717e860c5e6516', 'in-75f30913de1b7459']",1.0,0.0,Unknown,1.0,0.17964528799057,Advanced Communication & Collaboration,0.06940386,0.3254277881209003,1.0,0.662,0.49762833643627014,
2,6,0.6215,solve problems,Soft,Unknown,"['in-35e03ae1caff1780', 'in-6c717e860c5e6516', 'in-8d007d54a6e9b3b3', 'in-9378455c1bb091a1', 'in-c795d5647c5b2fa6']",0.6,0.0,Unknown,1.0,0.3705509662628174,Critical Thinking & Problem Solving,0.19935948,0.6712537951081742,1.0,0.6215,0.4413761385324523,
3,1,0.6,conceptualize AI integration,Hard,Apply,['in-427c59728dce7b1c'],0.1,0.0,Unknown,1.0,0.5520281136035919,Human-AI Collaboration,0.04694408,1.0,1.0,0.6,0.33999999999999997,
4,1,0.674,develop AI/ML solutions,Hard,Create,['in-8c46863a1ce899a0'],0.1,0.0,Unknown,1.0,0.5516592264175415,AI & Machine Learning,0.049042523,0.9993317601459781,1.0,0.674,0.33979952804379343,
5,1,0.61,develop critical thinking skills,Soft,Unknown,['in-a794eba7547094f4'],0.1,0.0,Unknown,1.0,0.5306110382080078,Critical Thinking & Problem Solving,0.42464823,0.9612029263224018,1.0,0.61,0.3283608778967205,
6,1,0.678,build cloud infrastructure,Hard,Create,['in-dca34ad867616996'],0.1,0.0,Unknown,1.0,0.517979997396469,Cloud Computing & Infrastructure,0.3608541,0.9383217713589627,1.0,0.678,0.32149653140768875,
7,1,0.67,support AI platforms,Hard,Evaluate,['in-e1f6fb04d77bbcd3'],0.1,0.0,Unknown,1.0,0.51439368724823,AI & Machine Learning,0.024146318,0.9318251635597186,1.0,0.67,0.3195475490679156,
8,1,0.672,design AI/ML solutions,Hard,Create,['in-8c46863a1ce899a0'],0.1,0.0,Unknown,1.0,0.5138756036758423,AI & Machine Learning,0.04618007,0.9308866541620618,1.0,0.672,0.3192659962486185,
9,1,0.695,build AI and robotics products,Hard,Create,['in-9e8b8167a52cb05c'],0.1,0.0,Unknown,1.0,0.5138662606477737,Human-AI Collaboration,0.04030776,0.9308697292485687,1.0,0.695,0.31926091877457063,
10,1,0.621,work with multiple cloud infrastructures,Hard,Analyze,['in-2b0d7561fe568605'],0.1,0.0,Unknown,1.0,0.5108779758214951,Cloud Computing & Infrastructure,0.29979408,0.9254564454816037,1.0,0.621,0.3176369336444811,
11,1,0.603,provision cloud infrastructure,Hard,Analyze,['in-3556957cea163733'],0.1,0.0,Unknown,1.0,0.50460866689682,Cloud Computing & Infrastructure,0.3230995,0.9140995801876433,1.0,0.603,0.314229874056293,
12,1,0.573,manage cloud infrastructure,Hard,Analyze,['in-3556957cea163733'],0.1,0.0,Unknown,1.0,0.5032536089420319,Cloud Computing & Infrastructure,0.2637724,0.9116448900706083,1.0,0.573,0.3134934670211825,
13,5,0.673,collaborate with cross-functional teams,Soft,Unknown,"['in-17826d4303fc4d24', 'in-35e03ae1caff1780', 'in-9da8b8c6e52feb61', 'in-b486754d4fef47b1', 'in-c537f69349c9b14d']",0.5,0.0,Unknown,1.0,0.2049829244613647,Advanced Communication & Collaboration,0.11611664,0.3713269658011688,1.0,0.673,0.31139808974035066,
14,6,0.635,communicate effectively,Soft,Unknown,"['in-35e03ae1caff1780', 'in-361c0675a3147072', 'in-5a117bdee62644fa', 'in-92e57e0960d0c733', 'in-a93e72b7dcd9eafa']",0.6,0.0,Unknown,1.0,0.1300057530403137,Advanced Communication & Collaboration,0.1352066,0.23550567414338258,1.0,0.635,0.31065170224301475,
15,1,0.667,integrate AI,Hard,Create,['in-75f30913de1b7459'],0.1,0.0,Unknown,1.0,0.4862633883953094,Human-AI Collaboration,0.017524242,0.8808670725500264,1.0,0.667,0.30426012176500794,
16,2,0.6185,work closely with data scientists,Soft,Unknown,"['in-105cf9739214f450', 'in-2b0d7561fe568605']",0.2,0.0,Unknown,1.0,0.4086164116859436,Big Data & Analytics,0.104767025,0.7402094234268811,1.0,0.6185,0.3020628270280643,
17,1,0.601,teach artificial intelligence,Hard,Apply,['in-7c9ea1b5273ae869'],0.1,0.0,Unknown,1.0,0.4743281006813049,AI & Machine Learning,0.038467348,0.8592462756741354,1.0,0.601,0.2977738827022406,
18,1,0.672,architect AI factories,Hard,Create,['in-8d007d54a6e9b3b3'],0.1,0.0,Unknown,1.0,0.4723989859223365,Human-AI Collaboration,0.03136477,0.8557516805413344,1.0,0.672,0.2967255041624003,
19,1,0.59,teach data analytics,Hard,Apply,['in-7c9ea1b5273ae869'],0.1,0.0,Unknown,1.0,0.4698885798454285,Big Data & Analytics,0.16640657,0.8512040750570408,1.0,0.59,0.2953612225171123,
20,1,0.622,implement agentic AI technologies,Hard,Analyze,['in-8b3ede5765e5e1c9'],0.1,0.0,Unknown,1.0,0.4687290161848068,Human-AI Collaboration,0.016563296,0.849103523233598,1.0,0.622,0.2947310569700794,
21,3,0.6203333333333333,think critically,Soft,Unknown,"['in-6c717e860c5e6516', 'in-9378455c1bb091a1', 'in-ffcc36a373d8599a']",0.3,0.0,Unknown,1.0,0.3206912279129028,Critical Thinking & Problem Solving,0.26660073,0.5809327822444732,1.0,0.6203333333333333,0.29427983467334196,
22,3,0.611,solve complex challenges,Soft,Unknown,"['in-6a0c6e81b38e7258', 'in-9e8b8167a52cb05c', 'in-bbad41219cc740ed']",0.3,0.0,Unknown,1.0,0.3182623863220215,Critical Thinking & Problem Solving,0.11673266,0.57653293098504,1.0,0.611,0.292959879295512,
23,1,0.621,provide input into development and implementation of Machine Learning technology,Hard,Create,['in-0fcfe59aff7d7b19'],0.1,0.0,Unknown,1.0,0.4567394852638244,AI & Machine Learning,0.18466443,0.8273844646829097,1.0,0.621,0.2882153394048729,
24,1,0.716,maintain cybersecurity compliances,Hard,Analyze,['in-8b20d58614610842'],0.1,0.0,Unknown,1.0,0.4561912894248962,Cybersecurity,0.20365134,0.8263914068559276,1.0,0.716,0.2879174220567783,
25,1,0.682,innovate AI-enabled workflows,Hard,Create,['in-1291ef0e4f87819c'],0.1,0.0,Unknown,1.0,0.4558391481637954,Human-AI Collaboration,0.043773115,0.8257535022774777,1.0,0.682,0.2877260506832433,
26,1,0.716,maintain cybersecurity standards,Hard,Analyze,['in-8b20d58614610842'],0.1,0.0,Unknown,1.0,0.4556484103202819,Cybersecurity,0.24036437,0.825407980303482,1.0,0.716,0.2876223940910446,
27,1,0.679,translate complex operational challenges into production-ready AI systems,Hard,Understand,['in-105cf9739214f450'],0.1,0.0,Unknown,1.0,0.4538535565137863,Human-AI Collaboration,0.092969835,0.8221565991468611,1.0,0.679,0.28664697974405834,
28,1,0.613,drive delivery of AI/ML models,Hard,Create,['in-7c927f240a50a9cc'],0.1,0.0,Unknown,1.0,0.4523960947990417,AI & Machine Learning,0.09047389,0.8195164044197658,1.0,0.613,0.2858549213259297,
29,1,0.681,build advanced artificial intelligence solutions,Hard,Create,['in-105cf9739214f450'],0.1,0.0,Unknown,1.0,0.4476332232356071,Human-AI Collaboration,0.01791194,0.8108884533316537,1.0,0.681,0.28326653599949614,
30,1,0.573,contribute to automation initiatives,Hard,Apply,['in-21f3b05871873683'],0.1,0.0,Unknown,1.0,0.4464837476611137,Human-AI Collaboration,0.0064485073,0.8088061760958265,1.0,0.573,0.282641852828748,
31,1,0.702,integrate AI across ecosystems,Hard,Create,['in-427c59728dce7b1c'],0.1,0.0,Unknown,1.0,0.4423365473747253,Human-AI Collaboration,0.029582053,0.801293514721905,1.0,0.702,0.2803880544165715,
32,1,0.591,embed AI capabilities,Hard,Apply,['in-427c59728dce7b1c'],0.1,0.0,Unknown,1.0,0.4405231475830078,AI & Machine Learning,0.019602716,0.7980085374770329,1.0,0.591,0.2794025612431099,
33,1,0.601,operate AI-enabled workflows,Hard,Evaluate,['in-1291ef0e4f87819c'],0.1,0.0,Unknown,1.0,0.4375720560550689,Human-AI Collaboration,0.027168483,0.7926626294422511,1.0,0.601,0.2777987888326753,
34,1,0.665,apply AI to tackle challenges,Hard,Apply,['in-487df2b1087d73fa'],0.1,0.0,Unknown,1.0,0.4264479637145996,Human-AI Collaboration,0.051872253,0.7725113145611082,1.0,0.665,0.27175339436833246,
35,1,0.625,implement generative AI technologies,Hard,Analyze,['in-8b3ede5765e5e1c9'],0.1,0.0,Unknown,1.0,0.4227509796619415,AI & Machine Learning,0.042075783,0.7658142207690466,1.0,0.625,0.269744266230714,
36,1,0.598,deliver AI-powered products,Hard,Apply,['in-427c59728dce7b1c'],0.1,0.0,Unknown,1.0,0.4215194314718246,Human-AI Collaboration,0.046607494,0.7635832688306073,1.0,0.598,0.2690749806491822,
37,1,0.665,shape the foundation of search and AI ecosystem,Hard,Remember,['in-e4187db23d86d9a0'],0.1,0.0,Unknown,1.0,0.4186241686344146,Human-AI Collaboration,0.020761251,0.758338494577155,1.0,0.665,0.2675015483731465,
38,1,0.699,build large-scale SaaS and cloud services,Hard,Create,['in-788288259e19ed8a'],0.1,0.0,Unknown,1.0,0.4182607322931289,Cloud Computing & Infrastructure,0.20683455,0.7576801289390116,1.0,0.699,0.2673040386817035,
39,1,0.603,operate advanced artificial intelligence solutions,Hard,Evaluate,['in-105cf9739214f450'],0.1,0.0,Unknown,1.0,0.4170649021863937,Human-AI Collaboration,0.024027526,0.7555138803779937,1.0,0.603,0.26665416411339815,
40,1,0.618,operate large-scale SaaS and cloud services,Hard,Evaluate,['in-788288259e19ed8a'],0.1,0.0,Unknown,1.0,0.4117655128240585,Cloud Computing & Infrastructure,0.16571575,0.7459140262550918,1.0,0.618,0.26377420787652756,
41,1,0.616,lead enterprise automation initiatives,Soft,Unknown,['in-9da8b8c6e52feb61'],0.1,0.0,Unknown,1.0,0.4057974085211753,Human-AI Collaboration,0.019530028,0.7351027937185387,1.0,0.616,0.2605308381155616,
42,1,0.634,partner with data scientists,Soft,Unknown,['in-4cf5479496e4301e'],0.1,0.0,Unknown,1.0,0.4054720044136047,Big Data & Analytics,0.09800318,0.7345133235456405,1.0,0.634,0.2603539970636921,
43,1,0.606,provision infrastructure,Hard,Analyze,['in-3556957cea163733'],0.1,0.0,Unknown,1.0,0.400568425655365,Cloud Computing & Infrastructure,0.1316902,0.7256304811008426,1.0,0.606,0.2576891443302528,
44,1,0.612,solve problems creatively,Soft,Unknown,['in-8b20d58614610842'],0.1,0.0,Unknown,1.0,0.3925704002380371,Critical Thinking & Problem Solving,0.18778712,0.7111420425227464,1.0,0.612,0.2533426127568239,
45,1,0.567,leverage Azure data platforms,Hard,Apply,['in-17826d4303fc4d24'],0.1,0.0,Unknown,1.0,0.3915800839662551,Cloud Computing & Infrastructure,0.12241745,0.7093480826729169,1.0,0.567,0.2528044248018751,
46,1,0.593,lead evolution of cloud-based platforms,Hard,Apply,['in-45b09437e6f9d734'],0.1,0.0,Unknown,1.0,0.3906558722257614,Cloud Computing & Infrastructure,0.17193264,0.7076738713099113,1.0,0.593,0.2523021613929734,
47,3,0.648,lead a team,Soft,Unknown,"['in-0e980950f025d235', 'in-35b0fd014582dbaf', 'in-6c717e860c5e6516']",0.3,0.0,Unknown,1.0,0.2404144376516342,Leadership & People Development,0.23579589,0.43551122076415544,1.0,0.648,0.2506533662292466,
48,1,0.705,maintain hybrid cloud environment,Hard,Analyze,['in-9da8b8c6e52feb61'],0.1,0.0,Unknown,1.0,0.3857251554727554,Cloud Computing & Infrastructure,0.27303672,0.6987418683348839,1.0,0.705,0.2496225605004652,
49,1,0.675,validate AI/ML solutions,Hard,Evaluate,['in-8c46863a1ce899a0'],0.1,0.0,Unknown,1.0,0.3854441344738006,AI & Machine Learning,0.03937894,0.6982327982494487,1.0,0.675,0.24946983947483461,
50,1,0.665,use ML frameworks,Hard,Apply,['in-f4e53c2111bd6d2b'],0.1,0.0,Unknown,1.0,0.3847265839576721,AI & Machine Learning,0.11912677,0.6969329540957799,1.0,0.665,0.24907988622873398,
51,1,0.681,support enterprise analytics platforms,Hard,Evaluate,['in-e1f6fb04d77bbcd3'],0.1,0.0,Unknown,1.0,0.3845700323581695,Big Data & Analytics,0.031259358,0.6966493605692099,1.0,0.681,0.24899480817076297,
52,1,0.586,focus on security,Hard,Apply,['in-a0fcbae76d831775'],0.1,0.0,Unknown,1.0,0.3838860154151917,Cybersecurity,0.1666491,0.695410262548436,1.0,0.586,0.2486230787645308,
53,1,0.607,promote mental health and resiliency,Soft,Unknown,['in-b717309a36d86a55'],0.1,0.0,Unknown,1.0,0.3829021900892257,Resilience & Adaptability,0.30042037,0.6936280610595595,1.0,0.607,0.24808841831786788,
54,2,0.704,solve technical problems,Hard,Apply,"['in-07094449f509827e', 'in-193d18c2574de4de']",0.2,0.0,Unknown,1.0,0.3048206329345703,Critical Thinking & Problem Solving,0.019056588,0.5521831686156842,1.0,0.704,0.24565495058470527,
55,1,0.719,integrate DevOps methodologies into development and deployment workflows,Hard,Create,['in-3a40f4b75ecb8f1e'],0.1,0.0,Unknown,1.0,0.3751365423202514,Cloud Computing & Infrastructure,0.066179454,0.6795605750428042,1.0,0.719,0.24386817251284126,
56,1,0.671,perform data analysis,Hard,Apply,['in-361c0675a3147072'],0.1,0.0,Unknown,1.0,0.3737149447202683,Big Data & Analytics,0.031496257,0.6769853482292584,1.0,0.671,0.2430956044687775,
57,1,0.699,design large-scale SaaS and cloud services,Hard,Create,['in-788288259e19ed8a'],0.1,0.0,Unknown,1.0,0.3737018153071403,Cloud Computing & Infrastructure,0.16890192,0.6769615642718757,1.0,0.699,0.24308846928156272,
58,1,0.606,lead data scientists,Soft,Unknown,['in-7c927f240a50a9cc'],0.1,0.0,Unknown,1.0,0.3705639123916626,Big Data & Analytics,0.03839612,0.6712772470457226,1.0,0.606,0.24138317411371676,
59,1,0.693,drive design of AI/ML models,Hard,Create,['in-7c927f240a50a9cc'],0.1,0.0,Unknown,1.0,0.3700302839279175,AI & Machine Learning,0.11424366,0.670310578047179,1.0,0.693,0.2410931734141537,
60,1,0.611,collaborate with interns,Soft,Unknown,['in-76d6057eab891b98'],0.1,0.0,Unknown,1.0,0.3681477516889572,Human-AI Collaboration,0.094393015,0.6669003672398501,1.0,0.611,0.24007011017195504,
61,6,0.6083333333333333,drive innovation,Soft,Apply,"['in-193d18c2574de4de', 'in-427c59728dce7b1c', 'in-753a69a3294291c7', 'in-9e8b8167a52cb05c', 'in-bc40d95a380aa266']",0.6,0.0,Unknown,1.0,0.0,Advanced Communication & Collaboration,0.028247088,0.0,1.0,0.6083333333333333,0.24,
62,1,0.675,apply AI to asset-intensive environments,Hard,Apply,['in-105cf9739214f450'],0.1,0.0,Unknown,1.0,0.367216308414936,Human-AI Collaboration,0.036346436,0.6652130559398137,1.0,0.675,0.2395639167819441,
63,2,0.604,thrive in ambiguity,Soft,Unknown,"['in-4aab702ede0af613', 'in-c795d5647c5b2fa6']",0.2,0.0,Unknown,1.0,0.2927082180976867,Resilience & Adaptability,0.26429337,0.5302415056126629,1.0,0.604,0.2390724516837989,
64,1,0.6,operate Kubernetes,Hard,Evaluate,['in-f4e53c2111bd6d2b'],0.1,0.0,Unknown,1.0,0.3662279203534126,Cloud Computing & Infrastructure,0.24142134,0.6634225890466127,1.0,0.6,0.2390267767139838,
65,1,0.682,design advanced artificial intelligence solutions,Hard,Create,['in-105cf9739214f450'],0.1,0.0,Unknown,1.0,0.3660350382328033,Human-AI Collaboration,0.022898018,0.663073182710493,1.0,0.682,0.2389219548131479,
66,1,0.579,manage infrastructure,Hard,Analyze,['in-3556957cea163733'],0.1,0.0,Unknown,1.0,0.3655898332595825,Cloud Computing & Infrastructure,0.08683336,0.6622666930367795,1.0,0.579,0.23868000791103386,
67,1,0.702,develop data solutions,Hard,Create,['in-19253c0e90d0d4b7'],0.1,0.0,Unknown,1.0,0.3649349212646484,Big Data & Analytics,0.023853451,0.6610803186859174,1.0,0.702,0.23832409560577522,
68,2,0.706,build large-scale systems,Hard,Create,"['in-12e4e1edda8ca7ae', 'in-219553aa7e342a4a']",0.2,0.0,Unknown,1.0,0.2888103425502777,Cloud Computing & Infrastructure,0.040329218,0.5231804964876674,1.0,0.706,0.23695414894630024,
69,1,0.636,"bridge data science, engineering, and product domains",Soft,Unknown,['in-e4187db23d86d9a0'],0.1,0.0,Unknown,1.0,0.3614030420780182,Big Data & Analytics,0.00024080276,0.6546823126793494,1.0,0.636,0.23640469380380483,
70,1,0.604,think critically in a wider business context,Soft,Unknown,['in-b580b7c014d5ef12'],0.1,0.0,Unknown,1.0,0.3578292608261109,Critical Thinking & Problem Solving,0.18196043,0.6482084010001453,1.0,0.604,0.2344625203000436,
71,1,0.593,shape hybrid cloud environment,Hard,Apply,['in-9da8b8c6e52feb61'],0.1,0.0,Unknown,1.0,0.357527071237564,Cloud Computing & Infrastructure,0.27223969,0.6476609839735482,1.0,0.593,0.23429829519206447,
72,1,0.716,develop infrastructure solutions,Hard,Create,['in-3a40f4b75ecb8f1e'],0.1,0.0,Unknown,1.0,0.3557366326451301,Cloud Computing & Infrastructure,0.07815978,0.6444176009857759,1.0,0.716,0.2333252802957328,
73,1,0.636,learn new technologies,Soft,Unknown,['in-dca34ad867616996'],0.1,0.0,Unknown,1.0,0.3556411564350128,Technological Literacy & Digital Fluency,0.07460153,0.6442446456457045,1.0,0.636,0.23327339369371136,
74,1,0.657,serve as a liaison with the information security team,Soft,Unknown,['in-bae8b479625db1b2'],0.1,0.0,Unknown,1.0,0.355126941204071,Cybersecurity,0.038327634,0.6433131437560905,1.0,0.657,0.23299394312682714,
75,1,0.637,collaborate with others,Soft,Unknown,['in-35b0fd014582dbaf'],0.1,0.0,Unknown,1.0,0.3531739637255668,Human-AI Collaboration,0.0069915354,0.6397753212605017,1.0,0.637,0.23193259637815053,
76,1,0.641,solve problems proactively,Soft,Unknown,['in-ded3a3347d3bcae7'],0.1,0.0,Unknown,1.0,0.3520100116729736,Critical Thinking & Problem Solving,0.12483156,0.637666819856479,1.0,0.641,0.2313000459569437,
77,1,0.603,thrive in an agile environment,Soft,Unknown,['in-45b09437e6f9d734'],0.1,0.0,Unknown,1.0,0.3517465442419052,Resilience & Adaptability,0.072677016,0.6371895480933645,1.0,0.603,0.23115686442800934,
78,1,0.572,scale AI-enabled workflows,Hard,Apply,['in-1291ef0e4f87819c'],0.1,0.0,Unknown,1.0,0.3509908095002174,Human-AI Collaboration,0.0027276576,0.6358205331409295,1.0,0.572,0.23074615994227884,
79,1,0.59,push capability into modern AI techniques,Hard,Apply,['in-7c927f240a50a9cc'],0.1,0.0,Unknown,1.0,0.3504697799682617,Human-AI Collaboration,0.04455006,0.6348766871317932,1.0,0.59,0.23046300613953796,
80,1,0.7,lead design of cloud-based platforms,Hard,Create,['in-45b09437e6f9d734'],0.1,0.0,Unknown,1.0,0.3500680208206176,Cloud Computing & Infrastructure,0.11818564,0.6341488996554971,1.0,0.7,0.23024466989664916,
81,1,0.577,deliver high-quality analytics,Hard,Apply,['in-6c717e860c5e6516'],0.1,0.0,Unknown,1.0,0.3477093458175659,Big Data & Analytics,0.07729113,0.6298761553062022,1.0,0.577,0.22896284659186067,
82,1,0.67,leveraging AI to generate insights,Hard,Create,['in-02ef051e5141ce4b'],0.1,0.0,Unknown,1.0,0.3468301892280578,AI & Machine Learning,0.03299579,0.6282835614367178,1.0,0.67,0.22848506843101535,
83,1,0.61,help shape future infrastructure,Soft,Unknown,['in-a7d7380a191d11c4'],0.1,0.0,Unknown,1.0,0.3465114623308181,Cloud Computing & Infrastructure,0.11042023,0.6277061870433032,1.0,0.61,0.22831185611299096,
84,1,0.686,automate infrastructure,Hard,Create,['in-75f30913de1b7459'],0.1,0.0,Unknown,1.0,0.345849360525608,Cloud Computing & Infrastructure,0.06888205,0.6265067883371612,1.0,0.686,0.22795203650114837,
85,1,0.706,build intelligent systems,Hard,Create,['in-18c592689d7d0491'],0.1,0.0,Unknown,1.0,0.3416981771588325,Human-AI Collaboration,0.018527716,0.6189869116053823,1.0,0.706,0.2256960734816147,
86,1,0.624,lead implementation of cloud-based platforms,Hard,Apply,['in-45b09437e6f9d734'],0.1,0.0,Unknown,1.0,0.3400668308138847,Cloud Computing & Infrastructure,0.11552805,0.6160317245329369,1.0,0.624,0.22480951735988106,
87,2,0.5765,focus on automation,Hard,Apply,"['in-a0fcbae76d831775', 'in-ac0e866a9f95bd35']",0.2,0.0,Unknown,1.0,0.2647324800491333,Process Automation & RPA,0.11022779,0.479563401800286,1.0,0.5765,0.2238690205400858,
88,1,0.616,approach problems creatively and collaboratively,Soft,Unknown,['in-97191426cd97dd84'],0.1,0.0,Unknown,1.0,0.3367475509643555,Critical Thinking & Problem Solving,0.052819192,0.6100188426384601,1.0,0.616,0.22300565279153803,
89,2,0.6555,manage projects,Hard,Apply,"['in-487df2b1087d73fa', 'in-4aae1652e7ec2129']",0.2,0.0,Unknown,1.0,0.2614506423473358,Project Management & Agile Methodologies,0.17305896,0.4736183464291493,1.0,0.6555,0.2220855039287448,
90,1,0.606,thrive in a fast-paced environment,Soft,Unknown,['in-97191426cd97dd84'],0.1,0.0,Unknown,1.0,0.3343239426612854,Resilience & Adaptability,0.24217975,0.6056284714900615,1.0,0.606,0.22168854144701844,
91,1,0.613,work autonomously,Soft,Unknown,['in-bbad41219cc740ed'],0.1,0.0,Unknown,1.0,0.3332993894815445,Human-AI Collaboration,0.019208878,0.6037724914149658,1.0,0.613,0.22113174742448974,
92,1,0.602,unlock the power of data driven decision making,Soft,Unknown,['in-fbb699e18d37f468'],0.1,0.0,Unknown,1.0,0.3315067112445831,Big Data & Analytics,0.08768839,0.6005250513067819,1.0,0.602,0.22015751539203457,
93,1,0.628,deploy network infrastructure,Hard,Analyze,['in-ebb58af1f32d768c'],0.1,0.0,Unknown,1.0,0.3309298411011696,Cloud Computing & Infrastructure,0.17509162,0.5994800499215305,1.0,0.628,0.21984401497645914,
94,1,0.681,develop and operate Autonomous Underwater Vehicles (AUVs) and Autonomous Surface Vehicles (USVs),Hard,Create,['in-ce4ba705be083cdb'],0.1,0.0,Unknown,1.0,0.330053961277008,Human-AI Collaboration,0.06412211,0.5978933919188357,1.0,0.681,0.21936801757565072,
95,1,0.61,tackle problems,Soft,Unknown,['in-284b7cf30eb81914'],0.1,0.0,Unknown,1.0,0.3285082340240479,Critical Thinking & Problem Solving,0.15331453,0.5950933039978245,1.0,0.61,0.21852799119934735,
96,1,0.704,analyze solution options,Hard,Analyze,['in-10c22ca2ab379104'],0.1,0.0,Unknown,1.0,0.3271666049957276,Critical Thinking & Problem Solving,0.09667373,0.592662940407169,1.0,0.704,0.2177988821221507,
97,1,0.707,analyze business and technical requirements,Hard,Analyze,['in-b580b7c014d5ef12'],0.1,0.0,Unknown,1.0,0.3268055319786072,Business Analysis & Requirements Engineering,0.32646477,0.5920088559353415,1.0,0.707,0.21760265678060245,
98,1,0.561,turn data into insight,Hard,Apply,['in-4e8588b946d21212'],0.1,0.0,Unknown,1.0,0.3232720613479614,Big Data & Analytics,0.12024471,0.5856079670248481,1.0,0.561,0.21568239010745444,
99,1,0.702,develop a data transformation platform,Hard,Create,['in-12e4e1edda8ca7ae'],0.1,0.0,Unknown,1.0,0.3224234640598297,Big Data & Analytics,0.052649677,0.5840707313891627,1.0,0.702,0.2152212194167488,
100,2,0.617,grow professionally,Soft,Unknown,"['in-795392ba67b03cb2', 'in-9e8b8167a52cb05c']",0.2,0.0,Unknown,1.0,0.2488194555044174,Resilience & Adaptability,0.14961454,0.45073692692958234,1.0,0.617,0.21522107807887472,
101,1,0.632,rightsize infrastructure,Hard,Analyze,['in-a0fcbae76d831775'],0.1,0.0,Unknown,1.0,0.3222045719623566,Cloud Computing & Infrastructure,0.16333072,0.5836742079294348,1.0,0.632,0.21510226237883046,
102,1,0.604,champion a DevOps culture and practices,Soft,Unknown,['in-3a40f4b75ecb8f1e'],0.1,0.0,Unknown,1.0,0.3210601240396499,Cloud Computing & Infrastructure,0.017164648,0.5816010382945844,1.0,0.604,0.21448031148837532,
103,1,0.699,build data pipelines,Hard,Create,['in-da1eee9312990cd0'],0.1,0.0,Unknown,1.0,0.3201599210500717,Big Data & Analytics,0.079197615,0.5799703188304945,1.0,0.699,0.21399109564914837,
104,1,0.613,solve challenging problems,Soft,Unknown,['in-b580b7c014d5ef12'],0.1,0.0,Unknown,1.0,0.3196172714233398,Critical Thinking & Problem Solving,0.18524055,0.5789873079776785,1.0,0.613,0.21369619239330356,
105,1,0.6,learn how to deploy and secure systems,Soft,Unknown,['in-443f3ba3c65aa81b'],0.1,0.0,Unknown,1.0,0.3195438444614411,Cybersecurity,0.04866293,0.5788542948935814,1.0,0.6,0.21365628846807444,
106,1,0.639,thrive in fast-paced environments,Soft,Unknown,['in-35b0fd014582dbaf'],0.1,0.0,Unknown,1.0,0.3193167373538017,Resilience & Adaptability,0.22139505,0.5784428899269815,1.0,0.639,0.21353286697809443,
107,1,0.711,interpret technical vulnerability data,Hard,Understand,['in-04248886f0c9f962'],0.1,0.0,Unknown,1.0,0.3187234103679657,Cybersecurity,0.046541452,0.5773680769397174,1.0,0.711,0.2132104230819152,
108,1,0.708,apply Security Technical Implementation Guides (STIGs),Hard,Apply,['in-04248886f0c9f962'],0.1,0.0,Unknown,1.0,0.31590915620327,Cybersecurity,0.08562395,0.5722700500542305,1.0,0.708,0.21168101501626915,
109,1,0.627,define technology strategies,Hard,Evaluate,['in-92e57e0960d0c733'],0.1,0.0,Unknown,1.0,0.3155355498194694,Technological Literacy & Digital Fluency,0.00017306209,0.5715932613643181,1.0,0.627,0.21147797840929544,
110,1,0.616,craft tools for compute developers,Hard,Create,['in-c5d75e0c5b4f0888'],0.1,0.0,Unknown,1.0,0.3153307914733886,Cloud Computing & Infrastructure,0.05062723,0.5712223412226896,1.0,0.616,0.21136670236680688,
111,1,0.596,accomplish critical missions and objectives,Hard,Apply,['in-ffcc36a373d8599a'],0.1,0.0,Unknown,1.0,0.3146619319915771,Critical Thinking & Problem Solving,0.08399165,0.5700107009722587,1.0,0.596,0.21100321029167762,
112,1,0.593,"contribute to real-time control, safety, autonomy and mission execution",Hard,Apply,['in-ce4ba705be083cdb'],0.1,0.0,Unknown,1.0,0.3139937207102775,Human-AI Collaboration,0.03953907,0.5688002349383142,1.0,0.593,0.21064007048149427,
113,3,0.6106666666666666,provide technical leadership,Soft,Apply,"['in-30af647e83a32e8c', 'in-9ae984f1f5d1226c', 'in-9da8b8c6e52feb61']",0.3,0.0,Unknown,1.0,0.1660678744316101,Advanced Communication & Collaboration,0.07276371,0.3008322770873631,1.0,0.6106666666666666,0.21024968312620892,
114,1,0.694,"program in C, C++ and scripting languages",Hard,Create,['in-c5d75e0c5b4f0888'],0.1,0.0,Unknown,1.0,0.3129870295524597,AI & Machine Learning,0.094153866,0.5669766119506258,1.0,0.694,0.21009298358518774,
115,1,0.702,solve complex problems,Hard,Apply,['in-76d6057eab891b98'],0.1,0.0,Unknown,1.0,0.3108258247375488,Critical Thinking & Problem Solving,0.20132683,0.5630615852306952,1.0,0.702,0.20891847556920856,
116,1,0.615,deliver impactful analytics,Soft,Unknown,['in-fbb699e18d37f468'],0.1,0.0,Unknown,1.0,0.308357959985733,Big Data & Analytics,0.050246954,0.5585910434394343,1.0,0.615,0.2075773130318303,
117,1,0.706,establish and implement security solutions,Hard,Apply,['in-bae8b479625db1b2'],0.1,0.0,Unknown,1.0,0.3071549892425537,Cybersecurity,0.06447631,0.5564118596016286,1.0,0.706,0.2069235578804886,
118,1,0.707,develop critical site functionality,Hard,Create,['in-bc40d95a380aa266'],0.1,0.0,Unknown,1.0,0.3071353912353516,Critical Thinking & Problem Solving,0.029748559,0.5563763577735167,1.0,0.707,0.206912907332055,
119,1,0.596,support and enable growth and opportunity for every employee,Soft,Unknown,['in-9e8b8167a52cb05c'],0.1,0.0,Unknown,1.0,0.3071252480149269,Resilience & Adaptability,0.06687227,0.5563579833100162,1.0,0.596,0.20690739499300487,
120,1,0.667,build ML pipelines,Hard,Create,['in-21f3b05871873683'],0.1,0.0,Unknown,1.0,0.3065666556358337,AI & Machine Learning,0.043255866,0.5553460921303319,1.0,0.667,0.20660382763909957,
121,2,0.607,perform testing,Hard,Evaluate,"['in-17ecef6aa8580020', 'in-4249d42ce8b49e38']",0.2,0.0,Unknown,1.0,0.2327903300523758,Quality Assurance & Testing,0.2365523,0.42170013503975473,1.0,0.607,0.20651004051192642,
122,1,0.564,work with security per procedures,Hard,Apply,['in-9f929fe6c651de14'],0.1,0.0,Unknown,1.0,0.3062148213386536,Cybersecurity,0.083639205,0.5547087436176206,1.0,0.564,0.20641262308528618,
123,1,0.701,build SaaS ecommerce platform,Hard,Create,['in-655d9866cfe91a28'],0.1,0.0,Unknown,1.0,0.3053338408470153,Digital Platforms & E-commerce,0.13079509,0.5531128457458848,1.0,0.701,0.20593385372376544,
124,1,0.7,deploy data solutions,Hard,Apply,['in-19253c0e90d0d4b7'],0.1,0.0,Unknown,1.0,0.305157521367073,Cloud Computing & Infrastructure,0.046256095,0.5527934426655031,1.0,0.7,0.20583803279965093,
125,1,0.61,bring clarity through creative thinking,Soft,Unknown,['in-c795d5647c5b2fa6'],0.1,0.0,Unknown,1.0,0.3051526069641113,Critical Thinking & Problem Solving,0.10487074,0.5527845402149926,1.0,0.61,0.20583536206449776,
126,2,0.6925,analyze business processes,Hard,Analyze,"['in-c58b6cbd0462f519', 'in-fbb699e18d37f468']",0.2,0.0,Unknown,1.0,0.2314837574958801,Business Analysis & Requirements Engineering,0.16198045,0.41933327631590006,1.0,0.6925,0.20579998289477003,
127,1,0.681,measure data-driven insights,Hard,Evaluate,['in-4cf5479496e4301e'],0.1,0.0,Unknown,1.0,0.3049860745668411,Big Data & Analytics,0.07788953,0.552482866453881,1.0,0.681,0.20574485993616431,
128,1,0.662,lead development team,Soft,Unknown,['in-a48e951226650184'],0.1,0.0,Unknown,1.0,0.3047609210014343,Leadership & People Development,0.13577217,0.5520750003328296,1.0,0.662,0.2056225000998489,
129,1,0.595,teach natural language processing,Hard,Apply,['in-7c9ea1b5273ae869'],0.1,0.0,Unknown,1.0,0.3026826679706573,AI & Machine Learning,0.09506729,0.5483102409309752,1.0,0.595,0.2044930722792926,
130,1,0.624,enable technology,Hard,Analyze,['in-9378455c1bb091a1'],0.1,0.0,Unknown,1.0,0.3025661617517471,Technological Literacy & Digital Fluency,0.005803883,0.5480991896891289,1.0,0.624,0.20442975690673865,
131,1,0.684,support production deployments,Hard,Evaluate,['in-21f3b05871873683'],0.1,0.0,Unknown,1.0,0.3022854328155517,Cloud Computing & Infrastructure,0.07137269,0.5475906486759496,1.0,0.684,0.2042771946027849,
132,1,0.704,apply best practices for security configurations,Hard,Apply,['in-0250e3c3a534c646'],0.1,0.0,Unknown,1.0,0.3015665799379349,Cybersecurity,0.0521124,0.546288445291915,1.0,0.704,0.2038865335875745,
133,1,0.679,apply machine learning to asset-intensive environments,Hard,Apply,['in-105cf9739214f450'],0.1,0.0,Unknown,1.0,0.3010650277137756,AI & Machine Learning,0.08604953,0.545379882463683,1.0,0.679,0.2036139647391049,
134,1,0.672,apply DevOps practices,Hard,Apply,['in-f4e53c2111bd6d2b'],0.1,0.0,Unknown,1.0,0.3009072214365005,Cloud Computing & Infrastructure,0.0074859858,0.5450940160858911,1.0,0.672,0.20352820482576733,
135,1,0.593,deliver DevOps advisory,Hard,Apply,['in-bc0aa6df2d805b7b'],0.1,0.0,Unknown,1.0,0.3004156291484832,Cloud Computing & Infrastructure,0.03290838,0.5442034957013255,1.0,0.593,0.20326104871039766,
136,1,0.7,build deployment pipelines,Hard,Create,['in-3556957cea163733'],0.1,0.0,Unknown,1.0,0.2992668747901916,Cloud Computing & Infrastructure,0.123663485,0.5421225249500488,1.0,0.7,0.20263675748501464,
137,1,0.573,safeguard national security,Hard,Apply,['in-6c187121691e9a94'],0.1,0.0,Unknown,1.0,0.2992302417755127,Cybersecurity,0.18071868,0.5420561641728054,1.0,0.573,0.20261684925184165,
138,2,0.625,operate distributed systems,Hard,Evaluate,"['in-366ed5fb266e1ee3', 'in-788288259e19ed8a']",0.2,0.0,Unknown,1.0,0.2246557623147964,Blockchain & Distributed Systems,0.11193782,0.4069643497833162,1.0,0.625,0.20208930493499488,
139,1,0.716,develop infrastructure foundation,Hard,Create,['in-9da8b8c6e52feb61'],0.1,0.0,Unknown,1.0,0.2965691208839416,Cloud Computing & Infrastructure,0.04840687,0.5372355385090153,1.0,0.716,0.20117066155270458,
140,1,0.605,work on complex challenges,Soft,Unknown,['in-2b0d7561fe568605'],0.1,0.0,Unknown,1.0,0.2927790641784668,Critical Thinking & Problem Solving,0.06334433,0.5303698434256007,1.0,0.605,0.1991109530276802,
141,1,0.611,build competency,Soft,Unknown,['in-62a6486e8ffb7e03'],0.1,0.0,Unknown,1.0,0.291822038590908,Resilience & Adaptability,0.030590743,0.5286361897149021,1.0,0.611,0.19859085691447065,
142,2,0.613,understand requirements,Hard,Apply,"['in-73b5ece9f9ecc3a9', 'in-8b20d58614610842']",0.2,0.0,Unknown,1.0,0.2176302969455719,Business Analysis & Requirements Engineering,0.14718643,0.3942377056213679,1.0,0.613,0.19827131168641038,
143,1,0.703,deploy embedded systems,Hard,Apply,['in-bfc96d1f328a3175'],0.1,0.0,Unknown,1.0,0.2908254757523537,Cloud Computing & Infrastructure,0.058109075,0.5268309141972318,1.0,0.703,0.19804927425916954,
144,1,0.613,combine strategic thinking with operational delivery,Soft,Unknown,['in-a48e951226650184'],0.1,0.0,Unknown,1.0,0.2905582904815674,Critical Thinking & Problem Solving,0.01208806,0.5263469075602472,1.0,0.613,0.19790407226807416,
145,1,0.611,bring clarity through structured thinking,Soft,Unknown,['in-c795d5647c5b2fa6'],0.1,0.0,Unknown,1.0,0.2897888660430908,Critical Thinking & Problem Solving,0.12014404,0.5249530936954896,1.0,0.611,0.19748592810864687,
146,1,0.674,ensure critical business activities are achieved,Hard,Analyze,['in-361c0675a3147072'],0.1,0.0,Unknown,1.0,0.2892866611480713,Critical Thinking & Problem Solving,0.07052982,0.5240433485527266,1.0,0.674,0.19721300456581797,
147,2,0.601,gather requirements,Hard,Apply,"['in-2343dce8f94f0a1c', 'in-4bd1ca2b1bfdfa6d']",0.2,0.0,Unknown,1.0,0.2149074673652649,Business Analysis & Requirements Engineering,0.14063519,0.3893052945480756,1.0,0.601,0.19679158836442268,
148,1,0.602,work with scrum masters,Soft,Unknown,['in-92e57e0960d0c733'],0.1,0.0,Unknown,1.0,0.2884100645780563,Project Management & Agile Methodologies,0.14098105,0.5224553921635263,1.0,0.602,0.1967366176490579,
149,1,0.685,prioritize data-driven insights,Hard,Evaluate,['in-4cf5479496e4301e'],0.1,0.0,Unknown,1.0,0.2883738934993744,Big Data & Analytics,0.060664266,0.5223898681842388,1.0,0.685,0.19671696045527165,
150,1,0.696,solve complex problems at scale,Hard,Apply,['in-45b09437e6f9d734'],0.1,0.0,Unknown,1.0,0.2880841732025146,Critical Thinking & Problem Solving,0.167875,0.521865039303752,1.0,0.696,0.19655951179112563,
151,1,0.716,maintain infrastructure foundation,Hard,Analyze,['in-9da8b8c6e52feb61'],0.1,0.0,Unknown,1.0,0.2878454729914665,Cloud Computing & Infrastructure,0.082709074,0.5214326334078098,1.0,0.716,0.19642979002234293,
152,1,0.684,translate data-driven insights,Hard,Understand,['in-4cf5479496e4301e'],0.1,0.0,Unknown,1.0,0.2878238528966904,Big Data & Analytics,0.028016478,0.5213934685641299,1.0,0.684,0.19641804056923898,
153,1,0.68,design engineering,Hard,Create,['in-476230db996030ac'],0.1,0.0,Unknown,1.0,0.2877770334482193,UX/UI & Digital Design,0.099556565,0.521308655042287,1.0,0.68,0.1963925965126861,
154,1,0.696,analyze data,Hard,Analyze,['in-fbb699e18d37f468'],0.1,0.0,Unknown,1.0,0.2871576189994812,Big Data & Analytics,0.057485133,0.520186584565306,1.0,0.696,0.1960559753695918,
155,1,0.659,mentor team members,Soft,Unknown,['in-193d18c2574de4de'],0.1,0.0,Unknown,1.0,0.2867872297763825,Leadership & People Development,0.18404108,0.5195156237682537,1.0,0.659,0.1958546871304761,
156,1,0.57,analyse complex datasets,Hard,Apply,['in-090a862bf2348484'],0.1,0.0,Unknown,1.0,0.2861035645008087,Big Data & Analytics,0.06006074,0.5182771627936652,1.0,0.57,0.19548314883809956,
157,1,0.705,prototype solutions to complex challenges,Hard,Create,['in-b96ed15875997926'],0.1,0.0,Unknown,1.0,0.2860555469989776,Human-AI Collaboration,0.005944729,0.5181901789958335,1.0,0.705,0.19545705369875005,
158,1,0.622,resolve problems,Hard,Apply,['in-92e57e0960d0c733'],0.1,0.0,Unknown,1.0,0.2857553958892822,Critical Thinking & Problem Solving,0.09623629,0.5176464546776353,1.0,0.622,0.19529393640329057,
159,1,0.678,build developer experience,Hard,Create,['in-1291ef0e4f87819c'],0.1,0.0,Unknown,1.0,0.2844502002000809,Software Development & Engineering,0.03043443,0.5152820901515586,1.0,0.678,0.19458462704546758,
160,1,0.713,maintain 24x7x365 network infrastructure,Hard,Analyze,['in-ebb58af1f32d768c'],0.1,0.0,Unknown,1.0,0.2840010926127433,Cloud Computing & Infrastructure,0.10251336,0.5144685308847925,1.0,0.713,0.19434055926543775,
161,1,0.684,analyze requirements,Hard,Analyze,['in-4249d42ce8b49e38'],0.1,0.0,Unknown,1.0,0.2839085459709167,Business Analysis & Requirements Engineering,0.23762804,0.5143008824633698,1.0,0.684,0.19429026473901095,
162,1,0.61,power creative thinkers,Soft,Unknown,['in-655d9866cfe91a28'],0.1,0.0,Unknown,1.0,0.2838696002960205,Critical Thinking & Problem Solving,0.097592086,0.5142303322976509,1.0,0.61,0.1942690996892953,
163,1,0.59,work with docker containers,Hard,Apply,['in-2b0d7561fe568605'],0.1,0.0,Unknown,1.0,0.2838038325309753,Cloud Computing & Infrastructure,0.20403664,0.5141111938635305,1.0,0.59,0.19423335815905918,
164,1,0.598,strengthen security posture,Hard,Apply,['in-9da8b8c6e52feb61'],0.1,0.0,Unknown,1.0,0.2832999855279922,Cybersecurity,0.07940936,0.5131984740390019,1.0,0.598,0.19395954221170056,
165,1,0.705,develop software,Hard,Create,['in-b580b7c014d5ef12'],0.1,0.0,Unknown,1.0,0.2827291190624237,Software Development & Engineering,0.05371666,0.5121643483278278,1.0,0.705,0.19364930449834833,
166,1,0.701,deploy high-scale communication systems,Soft,Unknown,['in-443f3ba3c65aa81b'],0.1,0.0,Unknown,1.0,0.2821962654590607,Cloud Computing & Infrastructure,0.04055804,0.5111990829903712,1.0,0.701,0.19335972489711137,
167,1,0.704,develop data ingestion pipelines,Hard,Create,['in-2b0d7561fe568605'],0.1,0.0,Unknown,1.0,0.2820778906345367,Big Data & Analytics,0.034062266,0.510984646765826,1.0,0.704,0.1932953940297478,
168,1,0.64,help identify opportunities for automation,Soft,Unknown,['in-21f3b05871873683'],0.1,0.0,Unknown,1.0,0.2818309664726257,Process Automation & RPA,0.07829541,0.5105373431669221,1.0,0.64,0.19316120295007663,
169,2,0.666,work with cross-functional teams,Soft,Unknown,"['in-17ecef6aa8580020', 'in-427c59728dce7b1c']",0.2,0.0,Unknown,1.0,0.2079238176345825,Advanced Communication & Collaboration,0.16496134,0.37665439949656504,1.0,0.666,0.19299631984896953,
170,1,0.707,develop solutions,Hard,Create,['in-12e4e1edda8ca7ae'],0.1,0.0,Unknown,1.0,0.2813510417938232,Critical Thinking & Problem Solving,0.031666905,0.5096679586791112,1.0,0.707,0.19290038760373335,
171,2,0.6950000000000001,automate workflows,Hard,Create,"['in-21f3b05871873683', 'in-8d9ae454713adb22']",0.2,0.0,Unknown,1.0,0.2068627774715423,Process Automation & RPA,0.063378096,0.3747323231803538,1.0,0.6950000000000001,0.19241969695410616,
172,1,0.703,run large-scale systems,Hard,Apply,['in-219553aa7e342a4a'],0.1,0.0,Unknown,1.0,0.2801732793450355,Cloud Computing & Infrastructure,0.047403306,0.5075344397155581,1.0,0.703,0.19226033191466743,
173,1,0.65,work in an agile team,Soft,Unknown,['in-9f2148688a920fb2'],0.1,0.0,Unknown,1.0,0.2789984226226807,Project Management & Agile Methodologies,0.043696344,0.5054061844810821,1.0,0.65,0.19162185534432463,
174,1,0.627,adjust and be flexible to change,Soft,Unknown,['in-ebb58af1f32d768c'],0.1,0.0,Unknown,1.0,0.2785732224583626,Resilience & Adaptability,0.1303373,0.5046359335575512,1.0,0.627,0.19139078006726537,
175,2,0.604,mentor junior staff,Soft,Unknown,"['in-97191426cd97dd84', 'in-a794eba7547094f4']",0.2,0.0,Unknown,1.0,0.2040441766381263,Leadership & People Development,0.081540614,0.3696264222960376,1.0,0.604,0.19088792668881127,
176,1,0.716,build foundational infrastructure,Hard,Create,['in-c537f69349c9b14d'],0.1,0.0,Unknown,1.0,0.2768722951412201,Cloud Computing & Infrastructure,0.05074516,0.5015547004188275,1.0,0.716,0.19046641012564827,
177,1,0.608,upgrade skills,Soft,Unknown,['in-62a6486e8ffb7e03'],0.1,0.0,Unknown,1.0,0.2763875797390938,Resilience & Adaptability,0.0006958842,0.5006766375264106,1.0,0.608,0.19020299125792317,
178,2,0.612,understand business needs,Soft,Unknown,"['in-10c22ca2ab379104', 'in-b2a73f3ed5db96fc']",0.2,0.0,Unknown,1.0,0.2018037736415863,Business Analysis & Requirements Engineering,0.1776833,0.365567927916259,1.0,0.612,0.1896703783748777,
179,1,0.605,work closely with UI/UX designers,Soft,Unknown,['in-2b0d7561fe568605'],0.1,0.0,Unknown,1.0,0.2754002422094345,UX/UI & Digital Design,0.17360258,0.4988880736737219,1.0,0.605,0.18966642210211657,
180,1,0.59,focus on process automation,Hard,Apply,['in-ebb58af1f32d768c'],0.1,0.0,Unknown,1.0,0.2741128802299499,Process Automation & RPA,0.27438992,0.4965560149474356,1.0,0.59,0.1889668044842307,
181,1,0.712,develop reliability,Hard,Create,['in-e7722395abd65cf4'],0.1,0.0,Unknown,1.0,0.274004191160202,Resilience & Adaptability,0.10874215,0.49635912448648,1.0,0.712,0.18890773734594402,
182,1,0.667,lead multidisciplinary teams and external partners,Soft,Unknown,['in-a48e951226650184'],0.1,0.0,Unknown,1.0,0.273978216946125,Leadership & People Development,0.03575352,0.49631207214722967,1.0,0.667,0.1888936216441689,
183,1,0.701,build scalable and resilient networks,Hard,Create,['in-2f5b3f13e615982a'],0.1,0.0,Unknown,1.0,0.2711350098252296,Resilience & Adaptability,0.10115367,0.49116159692535155,1.0,0.701,0.18734847907760546,
184,1,0.71,enhance platform scalability,Hard,Create,['in-366ed5fb266e1ee3'],0.1,0.0,Unknown,1.0,0.2708410561084747,Cloud Computing & Infrastructure,0.0033862293,0.4906290991965022,1.0,0.71,0.18718872975895068,
185,1,0.565,shape key parts of commerce and monetization ecosystem,Hard,Apply,['in-5869692bb5b2b17a'],0.1,0.0,Unknown,1.0,0.2704989522695541,Digital Platforms & E-commerce,0.03212115,0.4900093774278275,1.0,0.565,0.18700281322834825,
186,1,0.646,manage databases,Hard,Apply,['in-14734ee7aab2dff0'],0.1,0.0,Unknown,1.0,0.2703337669372558,Database & Systems Administration,0.2830681,0.48971014387752876,1.0,0.646,0.18691304316325863,
187,1,0.707,translate business needs into technical requirements,Hard,Understand,['in-fbb699e18d37f468'],0.1,0.0,Unknown,1.0,0.2697459757328033,Business Analysis & Requirements Engineering,0.223773,0.4886453589689931,1.0,0.707,0.18659360769069794,
188,1,0.593,lead problem resolution efforts,Hard,Apply,['in-92e57e0960d0c733'],0.1,0.0,Unknown,1.0,0.2689724683761597,Critical Thinking & Problem Solving,0.010836303,0.4872441488900458,1.0,0.593,0.18617324466701374,
189,1,0.61,meet evolving operational needs,Soft,Unknown,['in-1685751ab1e35ff9'],0.1,0.0,Unknown,1.0,0.2684383392333984,Resilience & Adaptability,0.03809014,0.4862765729104919,1.0,0.61,0.1858829718731476,
190,1,0.658,coach team members,Soft,Unknown,['in-a0fcbae76d831775'],0.1,0.0,Unknown,1.0,0.2675325930118561,Leadership & People Development,0.24362567,0.48463581187093246,1.0,0.658,0.18539074356127974,
191,1,0.616,oversee technology platforms,Soft,Unknown,['in-9da8b8c6e52feb61'],0.1,0.0,Unknown,1.0,0.2669848322868347,Digital Platforms & E-commerce,0.04864484,0.4836435422536376,1.0,0.616,0.18509306267609127,
192,1,0.707,deploy advanced algorithms,Hard,Apply,['in-4fac46ba90c4b16c'],0.1,0.0,Unknown,1.0,0.2667608603835106,Cloud Computing & Infrastructure,0.0564892,0.48323781671574423,1.0,0.707,0.18497134501472326,
193,1,0.71,build network infrastructure,Hard,Create,['in-ebb58af1f32d768c'],0.1,0.0,Unknown,1.0,0.2666429400444031,Cloud Computing & Infrastructure,0.1068569,0.4830242037924137,1.0,0.71,0.1849072611377241,
194,1,0.614,thrive in client-facing environments,Soft,Unknown,['in-bc0aa6df2d805b7b'],0.1,0.0,Unknown,1.0,0.2663525640964508,Resilience & Adaptability,0.076652884,0.4824981871986994,1.0,0.614,0.18474945615960983,
195,1,0.609,build a supportive environment,Soft,Unknown,['in-f156d49da1140e9c'],0.1,0.0,Unknown,1.0,0.2642228007316589,Resilience & Adaptability,0.114831775,0.4786401167267283,1.0,0.609,0.1835920350180185,
196,1,0.664,lead engineering teams,Soft,Unknown,['in-a2a8769491dd2881'],0.1,0.0,Unknown,1.0,0.2641967877745628,Leadership & People Development,0.101398975,0.47859299420442364,1.0,0.664,0.1835778982613271,
197,1,0.702,build scalable systems,Hard,Create,['in-6953506b6f0d8ecb'],0.1,0.0,Unknown,1.0,0.2635864600539207,Cloud Computing & Infrastructure,0.020917118,0.4774873843530378,1.0,0.702,0.18324621530591134,
198,1,0.702,design content systems,Hard,Create,['in-0e980950f025d235'],0.1,0.0,Unknown,1.0,0.2631739884614945,UX/UI & Digital Design,0.04551208,0.47674019126221195,1.0,0.702,0.1830220573786636,
199,1,0.596,deliver digital solutions,Hard,Apply,['in-45b09437e6f9d734'],0.1,0.0,Unknown,1.0,0.2631528854370117,Digital Platforms & E-commerce,0.022078812,0.4767019630923729,1.0,0.596,0.18301058892771188,
200,1,0.597,adapt to pace of change,Soft,Unknown,['in-4680a02c6d0fe13f'],0.1,0.0,Unknown,1.0,0.2629586309194565,Resilience & Adaptability,0.16675375,0.47635007065652,1.0,0.597,0.182905021196956,
201,1,0.695,reimagine ways to create a smart and sustainable future,Hard,Create,['in-97191426cd97dd84'],0.1,0.0,Unknown,1.0,0.261132127046585,Environmental & Sustainability Technology,0.11741683,0.4730413553431853,1.0,0.695,0.1819124066029556,
202,1,0.57,scale service operations,Hard,Apply,['in-4aae1652e7ec2129'],0.1,0.0,Unknown,1.0,0.2603046268224716,Cloud Computing & Infrastructure,0.09917304,0.4715423370799458,1.0,0.57,0.18146270112398374,
203,1,0.678,design components,Hard,Create,['in-530771fbfe728d26'],0.1,0.0,Unknown,1.0,0.2596043616533279,UX/UI & Digital Design,0.089113295,0.47027380536591334,1.0,0.678,0.181082141609774,
204,1,0.612,deliver critical insights,Soft,Unknown,['in-da1eee9312990cd0'],0.1,0.0,Unknown,1.0,0.2584665775299072,Critical Thinking & Problem Solving,0.09082705,0.4682127072164127,1.0,0.612,0.18046381216492383,
205,1,0.703,design software,Hard,Create,['in-c5d75e0c5b4f0888'],0.1,0.0,Unknown,1.0,0.2583510190248489,UX/UI & Digital Design,0.11146116,0.4680033727600497,1.0,0.703,0.1804010118280149,
206,1,0.595,serve entities worldwide,Hard,Apply,['in-12e4e1edda8ca7ae'],0.1,0.0,Unknown,1.0,0.2583450973033905,Cloud Computing & Infrastructure,0.012113273,0.46799264555012604,1.0,0.595,0.1803977936650378,
207,1,0.667,plan studies,Hard,Create,['in-5869692bb5b2b17a'],0.1,0.0,Unknown,1.0,0.2583284854888916,Critical Thinking & Problem Solving,0.0022868514,0.467962553215896,1.0,0.667,0.1803887659647688,
208,1,0.651,manage a team,Soft,Unknown,['in-2343dce8f94f0a1c'],0.1,0.0,Unknown,1.0,0.2576795175671578,Leadership & People Development,0.16036731,0.46678694656518144,1.0,0.651,0.18003608396955442,
209,1,0.605,bridge the gap between technology and business,Soft,Unknown,['in-62a6486e8ffb7e03'],0.1,0.0,Unknown,1.0,0.2572981268167496,Technological Literacy & Digital Fluency,0.007200122,0.4660960564800397,1.0,0.605,0.17982881694401193,
210,1,0.703,ensure successful adoption of platforms,Hard,Analyze,['in-3a25de1e948c9510'],0.1,0.0,Unknown,1.0,0.2569403350353241,Digital Platforms & E-commerce,0.115745425,0.46544791597304663,1.0,0.703,0.179634374791914,
211,1,0.568,support management in project planning,Hard,Create,['in-92e57e0960d0c733'],0.1,0.0,Unknown,1.0,0.2565806299448013,Project Management & Agile Methodologies,0.14453149,0.4647963095029075,1.0,0.568,0.17943889285087225,
212,1,0.627,use design/analysis software,Hard,Create,['in-753a69a3294291c7'],0.1,0.0,Unknown,1.0,0.256259024143219,Business Analysis & Requirements Engineering,0.095057726,0.46421371996868455,1.0,0.627,0.17926411599060538,
213,1,0.597,work in an agile model,Soft,Unknown,['in-19253c0e90d0d4b7'],0.1,0.0,Unknown,1.0,0.2557281032204628,Project Management & Agile Methodologies,0.083447486,0.46325195568590116,1.0,0.597,0.17897558670577035,
214,1,0.672,design systems,Hard,Create,['in-5869692bb5b2b17a'],0.1,0.0,Unknown,1.0,0.255256575345993,UX/UI & Digital Design,0.12339598,0.46239778202544807,1.0,0.672,0.17871933460763442,
215,1,0.571,"deliver gains in reliability, efficiency and sustainability",Hard,Apply,['in-54a14ff32d718ad0'],0.1,0.0,Unknown,1.0,0.2547936961054802,Resilience & Adaptability,0.016928047,0.46155927538220637,1.0,0.571,0.17846778261466192,
216,1,0.675,analyze potential impact on recovery capabilities,Hard,Analyze,['in-9f929fe6c651de14'],0.1,0.0,Unknown,1.0,0.2545508667826652,Resilience & Adaptability,0.09473348,0.46111938959227833,1.0,0.675,0.1783358168776835,
217,1,0.698,develop test plans and procedures,Hard,Create,['in-f156d49da1140e9c'],0.1,0.0,Unknown,1.0,0.2543895095586777,Quality Assurance & Testing,0.08645773,0.46082709066761995,1.0,0.698,0.178248127200286,
218,2,0.699,develop tools,Hard,Create,"['in-23d80004b8615742', 'in-4e3bc9e1167b473b']",0.2,0.0,Unknown,1.0,0.1801406621932983,Advanced Communication & Collaboration,0.08112791,0.3263251594513105,1.0,0.699,0.1778975478353932,
219,2,0.633,work collaboratively,Soft,Unknown,"['in-32372b2a70a2998c', 'in-b2a73f3ed5db96fc']",0.2,0.0,Unknown,1.0,0.1800102472305298,Advanced Communication & Collaboration,0.14230654,0.32608891249294975,1.0,0.633,0.17782667374788494,
220,1,0.716,design infrastructure,Hard,Create,['in-a0fcbae76d831775'],0.1,0.0,Unknown,1.0,0.2534180641174317,UX/UI & Digital Design,0.09058854,0.4590673153639593,1.0,0.716,0.17772019460918778,
221,1,0.573,manage programming projects,Hard,Create,['in-92e57e0960d0c733'],0.1,0.0,Unknown,1.0,0.2523093581199646,Project Management & Agile Methodologies,0.069630384,0.45705889229610214,1.0,0.573,0.17711766768883064,
222,1,0.615,provide leadership,Soft,Unknown,['in-a0fcbae76d831775'],0.1,0.0,Unknown,1.0,0.252192422747612,Leadership & People Development,0.23963478,0.45684706364196126,1.0,0.615,0.1770541190925884,
223,1,0.679,analyze business challenges,Hard,Analyze,['in-31a68bf771762bbc'],0.1,0.0,Unknown,1.0,0.2521428167819977,Business Analysis & Requirements Engineering,0.19621944,0.456757202338901,1.0,0.679,0.1770271607016703,
224,1,0.627,support development of environmental analysis capabilities,Hard,Create,['in-ee0deef20dee727b'],0.1,0.0,Unknown,1.0,0.251679790019989,Environmental & Sustainability Technology,0.039854348,0.45591842846018305,1.0,0.627,0.17677552853805492,
225,1,0.705,create solutions,Hard,Create,['in-b2a73f3ed5db96fc'],0.1,0.0,Unknown,1.0,0.251565408706665,Critical Thinking & Problem Solving,0.065312535,0.45571122648893314,1.0,0.705,0.17671336794667994,
226,1,0.657,recruit and hire talented team,Soft,Unknown,['in-9e8b8167a52cb05c'],0.1,0.0,Unknown,1.0,0.251328307390213,Leadership & People Development,0.1690973,0.4552817169936572,1.0,0.657,0.17658451509809717,
227,1,0.607,handle complex issues,Soft,Unknown,['in-a0fcbae76d831775'],0.1,0.0,Unknown,1.0,0.2510756015777588,Critical Thinking & Problem Solving,0.013705283,0.4548239399235646,1.0,0.607,0.17644718197706938,
228,1,0.659,mentor other team members,Soft,Unknown,['in-12e4e1edda8ca7ae'],0.1,0.0,Unknown,1.0,0.2504623398184776,Leadership & People Development,0.17871788,0.45371301505548517,1.0,0.659,0.17611390451664555,
229,1,0.707,support software testing activities,Hard,Evaluate,['in-f156d49da1140e9c'],0.1,0.0,Unknown,1.0,0.2502892315387726,Quality Assurance & Testing,0.04973033,0.45339942907057046,1.0,0.707,0.17601982872117114,
230,1,0.65,play a team lead role,Soft,Unknown,['in-8c46863a1ce899a0'],0.1,0.0,Unknown,1.0,0.2490140229463577,Leadership & People Development,0.21890657,0.45108938622856654,1.0,0.65,0.17532681586856996,
231,1,0.664,contribute to teamwork,Soft,Unknown,['in-92e57e0960d0c733'],0.1,0.0,Unknown,1.0,0.2481054216623306,Leadership & People Development,0.083465725,0.4494434532377704,1.0,0.664,0.17483303597133112,
232,1,0.712,develop automation frameworks,Hard,Create,['in-23d80004b8615742'],0.1,0.0,Unknown,1.0,0.2477380931377411,Process Automation & RPA,0.124693096,0.4487780369020124,1.0,0.712,0.17463341107060373,
233,2,0.6225,work closely with stakeholders,Soft,Unknown,"['in-366ed5fb266e1ee3', 'in-361c0675a3147072']",0.2,0.0,Unknown,1.0,0.1738874197006225,Advanced Communication & Collaboration,0.18674642,0.3149973985301227,1.0,0.6225,0.17449921955903683,
234,1,0.633,liaise with learners,Soft,Unknown,['in-67e6b59a925f7a89'],0.1,0.0,Unknown,1.0,0.2471009865403175,Resilience & Adaptability,0.06136489,0.4476239170633241,1.0,0.633,0.17428717511899725,
235,1,0.604,tackle big problems,Soft,Unknown,['in-9e8b8167a52cb05c'],0.1,0.0,Unknown,1.0,0.2469005107879638,Critical Thinking & Problem Solving,0.088324636,0.44726075484855027,1.0,0.604,0.17417822645456507,
236,1,0.703,test frameworks,Hard,Evaluate,['in-92e57e0960d0c733'],0.1,0.0,Unknown,1.0,0.2467971682548523,Quality Assurance & Testing,0.15959445,0.447073549649096,1.0,0.703,0.1741220648947288,
237,1,0.674,design projects,Hard,Create,['in-989af9a20b8f9ee7'],0.1,0.0,Unknown,1.0,0.2457635670900345,UX/UI & Digital Design,0.07276338,0.4452011791314597,1.0,0.674,0.1735603537394379,
238,1,0.598,reduce environmental impact,Hard,Apply,['in-9e8b8167a52cb05c'],0.1,0.0,Unknown,1.0,0.2441556572914123,Environmental & Sustainability Technology,0.18844979,0.44228844740820394,1.0,0.598,0.1726865342224612,
239,1,0.71,translate requirements into technical solutions,Hard,Understand,['in-73b5ece9f9ecc3a9'],0.1,0.0,Unknown,1.0,0.243897795677185,Business Analysis & Requirements Engineering,0.10359815,0.44182133059318524,1.0,0.71,0.17254639917795558,
240,1,0.617,power entrepreneurs,Soft,Unknown,['in-655d9866cfe91a28'],0.1,0.0,Unknown,1.0,0.2433018833398819,Resilience & Adaptability,0.06693068,0.440741834236717,1.0,0.617,0.1722225502710151,
241,1,0.61,work closely with automation specialists,Soft,Unknown,['in-d7d35694d4becf69'],0.1,0.0,Unknown,1.0,0.2427807450294494,Process Automation & RPA,0.10232365,0.4397977911751589,1.0,0.61,0.17193933735254766,
242,1,0.692,build and nurture a pipeline of talent,Hard,Create,['in-4aab702ede0af613'],0.1,0.0,Unknown,1.0,0.2427202641963959,Leadership & People Development,0.095373034,0.4396882300286102,1.0,0.692,0.17190646900858306,
243,1,0.716,manage environmental performance,Hard,Apply,['in-ee0deef20dee727b'],0.1,0.0,Unknown,1.0,0.2423728466033935,Environmental & Sustainability Technology,0.17702688,0.43905888238409535,1.0,0.716,0.17171766471522862,
244,1,0.613,innovate,Soft,Unknown,['in-9e8b8167a52cb05c'],0.1,0.0,Unknown,1.0,0.2423125058412552,Resilience & Adaptability,0.094547644,0.4389495749762816,1.0,0.613,0.1716848724928845,
245,1,0.587,focus on stability,Hard,Apply,['in-a0fcbae76d831775'],0.1,0.0,Unknown,1.0,0.2420093044638633,Resilience & Adaptability,0.13402653,0.4384003250922266,1.0,0.587,0.17152009752766798,
246,1,0.637,"blend creativity, curiosity, and user centered thinking",Soft,Unknown,['in-5869692bb5b2b17a'],0.1,0.0,Unknown,1.0,0.241980767250061,Critical Thinking & Problem Solving,0.03139636,0.43834862987399575,1.0,0.637,0.17150458896219872,
247,1,0.629,be flexible in approach,Soft,Unknown,['in-7e3654818d829d5e'],0.1,0.0,Unknown,1.0,0.241132378578186,Resilience & Adaptability,0.081716806,0.43681177214706446,1.0,0.629,0.17104353164411934,
248,1,0.705,"integrate health, safety and environmental considerations into work",Hard,Create,['in-a794eba7547094f4'],0.1,0.0,Unknown,1.0,0.241031102836132,Resilience & Adaptability,0.04520181,0.4366283109436252,1.0,0.705,0.17098849328308757,
249,1,0.662,build a high-performing team,Soft,Unknown,['in-37ed4cd194d9bd61'],0.1,0.0,Unknown,1.0,0.2399603500962257,Leadership & People Development,0.07731646,0.4346886402755563,1.0,0.662,0.1704065920826669,
250,1,0.7,focus on user-centric design,Hard,Create,['in-bc0aa6df2d805b7b'],0.1,0.0,Unknown,1.0,0.2385979726910591,UX/UI & Digital Design,0.086158484,0.4322206909599442,1.0,0.7,0.16966620728798326,
251,1,0.658,work together with teams,Soft,Unknown,['in-b717309a36d86a55'],0.1,0.0,Unknown,1.0,0.2385957926511764,Leadership & People Development,0.044160366,0.4322167418134624,1.0,0.658,0.16966502254403873,
252,1,0.655,lead teams,Soft,Unknown,['in-35e03ae1caff1780'],0.1,0.0,Unknown,1.0,0.2374627947807312,Leadership & People Development,0.20886056,0.43016431397052324,1.0,0.655,0.16904929419115697,
253,1,0.601,learn new skills,Soft,Unknown,['in-788288259e19ed8a'],0.1,0.0,Unknown,1.0,0.2373402714729309,Resilience & Adaptability,0.042584807,0.4299423627604654,1.0,0.601,0.16898270882813962,
254,1,0.716,design transformative technology,Hard,Create,['in-9e8b8167a52cb05c'],0.1,0.0,Unknown,1.0,0.2370964825153351,UX/UI & Digital Design,0.10517424,0.429500738590268,1.0,0.716,0.1688502215770804,
255,1,0.636,identify areas for development,Soft,Unknown,['in-cc977b538c3a4a86'],0.1,0.0,Unknown,1.0,0.2366528034210205,Leadership & People Development,0.010169357,0.42869701304915686,1.0,0.636,0.16860910391474707,
256,1,0.674,design products,Hard,Create,['in-25943c33b8b06d57'],0.1,0.0,Unknown,1.0,0.2364969059824943,UX/UI & Digital Design,0.09694451,0.42841460453646624,1.0,0.674,0.16852438136093986,
257,1,0.654,serve as a resource to help teams solve problems,Soft,Unknown,['in-431768e5d2264d2d'],0.1,0.0,Unknown,1.0,0.2364636808633804,Leadership & People Development,0.03904462,0.4283544171686581,1.0,0.654,0.16850632515059744,
258,1,0.563,work with advanced tools and processes,Hard,Apply,['in-dca34ad867616996'],0.1,0.0,Unknown,1.0,0.2364046275615692,Process Automation & RPA,0.013192117,0.4282474419977276,1.0,0.563,0.16847423259931826,
259,1,0.672,design reports,Hard,Create,['in-4e8588b946d21212'],0.1,0.0,Unknown,1.0,0.235659196972847,UX/UI & Digital Design,0.08636969,0.42689709303840356,1.0,0.672,0.16806912791152107,
260,1,0.686,design visualizations,Hard,Create,['in-4e8588b946d21212'],0.1,0.0,Unknown,1.0,0.2354239493608474,UX/UI & Digital Design,0.10344592,0.4264709415323436,1.0,0.686,0.16794128245970308,
261,2,0.606,work with developers,Soft,Unknown,"['in-0203fddefc4a7b12', 'in-92e57e0960d0c733']",0.2,0.0,Unknown,1.0,0.1617421865463257,Advanced Communication & Collaboration,0.03140703,0.2929962850813641,1.0,0.606,0.16789888552440924,
262,1,0.703,design software modules,Hard,Create,['in-16914020afc5dd69'],0.1,0.0,Unknown,1.0,0.2352880656719208,UX/UI & Digital Design,0.04604876,0.42622478796592544,1.0,0.703,0.16786743638977764,
263,1,0.602,be reliable,Soft,Unknown,['in-7e3654818d829d5e'],0.1,0.0,Unknown,1.0,0.2341683134436607,Resilience & Adaptability,0.16613838,0.4241963546295317,1.0,0.602,0.1672589063888595,
264,1,0.608,innovate value,Soft,Unknown,['in-0203fddefc4a7b12'],0.1,0.0,Unknown,1.0,0.2337076216936111,Resilience & Adaptability,0.10597476,0.42336181062951284,1.0,0.608,0.16700854318885386,
265,1,0.704,develop software modules,Hard,Create,['in-16914020afc5dd69'],0.1,0.0,Unknown,1.0,0.2335405170917511,Software Development & Engineering,0.005036354,0.42305910031867533,1.0,0.704,0.1669177300956026,
266,2,0.703,analyze systems,Hard,Analyze,"['in-23d80004b8615742', 'in-fbb699e18d37f468']",0.2,0.0,Unknown,1.0,0.1590757966041565,Database & Systems Administration,0.0003965497,0.2881661145221815,1.0,0.703,0.16644983435665445,
267,1,0.592,be responsible for automation,Hard,Apply,['in-219553aa7e342a4a'],0.1,0.0,Unknown,1.0,0.2326522171497345,Process Automation & RPA,0.04090935,0.4214499432483626,1.0,0.592,0.1664349829745088,
268,1,0.668,build strong working relationships,Soft,Unknown,['in-6c717e860c5e6516'],0.1,0.0,Unknown,1.0,0.2316272556781768,Resilience & Adaptability,0.045813024,0.4195932235518478,1.0,0.668,0.16587796706555435,
269,1,0.648,grow a team,Soft,Unknown,['in-37ed4cd194d9bd61'],0.1,0.0,Unknown,1.0,0.2310995042324066,Leadership & People Development,0.09790793,0.4186372007827807,1.0,0.648,0.16559116023483422,
270,1,0.636,participate in design and development,Soft,Unknown,['in-8c46863a1ce899a0'],0.1,0.0,Unknown,1.0,0.2306298613548279,UX/UI & Digital Design,0.034834743,0.41778644179785707,1.0,0.636,0.16533593253935713,
271,1,0.603,provide environmental expertise,Hard,Apply,['in-ee0deef20dee727b'],0.1,0.0,Unknown,1.0,0.2303872168064117,Environmental & Sustainability Technology,0.06170222,0.41734689072711134,1.0,0.603,0.1652040672181334,
272,1,0.584,craft the ultimate UX,Hard,Apply,['in-6a0c6e81b38e7258'],0.1,0.0,Unknown,1.0,0.2300748690962791,UX/UI & Digital Design,0.11470738,0.41678107224353156,1.0,0.584,0.16503432167305948,
273,1,0.629,execute engineering activities,Hard,Create,['in-e26b52256be0f85c'],0.1,0.0,Unknown,1.0,0.2291969656944275,Business Analysis & Requirements Engineering,0.09916133,0.41519074852592097,1.0,0.629,0.1645572245577763,
274,1,0.591,drive the automation and optimization of operations,Hard,Apply,['in-3a40f4b75ecb8f1e'],0.1,0.0,Unknown,1.0,0.2287338078022003,Process Automation & RPA,0.1306153,0.4143517371045574,1.0,0.591,0.16430552113136723,
275,1,0.71,design integration solutions,Hard,Create,['in-73b5ece9f9ecc3a9'],0.1,0.0,Unknown,1.0,0.2287320464849472,UX/UI & Digital Design,0.068214685,0.4143485464749324,1.0,0.71,0.16430456394247972,
276,1,0.61,drive environmental ESG strategy,Soft,Unknown,['in-ee0deef20dee727b'],0.1,0.0,Unknown,1.0,0.2285811603069305,Environmental & Sustainability Technology,0.1704315,0.41407521587038815,1.0,0.61,0.16422256476111646,
277,1,0.658,lead teams committed to quality,Soft,Unknown,['in-a2a8769491dd2881'],0.1,0.0,Unknown,1.0,0.2283640295267105,Leadership & People Development,0.1641128,0.4136818830402854,1.0,0.658,0.16410456491208564,
278,1,0.714,maintain reliability,Hard,Analyze,['in-e7722395abd65cf4'],0.1,0.0,Unknown,1.0,0.2281073033809662,Resilience & Adaptability,0.0077399015,0.413216823128629,1.0,0.714,0.1639650469385887,
279,1,0.658,build strong teams,Soft,Unknown,['in-35b0fd014582dbaf'],0.1,0.0,Unknown,1.0,0.2267834842205048,Leadership & People Development,0.07709497,0.4108187221481923,1.0,0.658,0.1632456166444577,
280,1,0.606,work with business analysts,Soft,Unknown,['in-92e57e0960d0c733'],0.1,0.0,Unknown,1.0,0.226505696773529,Business Analysis & Requirements Engineering,0.1555576,0.41031550964844765,1.0,0.606,0.1630946528945343,
281,1,0.703,deploy multicast market data delivery platforms,Hard,Apply,['in-2f5b3f13e615982a'],0.1,0.0,Unknown,1.0,0.2264228224754333,Digital Platforms & E-commerce,0.060111314,0.4101653826964801,1.0,0.703,0.16304961480894403,
282,1,0.621,identify opportunities,Soft,Unknown,['in-0203fddefc4a7b12'],0.1,0.0,Unknown,1.0,0.2260314300656318,Resilience & Adaptability,0.03687796,0.4094563745859212,1.0,0.621,0.16283691237577635,
283,1,0.657,work closely with teams,Soft,Unknown,['in-21f3b05871873683'],0.1,0.0,Unknown,1.0,0.2258845046162605,Leadership & People Development,0.026211351,0.409190218849011,1.0,0.657,0.16275706565470333,
284,1,0.7,design systems architecture,Hard,Create,['in-4249d42ce8b49e38'],0.1,0.0,Unknown,1.0,0.2256566658616066,UX/UI & Digital Design,0.10199055,0.40877748850242307,1.0,0.7,0.16263324655072692,
285,1,0.616,bring a product mindset to platform engineering,Hard,Create,['in-bc0aa6df2d805b7b'],0.1,0.0,Unknown,1.0,0.2251401871442794,Digital Platforms & E-commerce,0.044419527,0.40784188630282553,1.0,0.616,0.16235256589084768,
286,1,0.601,track environmental footprint,Hard,Apply,['in-ee0deef20dee727b'],0.1,0.0,Unknown,1.0,0.224865835905075,Environmental & Sustainability Technology,0.20663175,0.4073448985001329,1.0,0.601,0.16220346955003986,
287,1,0.661,work alongside teams,Soft,Unknown,['in-1291ef0e4f87819c'],0.1,0.0,Unknown,1.0,0.2246695339679718,Leadership & People Development,0.054227203,0.40698929715979215,1.0,0.661,0.16209678914793765,
288,1,0.696,create tests,Hard,Create,['in-2b0d7561fe568605'],0.1,0.0,Unknown,1.0,0.2244083881378174,Quality Assurance & Testing,0.24297592,0.4065162309812426,1.0,0.696,0.1619548692943728,
289,1,0.658,guide other team members,Soft,Unknown,['in-12e4e1edda8ca7ae'],0.1,0.0,Unknown,1.0,0.2241764679551124,Leadership & People Development,0.03944561,0.4060961071198127,1.0,0.658,0.16182883213594382,
290,1,0.68,automate processes,Hard,Create,['in-cf33fce1da9e5f1f'],0.1,0.0,Unknown,1.0,0.2239501774311065,Process Automation & RPA,0.16602904,0.4056861813960507,1.0,0.68,0.16170585441881521,
291,1,0.68,design experiences,Hard,Create,['in-4e8588b946d21212'],0.1,0.0,Unknown,1.0,0.2235565334558487,UX/UI & Digital Design,0.039908916,0.40497309457029446,1.0,0.68,0.16149192837108833,
292,1,0.715,monitor emerging environmental regulations,Hard,Analyze,['in-ee0deef20dee727b'],0.1,0.0,Unknown,1.0,0.2234902203083038,Environmental & Sustainability Technology,0.19466242,0.4048529681747165,1.0,0.715,0.16145589045241496,
293,1,0.607,extend skills beyond formal role boundaries,Soft,Unknown,['in-19253c0e90d0d4b7'],0.1,0.0,Unknown,1.0,0.2226618319749832,Leadership & People Development,0.0072704554,0.4033523410999233,1.0,0.607,0.161005702329977,
294,1,0.599,unveil a plan for net zero emissions,Soft,Unknown,['in-b717309a36d86a55'],0.1,0.0,Unknown,1.0,0.2214169263839721,Environmental & Sustainability Technology,0.22434597,0.40109719220382,1.0,0.599,0.160329157661146,
295,2,0.627,communicate ideas,Soft,Unknown,"['in-6c717e860c5e6516', 'in-ffcc36a373d8599a']",0.2,0.0,Unknown,1.0,0.1476033210754394,Advanced Communication & Collaboration,0.08578229,0.2673837028188612,1.0,0.627,0.16021511084565837,
296,1,0.604,meet engineering specifications,Hard,Create,['in-0a7b6c95f2d71548'],0.1,0.0,Unknown,1.0,0.2207575738430023,Business Analysis & Requirements Engineering,0.06235546,0.3999027737951893,1.0,0.604,0.15997083213855678,
297,1,0.611,mentor subordinate group,Soft,Unknown,['in-a0fcbae76d831775'],0.1,0.0,Unknown,1.0,0.2196917653083801,Leadership & People Development,0.12720221,0.39797205956459575,1.0,0.611,0.15939161786937872,
298,1,0.618,demonstrate strong organisational skills,Soft,Unknown,['in-ed82d490e0401f2c'],0.1,0.0,Unknown,1.0,0.2194426506757736,Leadership & People Development,0.008371949,0.3975207879237724,1.0,0.618,0.1592562363771317,
299,1,0.616,identify sales opportunities,Soft,Unknown,['in-018a8a6c4578b687'],0.1,0.0,Unknown,1.0,0.2192360341548919,Digital Platforms & E-commerce,0.050155073,0.39714650169488286,1.0,0.616,0.15914395050846486,
300,1,0.661,work closely with technical teams and business partners,Soft,Unknown,['in-8b3ede5765e5e1c9'],0.1,0.0,Unknown,1.0,0.2188426971435547,Advanced Communication & Collaboration,0.18093431,0.39643397093486493,1.0,0.661,0.1589301912804595,
301,1,0.617,focus on cross-functional collaboration,Soft,Unknown,['in-bc0aa6df2d805b7b'],0.1,0.0,Unknown,1.0,0.2186074495315552,Advanced Communication & Collaboration,0.163194,0.3960078194288052,1.0,0.617,0.15880234582864156,
302,1,0.601,accomplish sustainable vision,Hard,Apply,['in-97191426cd97dd84'],0.1,0.0,Unknown,1.0,0.2183550059795379,Environmental & Sustainability Technology,0.16062921,0.3955505174440034,1.0,0.601,0.15866515523320102,
303,1,0.611,lead initiatives,Soft,Unknown,['in-284b7cf30eb81914'],0.1,0.0,Unknown,1.0,0.217684768140316,Leadership & People Development,0.104298025,0.3943363802964465,1.0,0.611,0.15830091408893396,
304,1,0.565,turn analysis into business impact,Hard,Apply,['in-4cf5479496e4301e'],0.1,0.0,Unknown,1.0,0.2169534713029861,Business Analysis & Requirements Engineering,0.1610845,0.3930116346552217,1.0,0.565,0.1579034903965665,
305,1,0.606,oversee environmental monitoring,Hard,Analyze,['in-9f929fe6c651de14'],0.1,0.0,Unknown,1.0,0.2169491708278656,Environmental & Sustainability Technology,0.13641655,0.3930038443361881,1.0,0.606,0.15790115330085644,
306,1,0.606,learn skills beyond formal role boundaries,Soft,Unknown,['in-19253c0e90d0d4b7'],0.1,0.0,Unknown,1.0,0.2164234429597854,Leadership & People Development,0.022954106,0.3920514872820368,1.0,0.606,0.15761544618461104,
307,2,0.622,partner with engineers,Soft,Unknown,"['in-0203fddefc4a7b12', 'in-4cf5479496e4301e']",0.2,0.0,Unknown,1.0,0.142637288570404,Advanced Communication & Collaboration,0.070774525,0.2583877252904387,1.0,0.622,0.15751631758713164,
308,1,0.678,design dashboards,Hard,Create,['in-4e8588b946d21212'],0.1,0.0,Unknown,1.0,0.2162306815385818,UX/UI & Digital Design,0.052012533,0.39170229959312497,1.0,0.678,0.15751068987793748,
309,1,0.731,design architecture,Hard,Create,['in-b580b7c014d5ef12'],0.1,0.0,Unknown,1.0,0.21517373919487,UX/UI & Digital Design,0.08991405,0.3897876464845864,1.0,0.731,0.15693629394537592,
310,1,0.595,provide expert technical analysis,Hard,Apply,['in-7c6b469bd3c32c83'],0.1,0.0,Unknown,1.0,0.2150222659111023,Business Analysis & Requirements Engineering,0.07354158,0.38951325233683387,1.0,0.595,0.15685397570105017,
311,1,0.647,work as a team,Soft,Unknown,['in-53f9dbfe59309995'],0.1,0.0,Unknown,1.0,0.2149681270122528,Leadership & People Development,0.087815404,0.3894151796164137,1.0,0.647,0.1568245538849241,
312,1,0.707,build automation pipelines,Hard,Create,['in-45b09437e6f9d734'],0.1,0.0,Unknown,1.0,0.2148454487323761,Process Automation & RPA,0.11261609,0.3891929476741384,1.0,0.707,0.15675788430224152,
313,1,0.606,work closely with business analysts,Soft,Unknown,['in-73b5ece9f9ecc3a9'],0.1,0.0,Unknown,1.0,0.2142372131347656,Business Analysis & Requirements Engineering,0.1387929,0.38809112770768783,1.0,0.606,0.15642733831230635,
314,1,0.671,analyze business data,Hard,Analyze,['in-b4af93f913150cac'],0.1,0.0,Unknown,1.0,0.2141427993774414,Business Analysis & Requirements Engineering,0.103673995,0.3879200970029147,1.0,0.671,0.1563760291008744,
315,1,0.6,deliver value-added business analysis,Hard,Evaluate,['in-a77e7fdadad1bd31'],0.1,0.0,Unknown,1.0,0.2134633213281631,Business Analysis & Requirements Engineering,0.12369603,0.38668922119689325,1.0,0.6,0.15600676635906796,
316,1,0.602,mentor top talent,Soft,Unknown,['in-bc40d95a380aa266'],0.1,0.0,Unknown,1.0,0.2131345331668853,Leadership & People Development,0.17582981,0.38609362080413157,1.0,0.602,0.15582808624123948,
317,1,0.652,act as a bridge between teams,Soft,Unknown,['in-2343dce8f94f0a1c'],0.1,0.0,Unknown,1.0,0.2129724562168121,Leadership & People Development,0.06825805,0.38580001809427106,1.0,0.652,0.15574000542828131,
318,1,0.676,build interfaces,Hard,Create,['in-6818c9f518bb5702'],0.1,0.0,Unknown,1.0,0.2128846317529678,UX/UI & Digital Design,0.08585456,0.3856409239074352,1.0,0.676,0.15569227717223055,
319,1,0.608,develop skills,Soft,Unknown,['in-753a69a3294291c7'],0.1,0.0,Unknown,1.0,0.2121892318129539,Leadership & People Development,0.005177915,0.3843812055654211,1.0,0.608,0.15531436166962634,
320,1,0.665,bring user insights into every stage of design,Hard,Create,['in-5869692bb5b2b17a'],0.1,0.0,Unknown,1.0,0.2107909083366394,UX/UI & Digital Design,0.01953116,0.38184813987210636,1.0,0.665,0.15455444196163193,
321,1,0.643,work collaboratively in a multidisciplinary environment,Soft,Unknown,['in-487df2b1087d73fa'],0.1,0.0,Unknown,1.0,0.2107655048370361,Advanced Communication & Collaboration,0.1886929,0.38180212138323366,1.0,0.643,0.1545406364149701,
322,1,0.654,grow the team and platform,Soft,Unknown,['in-12e4e1edda8ca7ae'],0.1,0.0,Unknown,1.0,0.2104881286621094,Leadership & People Development,0.06794202,0.3812996539036047,1.0,0.654,0.1543898961710814,
323,1,0.618,identify defects during the testing process,Hard,Evaluate,['in-f156d49da1140e9c'],0.1,0.0,Unknown,1.0,0.2104871124029159,Quality Assurance & Testing,0.15810025,0.38129781294810183,1.0,0.618,0.15438934388443054,
324,1,0.712,redesign automation platforms,Hard,Create,['in-4e3bc9e1167b473b'],0.1,0.0,Unknown,1.0,0.21039879322052,Process Automation & RPA,0.053028643,0.38113782257764883,1.0,0.712,0.15434134677329464,
325,1,0.623,leverage collective knowledge of sustainable spaces,Hard,Remember,['in-97191426cd97dd84'],0.1,0.0,Unknown,1.0,0.210291302204132,Environmental & Sustainability Technology,0.12195125,0.3809431023926816,1.0,0.623,0.15428293071780447,
326,1,0.606,apply skills beyond formal role boundaries,Soft,Unknown,['in-19253c0e90d0d4b7'],0.1,0.0,Unknown,1.0,0.2101097196340561,Leadership & People Development,0.015749782,0.38061416521430036,1.0,0.606,0.1541842495642901,
327,1,0.6,execute a plan for net zero emissions,Soft,Unknown,['in-b717309a36d86a55'],0.1,0.0,Unknown,1.0,0.2100255489349365,Environmental & Sustainability Technology,0.21084459,0.38046168982935996,1.0,0.6,0.15413850694880799,
328,1,0.674,test components,Hard,Evaluate,['in-530771fbfe728d26'],0.1,0.0,Unknown,1.0,0.2094454631209373,Quality Assurance & Testing,0.17327324,0.3794108632505967,1.0,0.674,0.153823258975179,
329,1,0.697,test data solutions,Hard,Evaluate,['in-19253c0e90d0d4b7'],0.1,0.0,Unknown,1.0,0.209037221968174,Quality Assurance & Testing,0.10987499,0.3786713336094371,1.0,0.697,0.15360140008283113,
330,1,0.711,prepare external environmental reports,Hard,Apply,['in-ee0deef20dee727b'],0.1,0.0,Unknown,1.0,0.2080831110477447,Environmental & Sustainability Technology,0.15026823,0.3769429598239048,1.0,0.711,0.15308288794717145,
331,1,0.677,support analytics systems,Hard,Evaluate,['in-e1f6fb04d77bbcd3'],0.1,0.0,Unknown,1.0,0.2080392837524414,Database & Systems Administration,0.017341167,0.37686356659333686,1.0,0.677,0.15305906997800106,
332,1,0.709,monitor environmental best practices,Hard,Analyze,['in-ee0deef20dee727b'],0.1,0.0,Unknown,1.0,0.2077191352844238,Environmental & Sustainability Technology,0.13762058,0.37628361702169694,1.0,0.709,0.15288508510650908,
333,1,0.595,process job applications,Hard,Apply,['in-7e3654818d829d5e'],0.1,0.0,Unknown,1.0,0.2077041566371917,Process Automation & RPA,0.046470612,0.37625648317314286,1.0,0.595,0.15287694495194287,
334,1,0.705,design impactful user experiences,Hard,Create,['in-d058a60328482955'],0.1,0.0,Unknown,1.0,0.2072841912508011,UX/UI & Digital Design,0.027431488,0.37549571505999535,1.0,0.705,0.1526487145179986,
335,1,0.611,provide leadership to application support,Soft,Unknown,['in-92e57e0960d0c733'],0.1,0.0,Unknown,1.0,0.2071233928203583,Leadership & People Development,0.10355866,0.3752044283909286,1.0,0.611,0.15256132851727858,
336,1,0.619,identify areas for improvement,Hard,Create,['in-fbb699e18d37f468'],0.1,0.0,Unknown,1.0,0.2070533037185669,Leadership & People Development,0.048871875,0.375077461846899,1.0,0.619,0.15252323855406968,
337,1,0.698,participate in design work,Hard,Create,['in-17ecef6aa8580020'],0.1,0.0,Unknown,1.0,0.2067942887544632,UX/UI & Digital Design,0.0425193,0.37460825573633905,1.0,0.698,0.15238247672090172,
338,1,0.593,reduce carbon footprint,Hard,Apply,['in-bc0aa6df2d805b7b'],0.1,0.0,Unknown,1.0,0.2067936301231384,Environmental & Sustainability Technology,0.1427466,0.3746070626244149,1.0,0.593,0.1523821187873245,
339,1,0.666,engage technical teams and business stakeholders,Soft,Unknown,['in-4bd1ca2b1bfdfa6d'],0.1,0.0,Unknown,1.0,0.2066766738891601,Advanced Communication & Collaboration,0.156136,0.37439519617939854,1.0,0.666,0.15231855885381956,
340,1,0.606,lead projects,Soft,Unknown,['in-795392ba67b03cb2'],0.1,0.0,Unknown,1.0,0.2065847426652908,Leadership & People Development,0.012478352,0.37422866258880083,1.0,0.606,0.15226859877664026,
341,1,0.666,work closely with cross-functional teams,Soft,Unknown,['in-090a862bf2348484'],0.1,0.0,Unknown,1.0,0.2064330339431762,Advanced Communication & Collaboration,0.1583044,0.37395384194402553,1.0,0.666,0.15218615258320767,
342,1,0.667,collaborate with a multi-disciplinary team,Soft,Unknown,['in-c795d5647c5b2fa6'],0.1,0.0,Unknown,1.0,0.2056719064712524,Advanced Communication & Collaboration,0.12660089,0.37257505805029373,1.0,0.667,0.15177251741508813,
343,1,0.618,"collaborate with engineers, product managers, designers, collaborators, partners",Soft,Unknown,['in-12e4e1edda8ca7ae'],0.1,0.0,Unknown,1.0,0.205379056930542,Advanced Communication & Collaboration,0.07781905,0.37204456053849366,1.0,0.618,0.1516133681615481,
344,1,0.62,deliver user experience,Hard,Apply,['in-9378455c1bb091a1'],0.1,0.0,Unknown,1.0,0.2049779713153839,UX/UI & Digital Design,0.07034531,0.37131799316760405,1.0,0.62,0.15139539795028123,
345,1,0.694,assist in building a design system,Hard,Create,['in-6a0c6e81b38e7258'],0.1,0.0,Unknown,1.0,0.2049279615283012,UX/UI & Digital Design,0.0836516,0.37122740034116947,1.0,0.694,0.15136822010235085,
346,1,0.7,develop data analyses,Hard,Create,['in-bbad41219cc740ed'],0.1,0.0,Unknown,1.0,0.2043645679950714,Business Analysis & Requirements Engineering,0.047443807,0.3702068118614415,1.0,0.7,0.15106204355843245,
347,1,0.609,manage disaster recovery plans,Soft,Unknown,['in-9da8b8c6e52feb61'],0.1,0.0,Unknown,1.0,0.2043050602078438,Project Management & Agile Methodologies,0.08516106,0.3700990133892964,1.0,0.609,0.15102970401678895,
348,1,0.655,work with other teams,Soft,Unknown,['in-6953506b6f0d8ecb'],0.1,0.0,Unknown,1.0,0.2037778839468956,Leadership & People Development,0.053696543,0.3691440325686515,1.0,0.655,0.15074320977059547,
349,1,0.659,lead teams committed to customer impact,Soft,Unknown,['in-a2a8769491dd2881'],0.1,0.0,Unknown,1.0,0.2037006318569183,Leadership & People Development,0.015775084,0.3690040902576105,1.0,0.659,0.15070122707728317,
350,1,0.659,lead teams committed to velocity,Soft,Unknown,['in-a2a8769491dd2881'],0.1,0.0,Unknown,1.0,0.2027111232280731,Leadership & People Development,0.10626966,0.36721159345452964,1.0,0.659,0.15016347803635888,
351,1,0.678,implement systems,Hard,Apply,['in-4249d42ce8b49e38'],0.1,0.0,Unknown,1.0,0.202571153640747,Blockchain & Distributed Systems,0.118964136,0.3669580382752247,1.0,0.678,0.15008741148256743,
352,1,0.662,build solid relationships with team members,Soft,Unknown,['in-34c6520c08d55db7'],0.1,0.0,Unknown,1.0,0.2023299932479858,Leadership & People Development,0.023295224,0.3665211757553308,1.0,0.662,0.14995635272659924,
353,1,0.619,operate data solutions,Hard,Evaluate,['in-19253c0e90d0d4b7'],0.1,0.0,Unknown,1.0,0.2021515965461731,Database & Systems Administration,0.0022230446,0.36619800978349615,1.0,0.619,0.14985940293504885,
354,1,0.615,operate data stores,Hard,Evaluate,['in-788288259e19ed8a'],0.1,0.0,Unknown,1.0,0.202014148235321,Database & Systems Administration,0.022584975,0.365949021901421,1.0,0.615,0.1497847065704263,
355,1,0.626,"focus on automation, resiliency, availability, scalability, and performance",Hard,Apply,['in-3a40f4b75ecb8f1e'],0.1,0.0,Unknown,1.0,0.2019058763980865,Process Automation & RPA,0.01015383,0.3657528872579738,1.0,0.626,0.14972586617739214,
356,1,0.626,execute standard engineering projects,Hard,Create,['in-e26b52256be0f85c'],0.1,0.0,Unknown,1.0,0.201807215809822,Business Analysis & Requirements Engineering,0.072942466,0.36557416341070365,1.0,0.626,0.14967224902321108,
357,1,0.609,learn customer language and industries,Soft,Unknown,['in-4680a02c6d0fe13f'],0.1,0.0,Unknown,1.0,0.2015861570835113,Business Analysis & Requirements Engineering,0.02762866,0.3651737150986283,1.0,0.609,0.1495521145295885,
358,1,0.672,automate tasks,Hard,Create,['in-3556957cea163733'],0.1,0.0,Unknown,1.0,0.2014427185058593,Process Automation & RPA,0.032767773,0.36491387583661017,1.0,0.672,0.14947416275098308,
359,1,0.71,manage recruitment,Hard,Apply,['in-7e3654818d829d5e'],0.1,0.0,Unknown,1.0,0.2010555878281593,Leadership & People Development,0.11128768,0.3642125878620307,1.0,0.71,0.1492637763586092,
360,1,0.708,support testing of environmental analysis capabilities,Hard,Evaluate,['in-ee0deef20dee727b'],0.1,0.0,Unknown,1.0,0.2008721858263016,Quality Assurance & Testing,0.022431076,0.3638803547794428,1.0,0.708,0.14916410643383285,
361,1,0.57,participate in project lifecycle,Hard,Apply,['in-4249d42ce8b49e38'],0.1,0.0,Unknown,1.0,0.2008152261376381,Project Management & Agile Methodologies,0.06459671,0.3637771721927958,1.0,0.57,0.14913315165783875,
362,1,0.627,rebuild automation platforms,Hard,Create,['in-4e3bc9e1167b473b'],0.1,0.0,Unknown,1.0,0.2007761597633361,Process Automation & RPA,0.028266728,0.36370640337986887,1.0,0.627,0.14911192101396065,
363,1,0.668,work cross-functionally with teams,Soft,Unknown,['in-bbad41219cc740ed'],0.1,0.0,Unknown,1.0,0.2001269817352295,Advanced Communication & Collaboration,0.15060449,0.3625304161210519,1.0,0.668,0.1487591248363156,
364,1,0.627,play a pivotal role in projects,Soft,Unknown,['in-c58b6cbd0462f519'],0.1,0.0,Unknown,1.0,0.2000964194536209,Project Management & Agile Methodologies,0.01241529,0.3624750524885566,1.0,0.627,0.148742515746567,
365,1,0.704,develop product roadmaps,Hard,Create,['in-2f5b3f13e615982a'],0.1,0.0,Unknown,1.0,0.2000958025455474,Business Analysis & Requirements Engineering,0.057754487,0.36247393495838326,1.0,0.704,0.14874218048751497,
366,1,0.699,contribute to design system,Hard,Create,['in-d058a60328482955'],0.1,0.0,Unknown,1.0,0.2000684231519699,UX/UI & Digital Design,0.07424015,0.3624243371337385,1.0,0.699,0.14872730114012156,
367,1,0.707,design commercial projects,Hard,Create,['in-368b730dfbfb2c56'],0.1,0.0,Unknown,1.0,0.1999021172523498,UX/UI & Digital Design,0.0056171715,0.36212307367355984,1.0,0.707,0.14863692210206797,
368,1,0.623,execute engineering tasks,Hard,Create,['in-e26b52256be0f85c'],0.1,0.0,Unknown,1.0,0.1993774026632309,Business Analysis & Requirements Engineering,0.07047883,0.3611725521762151,1.0,0.623,0.1483517656528645,
369,2,0.6990000000000001,create documentation,Hard,Create,"['in-4249d42ce8b49e38', 'in-5a117bdee62644fa']",0.2,0.0,Unknown,1.0,0.1251581192016601,Advanced Communication & Collaboration,0.07450768,0.226724176029077,1.0,0.6990000000000001,0.1480172528087231,
370,1,0.679,design learning experiences,Hard,Create,['in-32372b2a70a2998c'],0.1,0.0,Unknown,1.0,0.1987605631351471,UX/UI & Digital Design,0.052951336,0.3600551461730006,1.0,0.679,0.1480165438519002,
371,1,0.699,run databases in Linux environment,Hard,Apply,['in-14734ee7aab2dff0'],0.1,0.0,Unknown,1.0,0.1986957192420959,Database & Systems Administration,0.2475359,0.35993768133479176,1.0,0.699,0.14798130440043755,
372,1,0.7,use communication and collaborative technologies,Soft,Unknown,['in-ebb58af1f32d768c'],0.1,0.0,Unknown,1.0,0.1986511826515198,Advanced Communication & Collaboration,0.18660551,0.3598570032144595,1.0,0.7,0.14795710096433784,
373,1,0.612,lead complex technical initiatives,Soft,Unknown,['in-30af647e83a32e8c'],0.1,0.0,Unknown,1.0,0.1983466386795044,Advanced Communication & Collaboration,0.13102776,0.35930532121763625,1.0,0.612,0.14779159636529088,
374,1,0.409,develop scalable distributed systems,Hard,Apply,['in-4e3bc9e1167b473b'],0.1,0.0,Unknown,1.0,0.1983373165130615,Blockchain & Distributed Systems,0.102793574,0.3592884340950184,1.0,0.409,0.14778653022850552,
375,1,0.661,motivate other team members,Soft,Unknown,['in-12e4e1edda8ca7ae'],0.1,0.0,Unknown,1.0,0.1982983127236366,Leadership & People Development,0.12949207,0.359217778654718,1.0,0.661,0.14776533359641542,
376,1,0.656,support growth of team,Soft,Unknown,['in-bc40d95a380aa266'],0.1,0.0,Unknown,1.0,0.1981543645262718,Leadership & People Development,0.04049298,0.35895701621560033,1.0,0.656,0.14768710486468012,
377,1,0.622,contribute technical expertise to tool development,Hard,Create,['in-ee0deef20dee727b'],0.1,0.0,Unknown,1.0,0.1977617740631103,Advanced Communication & Collaboration,0.16115704,0.3582458378290527,1.0,0.622,0.14747375134871582,
378,1,0.682,develop Business Intelligence solutions,Hard,Create,['in-17826d4303fc4d24'],0.1,0.0,Unknown,1.0,0.1976264715194702,Business Analysis & Requirements Engineering,0.055696726,0.3580007370084498,1.0,0.682,0.14740022110253495,
379,1,0.637,mentor students,Soft,Unknown,['in-487df2b1087d73fa'],0.1,0.0,Unknown,1.0,0.197515743970871,Leadership & People Development,0.10142034,0.3578001538390957,1.0,0.637,0.14734004615172872,
380,1,0.62,maintain automated test scripts,Hard,Create,['in-f156d49da1140e9c'],0.1,0.0,Unknown,1.0,0.1975125640630722,Quality Assurance & Testing,0.038469672,0.3577943934299418,1.0,0.62,0.14733831802898256,
381,1,0.668,architect a modern data platform,Hard,Create,['in-25943c33b8b06d57'],0.1,0.0,Unknown,1.0,0.1975059658288955,Database & Systems Administration,0.032913834,0.357782440715915,1.0,0.668,0.1473347322147745,
382,1,0.688,"research, design, and prototype the look and feel of digital products",Hard,Create,['in-6a0c6e81b38e7258'],0.1,0.0,Unknown,1.0,0.19734907746315,UX/UI & Digital Design,0.06476027,0.3574982371366419,1.0,0.688,0.14724947114099257,
383,1,0.707,design schematics,Hard,Create,['in-c795d5647c5b2fa6'],0.1,0.0,Unknown,1.0,0.1960691154003143,UX/UI & Digital Design,0.04666698,0.355179583373738,1.0,0.707,0.14655387501212142,
384,1,0.7,design data solutions,Hard,Create,['in-19253c0e90d0d4b7'],0.1,0.0,Unknown,1.0,0.1956411719322204,UX/UI & Digital Design,0.008257508,0.35440436295008904,1.0,0.7,0.1463213088850267,
385,1,0.66,"work closely with sales, service, and technical teams",Soft,Unknown,['in-1685751ab1e35ff9'],0.1,0.0,Unknown,1.0,0.1950241804122925,Advanced Communication & Collaboration,0.12917635,0.3532866816133538,1.0,0.66,0.14598600448400614,
386,1,0.622,contribute to integration testing,Hard,Evaluate,['in-8b3ede5765e5e1c9'],0.1,0.0,Unknown,1.0,0.1949201196432113,Quality Assurance & Testing,0.14306292,0.35309817532804544,1.0,0.622,0.14592945259841364,
387,1,0.706,build distributed systems,Hard,Create,['in-788288259e19ed8a'],0.1,0.0,Unknown,1.0,0.1948306858539581,Blockchain & Distributed Systems,0.065908045,0.35293616584510556,1.0,0.706,0.14588084975353166,
388,1,0.61,mentor other recruiters,Soft,Unknown,['in-4aab702ede0af613'],0.1,0.0,Unknown,1.0,0.1943014308810234,Leadership & People Development,0.1036998,0.3519774194336596,1.0,0.61,0.14559322583009787,
389,1,0.657,collaborate with a global team,Soft,Unknown,['in-b580b7c014d5ef12'],0.1,0.0,Unknown,1.0,0.1941795468330383,Advanced Communication & Collaboration,0.15450808,0.3517566262439986,1.0,0.657,0.1455269878731996,
390,1,0.672,drive cross-functional teams,Soft,Unknown,['in-17ecef6aa8580020'],0.1,0.0,Unknown,1.0,0.1933431386947632,Advanced Communication & Collaboration,0.13304198,0.3502414712769534,1.0,0.672,0.145072441383086,
391,1,0.709,create industrial processes,Hard,Create,['in-e26b52256be0f85c'],0.1,0.0,Unknown,1.0,0.1930802762508392,Process Automation & RPA,0.09696704,0.34976529544922597,1.0,0.709,0.1449295886347678,
392,1,0.593,focus on process reengineering,Hard,Create,['in-ac0e866a9f95bd35'],0.1,0.0,Unknown,1.0,0.1928496956825256,Process Automation & RPA,0.09070039,0.349347598301868,1.0,0.593,0.1448042794905604,
393,1,0.661,work collaboratively within a team,Soft,Unknown,['in-ed82d490e0401f2c'],0.1,0.0,Unknown,1.0,0.1928491830825806,Advanced Communication & Collaboration,0.16128576,0.349346669726072,1.0,0.661,0.14480400091782158,
394,1,0.659,work across design and production teams,Soft,Unknown,['in-530771fbfe728d26'],0.1,0.0,Unknown,1.0,0.1926035046577453,Advanced Communication & Collaboration,0.13455406,0.3489016227823004,1.0,0.659,0.14467048683469014,
395,1,0.675,design tools that support decision-making,Hard,Create,['in-4e8588b946d21212'],0.1,0.0,Unknown,1.0,0.1922411292791366,UX/UI & Digital Design,0.022158384,0.34824517908010716,1.0,0.675,0.14447355372403214,
396,1,0.59,make database management effortless,Hard,Apply,['in-0250e3c3a534c646'],0.1,0.0,Unknown,1.0,0.1922307610511779,Database & Systems Administration,0.11104059,0.34822639701502167,1.0,0.59,0.14446791910450651,
397,1,0.618,"ensure strong performance, collaboration, and accountability",Soft,Unknown,['in-a48e951226650184'],0.1,0.0,Unknown,1.0,0.1912543416023254,Leadership & People Development,0.0052587986,0.34645761128692076,1.0,0.618,0.14393728338607625,
398,1,0.662,coordinate with teams,Soft,Unknown,['in-9f929fe6c651de14'],0.1,0.0,Unknown,1.0,0.1909161239862442,Leadership & People Development,0.08697283,0.34584492941846784,1.0,0.662,0.14375347882554035,
399,1,0.619,allow developers to monitor databases,Hard,Create,['in-0250e3c3a534c646'],0.1,0.0,Unknown,1.0,0.1904801130294799,Database & Systems Administration,0.13612415,0.34505509472342294,1.0,0.619,0.1435165284170269,
400,1,0.703,manage training,Hard,Apply,['in-7e3654818d829d5e'],0.1,0.0,Unknown,1.0,0.1902066111564636,Leadership & People Development,0.025821805,0.3445596455492298,1.0,0.703,0.14336789366476893,
401,1,0.665,scope and build data products,Hard,Create,['in-02ef051e5141ce4b'],0.1,0.0,Unknown,1.0,0.1900007426738739,Business Analysis & Requirements Engineering,0.05812955,0.3441867143931591,1.0,0.665,0.14325601431794774,
402,1,0.713,configure industrial processes,Hard,Apply,['in-e26b52256be0f85c'],0.1,0.0,Unknown,1.0,0.189900130033493,Process Automation & RPA,0.13770315,0.34400445439968863,1.0,0.713,0.1432013363199066,
403,1,0.699,integrate the catalog with various data services,Hard,Create,['in-4bd1ca2b1bfdfa6d'],0.1,0.0,Unknown,1.0,0.1895328909158706,Database & Systems Administration,0.06904924,0.34333920002482526,1.0,0.699,0.14300176000744758,
404,1,0.707,design distributed systems,Hard,Create,['in-788288259e19ed8a'],0.1,0.0,Unknown,1.0,0.1895212680101394,Blockchain & Distributed Systems,0.11104867,0.34331814510851794,1.0,0.707,0.1429954435325554,
405,1,0.594,maintain Operations and Data Center checklists,Hard,Evaluate,['in-9f929fe6c651de14'],0.1,0.0,Unknown,1.0,0.1891402453184127,Database & Systems Administration,0.0255979,0.34262792176239265,1.0,0.594,0.1427883765287178,
406,1,0.712,develop performance analysis capability,Hard,Create,['in-c5d75e0c5b4f0888'],0.1,0.0,Unknown,1.0,0.1886899322271347,Business Analysis & Requirements Engineering,0.076298565,0.3418121787228971,1.0,0.712,0.14254365361686913,
407,1,0.67,"work cross-functionally with architecture, platform design, and engineering teams",Soft,Unknown,['in-acd852647e0ad998'],0.1,0.0,Unknown,1.0,0.1885614991188049,Advanced Communication & Collaboration,0.087197095,0.34157952189770135,1.0,0.67,0.14247385656931041,
408,1,0.664,collaborate with backend teams,Soft,Unknown,['in-6818c9f518bb5702'],0.1,0.0,Unknown,1.0,0.1884738445281982,Advanced Communication & Collaboration,0.10988912,0.34142073543656537,1.0,0.664,0.1424262206309696,
409,1,0.614,allow developers to spin up databases,Hard,Create,['in-0250e3c3a534c646'],0.1,0.0,Unknown,1.0,0.1881611347198486,Database & Systems Administration,0.12259427,0.3408542610113621,1.0,0.614,0.14225627830340865,
410,1,0.603,advance career in B2B software sales,Soft,Unknown,['in-29a1ec53620be6a8'],0.1,0.0,Unknown,1.0,0.1881463676691055,Business Analysis & Requirements Engineering,0.06774798,0.3408275104702589,1.0,0.603,0.14224825314107767,
411,1,0.625,ensure high-quality delivery through systematic testing,Hard,Evaluate,['in-8b3ede5765e5e1c9'],0.1,0.0,Unknown,1.0,0.1879376977682113,Quality Assurance & Testing,0.11594872,0.3404495045394884,1.0,0.625,0.14213485136184653,
412,1,0.709,design residential projects,Hard,Create,['in-368b730dfbfb2c56'],0.1,0.0,Unknown,1.0,0.1878188282251358,UX/UI & Digital Design,0.015711576,0.3402341721313262,1.0,0.709,0.14207025163939785,
413,1,0.623,establish automated mobile CI/CD pipelines,Hard,Create,['in-b96ed15875997926'],0.1,0.0,Unknown,1.0,0.1877584919333458,Quality Assurance & Testing,0.03236696,0.3401248728215571,1.0,0.623,0.14203746184646715,
414,1,0.695,build solutions for Data Catalog & Lineage,Hard,Create,['in-4bd1ca2b1bfdfa6d'],0.1,0.0,Unknown,1.0,0.1872951984405517,Database & Systems Administration,0.05688739,0.3392856157595032,1.0,0.695,0.14178568472785097,
415,1,0.705,perform analysis,Hard,Apply,['in-17ecef6aa8580020'],0.1,0.0,Unknown,1.0,0.1871967166662216,Business Analysis & Requirements Engineering,0.12827069,0.3391072158340226,1.0,0.705,0.14173216475020678,
416,1,0.709,create design documentation,Hard,Create,['in-92e57e0960d0c733'],0.1,0.0,Unknown,1.0,0.1871673405170441,UX/UI & Digital Design,0.0073048472,0.3390540008827301,1.0,0.709,0.14171620026481901,
417,1,0.644,work with geographically dispersed stakeholders,Soft,Unknown,['in-9be994077c46b7ef'],0.1,0.0,Unknown,1.0,0.1869488000869751,Advanced Communication & Collaboration,0.23729506,0.33865811446918787,1.0,0.644,0.14159743434075636,
418,1,0.663,collaborate with design teams,Soft,Unknown,['in-6818c9f518bb5702'],0.1,0.0,Unknown,1.0,0.1867028594017029,Advanced Communication & Collaboration,0.10893288,0.3382125924401254,1.0,0.663,0.1414637777320376,
419,1,0.662,work closely with development teams,Soft,Unknown,['in-9da8b8c6e52feb61'],0.1,0.0,Unknown,1.0,0.1865245819091797,Advanced Communication & Collaboration,0.0061348677,0.3378896424161503,1.0,0.662,0.1413668927248451,
420,1,0.707,create data processing capabilities,Hard,Create,['in-2b0d7561fe568605'],0.1,0.0,Unknown,1.0,0.1860100030899047,Database & Systems Administration,0.0144946575,0.33695748188556457,1.0,0.707,0.14108724456566937,
421,1,0.631,demonstrate technical expertise,Hard,Evaluate,['in-801e77fe9dd77c2d'],0.1,0.0,Unknown,1.0,0.1853669166564941,Advanced Communication & Collaboration,0.12235537,0.3357925295623711,1.0,0.631,0.14073775886871132,
422,1,0.686,build and enhance a modern data catalog and lineage platform,Hard,Create,['in-4bd1ca2b1bfdfa6d'],0.1,0.0,Unknown,1.0,0.1853002458810806,Database & Systems Administration,0.057533473,0.3356717553232145,1.0,0.686,0.14070152659696436,
423,1,0.612,lead regional development function,Soft,Unknown,['in-a48e951226650184'],0.1,0.0,Unknown,1.0,0.1847184509038925,Leadership & People Development,0.052487016,0.3346178325920149,1.0,0.612,0.14038534977760447,
424,1,0.617,collaborate with stakeholders,Soft,Unknown,['in-9da8b8c6e52feb61'],0.1,0.0,Unknown,1.0,0.1845438718795776,Advanced Communication & Collaboration,0.19612497,0.3343015823503827,1.0,0.617,0.1402904747051148,
425,1,0.616,execute test plans and procedures,Hard,Create,['in-f156d49da1140e9c'],0.1,0.0,Unknown,1.0,0.1842011913657188,Quality Assurance & Testing,0.11952156,0.33368081593393734,1.0,0.616,0.1401042447801812,
426,1,0.691,interface with cross-functional teams,Soft,Unknown,['in-92e57e0960d0c733'],0.1,0.0,Unknown,1.0,0.1841662883758545,Advanced Communication & Collaboration,0.099829555,0.3336175891000059,1.0,0.691,0.14008527673000176,
427,1,0.636,manage build jobs,Hard,Create,['in-3556957cea163733'],0.1,0.0,Unknown,1.0,0.1838375344872475,Project Management & Agile Methodologies,0.025501817,0.3330220507922539,1.0,0.636,0.13990661523767617,
428,1,0.597,analyse workflows,Hard,Apply,['in-2343dce8f94f0a1c'],0.1,0.0,Unknown,1.0,0.1838370561599731,Business Analysis & Requirements Engineering,0.053485096,0.33302118430146727,1.0,0.597,0.13990635529044018,
429,1,0.702,implement new projects,Hard,Apply,['in-3a40f4b75ecb8f1e'],0.1,0.0,Unknown,1.0,0.1837372690439224,Project Management & Agile Methodologies,0.033557475,0.3328404197469244,1.0,0.702,0.1398521259240773,
430,1,0.625,test interactive prototypes,Hard,Create,['in-d058a60328482955'],0.1,0.0,Unknown,1.0,0.1834851384162903,Quality Assurance & Testing,0.042237073,0.3323836846252542,1.0,0.625,0.13971510538757625,
431,1,0.612,communicate with technical leaders,Soft,Unknown,['in-a794eba7547094f4'],0.1,0.0,Unknown,1.0,0.1833927392959594,Advanced Communication & Collaboration,0.23117338,0.33221630343930747,1.0,0.612,0.13966489103179225,
432,1,0.66,collaborate in a distributed team,Soft,Unknown,['in-4680a02c6d0fe13f'],0.1,0.0,Unknown,1.0,0.183289361000061,Advanced Communication & Collaboration,0.1256966,0.3320290334554953,1.0,0.66,0.1396087100366486,
433,1,0.606,experience structural engineering,Hard,Create,['in-476230db996030ac'],0.1,0.0,Unknown,1.0,0.1830562651157379,Business Analysis & Requirements Engineering,0.037028015,0.33160677980830067,1.0,0.606,0.1394820339424902,
434,1,0.677,connect financial systems,Hard,Apply,['in-e1f6fb04d77bbcd3'],0.1,0.0,Unknown,1.0,0.1828738749027252,Blockchain & Distributed Systems,0.07878965,0.3312763795831707,1.0,0.677,0.13938291387495122,
435,1,0.636,work in partnership with stakeholders,Soft,Unknown,['in-37ed4cd194d9bd61'],0.1,0.0,Unknown,1.0,0.1828729748725891,Advanced Communication & Collaboration,0.17558041,0.33127474917683103,1.0,0.636,0.1393824247530493,
436,1,0.691,use CAD systems,Hard,Apply,['in-753a69a3294291c7'],0.1,0.0,Unknown,1.0,0.1828307002782822,UX/UI & Digital Design,0.096180394,0.33119816866713386,1.0,0.691,0.13935945060014016,
437,1,0.658,work closely with partner teams,Soft,Unknown,['in-366ed5fb266e1ee3'],0.1,0.0,Unknown,1.0,0.1827653050422668,Advanced Communication & Collaboration,0.10157952,0.3310797050700745,1.0,0.658,0.13932391152102236,
438,1,0.713,dive into API design,Hard,Create,['in-b96ed15875997926'],0.1,0.0,Unknown,1.0,0.1826903581619262,UX/UI & Digital Design,0.015290201,0.33094393865076777,1.0,0.713,0.13928318159523034,
439,1,0.656,"work with a team of SMEs, developers, and designers",Soft,Unknown,['in-6a0c6e81b38e7258'],0.1,0.0,Unknown,1.0,0.1826521635055542,Advanced Communication & Collaboration,0.09022039,0.3308747489565642,1.0,0.656,0.13926242468696926,
440,1,0.677,solve business challenges,Hard,Apply,['in-31a68bf771762bbc'],0.1,0.0,Unknown,1.0,0.182611659169197,Business Analysis & Requirements Engineering,0.06359279,0.33080137527258135,1.0,0.677,0.13924041258177441,
441,1,0.668,design moments that matter,Hard,Create,['in-5869692bb5b2b17a'],0.1,0.0,Unknown,1.0,0.1825838804244995,UX/UI & Digital Design,0.029972464,0.330751054022607,1.0,0.668,0.1392253162067821,
442,1,0.617,define requirements,Soft,Unknown,['in-9da8b8c6e52feb61'],0.1,0.0,Unknown,1.0,0.1821851134300232,Business Analysis & Requirements Engineering,0.16908932,0.330028686837586,1.0,0.617,0.1390086060512758,
443,1,0.667,collaborate with distributed team,Soft,Unknown,['in-4e3bc9e1167b473b'],0.1,0.0,Unknown,1.0,0.1818578958511352,Advanced Communication & Collaboration,0.122291386,0.329435931557874,1.0,0.667,0.13883077946736222,
444,1,0.66,collaborate in a team environment,Soft,Unknown,['in-14734ee7aab2dff0'],0.1,0.0,Unknown,1.0,0.1818511962890625,Advanced Communication & Collaboration,0.07437503,0.3294237952881667,1.0,0.66,0.13882713858645002,
445,1,0.637,improve user experience,Soft,Unknown,['in-f8b6585374a18460'],0.1,0.0,Unknown,1.0,0.1818257510662079,UX/UI & Digital Design,0.030632675,0.32937770121754323,1.0,0.637,0.13881331036526295,
446,1,0.657,collaborate with a team,Soft,Unknown,['in-e78abd8a232a690b'],0.1,0.0,Unknown,1.0,0.1815844297409057,Advanced Communication & Collaboration,0.07399005,0.32894054716803856,1.0,0.657,0.13868216415041157,
447,1,0.618,contribute to testing,Hard,Evaluate,['in-2343dce8f94f0a1c'],0.1,0.0,Unknown,1.0,0.1815774723887443,Quality Assurance & Testing,0.13964441,0.32892794391108493,1.0,0.618,0.13867838317332548,
448,1,0.655,"guide a team through designing and implementing websites, applications and mobile apps",Soft,Unknown,['in-9e8b8167a52cb05c'],0.1,0.0,Unknown,1.0,0.1815496683120727,Advanced Communication & Collaboration,0.090126336,0.3288775767721903,1.0,0.655,0.1386632730316571,
449,1,0.696,write case studies,Hard,Create,['in-62a6486e8ffb7e03'],0.1,0.0,Unknown,1.0,0.1811126321554184,Business Analysis & Requirements Engineering,0.040893465,0.3280858849255534,1.0,0.696,0.13842576547766602,
450,1,0.606,learn more about company operations,Soft,Unknown,['in-b717309a36d86a55'],0.1,0.0,Unknown,1.0,0.1807126998901367,Business Analysis & Requirements Engineering,0.0031376183,0.3273614068502051,1.0,0.606,0.13820842205506154,
451,1,0.675,innovate CI/CD pipelines,Hard,Create,['in-1291ef0e4f87819c'],0.1,0.0,Unknown,1.0,0.1806865572929382,Quality Assurance & Testing,0.021122515,0.32731404948460313,1.0,0.675,0.13819421484538094,
452,1,0.67,work across multi-disciplinary teams,Soft,Unknown,['in-45b09437e6f9d734'],0.1,0.0,Unknown,1.0,0.1806035995483398,Advanced Communication & Collaboration,0.0513947,0.3271637713691338,1.0,0.67,0.13814913141074014,
453,1,0.699,assess user projects,Hard,Evaluate,['in-ee0deef20dee727b'],0.1,0.0,Unknown,1.0,0.1803200542926788,Business Analysis & Requirements Engineering,9.3489885e-05,0.32665012858777254,1.0,0.699,0.13799503857633177,
454,1,0.714,develop technologies,Hard,Create,['in-23d80004b8615742'],0.1,0.0,Unknown,1.0,0.1803195714950561,Advanced Communication & Collaboration,0.05366689,0.32664925399894124,1.0,0.714,0.13799477619968237,
455,1,0.702,develop process models,Hard,Create,['in-92e57e0960d0c733'],0.1,0.0,Unknown,1.0,0.1799814105033874,Business Analysis & Requirements Engineering,0.03171891,0.3260366747057215,1.0,0.702,0.13781100241171645,
456,1,0.66,work collaboratively with a diverse team,Soft,Unknown,['in-3a40f4b75ecb8f1e'],0.1,0.0,Unknown,1.0,0.179612910747528,Advanced Communication & Collaboration,0.13611865,0.3253691366822432,1.0,0.66,0.13761074100467297,
457,1,0.622,"deploy, test, or troubleshoot autonomous systems in operational environments",Hard,Evaluate,['in-ce4ba705be083cdb'],0.1,0.0,Unknown,1.0,0.1791198790073395,Quality Assurance & Testing,0.009477675,0.3244760087272736,1.0,0.622,0.1373428026181821,
458,1,0.598,facilitate Agile ceremonies,Hard,Apply,['in-92e57e0960d0c733'],0.1,0.0,Unknown,1.0,0.1789792776107788,Advanced Communication & Collaboration,0.040784657,0.3242213090243131,1.0,0.598,0.13726639270729396,
459,1,0.664,collaborate with teams,Soft,Unknown,['in-c5d75e0c5b4f0888'],0.1,0.0,Unknown,1.0,0.1785225987434387,Advanced Communication & Collaboration,0.057356745,0.32339403436911673,1.0,0.664,0.13701821031073502,
460,1,0.645,participate in continuous improvement initiatives,Soft,Unknown,['in-21f3b05871873683'],0.1,0.0,Unknown,1.0,0.1778803870081901,Leadership & People Development,0.054870993,0.3222306665633427,1.0,0.645,0.1366691999690028,
461,1,0.7,test application code,Hard,Evaluate,['in-92e57e0960d0c733'],0.1,0.0,Unknown,1.0,0.1774868816137314,Quality Assurance & Testing,0.08576448,0.3215178307769732,1.0,0.7,0.13645534923309197,
462,1,0.711,design instrumentation and electrical facilities,Hard,Create,['in-b717309a36d86a55'],0.1,0.0,Unknown,1.0,0.1773479655385017,UX/UI & Digital Design,0.09880316,0.3212661840368772,1.0,0.711,0.13637985521106316,
463,1,0.629,demonstrate understanding of manufacturing services processes,Hard,Evaluate,['in-e26b52256be0f85c'],0.1,0.0,Unknown,1.0,0.1771271526813507,Process Automation & RPA,0.033198297,0.3208661811172622,1.0,0.629,0.13625985433517868,
464,1,0.699,apply expert insights to customer problems,Hard,Apply,['in-4680a02c6d0fe13f'],0.1,0.0,Unknown,1.0,0.1769470125436782,Business Analysis & Requirements Engineering,0.08096513,0.3205398569079813,1.0,0.699,0.1361619570723944,
465,1,0.616,focus on advanced modelling,Hard,Create,['in-7c927f240a50a9cc'],0.1,0.0,Unknown,1.0,0.1767489165067672,Business Analysis & Requirements Engineering,0.017269522,0.320181005552354,1.0,0.616,0.1360543016657062,
466,1,0.712,support course administration,Hard,Evaluate,['in-7c9ea1b5273ae869'],0.1,0.0,Unknown,1.0,0.1765052571892738,Leadership & People Development,0.029952735,0.31973961622545394,1.0,0.712,0.13592188486763618,
467,1,0.611,collaborate effectively across all levels,Soft,Unknown,['in-97191426cd97dd84'],0.1,0.0,Unknown,1.0,0.1764173984527588,Advanced Communication & Collaboration,0.08620769,0.31958045995360856,1.0,0.611,0.13587413798608255,
468,1,0.699,build solutions for Technical Data Quality (TDQ),Hard,Create,['in-4bd1ca2b1bfdfa6d'],0.1,0.0,Unknown,1.0,0.1760805428028106,Quality Assurance & Testing,0.046604097,0.31897024528945095,1.0,0.699,0.1356910735868353,
469,1,0.59,drive a rigorous interview process,Hard,Apply,['in-4aab702ede0af613'],0.1,0.0,Unknown,1.0,0.1759923100471496,Business Analysis & Requirements Engineering,0.15133089,0.3188104114811961,1.0,0.59,0.13564312344435883,
470,1,0.701,"ensure projects are delivered safely, efficiently, and in line with commercial objectives",Hard,Analyze,['in-a48e951226650184'],0.1,0.0,Unknown,1.0,0.175322675704956,Project Management & Agile Methodologies,0.022219181,0.31759736756967805,1.0,0.701,0.13527921027090342,
471,1,0.654,guide a team of developers,Soft,Unknown,['in-30af647e83a32e8c'],0.1,0.0,Unknown,1.0,0.175232458114624,Advanced Communication & Collaboration,0.068751216,0.31743393822956156,1.0,0.654,0.13523018146886848,
472,1,0.667,support Product Engineering teams,Soft,Unknown,['in-6953506b6f0d8ecb'],0.1,0.0,Unknown,1.0,0.1752164483070373,Advanced Communication & Collaboration,0.016306818,0.31740493643202233,1.0,0.667,0.1352214809296067,
473,1,0.611,"work with architects, engineers, owners, and stakeholders",Soft,Unknown,['in-97191426cd97dd84'],0.1,0.0,Unknown,1.0,0.1750002861022949,Advanced Communication & Collaboration,0.036479056,0.31701335817827847,1.0,0.611,0.13510400745348355,
474,1,0.648,influence high-level strategies,Soft,Unknown,['in-1021728769a1b1b3'],0.1,0.0,Unknown,1.0,0.1749598711729049,Leadership & People Development,0.03173259,0.31694014645519036,1.0,0.648,0.1350820439365571,
475,1,0.588,work at the intersection of advanced robotics and live field operations,Hard,Apply,['in-ce4ba705be083cdb'],0.1,0.0,Unknown,1.0,0.1748163700103759,Process Automation & RPA,0.04055482,0.316680193820546,1.0,0.588,0.1350040581461638,
476,1,0.683,maintain Business Intelligence solutions,Hard,Analyze,['in-17826d4303fc4d24'],0.1,0.0,Unknown,1.0,0.1745486259460449,Database & Systems Administration,0.020063102,0.3161951749279697,1.0,0.683,0.1348585524783909,
477,1,0.606,explain strategic goals to other engineers,Soft,Unknown,['in-b96ed15875997926'],0.1,0.0,Unknown,1.0,0.1743592619895935,Business Analysis & Requirements Engineering,0.006977439,0.3158521417530554,1.0,0.606,0.13475564252591665,
478,1,0.608,work in a professional environment with diverse stakeholders,Soft,Unknown,['in-ded3a3347d3bcae7'],0.1,0.0,Unknown,1.0,0.1743112802505493,Advanced Communication & Collaboration,0.13319397,0.31576522273958163,1.0,0.608,0.13472956682187448,
479,1,0.64,develop new business opportunities,Soft,Unknown,['in-54a14ff32d718ad0'],0.1,0.0,Unknown,1.0,0.1741515100002288,Business Analysis & Requirements Engineering,0.10572353,0.3154757986208035,1.0,0.64,0.13464273958624107,
480,1,0.712,develop dashboards for operations troubleshooting,Hard,Create,['in-b717309a36d86a55'],0.1,0.0,Unknown,1.0,0.1740278303623199,Business Analysis & Requirements Engineering,0.0024790168,0.3152517527165079,1.0,0.712,0.13457552581495236,
481,1,0.615,maintain internal management platform,Soft,Unknown,['in-120cae709fd91b6b'],0.1,0.0,Unknown,1.0,0.1740027815103531,Database & Systems Administration,0.10958615,0.3152063766725175,1.0,0.615,0.13456191300175524,
482,1,0.665,collaborate with internal teams,Soft,Unknown,['in-ee0deef20dee727b'],0.1,0.0,Unknown,1.0,0.1739640474319458,Advanced Communication & Collaboration,0.07171363,0.3151362098142493,1.0,0.665,0.1345408629442748,
483,1,0.608,work with solution architects,Soft,Unknown,['in-92e57e0960d0c733'],0.1,0.0,Unknown,1.0,0.1738734543323516,Business Analysis & Requirements Engineering,0.019194603,0.31497210023837496,1.0,0.608,0.1344916300715125,
484,1,0.623,deliver technologies and solutions,Hard,Analyze,['in-ffcc36a373d8599a'],0.1,0.0,Unknown,1.0,0.1738011002540588,Advanced Communication & Collaboration,0.111210674,0.31484103068501385,1.0,0.623,0.13445230920550416,
485,1,0.656,work closely with data teams,Soft,Unknown,['in-9da8b8c6e52feb61'],0.1,0.0,Unknown,1.0,0.1736175775527954,Advanced Communication & Collaboration,0.055128545,0.31450857895521805,1.0,0.656,0.13435257368656542,
486,1,0.633,lead research,Soft,Unknown,['in-487df2b1087d73fa'],0.1,0.0,Unknown,1.0,0.1735886096954345,Leadership & People Development,0.0452182,0.3144561036253444,1.0,0.633,0.1343368310876033,
487,1,0.705,navigate complex design obstacles,Hard,Create,['in-753a69a3294291c7'],0.1,0.0,Unknown,1.0,0.1735271915793419,UX/UI & Digital Design,0.029602349,0.31434484458874995,1.0,0.705,0.13430345337662497,
488,1,0.625,turn complex infrastructure requirements into simple interfaces,Hard,Analyze,['in-0250e3c3a534c646'],0.1,0.0,Unknown,1.0,0.1735220938920975,UX/UI & Digital Design,0.0028625429,0.31433561011840544,1.0,0.625,0.13430068303552162,
489,1,0.61,solve business problems,Soft,Unknown,['in-0203fddefc4a7b12'],0.1,0.0,Unknown,1.0,0.1733587980270385,Business Analysis & Requirements Engineering,0.003731817,0.31403979934168064,1.0,0.61,0.13421193980250418,
490,1,0.605,manage large CAD databases,Soft,Unknown,['in-17ecef6aa8580020'],0.1,0.0,Unknown,1.0,0.1728890538215637,Database & Systems Administration,0.071457446,0.3131888568010764,1.0,0.605,0.13395665704032292,
491,1,0.61,work across disciplines,Soft,Unknown,['in-193d18c2574de4de'],0.1,0.0,Unknown,1.0,0.1727072596549987,Advanced Communication & Collaboration,0.08512437,0.31285953631524416,1.0,0.61,0.13385786089457324,
492,1,0.707,design mechanisms,Hard,Create,['in-17ecef6aa8580020'],0.1,0.0,Unknown,1.0,0.1721929252147674,UX/UI & Digital Design,0.05006352,0.3119278184777707,1.0,0.707,0.1335783455433312,
493,1,0.596,support business planning process,Hard,Create,['in-a77e7fdadad1bd31'],0.1,0.0,Unknown,1.0,0.1721621602773666,Business Analysis & Requirements Engineering,0.12226543,0.3118720877339142,1.0,0.596,0.13356162632017426,
494,1,0.677,manage modern endpoint management solutions,Hard,Apply,['in-fb45f01ebbc2a223'],0.1,0.0,Unknown,1.0,0.1721529960632324,Database & Systems Administration,0.024921387,0.3118554867422104,1.0,0.677,0.13355664602266315,
495,1,0.636,drive success of developer experience program,Soft,Unknown,['in-1291ef0e4f87819c'],0.1,0.0,Unknown,1.0,0.1721294224262237,Business Analysis & Requirements Engineering,0.04950279,0.311812783052982,1.0,0.636,0.1335438349158946,
496,1,0.616,explain mobile-specific constraints to designers,Soft,Unknown,['in-b96ed15875997926'],0.1,0.0,Unknown,1.0,0.1720584839582443,UX/UI & Digital Design,0.0642315,0.3116842778804531,1.0,0.616,0.13350528336413592,
497,1,0.694,build data stores,Hard,Create,['in-788288259e19ed8a'],0.1,0.0,Unknown,1.0,0.1717686951160431,Database & Systems Administration,0.046215415,0.31115932482994724,1.0,0.694,0.13334779744898417,
498,1,0.605,work with fellow engineers,Soft,Unknown,['in-b580b7c014d5ef12'],0.1,0.0,Unknown,1.0,0.1711860090494156,UX/UI & Digital Design,0.014843047,0.3101037878884974,1.0,0.605,0.13303113636654923,
499,1,0.702,perform technical work,Hard,Apply,['in-e26b52256be0f85c'],0.1,0.0,Unknown,1.0,0.1710612297058105,Advanced Communication & Collaboration,0.119836956,0.30987774986519717,1.0,0.702,0.13296332495955915,
500,1,0.641,provision and manage data resources,Hard,Apply,['in-0250e3c3a534c646'],0.1,0.0,Unknown,1.0,0.1706742942333221,Database & Systems Administration,0.016018212,0.3091768155052376,1.0,0.641,0.13275304465157128,
501,1,0.636,present directly to senior leadership,Soft,Unknown,['in-1021728769a1b1b3'],0.1,0.0,Unknown,1.0,0.1705050006508827,Leadership & People Development,0.08968356,0.3088701398518288,1.0,0.636,0.13266104195554865,
502,1,0.611,collaborate closely with designers and strategists,Soft,Unknown,['in-b96ed15875997926'],0.1,0.0,Unknown,1.0,0.1703816890716553,Advanced Communication & Collaboration,0.113262236,0.30864676068654967,1.0,0.611,0.1325940282059649,
503,1,0.679,maintain activity tracking databases,Hard,Analyze,['in-67e6b59a925f7a89'],0.1,0.0,Unknown,1.0,0.1702752411365509,Database & Systems Administration,0.07709813,0.3084539300453537,1.0,0.679,0.13253617901360612,
504,1,0.664,collaborate with product teams,Soft,Unknown,['in-6818c9f518bb5702'],0.1,0.0,Unknown,1.0,0.1702203512191772,Advanced Communication & Collaboration,0.08302009,0.30835449685341826,1.0,0.664,0.13250634905602549,
505,1,0.699,design audio systems,Hard,Create,['in-5673cefe021ebc42'],0.1,0.0,Unknown,1.0,0.169752936065197,UX/UI & Digital Design,0.053669274,0.3075077733941202,1.0,0.699,0.13225233201823605,
506,1,0.704,develop hardware systems,Hard,Create,['in-c795d5647c5b2fa6'],0.1,0.0,Unknown,1.0,0.1696485072374344,UX/UI & Digital Design,0.020413637,0.30731860036979564,1.0,0.704,0.13219558011093868,
507,1,0.697,develop data models,Hard,Create,['in-92e57e0960d0c733'],0.1,0.0,Unknown,1.0,0.1695105135440826,Business Analysis & Requirements Engineering,0.02125284,0.307068624526263,1.0,0.697,0.1321205873578789,
508,1,0.621,participate in building software,Hard,Create,['in-6953506b6f0d8ecb'],0.1,0.0,Unknown,1.0,0.169343638420105,Advanced Communication & Collaboration,0.06270763,0.3067663299150551,1.0,0.621,0.13202989897451653,
509,1,0.571,assist with planning office-wide processes,Hard,Create,['in-ded3a3347d3bcae7'],0.1,0.0,Unknown,1.0,0.1691884994506836,Process Automation & RPA,0.020513296,0.30648529537062097,1.0,0.571,0.1319455886111863,
510,1,0.609,contribute to wider objectives,Soft,Unknown,['in-7e3654818d829d5e'],0.1,0.0,Unknown,1.0,0.169117659330368,Leadership & People Development,0.0074884295,0.30635696835507614,1.0,0.609,0.13190709050652283,
511,1,0.715,create personalized experiences,Hard,Create,['in-4ede713a5581ba77'],0.1,0.0,Unknown,1.0,0.1689921021461486,UX/UI & Digital Design,0.055034846,0.30612952127199233,1.0,0.715,0.1318388563815977,
512,1,0.664,collaborate with diverse teams,Soft,Unknown,['in-c58b6cbd0462f519'],0.1,0.0,Unknown,1.0,0.1689258456230163,Advanced Communication & Collaboration,0.061337322,0.3060094974516478,1.0,0.664,0.13180284923549435,
513,1,0.641,communicate corrective actions to leadership,Soft,Unknown,['in-a77e7fdadad1bd31'],0.1,0.0,Unknown,1.0,0.1685556024312973,Leadership & People Development,0.022747874,0.30533880119072354,1.0,0.641,0.13160164035721705,
514,1,0.675,script PowerShell for automation,Hard,Apply,['in-fb45f01ebbc2a223'],0.1,0.0,Unknown,1.0,0.1682741343975067,Process Automation & RPA,0.14652386,0.30482892130081507,1.0,0.675,0.13144867639024455,
515,1,0.672,translate complex behavioral data into clear stories,Hard,Understand,['in-4e8588b946d21212'],0.1,0.0,Unknown,1.0,0.1677834093570709,Business Analysis & Requirements Engineering,0.02625376,0.30393997193692773,1.0,0.672,0.13118199158107832,
516,1,0.705,"support the tooling, pipelines, frameworks, and other technologies",Hard,Evaluate,['in-3a40f4b75ecb8f1e'],0.1,0.0,Unknown,1.0,0.1675470352172851,Advanced Communication & Collaboration,0.0023395717,0.30351177972359505,1.0,0.705,0.13105353391707852,
517,1,0.658,liaise with clinic team members,Soft,Unknown,['in-67e6b59a925f7a89'],0.1,0.0,Unknown,1.0,0.1675467029213905,Leadership & People Development,0.012275249,0.3035111777689366,1.0,0.658,0.13105335333068097,
518,1,0.616,provide technical mentorship,Soft,Unknown,['in-366ed5fb266e1ee3'],0.1,0.0,Unknown,1.0,0.1675463914871215,Advanced Communication & Collaboration,0.15075332,0.30351061360515336,1.0,0.616,0.131053184081546,
519,1,0.597,provide hands-on expertise,Hard,Apply,['in-9ae984f1f5d1226c'],0.1,0.0,Unknown,1.0,0.1673228144645691,Advanced Communication & Collaboration,0.08906442,0.30310560339454484,1.0,0.597,0.13093168101836344,
520,1,0.66,collaborate with team and offer feedback,Soft,Unknown,['in-ebb58af1f32d768c'],0.1,0.0,Unknown,1.0,0.1671175479888916,Advanced Communication & Collaboration,0.15762293,0.30273376277516495,1.0,0.66,0.1308201288325495,
521,1,0.697,build systems for B2B businesses,Hard,Create,['in-655d9866cfe91a28'],0.1,0.0,Unknown,1.0,0.1669351011514663,Business Analysis & Requirements Engineering,0.054086328,0.30240325997480155,1.0,0.697,0.13072097799244048,
522,1,0.606,work with partners to gather requirements,Soft,Unknown,['in-acd852647e0ad998'],0.1,0.0,Unknown,1.0,0.1669252753257751,Advanced Communication & Collaboration,0.008991569,0.3023854604724772,1.0,0.606,0.13071563814174317,
523,1,0.611,drive business decisions,Soft,Unknown,['in-fbb699e18d37f468'],0.1,0.0,Unknown,1.0,0.1666510105133056,Business Analysis & Requirements Engineering,0.13175249,0.30188862923198273,1.0,0.611,0.13056658876959482,
524,1,0.622,understand tools involved in frontend development,Hard,Create,['in-431768e5d2264d2d'],0.1,0.0,Unknown,1.0,0.1664929151535034,Advanced Communication & Collaboration,0.0005763471,0.30160223918063156,1.0,0.622,0.13048067175418948,
525,1,0.672,translate business use cases into scalable platform services,Hard,Apply,['in-8d007d54a6e9b3b3'],0.1,0.0,Unknown,1.0,0.1661975383758545,Business Analysis & Requirements Engineering,0.0024681985,0.3010671635742087,1.0,0.672,0.13032014907226264,
526,1,0.569,work with high-volume data environments,Hard,Apply,['in-8d007d54a6e9b3b3'],0.1,0.0,Unknown,1.0,0.1661041527986526,Database & Systems Administration,0.016172558,0.3008979954197242,1.0,0.569,0.13026939862591724,
527,1,0.665,build QA platform,Hard,Create,['in-bae7da04393e2cef'],0.1,0.0,Unknown,1.0,0.1660170525312423,Quality Assurance & Testing,0.06655982,0.30074021311613514,1.0,0.665,0.13022206393484054,
528,1,0.706,manage stakeholder communication,Soft,Unknown,['in-e4187db23d86d9a0'],0.1,0.0,Unknown,1.0,0.1659673929214477,Advanced Communication & Collaboration,0.12905514,0.3006502546365381,1.0,0.706,0.13019507639096145,
529,1,0.67,develop and operate across regions,Hard,Create,['in-54a14ff32d718ad0'],0.1,0.0,Unknown,1.0,0.1653156995773315,Advanced Communication & Collaboration,0.119956434,0.2994697108778842,1.0,0.67,0.12984091326336528,
530,1,0.659,seek feedback from senior team members,Soft,Unknown,['in-ebb58af1f32d768c'],0.1,0.0,Unknown,1.0,0.1652745604515075,Leadership & People Development,0.037026733,0.29939518727154935,1.0,0.659,0.12981855618146482,
531,1,0.705,"deliver developments that meet commercial, technical, and design excellence",Hard,Create,['in-a48e951226650184'],0.1,0.0,Unknown,1.0,0.1652670383453369,Advanced Communication & Collaboration,0.07520792,0.29938156096161106,1.0,0.705,0.1298144682884833,
532,1,0.682,administer program procedures,Hard,Create,['in-67e6b59a925f7a89'],0.1,0.0,Unknown,1.0,0.16521717607975,Database & Systems Administration,0.021648169,0.2992912353706526,1.0,0.682,0.12978737061119577,
533,1,0.675,build enterprise data capability,Hard,Create,['in-25943c33b8b06d57'],0.1,0.0,Unknown,1.0,0.1649947166442871,Business Analysis & Requirements Engineering,0.00746423,0.29888824967122746,1.0,0.675,0.12966647490136823,
534,1,0.61,partner closely with Engineering and Information Security peers,Soft,Unknown,['in-3a40f4b75ecb8f1e'],0.1,0.0,Unknown,1.0,0.1647987842559814,Advanced Communication & Collaboration,0.05568397,0.2985333177692512,1.0,0.61,0.12955999533077536,
535,1,0.658,work closely with product teams,Soft,Unknown,['in-105cf9739214f450'],0.1,0.0,Unknown,1.0,0.1647028684616089,Advanced Communication & Collaboration,0.08267516,0.29835956612144765,1.0,0.658,0.1295078698364343,
536,1,0.593,deliver advanced full life cycle professional and technical solutions,Hard,Apply,['in-ffcc36a373d8599a'],0.1,0.0,Unknown,1.0,0.164665412902832,Advanced Communication & Collaboration,0.04116249,0.29829171530397314,1.0,0.593,0.12948751459119195,
537,1,0.641,implement critical data architecture solutions,Hard,Create,['in-4bd1ca2b1bfdfa6d'],0.1,0.0,Unknown,1.0,0.1644973456859588,Database & Systems Administration,0.020627737,0.2979872612141695,1.0,0.641,0.12939617836425088,
538,1,0.713,create technical documentation,Hard,Create,['in-92e57e0960d0c733'],0.1,0.0,Unknown,1.0,0.1643144130706787,Advanced Communication & Collaboration,0.079384625,0.29765587842627866,1.0,0.713,0.1292967635278836,
539,1,0.575,meet production requirements,Hard,Apply,['in-0a7b6c95f2d71548'],0.1,0.0,Unknown,1.0,0.1639448553323745,Business Analysis & Requirements Engineering,0.014823288,0.29698642386554663,1.0,0.575,0.129095927159664,
540,1,0.661,work on features that span multi-functional teams,Soft,Unknown,['in-12e4e1edda8ca7ae'],0.1,0.0,Unknown,1.0,0.1636517167091369,Advanced Communication & Collaboration,0.0791654,0.29645540268018705,1.0,0.661,0.1289366208040561,
541,1,0.654,work on a team aiming to improve user experience,Soft,Unknown,['in-6a0c6e81b38e7258'],0.1,0.0,Unknown,1.0,0.1632702589035034,Advanced Communication & Collaboration,0.032219738,0.2957643911243745,1.0,0.654,0.12872931733731235,
542,1,0.661,work with engineering teams,Soft,Unknown,['in-219553aa7e342a4a'],0.1,0.0,Unknown,1.0,0.162935197353363,Advanced Communication & Collaboration,0.030949622,0.29515742647550336,1.0,0.661,0.128547227942651,
543,1,0.67,empower non-technical teams,Soft,Unknown,['in-8d9ae454713adb22'],0.1,0.0,Unknown,1.0,0.1628194332122803,Advanced Communication & Collaboration,0.12778264,0.2949477195090827,1.0,0.67,0.12848431585272482,
544,1,0.561,scale a modern data platform,Hard,Apply,['in-25943c33b8b06d57'],0.1,0.0,Unknown,1.0,0.1626594066619873,Database & Systems Administration,0.024483442,0.29465783110240656,1.0,0.561,0.12839734933072197,
545,1,0.624,weave together various technologies,Hard,Analyze,['in-12e4e1edda8ca7ae'],0.1,0.0,Unknown,1.0,0.1625038623809814,Advanced Communication & Collaboration,0.05599451,0.29437606233524993,1.0,0.624,0.12831281870057498,
546,1,0.649,collaborate cross-functionally,Soft,Unknown,['in-1021728769a1b1b3'],0.1,0.0,Unknown,1.0,0.1624985933303833,Advanced Communication & Collaboration,0.060679555,0.29436651743985737,1.0,0.649,0.1283099552319572,
547,1,0.661,business partner with teams,Soft,Unknown,['in-cc977b538c3a4a86'],0.1,0.0,Unknown,1.0,0.1622377514839172,Advanced Communication & Collaboration,0.0714463,0.2938940019283495,1.0,0.661,0.12816820057850487,
548,1,0.641,identify new business opportunities,Soft,Unknown,['in-54a14ff32d718ad0'],0.1,0.0,Unknown,1.0,0.1620651483535766,Business Analysis & Requirements Engineering,0.05973777,0.29358133102248957,1.0,0.641,0.12807439930674686,
549,1,0.594,package applications for Intune,Hard,Evaluate,['in-fb45f01ebbc2a223'],0.1,0.0,Unknown,1.0,0.1618009209632873,Database & Systems Administration,0.043911815,0.29310268259177025,1.0,0.594,0.12793080477753108,
550,1,0.701,assess candidates on specific deal mechanics,Hard,Evaluate,['in-4aab702ede0af613'],0.1,0.0,Unknown,1.0,0.1608703434467315,Business Analysis & Requirements Engineering,0.05498022,0.29141693961306386,1.0,0.701,0.12742508188391916,
551,1,0.657,work with product teams,Soft,Unknown,['in-219553aa7e342a4a'],0.1,0.0,Unknown,1.0,0.1605939149856567,Advanced Communication & Collaboration,0.063281655,0.2909161889189184,1.0,0.657,0.1272748566756755,
552,1,0.664,communicate clearly and effectively with team members,Soft,Unknown,['in-a0c45f0fdfea2762'],0.1,0.0,Unknown,1.0,0.1604684591293335,Advanced Communication & Collaboration,0.103803456,0.29068892539151536,1.0,0.664,0.12720667761745463,
553,1,0.666,coordinate with internal teams and external stakeholders,Soft,Unknown,['in-ded3a3347d3bcae7'],0.1,0.0,Unknown,1.0,0.1594940423965454,Advanced Communication & Collaboration,0.07170874,0.288923767587455,1.0,0.666,0.1266771302762365,
554,1,0.612,execute business strategy,Soft,Unknown,['in-10c22ca2ab379104'],0.1,0.0,Unknown,1.0,0.1594600528478622,Business Analysis & Requirements Engineering,0.08946845,0.2888621954539973,1.0,0.612,0.12665865863619918,
555,1,0.598,provide technical direction,Hard,Apply,['in-92e57e0960d0c733'],0.1,0.0,Unknown,1.0,0.159294581413269,Advanced Communication & Collaboration,0.113233745,0.28856244362883565,1.0,0.598,0.1265687330886507,
556,1,0.707,integrate hardware systems,Hard,Create,['in-c795d5647c5b2fa6'],0.1,0.0,Unknown,1.0,0.1590130925178527,Database & Systems Administration,0.06547636,0.2880525259480517,1.0,0.707,0.1264157577844155,
557,1,0.606,work closely with other developers,Soft,Unknown,['in-73b5ece9f9ecc3a9'],0.1,0.0,Unknown,1.0,0.1588182806968689,Advanced Communication & Collaboration,0.04535964,0.28769962395595555,1.0,0.606,0.12630988718678665,
558,1,0.716,support administrative functions,Hard,Evaluate,['in-ded3a3347d3bcae7'],0.1,0.0,Unknown,1.0,0.1586821675300598,Database & Systems Administration,0.0062545836,0.2874530546899075,1.0,0.716,0.12623591640697224,
559,1,0.67,program CNC machines,Hard,Create,['in-2c3357aa80d35805'],0.1,0.0,Unknown,1.0,0.1586279869079589,Process Automation & RPA,0.033258796,0.2873549063877364,1.0,0.67,0.12620647191632095,
560,1,0.65,support enterprise property management systems,Hard,Evaluate,['in-e1f6fb04d77bbcd3'],0.1,0.0,Unknown,1.0,0.1583530604839325,Database & Systems Administration,0.034397542,0.28685687663662157,1.0,0.65,0.12605706299098646,
561,1,0.679,work closely with architecture teams,Soft,Unknown,['in-9da8b8c6e52feb61'],0.1,0.0,Unknown,1.0,0.1582738161087036,Advanced Communication & Collaboration,0.050824165,0.2867133252969777,1.0,0.679,0.12601399758909332,
562,1,0.633,organize work and processes,Soft,Unknown,['in-35e03ae1caff1780'],0.1,0.0,Unknown,1.0,0.1582075953483581,Database & Systems Administration,0.05062616,0.28659336626099086,1.0,0.633,0.12597800987829727,
563,1,0.659,interact with other teams,Soft,Unknown,['in-c5d75e0c5b4f0888'],0.1,0.0,Unknown,1.0,0.1580434083938598,Advanced Communication & Collaboration,0.086649835,0.28629594127401603,1.0,0.659,0.1258887823822048,
564,1,0.61,guide engineers,Soft,Unknown,['in-45b09437e6f9d734'],0.1,0.0,Unknown,1.0,0.1579590320587158,Advanced Communication & Collaboration,0.032765806,0.28614309337901805,1.0,0.61,0.12584292801370542,
565,1,0.607,build career in technical management,Soft,Unknown,['in-bc40d95a380aa266'],0.1,0.0,Unknown,1.0,0.1579122424125671,Advanced Communication & Collaboration,0.005805582,0.2860583338441399,1.0,0.607,0.125817500153242,
566,1,0.61,collaborate with product managers and engineers,Soft,Unknown,['in-d058a60328482955'],0.1,0.0,Unknown,1.0,0.1575375318527221,Advanced Communication & Collaboration,0.07973704,0.28537954493717843,1.0,0.61,0.12561386348115355,
567,1,0.616,participate in inter-agency workgroups,Soft,Unknown,['in-92e57e0960d0c733'],0.1,0.0,Unknown,1.0,0.1574243545532226,Advanced Communication & Collaboration,0.07320076,0.2851745240393102,1.0,0.616,0.1255523572117931,
568,1,0.671,execute design and production effort,Hard,Create,['in-989af9a20b8f9ee7'],0.1,0.0,Unknown,1.0,0.1572103798389434,Business Analysis & Requirements Engineering,0.026372492,0.28478690842878923,1.0,0.671,0.12543607252863676,
569,1,0.705,support government customers in engineering design,Hard,Create,['in-ffcc36a373d8599a'],0.1,0.0,Unknown,1.0,0.1571397185325622,Business Analysis & Requirements Engineering,0.0358783,0.28465890533503385,1.0,0.705,0.12539767160051016,
570,1,0.706,construct platform and sub-systems,Hard,Create,['in-b580b7c014d5ef12'],0.1,0.0,Unknown,1.0,0.1567661464214325,Blockchain & Distributed Systems,0.008405626,0.2839821787301313,1.0,0.706,0.12519465361903942,
571,1,0.607,lead project meetings,Soft,Unknown,['in-92e57e0960d0c733'],0.1,0.0,Unknown,1.0,0.156470263004303,Advanced Communication & Collaboration,0.0108096,0.28344618534530536,1.0,0.607,0.1250338556035916,
572,1,0.682,support strategic initiatives,Hard,Evaluate,['in-6c717e860c5e6516'],0.1,0.0,Unknown,1.0,0.1564045548439026,Advanced Communication & Collaboration,0.05726868,0.28332715488511473,1.0,0.682,0.12499814646553442,
573,1,0.7,build solutions for Data Retention and Destruction,Hard,Create,['in-4bd1ca2b1bfdfa6d'],0.1,0.0,Unknown,1.0,0.1563763320446014,Database & Systems Administration,0.026209235,0.28327602922936335,1.0,0.7,0.124982808768809,
574,1,0.71,analyze frameworks,Hard,Analyze,['in-23d80004b8615742'],0.1,0.0,Unknown,1.0,0.1562052965164184,Business Analysis & Requirements Engineering,0.0019727647,0.2829661980378566,1.0,0.71,0.12488985941135698,
575,1,0.636,collaborate deeply with data partners,Soft,Unknown,['in-4e8588b946d21212'],0.1,0.0,Unknown,1.0,0.156138277053833,Advanced Communication & Collaboration,0.05994144,0.28284479215121094,1.0,0.636,0.12485343764536329,
576,1,0.644,propose data architecture approaches,Hard,Create,['in-4bd1ca2b1bfdfa6d'],0.1,0.0,Unknown,1.0,0.1558150053024292,Database & Systems Administration,0.0043326616,0.2822591847456505,1.0,0.644,0.12467775542369515,
577,1,0.623,lead implementation of integration projects,Hard,Apply,['in-73b5ece9f9ecc3a9'],0.1,0.0,Unknown,1.0,0.1555561304092407,Advanced Communication & Collaboration,0.064854175,0.2817902323738255,1.0,0.623,0.12453706971214766,
578,1,0.607,strive to advance technology,Soft,Unknown,['in-f156d49da1140e9c'],0.1,0.0,Unknown,1.0,0.1552090764045715,Advanced Communication & Collaboration,0.047278017,0.2811615433702824,1.0,0.607,0.12434846301108472,
579,1,0.663,collaborate with engineering team on scaling,Soft,Unknown,['in-ebb58af1f32d768c'],0.1,0.0,Unknown,1.0,0.1550472736358642,Advanced Communication & Collaboration,0.11333257,0.28086843734049877,1.0,0.663,0.12426053120214964,
580,1,0.703,perform system analysis,Hard,Apply,['in-92e57e0960d0c733'],0.1,0.0,Unknown,1.0,0.1546074450016021,Business Analysis & Requirements Engineering,0.05364257,0.2800716869152515,1.0,0.703,0.12402150607457546,
581,1,0.706,implement data collection,Hard,Apply,['in-16914020afc5dd69'],0.1,0.0,Unknown,1.0,0.1545576453208923,Database & Systems Administration,0.0034433901,0.27998147469691953,1.0,0.706,0.12399444240907587,
582,1,0.623,provide detailed analysis,Hard,Understand,['in-2343dce8f94f0a1c'],0.1,0.0,Unknown,1.0,0.1541588306427002,Business Analysis & Requirements Engineering,0.081912965,0.2792590211327547,1.0,0.623,0.12377770633982642,
583,1,0.663,complete projects with a team-first approach,Soft,Unknown,['in-ebb58af1f32d768c'],0.1,0.0,Unknown,1.0,0.1539981365203857,Advanced Communication & Collaboration,0.0701825,0.2789679234180649,1.0,0.663,0.12369037702541948,
584,1,0.619,participate in user story development,Hard,Create,['in-92e57e0960d0c733'],0.1,0.0,Unknown,1.0,0.1537091255187988,Advanced Communication & Collaboration,0.02085042,0.27844437942734274,1.0,0.619,0.12353331382820283,
585,1,0.611,solve complex customer challenges,Soft,Unknown,['in-16914020afc5dd69'],0.1,0.0,Unknown,1.0,0.153630256652832,Business Analysis & Requirements Engineering,0.013790488,0.27830150832345646,1.0,0.611,0.12349045249703694,
586,1,0.697,build tools to enable developers,Hard,Create,['in-c5d75e0c5b4f0888'],0.1,0.0,Unknown,1.0,0.1536276578903198,Advanced Communication & Collaboration,0.017109632,0.27829680066011797,1.0,0.697,0.1234890401980354,
587,1,0.607,organize tasks and processes,Soft,Unknown,['in-ded3a3347d3bcae7'],0.1,0.0,Unknown,1.0,0.153451532125473,Database & Systems Administration,0.059893698,0.277977748495008,1.0,0.607,0.12339332454850241,
588,1,0.611,engage with stakeholders,Soft,Unknown,['in-4bd1ca2b1bfdfa6d'],0.1,0.0,Unknown,1.0,0.1533673763275146,Advanced Communication & Collaboration,0.14381912,0.2778253001035501,1.0,0.611,0.12334759003106503,
589,1,0.648,plan environments,Hard,Create,['in-9da8b8c6e52feb61'],0.1,0.0,Unknown,1.0,0.1533007472753524,Business Analysis & Requirements Engineering,0.0035825968,0.27770460144614434,1.0,0.648,0.1233113804338433,
590,1,0.665,provide expert full-stack support to software engineering teams,Soft,Unknown,['in-3a40f4b75ecb8f1e'],0.1,0.0,Unknown,1.0,0.153231406211853,Advanced Communication & Collaboration,0.069195986,0.2775789899749337,1.0,0.665,0.12327369699248011,
591,1,0.677,develop Java applications,Hard,Create,['in-f4e53c2111bd6d2b'],0.1,0.0,Unknown,1.0,0.1531442701816558,Business Analysis & Requirements Engineering,0.004524052,0.2774211428869867,1.0,0.677,0.12322634286609602,
592,1,0.701,enhance performance of data solutions,Hard,Create,['in-da1eee9312990cd0'],0.1,0.0,Unknown,1.0,0.1530848145484924,Database & Systems Administration,0.011720121,0.2773134388920302,1.0,0.701,0.12319403166760906,
593,1,0.637,collaborate with UX researchers,Soft,Unknown,['in-5869692bb5b2b17a'],0.1,0.0,Unknown,1.0,0.1528353452682495,Advanced Communication & Collaboration,0.034876227,0.2768615248063247,1.0,0.637,0.12305845744189742,
594,1,0.716,apply core skills across deployment platforms,Hard,Apply,['in-b486754d4fef47b1'],0.1,0.0,Unknown,1.0,0.1523982048034668,Advanced Communication & Collaboration,0.06941205,0.27606964400531064,1.0,0.716,0.1228208932015932,
595,1,0.66,ensure cohesive delivery across the team,Soft,Unknown,['in-97191426cd97dd84'],0.1,0.0,Unknown,1.0,0.1522849082946777,Advanced Communication & Collaboration,0.12575999,0.27586440715958277,1.0,0.66,0.12275932214787484,
596,1,0.591,adhere to industry standards,Hard,Apply,['in-e26b52256be0f85c'],0.1,0.0,Unknown,1.0,0.1522667706012725,Business Analysis & Requirements Engineering,0.03379643,0.27583155069275034,1.0,0.591,0.1227494652078251,
597,1,0.614,focus on applied research,Hard,Remember,['in-7c927f240a50a9cc'],0.1,0.0,Unknown,1.0,0.1521163582801818,Business Analysis & Requirements Engineering,0.022058785,0.27555907848094785,1.0,0.614,0.12266772354428436,
598,1,0.628,translate insights into practical recommendations,Hard,Evaluate,['in-a794eba7547094f4'],0.1,0.0,Unknown,1.0,0.1519374847412109,Business Analysis & Requirements Engineering,0.02125907,0.27523504871767507,1.0,0.628,0.12257051461530252,
599,1,0.573,deliver complex initiatives,Hard,Apply,['in-37ed4cd194d9bd61'],0.1,0.0,Unknown,1.0,0.1518062472343445,Advanced Communication & Collaboration,0.08607194,0.27499731171908326,1.0,0.573,0.12249919351572498,
600,1,0.676,maintain interfaces between clinical and enterprise systems,Hard,Analyze,['in-4b8bdcf374513e65'],0.1,0.0,Unknown,1.0,0.1517817080020904,Database & Systems Administration,0.012681574,0.27495285885219234,1.0,0.676,0.12248585765565771,
601,1,0.611,codify deep database expertise,Hard,Apply,['in-0250e3c3a534c646'],0.1,0.0,Unknown,1.0,0.1516808122396469,Database & Systems Administration,0.03682384,0.2747700859825556,1.0,0.611,0.12243102579476668,
602,1,0.706,build technology products,Hard,Create,['in-9f2148688a920fb2'],0.1,0.0,Unknown,1.0,0.1516520500183105,Advanced Communication & Collaboration,0.03204742,0.27471798316273965,1.0,0.706,0.1224153949488219,
603,1,0.604,implement monitoring,Hard,Analyze,['in-21f3b05871873683'],0.1,0.0,Unknown,1.0,0.1516490578651428,Database & Systems Administration,0.08160299,0.27471256287146467,1.0,0.604,0.12241376886143941,
604,1,0.645,engage stakeholders,Soft,Unknown,['in-30cac704112e9e05'],0.1,0.0,Unknown,1.0,0.1515425205230713,Advanced Communication & Collaboration,0.13334535,0.2745195702693741,1.0,0.645,0.12235587108081224,
605,1,0.637,work closely with business stakeholders,Soft,Unknown,['in-105cf9739214f450'],0.1,0.0,Unknown,1.0,0.1514475345611572,Advanced Communication & Collaboration,0.06511369,0.274347503014875,1.0,0.637,0.1223042509044625,
606,1,0.676,build event-driven data platforms,Hard,Create,['in-e1f6fb04d77bbcd3'],0.1,0.0,Unknown,1.0,0.1512773334980011,Database & Systems Administration,0.02492708,0.2740391834583853,1.0,0.676,0.1222117550375156,
607,1,0.603,serve as subject matter expert,Soft,Unknown,['in-19253c0e90d0d4b7'],0.1,0.0,Unknown,1.0,0.151237204670906,Business Analysis & Requirements Engineering,0.033783466,0.2739664900101601,1.0,0.603,0.12218994700304804,
608,1,0.648,transition to business-as-usual operations,Soft,Unknown,['in-30cac704112e9e05'],0.1,0.0,Unknown,1.0,0.151089608669281,Business Analysis & Requirements Engineering,0.011666685,0.2736991195665399,1.0,0.648,0.12210973586996197,
609,1,0.613,"oversee progression of multiple developments from acquisition through planning, design development, and construction",Soft,Unknown,['in-a48e951226650184'],0.1,0.0,Unknown,1.0,0.1510452508926391,Advanced Communication & Collaboration,0.027111888,0.2736187653679968,1.0,0.613,0.12208562961039904,
610,1,0.607,work closely with software engineers,Soft,Unknown,['in-2b0d7561fe568605'],0.1,0.0,Unknown,1.0,0.1507463812828064,Advanced Communication & Collaboration,0.018230617,0.2730773624892889,1.0,0.607,0.12192320874678667,
611,1,0.706,facilitate communication,Soft,Unknown,['in-17ecef6aa8580020'],0.1,0.0,Unknown,1.0,0.150705337524414,Advanced Communication & Collaboration,0.16392559,0.2730030116412415,1.0,0.706,0.12190090349237247,
612,1,0.617,manage stakeholders,Soft,Unknown,['in-5a117bdee62644fa'],0.1,0.0,Unknown,1.0,0.1505393981933593,Advanced Communication & Collaboration,0.01427269,0.27270241222073105,1.0,0.617,0.12181072366621933,
613,1,0.632,lead solution-architecture initiatives,Hard,Create,['in-018a8a6c4578b687'],0.1,0.0,Unknown,1.0,0.1503049373626709,Advanced Communication & Collaboration,0.0043854713,0.2722776859705445,1.0,0.632,0.12168330579116336,
614,1,0.707,build experiences,Hard,Create,['in-23d80004b8615742'],0.1,0.0,Unknown,1.0,0.1502821207046508,Advanced Communication & Collaboration,0.0022688508,0.27223635355022424,1.0,0.707,0.12167090606506728,
615,1,0.695,design and lead projects,Hard,Create,['in-bc0aa6df2d805b7b'],0.1,0.0,Unknown,1.0,0.1497975468635559,Advanced Communication & Collaboration,0.03644821,0.2713585470958905,1.0,0.695,0.12140756412876716,
616,1,0.57,deliver complex projects,Hard,Apply,['in-6c187121691e9a94'],0.1,0.0,Unknown,1.0,0.1493770837783813,Advanced Communication & Collaboration,0.0026640594,0.2705968774004291,1.0,0.57,0.12117906322012874,
617,1,0.607,partner with the Lead Information Architect,Soft,Unknown,['in-4bd1ca2b1bfdfa6d'],0.1,0.0,Unknown,1.0,0.1487672328948974,Advanced Communication & Collaboration,0.029880106,0.26949213134048144,1.0,0.607,0.12084763940214444,
618,1,0.607,advise on technology support,Soft,Unknown,['in-b2a73f3ed5db96fc'],0.1,0.0,Unknown,1.0,0.1480798959732055,Advanced Communication & Collaboration,0.04938808,0.2682470191718185,1.0,0.607,0.12047410575154555,
619,3,0.6243333333333333,work independently,Soft,Unknown,"['in-368b730dfbfb2c56', 'in-487df2b1087d73fa', 'in-ed82d490e0401f2c']",0.3,0.0,Unknown,1.0,0.0,Resilience & Adaptability,0.09355742,0.0,1.0,0.6243333333333333,0.12,
620,1,0.61,advance careers,Soft,Unknown,['in-753a69a3294291c7'],0.1,0.0,Unknown,1.0,0.1466600894927978,Advanced Communication & Collaboration,0.07365155,0.26567503697486233,1.0,0.61,0.1197025110924587,
621,1,0.679,support research activities,Hard,Evaluate,['in-67e6b59a925f7a89'],0.1,0.0,Unknown,1.0,0.1459844350814819,Advanced Communication & Collaboration,0.06055072,0.2644510876964365,1.0,0.679,0.11933532630893096,
622,1,0.625,deliver technology products,Hard,Analyze,['in-9f2148688a920fb2'],0.1,0.0,Unknown,1.0,0.1459793329238891,Advanced Communication & Collaboration,0.037122607,0.2644418451280472,1.0,0.625,0.11933255353841417,
623,1,0.611,mentor junior developers,Soft,Unknown,['in-73b5ece9f9ecc3a9'],0.1,0.0,Unknown,1.0,0.1458958625793457,Advanced Communication & Collaboration,0.017808676,0.2642906384367819,1.0,0.611,0.11928719153103458,
624,1,0.572,gain hands-on industrial experience,Hard,Apply,['in-530771fbfe728d26'],0.1,0.0,Unknown,1.0,0.1457443594932556,Advanced Communication & Collaboration,0.027880281,0.26401619030206447,1.0,0.572,0.11920485709061934,
625,1,0.627,deliver complex development programmes,Hard,Create,['in-a48e951226650184'],0.1,0.0,Unknown,1.0,0.1457307815551758,Advanced Communication & Collaboration,0.0064867437,0.2639915938408604,1.0,0.627,0.11919747815225813,
626,1,0.63,lead the join experience,Soft,Unknown,['in-2335dacd2512b6a9'],0.1,0.0,Unknown,1.0,0.1451648712158203,Advanced Communication & Collaboration,0.014036059,0.2629664461619473,1.0,0.63,0.11888993384858419,
627,1,0.608,work closely with other technologists,Soft,Unknown,['in-2b0d7561fe568605'],0.1,0.0,Unknown,1.0,0.1449484825134277,Advanced Communication & Collaboration,0.07073271,0.2625744576072702,1.0,0.608,0.11877233728218108,
628,1,0.623,combine portfolio with partner technologies,Hard,Analyze,['in-1685751ab1e35ff9'],0.1,0.0,Unknown,1.0,0.1448835611343384,Advanced Communication & Collaboration,0.13194346,0.2624568524029528,1.0,0.623,0.11873705572088585,
629,1,0.706,provide technical support,Hard,Evaluate,['in-92e57e0960d0c733'],0.1,0.0,Unknown,1.0,0.1440697193145752,Advanced Communication & Collaboration,0.036939085,0.2609825763657226,1.0,0.706,0.11829477290971678,
630,1,0.61,collaborate in a fast-moving environment,Soft,Unknown,['in-0250e3c3a534c646'],0.1,0.0,Unknown,1.0,0.1435549139976501,Advanced Communication & Collaboration,0.041305244,0.2600500055342037,1.0,0.61,0.11801500166026112,
631,1,0.604,lead design efforts,Soft,Unknown,['in-17ecef6aa8580020'],0.1,0.0,Unknown,1.0,0.1428815603256225,Advanced Communication & Collaboration,0.05471638,0.2588302240494673,1.0,0.604,0.1176490672148402,
632,1,0.676,develop interfaces between clinical and enterprise systems,Hard,Create,['in-4b8bdcf374513e65'],0.1,0.0,Unknown,1.0,0.1426885843276977,Advanced Communication & Collaboration,0.017404556,0.25848064765440826,1.0,0.676,0.11754419429632249,
633,1,0.61,work cross functionally,Soft,Unknown,['in-23d80004b8615742'],0.1,0.0,Unknown,1.0,0.1426316022872925,Advanced Communication & Collaboration,0.09008688,0.2583774245775377,1.0,0.61,0.11751322737326132,
634,1,0.704,"develop internal tooling, modules, and libraries",Hard,Create,['in-3a40f4b75ecb8f1e'],0.1,0.0,Unknown,1.0,0.1421275377273559,Advanced Communication & Collaboration,0.017635405,0.25746431064816533,1.0,0.704,0.1172392931944496,
635,1,0.601,work across a diverse modern stack,Soft,Unknown,['in-443f3ba3c65aa81b'],0.1,0.0,Unknown,1.0,0.1420257806777954,Advanced Communication & Collaboration,0.05552602,0.25727997755524323,1.0,0.601,0.11718399326657297,
636,1,0.621,embed expertise into product development,Hard,Create,['in-0e980950f025d235'],0.1,0.0,Unknown,1.0,0.1416014909744263,Advanced Communication & Collaboration,0.010002375,0.25651137593349,1.0,0.621,0.116953412780047,
637,1,0.63,strengthen engineering delivery practices,Hard,Create,['in-a2a8769491dd2881'],0.1,0.0,Unknown,1.0,0.1415148258209228,Advanced Communication & Collaboration,0.037086964,0.25635438183958825,1.0,0.63,0.11690631455187649,
638,1,0.569,assist with creation of local inform/awareness materials,Hard,Apply,['in-189e4607c218da31'],0.1,0.0,Unknown,1.0,0.1409833669662475,Advanced Communication & Collaboration,0.10049415,0.2553916430920886,1.0,0.569,0.11661749292762659,
639,1,0.61,lead product engineering efforts,Soft,Unknown,['in-17ecef6aa8580020'],0.1,0.0,Unknown,1.0,0.140907621383667,Advanced Communication & Collaboration,0.0025455356,0.255254429822123,1.0,0.61,0.1165763289466369,
640,1,0.615,thrive in fast-paced collaborative environment,Soft,Unknown,['in-d058a60328482955'],0.1,0.0,Unknown,1.0,0.1408812522888183,Advanced Communication & Collaboration,0.03795755,0.25520666215558774,1.0,0.615,0.11656199864667632,
641,1,0.643,align stakeholders,Soft,Unknown,['in-30cac704112e9e05'],0.1,0.0,Unknown,1.0,0.1407391548156738,Advanced Communication & Collaboration,0.11767855,0.25494925230698984,1.0,0.643,0.11648477569209696,
642,1,0.609,bridge business and technology,Soft,Unknown,['in-bc0aa6df2d805b7b'],0.1,0.0,Unknown,1.0,0.1403711557388305,Advanced Communication & Collaboration,0.07769483,0.2542826212645216,1.0,0.609,0.11628478637935649,
643,1,0.631,contribute specialist expertise,Hard,Remember,['in-97191426cd97dd84'],0.1,0.0,Unknown,1.0,0.1397560000419616,Advanced Communication & Collaboration,0.12440249,0.25316826552482347,1.0,0.631,0.11595047965744705,
644,1,0.601,work and live in operational areas,Soft,Unknown,['in-b717309a36d86a55'],0.1,0.0,Unknown,1.0,0.139529275894165,Advanced Communication & Collaboration,0.022563457,0.25275755429072244,1.0,0.601,0.11582726628721673,
645,1,0.572,hire skilled professionals,Hard,Apply,['in-184610fda3276dcc'],0.1,0.0,Unknown,1.0,0.1389989137649536,Advanced Communication & Collaboration,0.061042547,0.2517968022635309,1.0,0.572,0.11553904067905928,
646,1,0.686,support strategic decision-making,Hard,Evaluate,['in-1021728769a1b1b3'],0.1,0.0,Unknown,1.0,0.1379673838615417,Advanced Communication & Collaboration,0.07653162,0.2499281838399543,1.0,0.686,0.11497845515198629,
647,1,0.607,drive successful delivery of a portfolio of developments,Hard,Create,['in-a48e951226650184'],0.1,0.0,Unknown,1.0,0.1379466295242309,Advanced Communication & Collaboration,0.062213838,0.24989058731760452,1.0,0.607,0.11496717619528136,
648,1,0.569,direct projects,Hard,Apply,['in-4aae1652e7ec2129'],0.1,0.0,Unknown,1.0,0.1378585577011108,Advanced Communication & Collaboration,0.040679723,0.2497310450389601,1.0,0.569,0.11491931351168803,
649,1,0.572,experience energy projects,Hard,Apply,['in-476230db996030ac'],0.1,0.0,Unknown,1.0,0.1378236532211303,Advanced Communication & Collaboration,0.023270607,0.24966781550568026,1.0,0.572,0.11490034465170408,
650,1,0.702,lead design and delivery of integration architectures,Hard,Create,['in-3a25de1e948c9510'],0.1,0.0,Unknown,1.0,0.136778461933136,Advanced Communication & Collaboration,0.018277436,0.2477744494573981,1.0,0.702,0.11433233483721944,
651,1,0.612,communicate clearly and effectively with management,Soft,Unknown,['in-a0c45f0fdfea2762'],0.1,0.0,Unknown,1.0,0.1363475561141967,Advanced Communication & Collaboration,0.09391022,0.2469938627294389,1.0,0.612,0.11409815881883167,
652,1,0.702,enhance logistics and integrated value,Hard,Create,['in-b717309a36d86a55'],0.1,0.0,Unknown,1.0,0.1355915427207946,Advanced Communication & Collaboration,0.087528914,0.24562434299888225,1.0,0.702,0.11368730289966468,
653,1,0.633,serve as liaison for building management,Soft,Unknown,['in-7c6b469bd3c32c83'],0.1,0.0,Unknown,1.0,0.1354834079742431,Advanced Communication & Collaboration,0.02824542,0.24542845669547353,1.0,0.633,0.11362853700864206,
654,1,0.623,work across multiple programming languages,Hard,Create,['in-431768e5d2264d2d'],0.1,0.0,Unknown,1.0,0.1351150274276733,Advanced Communication & Collaboration,0.06880647,0.24476113461985488,1.0,0.623,0.11342834038595646,
655,1,0.716,design enterprise-grade networks,Hard,Create,['in-2f5b3f13e615982a'],0.1,0.0,Unknown,1.0,0.1346243381500244,Advanced Communication & Collaboration,0.02229017,0.2438722500403255,1.0,0.716,0.11316167501209766,
656,1,0.64,participate in C-suite discussions,Soft,Unknown,['in-871bae54762204ea'],0.1,0.0,Unknown,1.0,0.1344055294990539,Advanced Communication & Collaboration,0.060180575,0.2434758777440993,1.0,0.64,0.1130427633232298,
657,1,0.707,produce technical drawings,Hard,Create,['in-d7d35694d4becf69'],0.1,0.0,Unknown,1.0,0.1340750694274902,Advanced Communication & Collaboration,0.0009983182,0.24287724868260732,1.0,0.707,0.11286317460478221,
658,1,0.61,develop knowledge and experience,Soft,Unknown,['in-1685751ab1e35ff9'],0.1,0.0,Unknown,1.0,0.1339152336120605,Advanced Communication & Collaboration,0.0035200417,0.2425877057925065,1.0,0.61,0.11277631173775195,
659,1,0.707,design corporate production network,Hard,Create,['in-ebb58af1f32d768c'],0.1,0.0,Unknown,1.0,0.1338135361671447,Advanced Communication & Collaboration,0.070528924,0.24240348067351403,1.0,0.707,0.11272104420205421,
660,1,0.613,drive high-impact projects,Soft,Unknown,['in-c537f69349c9b14d'],0.1,0.0,Unknown,1.0,0.1337053060531616,Advanced Communication & Collaboration,0.0414975,0.24220742161181774,1.0,0.613,0.11266222648354533,
661,1,0.632,liaise with research staff,Soft,Unknown,['in-67e6b59a925f7a89'],0.1,0.0,Unknown,1.0,0.1335954546928406,Advanced Communication & Collaboration,0.05552146,0.24200842565923134,1.0,0.632,0.1126025276977694,
662,1,0.699,partner with communications committee,Soft,Unknown,['in-189e4607c218da31'],0.1,0.0,Unknown,1.0,0.1335587978363037,Advanced Communication & Collaboration,0.15983224,0.24194202169241597,1.0,0.699,0.1125826065077248,
663,1,0.623,enable enterprise adoption of technologies,Hard,Analyze,['in-4680a02c6d0fe13f'],0.1,0.0,Unknown,1.0,0.1334696531295776,Advanced Communication & Collaboration,0.046226382,0.24178053588303539,1.0,0.623,0.11253416076491062,
664,1,0.649,manage cross-functional delivery,Soft,Unknown,['in-2335dacd2512b6a9'],0.1,0.0,Unknown,1.0,0.1330976486206054,Advanced Communication & Collaboration,0.104571626,0.24110664899248596,1.0,0.649,0.1123319946977458,
665,1,0.61,collaborate with Product Owners,Soft,Unknown,['in-2f5b3f13e615982a'],0.1,0.0,Unknown,1.0,0.1328403711318969,Advanced Communication & Collaboration,0.05289051,0.24064059032197907,1.0,0.61,0.11219217709659372,
666,1,0.614,"oversee management of architects, consultants, and professional partners",Soft,Unknown,['in-a48e951226650184'],0.1,0.0,Unknown,1.0,0.1327969551086426,Advanced Communication & Collaboration,0.018873632,0.24056194211152673,1.0,0.614,0.11216858263345802,
667,1,0.603,contribute to the growth and success of a consulting practice,Soft,Unknown,['in-bc0aa6df2d805b7b'],0.1,0.0,Unknown,1.0,0.1319284915924072,Advanced Communication & Collaboration,0.0630694,0.23898871876504507,1.0,0.603,0.11169661562951352,
668,1,0.606,work closely with engineers,Soft,Unknown,['in-d7d35694d4becf69'],0.1,0.0,Unknown,1.0,0.1317553281784057,Advanced Communication & Collaboration,0.030034661,0.2386750329042452,1.0,0.606,0.11160250987127356,
669,1,0.627,turn research-grade ideas into production-ready solutions,Hard,Evaluate,['in-7c927f240a50a9cc'],0.1,0.0,Unknown,1.0,0.1313473701477051,Advanced Communication & Collaboration,0.040851533,0.237936016139252,1.0,0.627,0.11138080484177561,
670,1,0.636,organize design and production effort,Soft,Unknown,['in-989af9a20b8f9ee7'],0.1,0.0,Unknown,1.0,0.1310402870178222,Advanced Communication & Collaboration,0.023685634,0.23737973445301996,1.0,0.636,0.11121392033590599,
671,1,0.633,create value for developers,Soft,Unknown,['in-f8b6585374a18460'],0.1,0.0,Unknown,1.0,0.130896246433258,Advanced Communication & Collaboration,0.0053818524,0.23711880465431115,1.0,0.633,0.11113564139629335,
672,1,0.624,"balance commercial performance, thoughtful design, and community impact",Hard,Create,['in-a48e951226650184'],0.1,0.0,Unknown,1.0,0.1305123329162597,Advanced Communication & Collaboration,0.06762099,0.23642334457259148,1.0,0.624,0.11092700337177745,
673,1,0.645,attract skilled professionals,Soft,Unknown,['in-184610fda3276dcc'],0.1,0.0,Unknown,1.0,0.1300280451774597,Advanced Communication & Collaboration,0.01834625,0.23554605639312068,1.0,0.645,0.11066381691793621,
674,1,0.619,conduct technical peer reviews,Hard,Evaluate,['in-2f5b3f13e615982a'],0.1,0.0,Unknown,1.0,0.1298140525817871,Advanced Communication & Collaboration,0.11140287,0.23515840839042085,1.0,0.619,0.11054752251712625,
675,1,0.663,liaise with Business Development team,Soft,Unknown,['in-0fcfe59aff7d7b19'],0.1,0.0,Unknown,1.0,0.1298020005226135,Advanced Communication & Collaboration,0.0023377836,0.2351365760618191,1.0,0.663,0.11054097281854573,
676,1,0.617,influence technical direction,Soft,Unknown,['in-e402c63ea3c27129'],0.1,0.0,Unknown,1.0,0.1298015594482422,Advanced Communication & Collaboration,0.101059124,0.2351357770547388,1.0,0.617,0.11054073311642164,
677,1,0.593,assist with office coordination,Hard,Apply,['in-ded3a3347d3bcae7'],0.1,0.0,Unknown,1.0,0.1297312259674072,Advanced Communication & Collaboration,0.051570475,0.23500836781759707,1.0,0.593,0.11050251034527912,
678,1,0.603,work with partners,Soft,Unknown,['in-9378455c1bb091a1'],0.1,0.0,Unknown,1.0,0.1288439989089966,Advanced Communication & Collaboration,0.118474126,0.2334011542780205,1.0,0.603,0.11002034628340615,
679,1,0.694,demonstrate clear written and oral communications,Soft,Unknown,['in-ebb58af1f32d768c'],0.1,0.0,Unknown,1.0,0.1287916898727417,Advanced Communication & Collaboration,0.11691916,0.23330639635724465,1.0,0.694,0.1099919189071734,
680,1,0.712,develop integration solutions,Hard,Create,['in-73b5ece9f9ecc3a9'],0.1,0.0,Unknown,1.0,0.1285329937934875,Advanced Communication & Collaboration,0.035626203,0.23283776790720895,1.0,0.712,0.10985133037216269,
681,1,0.61,demonstrate the product to stakeholders,Soft,Unknown,['in-2343dce8f94f0a1c'],0.1,0.0,Unknown,1.0,0.1275824308395385,Advanced Communication & Collaboration,0.10095346,0.2311158212698469,1.0,0.61,0.10933474638095407,
682,1,0.702,provide technical support to customers,Hard,Evaluate,['in-284b7cf30eb81914'],0.1,0.0,Unknown,1.0,0.1275080919265747,Advanced Communication & Collaboration,0.0065312386,0.23098115618462411,1.0,0.702,0.10929434685538723,
683,1,0.606,work closely with senior engineers,Soft,Unknown,['in-8169c429e2a25414'],0.1,0.0,Unknown,1.0,0.1263455033302307,Advanced Communication & Collaboration,0.06753224,0.22887512468424506,1.0,0.606,0.10866253740527353,
684,1,0.62,assist with deployments,Hard,Apply,['in-8169c429e2a25414'],0.1,0.0,Unknown,1.0,0.1262689352035522,Advanced Communication & Collaboration,0.0026461184,0.2287364213740483,1.0,0.62,0.10862092641221449,
685,1,0.627,implement corporate production network,Hard,Evaluate,['in-ebb58af1f32d768c'],0.1,0.0,Unknown,1.0,0.1262145161628723,Advanced Communication & Collaboration,0.058697075,0.22863784117615826,1.0,0.627,0.10859135235284749,
686,1,0.612,help advisors transform operations,Soft,Unknown,['in-f156d49da1140e9c'],0.1,0.0,Unknown,1.0,0.12569100856781,Advanced Communication & Collaboration,0.048808873,0.22768950615089134,1.0,0.612,0.10830685184526741,
687,1,0.617,"contribute to the development of RFCs, standards, and frameworks",Hard,Create,['in-3a40f4b75ecb8f1e'],0.1,0.0,Unknown,1.0,0.1253021478652954,Advanced Communication & Collaboration,0.0144559145,0.22698508423299998,1.0,0.617,0.1080955252699,
688,1,0.615,provide strategic direction,Soft,Unknown,['in-9ae984f1f5d1226c'],0.1,0.0,Unknown,1.0,0.124866771697998,Advanced Communication & Collaboration,0.03444761,0.2261963994603073,1.0,0.615,0.1078589198380922,
689,1,0.679,troubleshoot interfaces between clinical and enterprise systems,Hard,Apply,['in-4b8bdcf374513e65'],0.1,0.0,Unknown,1.0,0.1248619794845581,Advanced Communication & Collaboration,0.0034534931,0.226187718356353,1.0,0.679,0.10785631550690591,
690,1,0.622,lead product development,Hard,Create,['in-427c59728dce7b1c'],0.1,0.0,Unknown,1.0,0.1245537757873535,Advanced Communication & Collaboration,0.059491456,0.2256294067602412,1.0,0.622,0.10768882202807237,
691,1,0.607,interact with vendors,Soft,Unknown,['in-9da8b8c6e52feb61'],0.1,0.0,Unknown,1.0,0.1245453357696533,Advanced Communication & Collaboration,0.005073786,0.22561411765178424,1.0,0.607,0.10768423529553528,
692,1,0.667,build and maintain effective working relationships,Soft,Unknown,['in-63be0cc7d27e5935'],0.1,0.0,Unknown,1.0,0.1243530750274658,Advanced Communication & Collaboration,0.02618429,0.22526583694388252,1.0,0.667,0.10757975108316477,
693,1,0.631,lead project work streams,Soft,Unknown,['in-cc977b538c3a4a86'],0.1,0.0,Unknown,1.0,0.1238012075424194,Advanced Communication & Collaboration,0.0057706833,0.22426612792282585,1.0,0.631,0.10727983837684776,
694,1,0.603,contribute innovative solutions,Hard,Apply,['in-c795d5647c5b2fa6'],0.1,0.0,Unknown,1.0,0.1237427711486816,Advanced Communication & Collaboration,0.06065795,0.22416027028206853,1.0,0.603,0.10724808108462057,
695,1,0.686,create operational documentation,Hard,Create,['in-fb45f01ebbc2a223'],0.1,0.0,Unknown,1.0,0.1236381530761718,Advanced Communication & Collaboration,0.022303969,0.2239707544405168,1.0,0.686,0.10719122633215505,
696,1,0.61,oversee development of contracts,Soft,Unknown,['in-7c6b469bd3c32c83'],0.1,0.0,Unknown,1.0,0.123634672164917,Advanced Communication & Collaboration,0.03438431,0.22396444876301774,1.0,0.61,0.10718933462890533,
697,1,0.613,participate across many different activities,Soft,Unknown,['in-19253c0e90d0d4b7'],0.1,0.0,Unknown,1.0,0.1234957814216613,Advanced Communication & Collaboration,0.027766556,0.22371284791184182,1.0,0.613,0.10711385437355254,
698,1,0.709,support course coordination,Hard,Evaluate,['in-7c9ea1b5273ae869'],0.1,0.0,Unknown,1.0,0.1234886169433593,Advanced Communication & Collaboration,0.011545241,0.22369986944548215,1.0,0.709,0.10710996083364464,
699,1,0.674,support clients,Hard,Evaluate,['in-e78abd8a232a690b'],0.1,0.0,Unknown,1.0,0.1233847141265869,Advanced Communication & Collaboration,0.067759275,0.22351164929108797,1.0,0.674,0.1070534947873264,
700,1,0.611,ensure effective project delivery,Soft,Unknown,['in-9da8b8c6e52feb61'],0.1,0.0,Unknown,1.0,0.1233650684356689,Advanced Communication & Collaboration,0.0046304166,0.22347606108383206,1.0,0.611,0.10704281832514963,
701,1,0.611,deliver decision support,Soft,Unknown,['in-da1eee9312990cd0'],0.1,0.0,Unknown,1.0,0.1233512759208679,Advanced Communication & Collaboration,0.09669775,0.22345107591648078,1.0,0.611,0.10703532277494424,
702,1,0.709,enhance technology products,Hard,Create,['in-9f2148688a920fb2'],0.1,0.0,Unknown,1.0,0.1233380556106567,Advanced Communication & Collaboration,0.03987524,0.2234271272988553,1.0,0.709,0.10702813818965659,
703,1,0.612,"collaborate closely with co-founders, Geologist and Lead Metallurgist",Soft,Unknown,['in-0fcfe59aff7d7b19'],0.1,0.0,Unknown,1.0,0.1233336448669433,Advanced Communication & Collaboration,0.09086469,0.22341913722805148,1.0,0.612,0.10702574116841546,
704,1,0.658,travel for team meetings,Soft,Unknown,['in-4e3bc9e1167b473b'],0.1,0.0,Unknown,1.0,0.1224469900131225,Advanced Communication & Collaboration,0.0059432983,0.22181296023820074,1.0,0.658,0.10654388807146023,
705,1,0.632,identify improvement opportunities,Hard,Create,['in-4bd1ca2b1bfdfa6d'],0.1,0.0,Unknown,1.0,0.1219568490982055,Advanced Communication & Collaboration,0.0028765798,0.22092506901882533,1.0,0.632,0.10627752070564761,
706,1,0.598,provide technical oversight,Hard,Apply,['in-92e57e0960d0c733'],0.1,0.0,Unknown,1.0,0.1217125296592712,Advanced Communication & Collaboration,0.019665807,0.22048248388065295,1.0,0.598,0.10614474516419589,
707,1,0.707,provide production support,Hard,Evaluate,['in-73b5ece9f9ecc3a9'],0.1,0.0,Unknown,1.0,0.1211841106414794,Advanced Communication & Collaboration,0.044665754,0.21952525180357205,1.0,0.707,0.10585757554107161,
708,1,0.666,support teammates through design reviews,Soft,Unknown,['in-366ed5fb266e1ee3'],0.1,0.0,Unknown,1.0,0.1207480311393737,Advanced Communication & Collaboration,0.12150738,0.21873529293850807,1.0,0.666,0.10562058788155243,
709,1,0.658,liaise with allied health care team members,Soft,Unknown,['in-67e6b59a925f7a89'],0.1,0.0,Unknown,1.0,0.1206993818283081,Advanced Communication & Collaboration,0.030231118,0.21864716461702094,1.0,0.658,0.10559414938510629,
710,1,0.71,optimize technical solutions,Hard,Evaluate,['in-4ede713a5581ba77'],0.1,0.0,Unknown,1.0,0.1204306125640869,Advanced Communication & Collaboration,0.006288469,0.21816028857285227,1.0,0.71,0.10544808657185568,
711,1,0.706,develop scalable software,Hard,Create,['in-acd852647e0ad998'],0.1,0.0,Unknown,1.0,0.1203585863113403,Advanced Communication & Collaboration,0.008236885,0.21802981287610484,1.0,0.706,0.10540894386283146,
712,1,0.64,help organisations make informed business decisions,Soft,Unknown,['in-090a862bf2348484'],0.1,0.0,Unknown,1.0,0.1201340436935424,Advanced Communication & Collaboration,0.035164,0.21762305348783365,1.0,0.64,0.1052869160463501,
713,2,0.602,manage time,Soft,Unknown,"['in-6c717e860c5e6516', 'in-9378455c1bb091a1']",0.2,0.0,Unknown,1.0,0.0,Resilience & Adaptability,0.062438592,0.0,1.0,0.602,0.08000000000000002,
714,2,0.611,participate in code reviews,Hard,Evaluate,"['in-73b5ece9f9ecc3a9', 'in-c537f69349c9b14d']",0.2,0.0,Unknown,1.0,0.0,Routine Maintenance Coding,0.12779419,0.0,1.0,0.611,0.08000000000000002,
715,2,0.626,deliver high-quality work,Soft,Unknown,"['in-32372b2a70a2998c', 'in-bbad41219cc740ed']",0.2,0.0,Unknown,1.0,0.0,Advanced Communication & Collaboration,0.037749797,0.0,1.0,0.626,0.08000000000000002,
716,2,0.613,adapt to change,Soft,Unknown,"['in-6c717e860c5e6516', 'in-ffcc36a373d8599a']",0.2,0.0,Unknown,1.0,0.0,Resilience & Adaptability,0.13004297,0.0,1.0,0.613,0.08000000000000002,
717,2,0.694,troubleshoot network issues,Hard,Apply,"['in-9f929fe6c651de14', 'in-ebb58af1f32d768c']",0.2,0.0,Unknown,1.0,0.0,Routine Maintenance Coding,0.04366049,0.0,1.0,0.694,0.08000000000000002,
718,2,0.6905,build dashboards,Hard,Create,"['in-4cf5479496e4301e', 'in-da1eee9312990cd0']",0.2,0.0,Unknown,1.0,0.0,Legacy Web Development,0.068927094,0.0,1.0,0.6905,0.08000000000000002,
719,2,0.71,ensure regulatory compliance,Hard,Analyze,"['in-bc0aa6df2d805b7b', 'in-ee0deef20dee727b']",0.2,0.0,Unknown,1.0,0.0,Routine Data Entry & Clerical,0.008961424,0.0,1.0,0.71,0.08000000000000002,
720,1,0.598,"enable adoption, acceleration, and innovation",Hard,Apply,['in-bc0aa6df2d805b7b'],0.1,0.0,Unknown,1.0,0.0,Digital Platforms & E-commerce,0.01706089,0.0,1.0,0.598,0.04000000000000001,
721,1,0.613,empower engineers,Soft,Unknown,['in-da1eee9312990cd0'],0.1,0.0,Unknown,1.0,0.0,Resilience & Adaptability,0.0052546263,0.0,1.0,0.613,0.04000000000000001,
722,1,0.615,embrace diverse backgrounds,Soft,Unknown,['in-f156d49da1140e9c'],0.1,0.0,Unknown,1.0,0.0,Resilience & Adaptability,0.042824343,0.0,1.0,0.615,0.04000000000000001,
723,1,0.696,embed knowledge into code,Hard,Apply,['in-0250e3c3a534c646'],0.1,0.0,Unknown,1.0,0.0,Routine Maintenance Coding,0.03635794,0.0,1.0,0.696,0.04000000000000001,
724,1,0.571,embed governance,Hard,Apply,['in-37ed4cd194d9bd61'],0.1,0.0,Unknown,1.0,0.0,Legacy Web Development,0.001578927,0.0,1.0,0.571,0.04000000000000001,
725,1,0.608,ensure alignment with user experience,Soft,Unknown,['in-c795d5647c5b2fa6'],0.1,0.0,Unknown,1.0,0.0,Routine Maintenance Coding,0.015307933,0.0,1.0,0.608,0.04000000000000001,
726,1,0.607,ensure alignment with product vision,Soft,Unknown,['in-c795d5647c5b2fa6'],0.1,0.0,Unknown,1.0,0.0,Human-AI Collaboration,0.02010027,0.0,1.0,0.607,0.04000000000000001,
727,1,0.62,ensure accurate records,Hard,Evaluate,['in-e26b52256be0f85c'],0.1,0.0,Unknown,1.0,0.0,Routine Data Entry & Clerical,0.1884969,0.0,1.0,0.62,0.04000000000000001,
728,1,0.628,ensure accurate documentation,Hard,Evaluate,['in-2343dce8f94f0a1c'],0.1,0.0,Unknown,1.0,0.0,Routine Data Entry & Clerical,0.020213246,0.0,1.0,0.628,0.04000000000000001,
729,1,0.667,ensure access to products through sales channel mix,Hard,Analyze,['in-189e4607c218da31'],0.1,0.0,Unknown,1.0,0.0,Digital Platforms & E-commerce,0.062425762,0.0,1.0,0.667,0.04000000000000001,
730,1,0.707,enhance Power Platform applications,Hard,Create,['in-92e57e0960d0c733'],0.1,0.0,Unknown,1.0,0.0,Cloud Computing & Infrastructure,0.014302,0.0,1.0,0.707,0.04000000000000001,
731,1,0.71,enhance platform performance,Hard,Create,['in-366ed5fb266e1ee3'],0.1,0.0,Unknown,1.0,0.0,Legacy Web Development,0.055028796,0.0,1.0,0.71,0.04000000000000001,
732,1,0.677,"design packaging components to operate reliably in harsh, high-throughput environments",Hard,Create,['in-530771fbfe728d26'],0.1,0.0,Unknown,1.0,0.0,Legacy Web Development,0.10776672,0.0,1.0,0.677,0.04000000000000001,
733,1,0.709,design mid-rise residential,Hard,Create,['in-368b730dfbfb2c56'],0.1,0.0,Unknown,1.0,0.0,Legacy Web Development,0.04924938,0.0,1.0,0.709,0.04000000000000001,
734,1,0.7,design lattice towers,Hard,Create,['in-753a69a3294291c7'],0.1,0.0,Unknown,1.0,0.0,Legacy Web Development,0.032646537,0.0,1.0,0.7,0.04000000000000001,
735,1,0.709,enhance large-scale systems,Hard,Create,['in-12e4e1edda8ca7ae'],0.1,0.0,Unknown,1.0,0.0,Cloud Computing & Infrastructure,0.013110846,0.0,1.0,0.709,0.04000000000000001,
736,1,0.713,enhance internally-used digital products,Hard,Create,['in-8b3ede5765e5e1c9'],0.1,0.0,Unknown,1.0,0.0,Digital Platforms & E-commerce,0.010168761,0.0,1.0,0.713,0.04000000000000001,
737,1,0.709,ensure high-quality project delivery,Hard,Analyze,['in-97191426cd97dd84'],0.1,0.0,Unknown,1.0,0.0,Advanced Communication & Collaboration,0.013721496,0.0,1.0,0.709,0.04000000000000001,
738,1,0.708,ensure high-quality delivery through functional design,Hard,Create,['in-8b3ede5765e5e1c9'],0.1,0.0,Unknown,1.0,0.0,UX/UI & Digital Design,0.019983053,0.0,1.0,0.708,0.04000000000000001,
739,1,0.706,ensure high-performance communications,Soft,Unknown,['in-9ae984f1f5d1226c'],0.1,0.0,Unknown,1.0,0.0,Advanced Communication & Collaboration,0.042694494,0.0,1.0,0.706,0.04000000000000001,
740,1,0.623,"ensure developments are commercially viable, technically robust, and aligned with customer proposition",Hard,Create,['in-a48e951226650184'],0.1,0.0,Unknown,1.0,0.0,Routine Maintenance Coding,0.008924037,0.0,1.0,0.623,0.04000000000000001,
741,1,0.69,ensure data integrity,Soft,Unknown,['in-c58b6cbd0462f519'],0.1,0.0,Unknown,1.0,0.0,Routine Data Entry & Clerical,0.01538296,0.0,1.0,0.69,0.04000000000000001,
742,1,0.684,ensure cultural responsiveness,Hard,Analyze,['in-32372b2a70a2998c'],0.1,0.0,Unknown,1.0,0.0,Resilience & Adaptability,0.007108748,0.0,1.0,0.684,0.04000000000000001,
743,1,0.709,ensure consistent delivery of high-quality retirement communities,Hard,Analyze,['in-a48e951226650184'],0.1,0.0,Unknown,1.0,0.0,Resilience & Adaptability,0.016028553,0.0,1.0,0.709,0.04000000000000001,
744,1,0.616,ensure confidentiality of sensitive information,Soft,Unknown,['in-ded3a3347d3bcae7'],0.1,0.0,Unknown,1.0,0.0,Cybersecurity,0.051250577,0.0,1.0,0.616,0.04000000000000001,
745,1,0.703,ensure compliance with statutes,Hard,Analyze,['in-7c6b469bd3c32c83'],0.1,0.0,Unknown,1.0,0.0,Routine Data Entry & Clerical,0.009353906,0.0,1.0,0.703,0.04000000000000001,
746,1,0.704,ensure compliance with quality standards,Hard,Analyze,['in-e26b52256be0f85c'],0.1,0.0,Unknown,1.0,0.0,Quality Assurance & Testing,0.03545761,0.0,1.0,0.704,0.04000000000000001,
747,1,0.622,ensure cameras operate flawlessly,Hard,Evaluate,['in-07094449f509827e'],0.1,0.0,Unknown,1.0,0.0,Routine Maintenance Coding,0.12110101,0.0,1.0,0.622,0.04000000000000001,
748,1,0.693,ensure best practices are baked in by default,Hard,Analyze,['in-0250e3c3a534c646'],0.1,0.0,Unknown,1.0,0.0,Routine Maintenance Coding,0.10263452,0.0,1.0,0.693,0.04000000000000001,
749,1,0.677,ensure privacy compliance,Hard,Analyze,['in-c58b6cbd0462f519'],0.1,0.0,Unknown,1.0,0.0,Cybersecurity,0.029765084,0.0,1.0,0.677,0.04000000000000001,
750,1,0.622,"ensure portfolio progresses in accordance with programme, investment strategy, and quality standards",Hard,Create,['in-a48e951226650184'],0.1,0.0,Unknown,1.0,0.0,Project Management & Agile Methodologies,0.02454105,0.0,1.0,0.622,0.04000000000000001,
751,1,0.701,ensure platforms are production ready,Hard,Analyze,['in-a0fcbae76d831775'],0.1,0.0,Unknown,1.0,0.0,Cloud Computing & Infrastructure,0.006096974,0.0,1.0,0.701,0.04000000000000001,
752,1,0.641,ensure planning function excellence,Soft,Unknown,['in-37ed4cd194d9bd61'],0.1,0.0,Unknown,1.0,0.0,Leadership & People Development,0.016750947,0.0,1.0,0.641,0.04000000000000001,
753,1,0.681,ensure pedagogical soundness,Hard,Analyze,['in-32372b2a70a2998c'],0.1,0.0,Unknown,1.0,0.0,Technological Literacy & Digital Fluency,0.068936735,0.0,1.0,0.681,0.04000000000000001,
754,1,0.707,ensure optimal performance,Hard,Analyze,['in-e26b52256be0f85c'],0.1,0.0,Unknown,1.0,0.0,Database & Systems Administration,0.0011510178,0.0,1.0,0.707,0.04000000000000001,
755,1,0.594,ensure optimal inventory levels,Hard,Create,['in-189e4607c218da31'],0.1,0.0,Unknown,1.0,0.0,Database & Systems Administration,0.005016342,0.0,1.0,0.594,0.04000000000000001,
756,1,0.677,ensure optimal customer experience,Hard,Analyze,['in-189e4607c218da31'],0.1,0.0,Unknown,1.0,0.0,Business Analysis & Requirements Engineering,0.076659724,0.0,1.0,0.677,0.04000000000000001,
757,1,0.674,ensure on-time delivery,Hard,Analyze,['in-35e03ae1caff1780'],0.1,0.0,Unknown,1.0,0.0,Routine Maintenance Coding,0.006644815,0.0,1.0,0.674,0.04000000000000001,
758,1,0.59,ensure network fabrics and devices operate as expected,Hard,Evaluate,['in-dca34ad867616996'],0.1,0.0,Unknown,1.0,0.0,UX/UI & Digital Design,0.0267893,0.0,1.0,0.59,0.04000000000000001,
759,1,0.702,ensure mission success,Hard,Analyze,['in-ffcc36a373d8599a'],0.1,0.0,Unknown,1.0,0.0,Advanced Communication & Collaboration,0.005464405,0.0,1.0,0.702,0.04000000000000001,
760,1,0.626,ensure microphones operate flawlessly,Hard,Evaluate,['in-07094449f509827e'],0.1,0.0,Unknown,1.0,0.0,Legacy Web Development,0.028959185,0.0,1.0,0.626,0.04000000000000001,
761,1,0.624,ensure lighting operates flawlessly,Hard,Evaluate,['in-07094449f509827e'],0.1,0.0,Unknown,1.0,0.0,Routine Maintenance Coding,0.09600669,0.0,1.0,0.624,0.04000000000000001,
762,1,0.61,ensure issue resolution,Soft,Unknown,['in-9da8b8c6e52feb61'],0.1,0.0,Unknown,1.0,0.0,Routine Maintenance Coding,0.053801328,0.0,1.0,0.61,0.04000000000000001,
763,1,0.694,ensure integrity of financial information,Soft,Unknown,['in-a77e7fdadad1bd31'],0.1,0.0,Unknown,1.0,0.0,Blockchain & Distributed Systems,0.012052774,0.0,1.0,0.694,0.04000000000000001,
764,1,0.712,"ensure high-quality, scalable solutions",Hard,Analyze,['in-30af647e83a32e8c'],0.1,0.0,Unknown,1.0,0.0,Routine Maintenance Coding,0.0097848475,0.0,1.0,0.712,0.04000000000000001,
765,1,0.702,ensure seamless execution of live performances,Hard,Analyze,['in-a0c45f0fdfea2762'],0.1,0.0,Unknown,1.0,0.0,Legacy Web Development,0.034977823,0.0,1.0,0.702,0.04000000000000001,
766,1,0.731,ensure seamless deployment,Hard,Analyze,['in-b96ed15875997926'],0.1,0.0,Unknown,1.0,0.0,Cloud Computing & Infrastructure,0.018071085,0.0,1.0,0.731,0.04000000000000001,
767,1,0.622,ensure seamless building,Hard,Create,['in-b96ed15875997926'],0.1,0.0,Unknown,1.0,0.0,Legacy Web Development,0.00052662194,0.0,1.0,0.622,0.04000000000000001,
768,1,0.645,ensure scalable integration architecture,Hard,Create,['in-73b5ece9f9ecc3a9'],0.1,0.0,Unknown,1.0,0.0,Cloud Computing & Infrastructure,0.033138633,0.0,1.0,0.645,0.04000000000000001,
769,1,0.691,ensure safety is baked in by default,Hard,Analyze,['in-0250e3c3a534c646'],0.1,0.0,Unknown,1.0,0.0,Routine Maintenance Coding,0.01163277,0.0,1.0,0.691,0.04000000000000001,
770,1,0.645,ensure reliable integration architecture,Hard,Create,['in-73b5ece9f9ecc3a9'],0.1,0.0,Unknown,1.0,0.0,Database & Systems Administration,0.01252377,0.0,1.0,0.645,0.04000000000000001,
771,1,0.703,ensure reliable communications,Soft,Unknown,['in-9ae984f1f5d1226c'],0.1,0.0,Unknown,1.0,0.0,Advanced Communication & Collaboration,0.06853272,0.0,1.0,0.703,0.04000000000000001,
772,1,0.702,ensure quality control,Hard,Analyze,['in-0fcfe59aff7d7b19'],0.1,0.0,Unknown,1.0,0.0,Quality Assurance & Testing,0.06985098,0.0,1.0,0.702,0.04000000000000001,
773,1,0.704,ensure quality and regulatory compliance,Hard,Analyze,['in-b486754d4fef47b1'],0.1,0.0,Unknown,1.0,0.0,Quality Assurance & Testing,0.0066797137,0.0,1.0,0.704,0.04000000000000001,
774,1,0.702,ensure products meet standards,Hard,Analyze,['in-17ecef6aa8580020'],0.1,0.0,Unknown,1.0,0.0,Business Analysis & Requirements Engineering,0.014053822,0.0,1.0,0.702,0.04000000000000001,
775,1,0.707,ensure products meet customer specifications,Hard,Analyze,['in-e26b52256be0f85c'],0.1,0.0,Unknown,1.0,0.0,Business Analysis & Requirements Engineering,0.06424186,0.0,1.0,0.707,0.04000000000000001,
776,1,0.696,ensure products are reliable and safe,Hard,Analyze,['in-9e8b8167a52cb05c'],0.1,0.0,Unknown,1.0,0.0,Routine Maintenance Coding,0.0049873143,0.0,1.0,0.696,0.04000000000000001,
777,1,0.704,ensure process readiness,Hard,Analyze,['in-e26b52256be0f85c'],0.1,0.0,Unknown,1.0,0.0,Process Automation & RPA,0.019043118,0.0,1.0,0.704,0.04000000000000001,
778,1,0.61,escalate issues,Soft,Unknown,['in-92e57e0960d0c733'],0.1,0.0,Unknown,1.0,0.0,Advanced Communication & Collaboration,0.053362727,0.0,1.0,0.61,0.04000000000000001,
779,1,0.633,ensure user adoption,Soft,Unknown,['in-30cac704112e9e05'],0.1,0.0,Unknown,1.0,0.0,UX/UI & Digital Design,0.023471281,0.0,1.0,0.633,0.04000000000000001,
780,1,0.694,ensure the EPR solution meets user needs,Hard,Analyze,['in-2343dce8f94f0a1c'],0.1,0.0,Unknown,1.0,0.0,Advanced Communication & Collaboration,0.0060980245,0.0,1.0,0.694,0.04000000000000001,
781,1,0.7,ensure the EPR solution complies with safety and governance requirements,Hard,Analyze,['in-2343dce8f94f0a1c'],0.1,0.0,Unknown,1.0,0.0,Advanced Communication & Collaboration,0.056803524,0.0,1.0,0.7,0.04000000000000001,
782,1,0.7,ensure system success,Hard,Analyze,['in-193d18c2574de4de'],0.1,0.0,Unknown,1.0,0.0,Routine Maintenance Coding,0.054758728,0.0,1.0,0.7,0.04000000000000001,
783,1,0.703,ensure system stability,Hard,Analyze,['in-8169c429e2a25414'],0.1,0.0,Unknown,1.0,0.0,Routine Maintenance Coding,0.009769455,0.0,1.0,0.703,0.04000000000000001,
784,1,0.701,ensure superior sound quality,Hard,Analyze,['in-a0c45f0fdfea2762'],0.1,0.0,Unknown,1.0,0.0,Quality Assurance & Testing,0.045397528,0.0,1.0,0.701,0.04000000000000001,
785,1,0.606,ensure Stratum’s goals are aligned,Soft,Unknown,['in-0fcfe59aff7d7b19'],0.1,0.0,Unknown,1.0,0.0,Project Management & Agile Methodologies,0.003364861,0.0,1.0,0.606,0.04000000000000001,
786,1,0.634,ensure smooth running of department,Soft,Unknown,['in-06b5e96976a3f626'],0.1,0.0,Unknown,1.0,0.0,Leadership & People Development,0.009031117,0.0,1.0,0.634,0.04000000000000001,
787,1,0.69,ensure SLAs are met,Hard,Analyze,['in-9da8b8c6e52feb61'],0.1,0.0,Unknown,1.0,0.0,Advanced Communication & Collaboration,0.031964928,0.0,1.0,0.69,0.04000000000000001,
788,1,0.692,ensure security is baked in by default,Hard,Analyze,['in-0250e3c3a534c646'],0.1,0.0,Unknown,1.0,0.0,Cybersecurity,0.09510978,0.0,1.0,0.692,0.04000000000000001,
789,1,0.645,ensure secure integration architecture,Hard,Create,['in-73b5ece9f9ecc3a9'],0.1,0.0,Unknown,1.0,0.0,Cybersecurity,0.09018707,0.0,1.0,0.645,0.04000000000000001,
790,1,0.62,ensure seamless testing,Hard,Evaluate,['in-b96ed15875997926'],0.1,0.0,Unknown,1.0,0.0,Quality Assurance & Testing,0.1223737,0.0,1.0,0.62,0.04000000000000001,
791,1,0.709,ensure seamless integration,Hard,Analyze,['in-2f5b3f13e615982a'],0.1,0.0,Unknown,1.0,0.0,Routine Maintenance Coding,0.008855805,0.0,1.0,0.709,0.04000000000000001,
792,1,0.678,execute administrative HR functions,Hard,Apply,['in-184610fda3276dcc'],0.1,0.0,Unknown,1.0,0.0,Process Automation & RPA,0.046696663,0.0,1.0,0.678,0.04000000000000001,
793,1,0.612,exceed sales expectations,Soft,Unknown,['in-29a1ec53620be6a8'],0.1,0.0,Unknown,1.0,0.0,Digital Platforms & E-commerce,0.05857514,0.0,1.0,0.612,0.04000000000000001,
794,1,0.645,exceed expectations,Soft,Unknown,['in-34c6520c08d55db7'],0.1,0.0,Unknown,1.0,0.0,Resilience & Adaptability,0.02993378,0.0,1.0,0.645,0.04000000000000001,
795,1,0.568,evolve patterns and components,Hard,Apply,['in-5869692bb5b2b17a'],0.1,0.0,Unknown,1.0,0.0,Routine Maintenance Coding,0.031917155,0.0,1.0,0.568,0.04000000000000001,
796,1,0.572,evolve interfaces,Hard,Apply,['in-6818c9f518bb5702'],0.1,0.0,Unknown,1.0,0.0,UX/UI & Digital Design,0.0413076,0.0,1.0,0.572,0.04000000000000001,
797,1,0.667,evolve data center design,Hard,Create,['in-54a14ff32d718ad0'],0.1,0.0,Unknown,1.0,0.0,Cloud Computing & Infrastructure,0.012656063,0.0,1.0,0.667,0.04000000000000001,
798,1,0.71,evaluate vendor capabilities,Hard,Evaluate,['in-9da8b8c6e52feb61'],0.1,0.0,Unknown,1.0,0.0,Advanced Communication & Collaboration,0.03870395,0.0,1.0,0.71,0.04000000000000001,
799,1,0.62,evaluate Stratum models,Hard,Create,['in-0fcfe59aff7d7b19'],0.1,0.0,Unknown,1.0,0.0,UX/UI & Digital Design,0.014855579,0.0,1.0,0.62,0.04000000000000001,
800,1,0.677,evaluate eligibility for positions,Hard,Evaluate,['in-06b5e96976a3f626'],0.1,0.0,Unknown,1.0,0.0,Routine Data Entry & Clerical,0.023049057,0.0,1.0,0.677,0.04000000000000001,
801,1,0.706,evaluate competitive bids,Hard,Evaluate,['in-7c6b469bd3c32c83'],0.1,0.0,Unknown,1.0,0.0,Business Analysis & Requirements Engineering,0.030878395,0.0,1.0,0.706,0.04000000000000001,
802,1,0.716,design a React Native architecture,Hard,Create,['in-b96ed15875997926'],0.1,0.0,Unknown,1.0,0.0,Legacy Web Development,0.062236965,0.0,1.0,0.716,0.04000000000000001,
803,1,0.598,deploy retrieval-enhanced LLMs and hybrid retrieval pipelines,Hard,Create,['in-e4187db23d86d9a0'],0.1,0.0,Unknown,1.0,0.0,Routine Maintenance Coding,0.0011773705,0.0,1.0,0.598,0.04000000000000001,
804,1,0.71,design high-rise residential,Hard,Create,['in-368b730dfbfb2c56'],0.1,0.0,Unknown,1.0,0.0,Legacy Web Development,0.040159777,0.0,1.0,0.71,0.04000000000000001,
805,1,0.668,design export flows,Hard,Create,['in-4e8588b946d21212'],0.1,0.0,Unknown,1.0,0.0,Business Analysis & Requirements Engineering,0.025868326,0.0,1.0,0.668,0.04000000000000001,
806,1,0.705,design elegantly,Hard,Create,['in-c795d5647c5b2fa6'],0.1,0.0,Unknown,1.0,0.0,Legacy Web Development,0.05313033,0.0,1.0,0.705,0.04000000000000001,
807,1,0.621,evaluate clients existing Kriging models,Hard,Create,['in-0fcfe59aff7d7b19'],0.1,0.0,Unknown,1.0,0.0,Cloud Computing & Infrastructure,0.0138385,0.0,1.0,0.621,0.04000000000000001,
808,1,0.569,establish key financial targets,Hard,Apply,['in-a77e7fdadad1bd31'],0.1,0.0,Unknown,1.0,0.0,Project Management & Agile Methodologies,0.014063209,0.0,1.0,0.569,0.04000000000000001,
809,1,0.569,expand sales operations,Hard,Apply,['in-35b0fd014582dbaf'],0.1,0.0,Unknown,1.0,0.0,Digital Platforms & E-commerce,0.067509145,0.0,1.0,0.569,0.04000000000000001,
810,1,0.711,execute targeted headhunting campaigns,Hard,Apply,['in-4aab702ede0af613'],0.1,0.0,Unknown,1.0,0.0,Digital Platforms & E-commerce,0.005441636,0.0,1.0,0.711,0.04000000000000001,
811,1,0.6,execute strategies,Hard,Evaluate,['in-35b0fd014582dbaf'],0.1,0.0,Unknown,1.0,0.0,Leadership & People Development,0.034626156,0.0,1.0,0.6,0.04000000000000001,
812,1,0.682,execute recruitment functions,Hard,Apply,['in-184610fda3276dcc'],0.1,0.0,Unknown,1.0,0.0,Leadership & People Development,0.01563768,0.0,1.0,0.682,0.04000000000000001,
813,1,0.681,execute onboarding functions,Hard,Apply,['in-184610fda3276dcc'],0.1,0.0,Unknown,1.0,0.0,Human-AI Collaboration,0.04649076,0.0,1.0,0.681,0.04000000000000001,
814,1,0.611,execute on opportunities,Soft,Unknown,['in-0203fddefc4a7b12'],0.1,0.0,Unknown,1.0,0.0,Business Analysis & Requirements Engineering,0.04409994,0.0,1.0,0.611,0.04000000000000001,
815,1,0.686,execute inform/awareness activities,Hard,Apply,['in-189e4607c218da31'],0.1,0.0,Unknown,1.0,0.0,Advanced Communication & Collaboration,0.037638545,0.0,1.0,0.686,0.04000000000000001,
816,1,0.606,execute ideas,Soft,Unknown,['in-9e8b8167a52cb05c'],0.1,0.0,Unknown,1.0,0.0,Critical Thinking & Problem Solving,0.0109805465,0.0,1.0,0.606,0.04000000000000001,
817,1,0.619,execute go-to-market,Soft,Unknown,['in-0203fddefc4a7b12'],0.1,0.0,Unknown,1.0,0.0,Digital Platforms & E-commerce,0.08510192,0.0,1.0,0.619,0.04000000000000001,
818,1,0.63,demonstrate understanding of electronics principles,Hard,Evaluate,['in-e26b52256be0f85c'],0.1,0.0,Unknown,1.0,0.0,Quality Assurance & Testing,0.00749287,0.0,1.0,0.63,0.04000000000000001,
819,1,0.605,democratize observability,Hard,Apply,['in-0250e3c3a534c646'],0.1,0.0,Unknown,1.0,0.0,Blockchain & Distributed Systems,0.01093214,0.0,1.0,0.605,0.04000000000000001,
820,1,0.7,design complex CIS solutions,Hard,Create,['in-1685751ab1e35ff9'],0.1,0.0,Unknown,1.0,0.0,Critical Thinking & Problem Solving,0.02798307,0.0,1.0,0.7,0.04000000000000001,
821,1,0.708,design automated metadata ingestion processes,Hard,Create,['in-4bd1ca2b1bfdfa6d'],0.1,0.0,Unknown,1.0,0.0,Process Automation & RPA,0.0121053755,0.0,1.0,0.708,0.04000000000000001,
822,1,0.587,filter out sellers by digging into their process,Hard,Apply,['in-4aab702ede0af613'],0.1,0.0,Unknown,1.0,0.0,Digital Platforms & E-commerce,0.05590625,0.0,1.0,0.587,0.04000000000000001,
823,1,0.609,filter out individuals who may misrepresent themselves,Soft,Unknown,['in-bae8b479625db1b2'],0.1,0.0,Unknown,1.0,0.0,Critical Thinking & Problem Solving,0.0021718591,0.0,1.0,0.609,0.04000000000000001,
824,1,0.677,facilitate positive relationships,Soft,Unknown,['in-7e3654818d829d5e'],0.1,0.0,Unknown,1.0,0.0,Leadership & People Development,0.0010461062,0.0,1.0,0.677,0.04000000000000001,
825,1,0.595,facilitate annual planning cycle,Hard,Create,['in-361c0675a3147072'],0.1,0.0,Unknown,1.0,0.0,Project Management & Agile Methodologies,0.024591431,0.0,1.0,0.595,0.04000000000000001,
826,1,0.605,explore what's possible on mobile,Soft,Unknown,['in-b96ed15875997926'],0.1,0.0,Unknown,1.0,0.0,UX/UI & Digital Design,0.074195564,0.0,1.0,0.605,0.04000000000000001,
827,1,0.612,explore diverse interests,Soft,Unknown,['in-76d6057eab891b98'],0.1,0.0,Unknown,1.0,0.0,Resilience & Adaptability,0.022367552,0.0,1.0,0.612,0.04000000000000001,
828,1,0.609,explain solutions and products,Soft,Unknown,['in-4680a02c6d0fe13f'],0.1,0.0,Unknown,1.0,0.0,Critical Thinking & Problem Solving,0.01968801,0.0,1.0,0.609,0.04000000000000001,
829,1,0.566,deliver Streamlit app,Hard,Apply,['in-bae7da04393e2cef'],0.1,0.0,Unknown,1.0,0.0,Digital Platforms & E-commerce,0.037864804,0.0,1.0,0.566,0.04000000000000001,
830,1,0.6,deliver self-service registration and governance,Hard,Apply,['in-4bd1ca2b1bfdfa6d'],0.1,0.0,Unknown,1.0,0.0,Cloud Computing & Infrastructure,0.013891116,0.0,1.0,0.6,0.04000000000000001,
831,1,0.593,deliver on production ownership,Hard,Apply,['in-219553aa7e342a4a'],0.1,0.0,Unknown,1.0,0.0,Advanced Communication & Collaboration,0.083544284,0.0,1.0,0.593,0.04000000000000001,
832,1,0.585,deliver iOS apps,Hard,Apply,['in-acd852647e0ad998'],0.1,0.0,Unknown,1.0,0.0,Digital Platforms & E-commerce,0.04777445,0.0,1.0,0.585,0.04000000000000001,
833,1,0.606,deliver high-performance experiences,Hard,Apply,['in-6818c9f518bb5702'],0.1,0.0,Unknown,1.0,0.0,Advanced Communication & Collaboration,0.007658541,0.0,1.0,0.606,0.04000000000000001,
834,1,0.594,deploy Microsoft Intune,Hard,Evaluate,['in-fb45f01ebbc2a223'],0.1,0.0,Unknown,1.0,0.0,Cloud Computing & Infrastructure,0.030304372,0.0,1.0,0.594,0.04000000000000001,
835,1,0.709,deploy high-performance data ingestion systems,Hard,Apply,['in-366ed5fb266e1ee3'],0.1,0.0,Unknown,1.0,0.0,Cloud Computing & Infrastructure,0.006582856,0.0,1.0,0.709,0.04000000000000001,
836,1,0.703,deploy application code,Hard,Apply,['in-92e57e0960d0c733'],0.1,0.0,Unknown,1.0,0.0,Routine Maintenance Coding,0.047528327,0.0,1.0,0.703,0.04000000000000001,
837,1,0.639,follow company grooming standards,Soft,Unknown,['in-34c6520c08d55db7'],0.1,0.0,Unknown,1.0,0.0,Routine Maintenance Coding,0.04743491,0.0,1.0,0.639,0.04000000000000001,
838,1,0.59,focus on scalability,Hard,Apply,['in-a0fcbae76d831775'],0.1,0.0,Unknown,1.0,0.0,Cloud Computing & Infrastructure,0.0012293756,0.0,1.0,0.59,0.04000000000000001,
839,1,0.591,focus on production delivery,Hard,Apply,['in-7c927f240a50a9cc'],0.1,0.0,Unknown,1.0,0.0,Advanced Communication & Collaboration,0.06829107,0.0,1.0,0.591,0.04000000000000001,
840,1,0.591,focus on lifecycle ownership,Hard,Apply,['in-bc0aa6df2d805b7b'],0.1,0.0,Unknown,1.0,0.0,Routine Maintenance Coding,0.0019210428,0.0,1.0,0.591,0.04000000000000001,
841,1,0.595,focus on instrumentation,Hard,Apply,['in-a0fcbae76d831775'],0.1,0.0,Unknown,1.0,0.0,Business Analysis & Requirements Engineering,0.012503952,0.0,1.0,0.595,0.04000000000000001,
842,1,0.631,focus on customers,Soft,Unknown,['in-e78abd8a232a690b'],0.1,0.0,Unknown,1.0,0.0,Digital Platforms & E-commerce,0.012365773,0.0,1.0,0.631,0.04000000000000001,
843,1,0.569,govern projects,Hard,Apply,['in-4aae1652e7ec2129'],0.1,0.0,Unknown,1.0,0.0,Project Management & Agile Methodologies,0.014935553,0.0,1.0,0.569,0.04000000000000001,
844,1,0.639,govern processes,Soft,Unknown,['in-cf33fce1da9e5f1f'],0.1,0.0,Unknown,1.0,0.0,Process Automation & RPA,0.017968833,0.0,1.0,0.639,0.04000000000000001,
845,1,0.627,go above and beyond to help customers,Soft,Unknown,['in-53f9dbfe59309995'],0.1,0.0,Unknown,1.0,0.0,Advanced Communication & Collaboration,0.054819614,0.0,1.0,0.627,0.04000000000000001,
846,1,0.678,generate insights,Hard,Create,['in-361c0675a3147072'],0.1,0.0,Unknown,1.0,0.0,Resilience & Adaptability,0.021285295,0.0,1.0,0.678,0.04000000000000001,
847,1,0.703,generate growth,Hard,Create,['in-bc0aa6df2d805b7b'],0.1,0.0,Unknown,1.0,0.0,Resilience & Adaptability,0.13152109,0.0,1.0,0.703,0.04000000000000001,
848,1,0.619,gather data on improvement performance,Hard,Create,['in-d058a60328482955'],0.1,0.0,Unknown,1.0,0.0,Routine Maintenance Coding,0.0032398999,0.0,1.0,0.619,0.04000000000000001,
849,1,0.611,foster inclusion,Soft,Unknown,['in-f156d49da1140e9c'],0.1,0.0,Unknown,1.0,0.0,Leadership & People Development,0.04078424,0.0,1.0,0.611,0.04000000000000001,
850,1,0.63,foster a culture of customer success,Soft,Unknown,['in-4aae1652e7ec2129'],0.1,0.0,Unknown,1.0,0.0,Routine Maintenance Coding,0.009072065,0.0,1.0,0.63,0.04000000000000001,
851,1,0.633,foster a culture of accountability,Soft,Unknown,['in-4aae1652e7ec2129'],0.1,0.0,Unknown,1.0,0.0,Leadership & People Development,0.096402295,0.0,1.0,0.633,0.04000000000000001,
852,1,0.71,formulate important insights,Hard,Create,['in-a794eba7547094f4'],0.1,0.0,Unknown,1.0,0.0,Resilience & Adaptability,0.0152260065,0.0,1.0,0.71,0.04000000000000001,
853,1,0.602,follow through on tasks,Soft,Unknown,['in-ded3a3347d3bcae7'],0.1,0.0,Unknown,1.0,0.0,Routine Maintenance Coding,0.028064996,0.0,1.0,0.602,0.04000000000000001,
854,1,0.576,deliver exceptional customer experience,Hard,Apply,['in-35b0fd014582dbaf'],0.1,0.0,Unknown,1.0,0.0,Advanced Communication & Collaboration,0.031497687,0.0,1.0,0.576,0.04000000000000001,
855,1,0.592,deliver complex CIS solutions,Hard,Apply,['in-1685751ab1e35ff9'],0.1,0.0,Unknown,1.0,0.0,Critical Thinking & Problem Solving,0.059118673,0.0,1.0,0.592,0.04000000000000001,
856,1,0.593,deliver client solution,Hard,Apply,['in-62a6486e8ffb7e03'],0.1,0.0,Unknown,1.0,0.0,Advanced Communication & Collaboration,0.05913791,0.0,1.0,0.593,0.04000000000000001,
857,1,0.641,deliver change initiatives,Soft,Unknown,['in-cc977b538c3a4a86'],0.1,0.0,Unknown,1.0,0.0,Advanced Communication & Collaboration,0.024980813,0.0,1.0,0.641,0.04000000000000001,
858,1,0.632,deliver value to customers,Soft,Unknown,['in-1291ef0e4f87819c'],0.1,0.0,Unknown,1.0,0.0,Digital Platforms & E-commerce,0.0009948611,0.0,1.0,0.632,0.04000000000000001,
859,1,0.606,deliver value,Soft,Unknown,['in-0203fddefc4a7b12'],0.1,0.0,Unknown,1.0,0.0,Advanced Communication & Collaboration,0.036396712,0.0,1.0,0.606,0.04000000000000001,
860,1,0.62,welcome visitors professionally,Soft,Unknown,['in-ded3a3347d3bcae7'],0.1,0.0,Unknown,1.0,0.0,Routine Maintenance Coding,0.027133614,0.0,1.0,0.62,0.04000000000000001,
861,1,0.677,visualize partner revenue,Hard,Understand,['in-5869692bb5b2b17a'],0.1,0.0,Unknown,1.0,0.0,Advanced Communication & Collaboration,0.03409694,0.0,1.0,0.677,0.04000000000000001,
862,1,0.702,verify tolerances and finishes,Hard,Evaluate,['in-a778ff74a3735980'],0.1,0.0,Unknown,1.0,0.0,Quality Assurance & Testing,0.04587099,0.0,1.0,0.702,0.04000000000000001,
863,1,0.672,validate ideas,Hard,Evaluate,['in-5869692bb5b2b17a'],0.1,0.0,Unknown,1.0,0.0,Critical Thinking & Problem Solving,0.062520266,0.0,1.0,0.672,0.04000000000000001,
864,1,0.707,validate hardware,Hard,Evaluate,['in-c795d5647c5b2fa6'],0.1,0.0,Unknown,1.0,0.0,Cybersecurity,0.02301985,0.0,1.0,0.707,0.04000000000000001,
865,1,0.616,use technology to solve customer problems,Hard,Analyze,['in-788288259e19ed8a'],0.1,0.0,Unknown,1.0,0.0,Digital Platforms & E-commerce,0.009274572,0.0,1.0,0.616,0.04000000000000001,
866,1,0.69,use Revit,Hard,Apply,['in-368b730dfbfb2c56'],0.1,0.0,Unknown,1.0,0.0,Routine Maintenance Coding,0.017928258,0.0,1.0,0.69,0.04000000000000001,
867,1,0.611,use independent judgment,Soft,Unknown,['in-92e57e0960d0c733'],0.1,0.0,Unknown,1.0,0.0,Resilience & Adaptability,0.059632175,0.0,1.0,0.611,0.04000000000000001,
868,1,0.595,handle complex workflows,Hard,Apply,['in-655d9866cfe91a28'],0.1,0.0,Unknown,1.0,0.0,Routine Maintenance Coding,0.061020434,0.0,1.0,0.595,0.04000000000000001,
869,1,0.592,handle complex pricing,Hard,Apply,['in-655d9866cfe91a28'],0.1,0.0,Unknown,1.0,0.0,Blockchain & Distributed Systems,0.05658646,0.0,1.0,0.592,0.04000000000000001,
870,1,0.591,handle complex buyers,Hard,Apply,['in-655d9866cfe91a28'],0.1,0.0,Unknown,1.0,0.0,Advanced Communication & Collaboration,0.012349188,0.0,1.0,0.591,0.04000000000000001,
871,1,0.612,handle and manage confidential information,Soft,Unknown,['in-63be0cc7d27e5935'],0.1,0.0,Unknown,1.0,0.0,Routine Data Entry & Clerical,0.057198435,0.0,1.0,0.612,0.04000000000000001,
872,1,0.595,handle acoustic tracking,Hard,Apply,['in-bfc96d1f328a3175'],0.1,0.0,Unknown,1.0,0.0,Process Automation & RPA,0.0017233789,0.0,1.0,0.595,0.04000000000000001,
873,1,0.61,guide customers,Soft,Unknown,['in-3a25de1e948c9510'],0.1,0.0,Unknown,1.0,0.0,Advanced Communication & Collaboration,0.05129698,0.0,1.0,0.61,0.04000000000000001,
874,1,0.665,grow relationships with clients,Soft,Unknown,['in-b4af93f913150cac'],0.1,0.0,Unknown,1.0,0.0,Advanced Communication & Collaboration,0.04932204,0.0,1.0,0.665,0.04000000000000001,
875,1,0.569,grow collection,Hard,Apply,['in-2bf49c3826340f07'],0.1,0.0,Unknown,1.0,0.0,Resilience & Adaptability,0.054523796,0.0,1.0,0.569,0.04000000000000001,
876,1,0.614,help to embed Modern Methods of Construction (MMC),Hard,Create,['in-a48e951226650184'],0.1,0.0,Unknown,1.0,0.0,Legacy Web Development,0.08438049,0.0,1.0,0.614,0.04000000000000001,
877,1,0.606,help shape future direction,Soft,Unknown,['in-e402c63ea3c27129'],0.1,0.0,Unknown,1.0,0.0,Leadership & People Development,0.029613093,0.0,1.0,0.606,0.04000000000000001,
878,1,0.699,help define data product taxonomies and ownership,Hard,Remember,['in-4bd1ca2b1bfdfa6d'],0.1,0.0,Unknown,1.0,0.0,Blockchain & Distributed Systems,0.001681298,0.0,1.0,0.699,0.04000000000000001,
879,1,0.611,help customers modernize,Soft,Unknown,['in-fbb699e18d37f468'],0.1,0.0,Unknown,1.0,0.0,Legacy Web Development,0.032354385,0.0,1.0,0.611,0.04000000000000001,
880,1,0.61,help customers consume products,Soft,Unknown,['in-2f5b3f13e615982a'],0.1,0.0,Unknown,1.0,0.0,Digital Platforms & E-commerce,0.09631851,0.0,1.0,0.61,0.04000000000000001,
881,1,0.632,help customers build homes,Soft,Unknown,['in-53f9dbfe59309995'],0.1,0.0,Unknown,1.0,0.0,Routine Maintenance Coding,0.018349439,0.0,1.0,0.632,0.04000000000000001,
882,1,0.588,handle scale,Hard,Apply,['in-655d9866cfe91a28'],0.1,0.0,Unknown,1.0,0.0,Resilience & Adaptability,0.082616806,0.0,1.0,0.588,0.04000000000000001,
883,1,0.595,handle multi-source data,Hard,Apply,['in-bfc96d1f328a3175'],0.1,0.0,Unknown,1.0,0.0,Big Data & Analytics,0.048073888,0.0,1.0,0.595,0.04000000000000001,
884,1,0.611,handle customer requests,Soft,Unknown,['in-8169c429e2a25414'],0.1,0.0,Unknown,1.0,0.0,Digital Platforms & E-commerce,0.0023829117,0.0,1.0,0.611,0.04000000000000001,
885,1,0.704,identify potential CAT I/II/III findings,Hard,Analyze,['in-04248886f0c9f962'],0.1,0.0,Unknown,1.0,0.0,Cybersecurity,0.011042237,0.0,1.0,0.704,0.04000000000000001,
886,1,0.638,deliver a frictionless buying experience,Soft,Unknown,['in-2335dacd2512b6a9'],0.1,0.0,Unknown,1.0,0.0,Digital Platforms & E-commerce,0.02542989,0.0,1.0,0.638,0.04000000000000001,
887,1,0.602,deliver a first class service,Soft,Unknown,['in-63be0cc7d27e5935'],0.1,0.0,Unknown,1.0,0.0,Routine Maintenance Coding,0.0038907826,0.0,1.0,0.602,0.04000000000000001,
888,1,0.601,deliver a course,Soft,Unknown,['in-801e77fe9dd77c2d'],0.1,0.0,Unknown,1.0,0.0,Advanced Communication & Collaboration,0.021874472,0.0,1.0,0.601,0.04000000000000001,
889,1,0.607,deliberately document for the future,Soft,Unknown,['in-431768e5d2264d2d'],0.1,0.0,Unknown,1.0,0.0,Advanced Communication & Collaboration,0.014459103,0.0,1.0,0.607,0.04000000000000001,
890,1,0.706,define service boundaries,Hard,Remember,['in-a2a8769491dd2881'],0.1,0.0,Unknown,1.0,0.0,Cloud Computing & Infrastructure,0.024564117,0.0,1.0,0.706,0.04000000000000001,
891,1,0.7,define product vision,Hard,Remember,['in-427c59728dce7b1c'],0.1,0.0,Unknown,1.0,0.0,Digital Platforms & E-commerce,0.011235252,0.0,1.0,0.7,0.04000000000000001,
892,1,0.71,define dependency sequencing,Hard,Remember,['in-a2a8769491dd2881'],0.1,0.0,Unknown,1.0,0.0,Resilience & Adaptability,0.0059131086,0.0,1.0,0.71,0.04000000000000001,
893,1,0.628,define architectural patterns,Hard,Create,['in-a2a8769491dd2881'],0.1,0.0,Unknown,1.0,0.0,UX/UI & Digital Design,0.0047126412,0.0,1.0,0.628,0.04000000000000001,
894,1,0.591,decouple platform from games,Hard,Apply,['in-e402c63ea3c27129'],0.1,0.0,Unknown,1.0,0.0,Game Development & Interactive Media,0.03993456,0.0,1.0,0.591,0.04000000000000001,
895,1,0.7,decide on correct procedures,Hard,Evaluate,['in-a778ff74a3735980'],0.1,0.0,Unknown,1.0,0.0,Routine Data Entry & Clerical,0.016454726,0.0,1.0,0.7,0.04000000000000001,
896,1,0.593,deliver growth outcomes,Hard,Apply,['in-bbad41219cc740ed'],0.1,0.0,Unknown,1.0,0.0,Resilience & Adaptability,0.051204085,0.0,1.0,0.593,0.04000000000000001,
897,1,0.621,deliver functionality,Soft,Unknown,['in-6953506b6f0d8ecb'],0.1,0.0,Unknown,1.0,0.0,Advanced Communication & Collaboration,0.024332047,0.0,1.0,0.621,0.04000000000000001,
898,1,0.635,deliver for customers,Soft,Unknown,['in-dca34ad867616996'],0.1,0.0,Unknown,1.0,0.0,Digital Platforms & E-commerce,0.020033896,0.0,1.0,0.635,0.04000000000000001,
899,1,0.703,identify issues related to outstanding payments,Hard,Analyze,['in-725db5ff1965a5cf'],0.1,0.0,Unknown,1.0,0.0,Blockchain & Distributed Systems,0.013961881,0.0,1.0,0.703,0.04000000000000001,
900,1,0.704,identify false positives,Hard,Analyze,['in-04248886f0c9f962'],0.1,0.0,Unknown,1.0,0.0,Cybersecurity,0.029368564,0.0,1.0,0.704,0.04000000000000001,
901,1,0.679,identify corrective actions,Hard,Analyze,['in-a77e7fdadad1bd31'],0.1,0.0,Unknown,1.0,0.0,Human-AI Collaboration,0.011281773,0.0,1.0,0.679,0.04000000000000001,
902,1,0.676,identify content,Hard,Analyze,['in-2bf49c3826340f07'],0.1,0.0,Unknown,1.0,0.0,UX/UI & Digital Design,0.026868343,0.0,1.0,0.676,0.04000000000000001,
903,1,0.628,implement mathematical models,Hard,Create,['in-4fac46ba90c4b16c'],0.1,0.0,Unknown,1.0,0.0,Blockchain & Distributed Systems,0.008524463,0.0,1.0,0.628,0.04000000000000001,
904,1,0.632,implement enterprise-grade networks,Hard,Evaluate,['in-2f5b3f13e615982a'],0.1,0.0,Unknown,1.0,0.0,Advanced Communication & Collaboration,0.010953665,0.0,1.0,0.632,0.04000000000000001,
905,1,0.627,implement effective caching strategies,Hard,Evaluate,['in-b96ed15875997926'],0.1,0.0,Unknown,1.0,0.0,Routine Maintenance Coding,0.03283249,0.0,1.0,0.627,0.04000000000000001,
906,1,0.7,implement data fusion,Hard,Apply,['in-16914020afc5dd69'],0.1,0.0,Unknown,1.0,0.0,Big Data & Analytics,0.044343814,0.0,1.0,0.7,0.04000000000000001,
907,1,0.709,implement data exploitation,Hard,Apply,['in-16914020afc5dd69'],0.1,0.0,Unknown,1.0,0.0,Database & Systems Administration,0.020021886,0.0,1.0,0.709,0.04000000000000001,
908,1,0.702,implement data display,Hard,Apply,['in-16914020afc5dd69'],0.1,0.0,Unknown,1.0,0.0,Routine Data Entry & Clerical,0.029065311,0.0,1.0,0.702,0.04000000000000001,
909,1,0.707,implement data aggregation,Hard,Apply,['in-16914020afc5dd69'],0.1,0.0,Unknown,1.0,0.0,Big Data & Analytics,0.031834304,0.0,1.0,0.707,0.04000000000000001,
910,1,0.606,implement consistency improvements,Hard,Create,['in-a77e7fdadad1bd31'],0.1,0.0,Unknown,1.0,0.0,Routine Maintenance Coding,0.109968275,0.0,1.0,0.606,0.04000000000000001,
911,1,0.67,implement CI/CD for data pipelines,Hard,Apply,['in-f4e53c2111bd6d2b'],0.1,0.0,Unknown,1.0,0.0,Quality Assurance & Testing,0.002756834,0.0,1.0,0.67,0.04000000000000001,
912,1,0.675,improve product outcomes,Hard,Create,['in-5869692bb5b2b17a'],0.1,0.0,Unknown,1.0,0.0,Routine Maintenance Coding,0.038728565,0.0,1.0,0.675,0.04000000000000001,
913,1,0.681,improve pneumatic ejection performance,Hard,Create,['in-530771fbfe728d26'],0.1,0.0,Unknown,1.0,0.0,Process Automation & RPA,0.024537925,0.0,1.0,0.681,0.04000000000000001,
914,1,0.715,improve network programmability,Hard,Create,['in-4e3bc9e1167b473b'],0.1,0.0,Unknown,1.0,0.0,Blockchain & Distributed Systems,0.006041169,0.0,1.0,0.715,0.04000000000000001,
915,1,0.68,improve components,Hard,Create,['in-530771fbfe728d26'],0.1,0.0,Unknown,1.0,0.0,Routine Maintenance Coding,0.01046586,0.0,1.0,0.68,0.04000000000000001,
916,1,0.679,implement Windows Autopilot,Hard,Apply,['in-fb45f01ebbc2a223'],0.1,0.0,Unknown,1.0,0.0,Process Automation & RPA,0.018854499,0.0,1.0,0.679,0.04000000000000001,
917,1,0.712,implement solutions,Hard,Apply,['in-a0fcbae76d831775'],0.1,0.0,Unknown,1.0,0.0,Routine Maintenance Coding,0.028046876,0.0,1.0,0.712,0.04000000000000001,
918,1,0.598,implement SCCM Intune co-management,Hard,Evaluate,['in-fb45f01ebbc2a223'],0.1,0.0,Unknown,1.0,0.0,Project Management & Agile Methodologies,0.02472511,0.0,1.0,0.598,0.04000000000000001,
919,1,0.713,implement robust observability,Hard,Apply,['in-366ed5fb266e1ee3'],0.1,0.0,Unknown,1.0,0.0,Resilience & Adaptability,0.03859915,0.0,1.0,0.713,0.04000000000000001,
920,1,0.625,implement robust monitoring,Hard,Analyze,['in-366ed5fb266e1ee3'],0.1,0.0,Unknown,1.0,0.0,Database & Systems Administration,0.009757102,0.0,1.0,0.625,0.04000000000000001,
921,1,0.671,create visual reports,Hard,Create,['in-090a862bf2348484'],0.1,0.0,Unknown,1.0,0.0,Advanced Communication & Collaboration,0.0035795867,0.0,1.0,0.671,0.04000000000000001,
922,1,0.709,create strong documentation,Hard,Create,['in-ebb58af1f32d768c'],0.1,0.0,Unknown,1.0,0.0,Advanced Communication & Collaboration,0.021605939,0.0,1.0,0.709,0.04000000000000001,
923,1,0.675,create strong delivery processes,Hard,Create,['in-35e03ae1caff1780'],0.1,0.0,Unknown,1.0,0.0,Advanced Communication & Collaboration,0.0057899654,0.0,1.0,0.675,0.04000000000000001,
924,1,0.644,create state management,Hard,Create,['in-b96ed15875997926'],0.1,0.0,Unknown,1.0,0.0,Blockchain & Distributed Systems,0.01233612,0.0,1.0,0.644,0.04000000000000001,
925,1,0.665,create SOPs,Hard,Create,['in-fb45f01ebbc2a223'],0.1,0.0,Unknown,1.0,0.0,Legacy Web Development,0.017776385,0.0,1.0,0.665,0.04000000000000001,
926,1,0.696,create robust data models,Hard,Create,['in-b96ed15875997926'],0.1,0.0,Unknown,1.0,0.0,Resilience & Adaptability,0.039187282,0.0,1.0,0.696,0.04000000000000001,
927,1,0.696,create python code,Hard,Create,['in-2b0d7561fe568605'],0.1,0.0,Unknown,1.0,0.0,Routine Maintenance Coding,0.06345397,0.0,1.0,0.696,0.04000000000000001,
928,1,0.668,create Power BI dashboards,Hard,Create,['in-17826d4303fc4d24'],0.1,0.0,Unknown,1.0,0.0,Big Data & Analytics,0.02601038,0.0,1.0,0.668,0.04000000000000001,
929,1,0.675,create paginated reports,Hard,Create,['in-17826d4303fc4d24'],0.1,0.0,Unknown,1.0,0.0,Critical Thinking & Problem Solving,0.012020804,0.0,1.0,0.675,0.04000000000000001,
930,1,0.706,implement robust alerting,Hard,Apply,['in-366ed5fb266e1ee3'],0.1,0.0,Unknown,1.0,0.0,Routine Maintenance Coding,0.04438711,0.0,1.0,0.706,0.04000000000000001,
931,1,0.603,implement process improvements,Hard,Create,['in-a77e7fdadad1bd31'],0.1,0.0,Unknown,1.0,0.0,Routine Maintenance Coding,0.05096975,0.0,1.0,0.603,0.04000000000000001,
932,1,0.639,inform product decisions,Soft,Unknown,['in-4cf5479496e4301e'],0.1,0.0,Unknown,1.0,0.0,Business Analysis & Requirements Engineering,0.042916566,0.0,1.0,0.639,0.04000000000000001,
933,1,0.625,inform marketing strategies,Hard,Evaluate,['in-bbad41219cc740ed'],0.1,0.0,Unknown,1.0,0.0,Digital Platforms & E-commerce,0.034837544,0.0,1.0,0.625,0.04000000000000001,
934,1,0.64,inform campaign decisions,Soft,Unknown,['in-4cf5479496e4301e'],0.1,0.0,Unknown,1.0,0.0,Business Analysis & Requirements Engineering,0.024683058,0.0,1.0,0.64,0.04000000000000001,
935,1,0.617,influence product development,Soft,Unknown,['in-1685751ab1e35ff9'],0.1,0.0,Unknown,1.0,0.0,Advanced Communication & Collaboration,0.025561005,0.0,1.0,0.617,0.04000000000000001,
936,1,0.621,influence decision-making,Soft,Unknown,['in-a7d7380a191d11c4'],0.1,0.0,Unknown,1.0,0.0,Leadership & People Development,0.01596409,0.0,1.0,0.621,0.04000000000000001,
937,1,0.613,influence company strategy,Soft,Unknown,['in-427c59728dce7b1c'],0.1,0.0,Unknown,1.0,0.0,Project Management & Agile Methodologies,0.010824308,0.0,1.0,0.613,0.04000000000000001,
938,1,0.645,increase deployment consistency,Hard,Apply,['in-9da8b8c6e52feb61'],0.1,0.0,Unknown,1.0,0.0,Routine Maintenance Coding,0.046812057,0.0,1.0,0.645,0.04000000000000001,
939,1,0.701,improve Ubuntu,Hard,Create,['in-9378455c1bb091a1'],0.1,0.0,Unknown,1.0,0.0,Routine Maintenance Coding,0.04774694,0.0,1.0,0.701,0.04000000000000001,
940,1,0.707,improve stability,Hard,Create,['in-23d80004b8615742'],0.1,0.0,Unknown,1.0,0.0,Resilience & Adaptability,0.055458114,0.0,1.0,0.707,0.04000000000000001,
941,1,0.671,integrate Intune with other services,Hard,Create,['in-fb45f01ebbc2a223'],0.1,0.0,Unknown,1.0,0.0,Database & Systems Administration,0.06991877,0.0,1.0,0.671,0.04000000000000001,
942,1,0.678,integrate content,Hard,Create,['in-2bf49c3826340f07'],0.1,0.0,Unknown,1.0,0.0,Advanced Communication & Collaboration,0.0075823516,0.0,1.0,0.678,0.04000000000000001,
943,1,0.712,integrate actuators,Hard,Create,['in-17ecef6aa8580020'],0.1,0.0,Unknown,1.0,0.0,Process Automation & RPA,0.045641646,0.0,1.0,0.712,0.04000000000000001,
944,1,0.674,install plugins,Hard,Apply,['in-3556957cea163733'],0.1,0.0,Unknown,1.0,0.0,Legacy Web Development,0.007557884,0.0,1.0,0.674,0.04000000000000001,
945,1,0.7,install audio systems,Hard,Apply,['in-5673cefe021ebc42'],0.1,0.0,Unknown,1.0,0.0,Database & Systems Administration,0.037739173,0.0,1.0,0.7,0.04000000000000001,
946,1,0.696,use data to influence decisions,Hard,Apply,['in-4aab702ede0af613'],0.1,0.0,Unknown,1.0,0.0,Big Data & Analytics,0.055393144,0.0,1.0,0.696,0.04000000000000001,
947,1,0.71,create mechanical components,Hard,Create,['in-4fac46ba90c4b16c'],0.1,0.0,Unknown,1.0,0.0,UX/UI & Digital Design,0.022350445,0.0,1.0,0.71,0.04000000000000001,
948,1,0.715,"create high-performing, sustainable, and award-winning buildings",Hard,Create,['in-97191426cd97dd84'],0.1,0.0,Unknown,1.0,0.0,Environmental & Sustainability Technology,0.04017152,0.0,1.0,0.715,0.04000000000000001,
949,1,0.673,create global offer launch preparation,Hard,Create,['in-cf33fce1da9e5f1f'],0.1,0.0,Unknown,1.0,0.0,Advanced Communication & Collaboration,0.03300059,0.0,1.0,0.673,0.04000000000000001,
950,1,0.673,"create fun, share-worthy moments of reflection",Hard,Create,['in-4e8588b946d21212'],0.1,0.0,Unknown,1.0,0.0,Routine Maintenance Coding,0.018488199,0.0,1.0,0.673,0.04000000000000001,
951,1,0.672,create content,Hard,Create,['in-2bf49c3826340f07'],0.1,0.0,Unknown,1.0,0.0,Legacy Web Development,0.022758171,0.0,1.0,0.672,0.04000000000000001,
952,1,0.702,create CI/CD pipelines,Hard,Create,['in-2b0d7561fe568605'],0.1,0.0,Unknown,1.0,0.0,Quality Assurance & Testing,0.020509183,0.0,1.0,0.702,0.04000000000000001,
953,1,0.699,create business and revenue models,Hard,Create,['in-bc0aa6df2d805b7b'],0.1,0.0,Unknown,1.0,0.0,Business Analysis & Requirements Engineering,0.03536156,0.0,1.0,0.699,0.04000000000000001,
954,1,0.665,create build jobs,Hard,Create,['in-3556957cea163733'],0.1,0.0,Unknown,1.0,0.0,Software Development & Engineering,0.000259161,0.0,1.0,0.665,0.04000000000000001,
955,1,0.731,create application architecture,Hard,Create,['in-b96ed15875997926'],0.1,0.0,Unknown,1.0,0.0,UX/UI & Digital Design,0.015024468,0.0,1.0,0.731,0.04000000000000001,
956,1,0.61,create an inclusive environment,Soft,Unknown,['in-e7722395abd65cf4'],0.1,0.0,Unknown,1.0,0.0,Advanced Communication & Collaboration,0.024705648,0.0,1.0,0.61,0.04000000000000001,
957,1,0.701,debug hardware,Hard,Analyze,['in-c795d5647c5b2fa6'],0.1,0.0,Unknown,1.0,0.0,Routine Maintenance Coding,0.041262373,0.0,1.0,0.701,0.04000000000000001,
958,1,0.606,deal with complex escalated issues,Soft,Unknown,['in-e26b52256be0f85c'],0.1,0.0,Unknown,1.0,0.0,Critical Thinking & Problem Solving,0.012040883,0.0,1.0,0.606,0.04000000000000001,
959,1,0.592,use causal inference methods,Hard,Analyze,['in-02ef051e5141ce4b'],0.1,0.0,Unknown,1.0,0.0,Leadership & People Development,0.011043385,0.0,1.0,0.592,0.04000000000000001,
960,1,0.696,use Bluebeam,Hard,Apply,['in-368b730dfbfb2c56'],0.1,0.0,Unknown,1.0,0.0,Database & Systems Administration,0.01000759,0.0,1.0,0.696,0.04000000000000001,
961,1,0.694,use AutoCAD,Hard,Apply,['in-368b730dfbfb2c56'],0.1,0.0,Unknown,1.0,0.0,UX/UI & Digital Design,0.029316574,0.0,1.0,0.694,0.04000000000000001,
962,1,0.693,use a range of equipment and techniques,Hard,Apply,['in-a7d7380a191d11c4'],0.1,0.0,Unknown,1.0,0.0,Advanced Communication & Collaboration,0.06540313,0.0,1.0,0.693,0.04000000000000001,
963,1,0.592,uphold standards of safety and effectiveness,Hard,Apply,['in-b486754d4fef47b1'],0.1,0.0,Unknown,1.0,0.0,Cybersecurity,0.03657116,0.0,1.0,0.592,0.04000000000000001,
964,1,0.586,update data,Hard,Apply,['in-7e3654818d829d5e'],0.1,0.0,Unknown,1.0,0.0,Routine Maintenance Coding,0.017331868,0.0,1.0,0.586,0.04000000000000001,
965,1,0.622,understand users,Hard,Apply,['in-bbad41219cc740ed'],0.1,0.0,Unknown,1.0,0.0,UX/UI & Digital Design,0.06916109,0.0,1.0,0.622,0.04000000000000001,
966,1,0.6,understand retail operations,Hard,Apply,['in-4ede713a5581ba77'],0.1,0.0,Unknown,1.0,0.0,Digital Platforms & E-commerce,0.019756079,0.0,1.0,0.6,0.04000000000000001,
967,1,0.673,interpret design and production effort,Hard,Create,['in-989af9a20b8f9ee7'],0.1,0.0,Unknown,1.0,0.0,Business Analysis & Requirements Engineering,0.0007740259,0.0,1.0,0.673,0.04000000000000001,
968,1,0.678,interpret complex datasets,Hard,Understand,['in-090a862bf2348484'],0.1,0.0,Unknown,1.0,0.0,Big Data & Analytics,0.0066512227,0.0,1.0,0.678,0.04000000000000001,
969,1,0.634,interface with customers,Soft,Unknown,['in-92e57e0960d0c733'],0.1,0.0,Unknown,1.0,0.0,UX/UI & Digital Design,0.0026247352,0.0,1.0,0.634,0.04000000000000001,
970,1,0.66,interface with business continuity plan management,Hard,Create,['in-9f929fe6c651de14'],0.1,0.0,Unknown,1.0,0.0,Business Analysis & Requirements Engineering,0.064198524,0.0,1.0,0.66,0.04000000000000001,
971,1,0.61,interact with managed service providers,Soft,Unknown,['in-9da8b8c6e52feb61'],0.1,0.0,Unknown,1.0,0.0,Database & Systems Administration,0.0017496347,0.0,1.0,0.61,0.04000000000000001,
972,1,0.672,integrate with source control systems,Hard,Create,['in-3556957cea163733'],0.1,0.0,Unknown,1.0,0.0,Advanced Communication & Collaboration,0.011659503,0.0,1.0,0.672,0.04000000000000001,
973,1,0.704,integrate with REST/GraphQL APIs,Hard,Create,['in-b96ed15875997926'],0.1,0.0,Unknown,1.0,0.0,Database & Systems Administration,0.03193246,0.0,1.0,0.704,0.04000000000000001,
974,1,0.668,integrate with other tools,Hard,Create,['in-3556957cea163733'],0.1,0.0,Unknown,1.0,0.0,Database & Systems Administration,0.006673634,0.0,1.0,0.668,0.04000000000000001,
975,1,0.668,integrate with APIs,Hard,Create,['in-f8b6585374a18460'],0.1,0.0,Unknown,1.0,0.0,Database & Systems Administration,0.0010174513,0.0,1.0,0.668,0.04000000000000001,
976,1,0.705,integrate valves,Hard,Create,['in-17ecef6aa8580020'],0.1,0.0,Unknown,1.0,0.0,Process Automation & RPA,0.006248787,0.0,1.0,0.705,0.04000000000000001,
977,1,0.707,integrate sensors,Hard,Create,['in-17ecef6aa8580020'],0.1,0.0,Unknown,1.0,0.0,AI & Machine Learning,0.006161079,0.0,1.0,0.707,0.04000000000000001,
978,1,0.715,integrate mathematical research,Hard,Create,['in-4fac46ba90c4b16c'],0.1,0.0,Unknown,1.0,0.0,Big Data & Analytics,0.0072535127,0.0,1.0,0.715,0.04000000000000001,
979,1,0.571,lead forecasting,Hard,Apply,['in-871bae54762204ea'],0.1,0.0,Unknown,1.0,0.0,AI & Machine Learning,0.024793357,0.0,1.0,0.571,0.04000000000000001,
980,1,0.594,lead financial modeling,Hard,Create,['in-871bae54762204ea'],0.1,0.0,Unknown,1.0,0.0,Blockchain & Distributed Systems,0.015441462,0.0,1.0,0.594,0.04000000000000001,
981,1,0.6,work in moderate to loud noise levels,Soft,Unknown,['in-a0c45f0fdfea2762'],0.1,0.0,Unknown,1.0,0.0,Resilience & Adaptability,0.03687711,0.0,1.0,0.6,0.04000000000000001,
982,1,0.629,work in ambiguity,Soft,Unknown,['in-4e8588b946d21212'],0.1,0.0,Unknown,1.0,0.0,Advanced Communication & Collaboration,0.009418607,0.0,1.0,0.629,0.04000000000000001,
983,1,0.606,work in a creative fast-paced environment,Soft,Unknown,['in-ded3a3347d3bcae7'],0.1,0.0,Unknown,1.0,0.0,Routine Maintenance Coding,0.00999549,0.0,1.0,0.606,0.04000000000000001,
984,1,0.631,work in a close-knit family atmosphere,Soft,Unknown,['in-53f9dbfe59309995'],0.1,0.0,Unknown,1.0,0.0,Resilience & Adaptability,0.037331924,0.0,1.0,0.631,0.04000000000000001,
985,1,0.608,"work evenings, weekends, holidays, and special events",Soft,Unknown,['in-a0c45f0fdfea2762'],0.1,0.0,Unknown,1.0,0.0,Routine Maintenance Coding,0.01066035,0.0,1.0,0.608,0.04000000000000001,
986,1,0.603,work evenings and weekends for events,Soft,Unknown,['in-5673cefe021ebc42'],0.1,0.0,Unknown,1.0,0.0,Advanced Communication & Collaboration,0.0038381815,0.0,1.0,0.603,0.04000000000000001,
987,1,0.716,create out-of-the-box observability,Hard,Create,['in-0250e3c3a534c646'],0.1,0.0,Unknown,1.0,0.0,Human-AI Collaboration,0.008403972,0.0,1.0,0.716,0.04000000000000001,
988,1,0.596,lead a stream of work,Soft,Unknown,['in-bc0aa6df2d805b7b'],0.1,0.0,Unknown,1.0,0.0,Advanced Communication & Collaboration,0.0069873333,0.0,1.0,0.596,0.04000000000000001,
989,1,0.629,lead a group of applied scientists,Soft,Unknown,['in-e4187db23d86d9a0'],0.1,0.0,Unknown,1.0,0.0,Leadership & People Development,0.013100371,0.0,1.0,0.629,0.04000000000000001,
990,1,0.639,lead planning capability,Soft,Unknown,['in-37ed4cd194d9bd61'],0.1,0.0,Unknown,1.0,0.0,Project Management & Agile Methodologies,0.012207061,0.0,1.0,0.639,0.04000000000000001,
991,1,0.597,lead performance analysis,Hard,Apply,['in-871bae54762204ea'],0.1,0.0,Unknown,1.0,0.0,Leadership & People Development,0.0126861185,0.0,1.0,0.597,0.04000000000000001,
992,1,0.702,lead mechanical design,Hard,Create,['in-193d18c2574de4de'],0.1,0.0,Unknown,1.0,0.0,UX/UI & Digital Design,0.0138397515,0.0,1.0,0.702,0.04000000000000001,
993,1,0.601,lead large features from idea to launch,Soft,Unknown,['in-c537f69349c9b14d'],0.1,0.0,Unknown,1.0,0.0,Advanced Communication & Collaboration,0.014662743,0.0,1.0,0.601,0.04000000000000001,
994,1,0.617,lead investigations,Soft,Unknown,['in-23d80004b8615742'],0.1,0.0,Unknown,1.0,0.0,Leadership & People Development,0.034133315,0.0,1.0,0.617,0.04000000000000001,
995,1,0.57,lead forecasting efforts,Hard,Apply,['in-02ef051e5141ce4b'],0.1,0.0,Unknown,1.0,0.0,Leadership & People Development,0.004968196,0.0,1.0,0.57,0.04000000000000001,
996,1,0.684,lead with empathy,Soft,Unknown,['in-b2a73f3ed5db96fc'],0.1,0.0,Unknown,1.0,0.0,Leadership & People Development,0.03386426,0.0,1.0,0.684,0.04000000000000001,
997,1,0.619,lead VXLAN deployments,Hard,Apply,['in-2f5b3f13e615982a'],0.1,0.0,Unknown,1.0,0.0,UX/UI & Digital Design,0.009494469,0.0,1.0,0.619,0.04000000000000001,
998,1,0.7,create a polished office environment,Hard,Create,['in-ded3a3347d3bcae7'],0.1,0.0,Unknown,1.0,0.0,Legacy Web Development,0.0024089515,0.0,1.0,0.7,0.04000000000000001,
999,1,0.622,craft benchmarks,Hard,Analyze,['in-23d80004b8615742'],0.1,0.0,Unknown,1.0,0.0,Routine Maintenance Coding,0.009606913,0.0,1.0,0.622,0.04000000000000001,
1000,1,0.586,"craft a polished, dynamic mobile UI",Hard,Apply,['in-b96ed15875997926'],0.1,0.0,Unknown,1.0,0.0,Legacy Web Development,0.0066583455,0.0,1.0,0.586,0.04000000000000001,
1001,1,0.64,coordinate with suppliers,Soft,Unknown,['in-9f929fe6c651de14'],0.1,0.0,Unknown,1.0,0.0,Digital Platforms & E-commerce,0.007214457,0.0,1.0,0.64,0.04000000000000001,
1002,1,0.639,coordinate with shippers,Soft,Unknown,['in-9f929fe6c651de14'],0.1,0.0,Unknown,1.0,0.0,Advanced Communication & Collaboration,0.048519116,0.0,1.0,0.639,0.04000000000000001,
1003,1,0.644,coordinate with electricians,Soft,Unknown,['in-9f929fe6c651de14'],0.1,0.0,Unknown,1.0,0.0,UX/UI & Digital Design,0.01686769,0.0,1.0,0.644,0.04000000000000001,
1004,1,0.61,coordinate with building management and vendors,Soft,Unknown,['in-ded3a3347d3bcae7'],0.1,0.0,Unknown,1.0,0.0,Advanced Communication & Collaboration,0.0039853454,0.0,1.0,0.61,0.04000000000000001,
1005,1,0.569,coordinate with asset management,Hard,Apply,['in-9f929fe6c651de14'],0.1,0.0,Unknown,1.0,0.0,Project Management & Agile Methodologies,0.04760757,0.0,1.0,0.569,0.04000000000000001,
1006,1,0.605,coordinate tasks in a fast-paced setting,Soft,Unknown,['in-ded3a3347d3bcae7'],0.1,0.0,Unknown,1.0,0.0,Human-AI Collaboration,0.014029965,0.0,1.0,0.605,0.04000000000000001,
1007,1,0.635,coordinate support within a division,Soft,Unknown,['in-67e6b59a925f7a89'],0.1,0.0,Unknown,1.0,0.0,Cybersecurity,0.0142834615,0.0,1.0,0.635,0.04000000000000001,
1008,1,0.604,work in remote mine sites with significant diversity,Soft,Unknown,['in-0fcfe59aff7d7b19'],0.1,0.0,Unknown,1.0,0.0,Advanced Communication & Collaboration,0.089600176,0.0,1.0,0.604,0.04000000000000001,
1009,1,0.617,lead technical investigations,Soft,Unknown,['in-23d80004b8615742'],0.1,0.0,Unknown,1.0,0.0,Advanced Communication & Collaboration,0.03470224,0.0,1.0,0.617,0.04000000000000001,
1010,1,0.699,lead solution design,Hard,Create,['in-3a25de1e948c9510'],0.1,0.0,Unknown,1.0,0.0,Advanced Communication & Collaboration,0.031046093,0.0,1.0,0.699,0.04000000000000001,
1011,1,0.645,lead solution architecture,Hard,Create,['in-92e57e0960d0c733'],0.1,0.0,Unknown,1.0,0.0,Advanced Communication & Collaboration,0.0061315596,0.0,1.0,0.645,0.04000000000000001,
1012,1,0.632,lead Severe Storm planning,Soft,Unknown,['in-9f929fe6c651de14'],0.1,0.0,Unknown,1.0,0.0,Project Management & Agile Methodologies,0.08099395,0.0,1.0,0.632,0.04000000000000001,
1013,1,0.597,lead ServiceNow programme delivery,Hard,Create,['in-30cac704112e9e05'],0.1,0.0,Unknown,1.0,0.0,Advanced Communication & Collaboration,0.024492785,0.0,1.0,0.597,0.04000000000000001,
1014,1,0.564,leverage SQL for solutions,Hard,Apply,['in-8c46863a1ce899a0'],0.1,0.0,Unknown,1.0,0.0,Routine Maintenance Coding,0.038020477,0.0,1.0,0.564,0.04000000000000001,
1015,1,0.567,leverage Python for solutions,Hard,Apply,['in-8c46863a1ce899a0'],0.1,0.0,Unknown,1.0,0.0,Routine Maintenance Coding,0.02701208,0.0,1.0,0.567,0.04000000000000001,
1016,1,0.564,leverage MS Purview,Hard,Apply,['in-17826d4303fc4d24'],0.1,0.0,Unknown,1.0,0.0,Business Analysis & Requirements Engineering,0.008970737,0.0,1.0,0.564,0.04000000000000001,
1017,1,0.592,"leverage Java to deliver reliable, scalable solutions",Hard,Apply,['in-8b3ede5765e5e1c9'],0.1,0.0,Unknown,1.0,0.0,Routine Maintenance Coding,0.03544873,0.0,1.0,0.592,0.04000000000000001,
1018,1,0.597,coordinate shipments and deliveries,Hard,Apply,['in-ded3a3347d3bcae7'],0.1,0.0,Unknown,1.0,0.0,Advanced Communication & Collaboration,0.009236515,0.0,1.0,0.597,0.04000000000000001,
1019,1,0.617,coordinate releases,Soft,Unknown,['in-9da8b8c6e52feb61'],0.1,0.0,Unknown,1.0,0.0,Routine Maintenance Coding,0.020187914,0.0,1.0,0.617,0.04000000000000001,
1020,1,0.645,coordinate projects,Soft,Unknown,['in-989af9a20b8f9ee7'],0.1,0.0,Unknown,1.0,0.0,Advanced Communication & Collaboration,0.012328446,0.0,1.0,0.645,0.04000000000000001,
1021,1,0.681,coordinate program execution,Hard,Create,['in-9be994077c46b7ef'],0.1,0.0,Unknown,1.0,0.0,Database & Systems Administration,0.004116997,0.0,1.0,0.681,0.04000000000000001,
1022,1,0.649,coordinate people-related projects,Soft,Unknown,['in-cc977b538c3a4a86'],0.1,0.0,Unknown,1.0,0.0,Leadership & People Development,0.0030456185,0.0,1.0,0.649,0.04000000000000001,
1023,1,0.6,coordinate office activities,Hard,Apply,['in-ded3a3347d3bcae7'],0.1,0.0,Unknown,1.0,0.0,Advanced Communication & Collaboration,0.037071988,0.0,1.0,0.6,0.04000000000000001,
1024,1,0.61,coordinate junior staff,Soft,Unknown,['in-97191426cd97dd84'],0.1,0.0,Unknown,1.0,0.0,Advanced Communication & Collaboration,0.0068695545,0.0,1.0,0.61,0.04000000000000001,
1025,1,0.637,coordinate design and production effort,Soft,Unknown,['in-989af9a20b8f9ee7'],0.1,0.0,Unknown,1.0,0.0,UX/UI & Digital Design,0.012302607,0.0,1.0,0.637,0.04000000000000001,
1026,1,0.636,coordinate badging at location,Soft,Unknown,['in-9f929fe6c651de14'],0.1,0.0,Unknown,1.0,0.0,Project Management & Agile Methodologies,0.0072908886,0.0,1.0,0.636,0.04000000000000001,
1027,1,0.702,convert inbound interest into pipeline,Hard,Understand,['in-29a1ec53620be6a8'],0.1,0.0,Unknown,1.0,0.0,Business Analysis & Requirements Engineering,0.0056371093,0.0,1.0,0.702,0.04000000000000001,
1028,1,0.674,leverage data to showcase transformational value,Hard,Evaluate,['in-4e8588b946d21212'],0.1,0.0,Unknown,1.0,0.0,Advanced Communication & Collaboration,0.0017070472,0.0,1.0,0.674,0.04000000000000001,
1029,1,0.638,learn plant design,Hard,Create,['in-2dbe2c923e947b35'],0.1,0.0,Unknown,1.0,0.0,UX/UI & Digital Design,0.02501592,0.0,1.0,0.638,0.04000000000000001,
1030,1,0.627,learn from each other,Soft,Unknown,['in-31a68bf771762bbc'],0.1,0.0,Unknown,1.0,0.0,Resilience & Adaptability,0.012858793,0.0,1.0,0.627,0.04000000000000001,
1031,1,0.7,maintain AV equipment,Hard,Analyze,['in-a365d58724aaf9f6'],0.1,0.0,Unknown,1.0,0.0,Routine Maintenance Coding,0.07229693,0.0,1.0,0.7,0.04000000000000001,
1032,1,0.7,maintain appearance of shared spaces,Hard,Apply,['in-ded3a3347d3bcae7'],0.1,0.0,Unknown,1.0,0.0,Cloud Computing & Infrastructure,0.0014433786,0.0,1.0,0.7,0.04000000000000001,
1033,1,0.673,maintain additional rack power,Hard,Analyze,['in-9f929fe6c651de14'],0.1,0.0,Unknown,1.0,0.0,Resilience & Adaptability,0.051621422,0.0,1.0,0.673,0.04000000000000001,
1034,1,0.561,look after network and tools,Hard,Apply,['in-dca34ad867616996'],0.1,0.0,Unknown,1.0,0.0,Database & Systems Administration,0.056435317,0.0,1.0,0.561,0.04000000000000001,
1035,1,0.569,license content,Hard,Apply,['in-2bf49c3826340f07'],0.1,0.0,Unknown,1.0,0.0,Legacy Web Development,0.027635947,0.0,1.0,0.569,0.04000000000000001,
1036,1,0.591,maintain inventory levels in supply chain,Hard,Create,['in-189e4607c218da31'],0.1,0.0,Unknown,1.0,0.0,Database & Systems Administration,0.022339433,0.0,1.0,0.591,0.04000000000000001,
1037,1,0.605,maintain high attention to detail,Soft,Unknown,['in-ed82d490e0401f2c'],0.1,0.0,Unknown,1.0,0.0,Routine Maintenance Coding,0.13420649,0.0,1.0,0.605,0.04000000000000001,
1038,1,0.612,maintain flexibility in scheduling,Soft,Unknown,['in-a0c45f0fdfea2762'],0.1,0.0,Unknown,1.0,0.0,Routine Maintenance Coding,0.06360865,0.0,1.0,0.612,0.04000000000000001,
1039,1,0.638,maintain exceptional attention to detail,Soft,Unknown,['in-9be994077c46b7ef'],0.1,0.0,Unknown,1.0,0.0,Routine Maintenance Coding,0.12413546,0.0,1.0,0.638,0.04000000000000001,
1040,1,0.679,conduct experiment analyses,Hard,Apply,['in-4cf5479496e4301e'],0.1,0.0,Unknown,1.0,0.0,UX/UI & Digital Design,0.020080045,0.0,1.0,0.679,0.04000000000000001,
1041,1,0.601,conduct deep-dive competency interviews,Hard,Apply,['in-4aab702ede0af613'],0.1,0.0,Unknown,1.0,0.0,Business Analysis & Requirements Engineering,0.0066600144,0.0,1.0,0.601,0.04000000000000001,
1042,1,0.613,conduct customer discovery,Soft,Unknown,['in-0203fddefc4a7b12'],0.1,0.0,Unknown,1.0,0.0,Business Analysis & Requirements Engineering,0.035803318,0.0,1.0,0.613,0.04000000000000001,
1043,1,0.597,contribute to process improvements,Hard,Create,['in-1021728769a1b1b3'],0.1,0.0,Unknown,1.0,0.0,Routine Maintenance Coding,0.0419434,0.0,1.0,0.597,0.04000000000000001,
1044,1,0.564,contribute to pre-sales and bids,Hard,Apply,['in-4249d42ce8b49e38'],0.1,0.0,Unknown,1.0,0.0,Advanced Communication & Collaboration,0.025169343,0.0,1.0,0.564,0.04000000000000001,
1045,1,0.617,contribute to frontend architecture,Hard,Create,['in-6818c9f518bb5702'],0.1,0.0,Unknown,1.0,0.0,Legacy Web Development,0.035491273,0.0,1.0,0.617,0.04000000000000001,
1046,1,0.592,contribute to data validation,Hard,Apply,['in-2343dce8f94f0a1c'],0.1,0.0,Unknown,1.0,0.0,Routine Data Entry & Clerical,0.10948402,0.0,1.0,0.592,0.04000000000000001,
1047,1,0.595,contribute to adoption activities,Hard,Apply,['in-2343dce8f94f0a1c'],0.1,0.0,Unknown,1.0,0.0,Leadership & People Development,0.013943583,0.0,1.0,0.595,0.04000000000000001,
1048,1,0.678,continuously improve processes to support scalability,Hard,Create,['in-530771fbfe728d26'],0.1,0.0,Unknown,1.0,0.0,Routine Maintenance Coding,0.028277695,0.0,1.0,0.678,0.04000000000000001,
1049,1,0.679,maintain consistency across product ecosystem,Hard,Analyze,['in-5869692bb5b2b17a'],0.1,0.0,Unknown,1.0,0.0,Routine Maintenance Coding,0.00022760034,0.0,1.0,0.679,0.04000000000000001,
1050,1,0.619,make automated network changes,Hard,Create,['in-4e3bc9e1167b473b'],0.1,0.0,Unknown,1.0,0.0,Routine Maintenance Coding,0.0025634915,0.0,1.0,0.619,0.04000000000000001,
1051,1,0.6,make an impact that matters,Soft,Unknown,['in-fbb699e18d37f468'],0.1,0.0,Unknown,1.0,0.0,Resilience & Adaptability,0.056575336,0.0,1.0,0.6,0.04000000000000001,
1052,1,0.599,make an impact at every level of society,Soft,Unknown,['in-655d9866cfe91a28'],0.1,0.0,Unknown,1.0,0.0,Leadership & People Development,0.035704672,0.0,1.0,0.599,0.04000000000000001,
1053,1,0.628,make a positive impact,Soft,Unknown,['in-120cae709fd91b6b'],0.1,0.0,Unknown,1.0,0.0,Resilience & Adaptability,0.111359626,0.0,1.0,0.628,0.04000000000000001,
1054,1,0.714,maintain scalability,Hard,Analyze,['in-e7722395abd65cf4'],0.1,0.0,Unknown,1.0,0.0,Resilience & Adaptability,0.006632656,0.0,1.0,0.714,0.04000000000000001,
1055,1,0.676,maintain records,Hard,Analyze,['in-9f929fe6c651de14'],0.1,0.0,Unknown,1.0,0.0,Routine Data Entry & Clerical,0.03269452,0.0,1.0,0.676,0.04000000000000001,
1056,1,0.621,maintain professional boundaries,Soft,Unknown,['in-63be0cc7d27e5935'],0.1,0.0,Unknown,1.0,0.0,Advanced Communication & Collaboration,0.011526287,0.0,1.0,0.621,0.04000000000000001,
1057,1,0.713,maintain production efficiency,Hard,Analyze,['in-e26b52256be0f85c'],0.1,0.0,Unknown,1.0,0.0,Environmental & Sustainability Technology,0.082028836,0.0,1.0,0.713,0.04000000000000001,
1058,1,0.714,maintain performance,Hard,Analyze,['in-e7722395abd65cf4'],0.1,0.0,Unknown,1.0,0.0,Routine Maintenance Coding,0.053694353,0.0,1.0,0.714,0.04000000000000001,
1059,1,0.671,maintain ML pipelines,Hard,Analyze,['in-21f3b05871873683'],0.1,0.0,Unknown,1.0,0.0,AI & Machine Learning,0.027817667,0.0,1.0,0.671,0.04000000000000001,
1060,1,0.705,maintain leading class security practices,Hard,Analyze,['in-bae8b479625db1b2'],0.1,0.0,Unknown,1.0,0.0,Cybersecurity,0.04193738,0.0,1.0,0.705,0.04000000000000001,
1061,1,0.674,manage clinic schedules,Hard,Apply,['in-67e6b59a925f7a89'],0.1,0.0,Unknown,1.0,0.0,Routine Data Entry & Clerical,0.03557974,0.0,1.0,0.674,0.04000000000000001,
1062,1,0.67,manage client relationships,Soft,Unknown,['in-b4af93f913150cac'],0.1,0.0,Unknown,1.0,0.0,Advanced Communication & Collaboration,0.03321956,0.0,1.0,0.67,0.04000000000000001,
1063,1,0.606,manage client issues,Soft,Unknown,['in-b4af93f913150cac'],0.1,0.0,Unknown,1.0,0.0,Routine Maintenance Coding,0.04981792,0.0,1.0,0.606,0.04000000000000001,
1064,1,0.676,manage calendars,Hard,Apply,['in-67e6b59a925f7a89'],0.1,0.0,Unknown,1.0,0.0,Database & Systems Administration,0.014692068,0.0,1.0,0.676,0.04000000000000001,
1065,1,0.604,manage backup plans,Soft,Unknown,['in-9da8b8c6e52feb61'],0.1,0.0,Unknown,1.0,0.0,Project Management & Agile Methodologies,0.04058686,0.0,1.0,0.604,0.04000000000000001,
1066,1,0.644,manage alerting,Hard,Apply,['in-a0fcbae76d831775'],0.1,0.0,Unknown,1.0,0.0,Routine Maintenance Coding,0.017762661,0.0,1.0,0.644,0.04000000000000001,
1067,1,0.611,manage agency purchasing,Soft,Unknown,['in-7c6b469bd3c32c83'],0.1,0.0,Unknown,1.0,0.0,Digital Platforms & E-commerce,0.09780869,0.0,1.0,0.611,0.04000000000000001,
1068,1,0.612,manage agency contracting,Soft,Unknown,['in-7c6b469bd3c32c83'],0.1,0.0,Unknown,1.0,0.0,Advanced Communication & Collaboration,0.0032676458,0.0,1.0,0.612,0.04000000000000001,
1069,1,0.614,"make practical, real-world decisions",Soft,Unknown,['in-9e8b8167a52cb05c'],0.1,0.0,Unknown,1.0,0.0,Routine Maintenance Coding,0.007095292,0.0,1.0,0.614,0.04000000000000001,
1070,1,0.601,make observability effortless,Hard,Apply,['in-0250e3c3a534c646'],0.1,0.0,Unknown,1.0,0.0,Resilience & Adaptability,0.03625895,0.0,1.0,0.601,0.04000000000000001,
1071,1,0.589,make minor adjustments to process,Hard,Apply,['in-a778ff74a3735980'],0.1,0.0,Unknown,1.0,0.0,Routine Maintenance Coding,0.110391885,0.0,1.0,0.589,0.04000000000000001,
1072,1,0.617,make meaningful contributions,Soft,Unknown,['in-9e8b8167a52cb05c'],0.1,0.0,Unknown,1.0,0.0,Resilience & Adaptability,0.027026057,0.0,1.0,0.617,0.04000000000000001,
1073,1,0.617,"make digital products more intuitive, easy to use, and aesthetically pleasing",Hard,Apply,['in-6a0c6e81b38e7258'],0.1,0.0,Unknown,1.0,0.0,UX/UI & Digital Design,0.034265906,0.0,1.0,0.617,0.04000000000000001,
1074,1,0.611,manage heat transfer applications,Soft,Unknown,['in-17ecef6aa8580020'],0.1,0.0,Unknown,1.0,0.0,Advanced Communication & Collaboration,0.0025633276,0.0,1.0,0.611,0.04000000000000001,
1075,1,0.68,manage forecasting,Hard,Apply,['in-189e4607c218da31'],0.1,0.0,Unknown,1.0,0.0,Database & Systems Administration,0.018862665,0.0,1.0,0.68,0.04000000000000001,
1076,1,0.607,manage failover plans,Soft,Unknown,['in-9da8b8c6e52feb61'],0.1,0.0,Unknown,1.0,0.0,Project Management & Agile Methodologies,0.012707382,0.0,1.0,0.607,0.04000000000000001,
1077,1,0.613,manage facility operations,Soft,Unknown,['in-7c6b469bd3c32c83'],0.1,0.0,Unknown,1.0,0.0,Database & Systems Administration,0.03640181,0.0,1.0,0.613,0.04000000000000001,
1078,1,0.621,manage enterprise-grade networks,Soft,Unknown,['in-2f5b3f13e615982a'],0.1,0.0,Unknown,1.0,0.0,Advanced Communication & Collaboration,0.0051242113,0.0,1.0,0.621,0.04000000000000001,
1079,1,0.707,manage employee engagement,Hard,Apply,['in-7e3654818d829d5e'],0.1,0.0,Unknown,1.0,0.0,Advanced Communication & Collaboration,0.04653111,0.0,1.0,0.707,0.04000000000000001,
1080,1,0.674,manage device lifecycle,Hard,Apply,['in-fb45f01ebbc2a223'],0.1,0.0,Unknown,1.0,0.0,Routine Maintenance Coding,0.07208535,0.0,1.0,0.674,0.04000000000000001,
1081,1,0.593,manage demand planning,Hard,Create,['in-189e4607c218da31'],0.1,0.0,Unknown,1.0,0.0,Project Management & Agile Methodologies,0.018827215,0.0,1.0,0.593,0.04000000000000001,
1082,1,0.641,manage delivery governance,Soft,Unknown,['in-30cac704112e9e05'],0.1,0.0,Unknown,1.0,0.0,Advanced Communication & Collaboration,0.011461705,0.0,1.0,0.641,0.04000000000000001,
1083,1,0.674,manage customer service,Hard,Apply,['in-189e4607c218da31'],0.1,0.0,Unknown,1.0,0.0,Database & Systems Administration,0.030732006,0.0,1.0,0.674,0.04000000000000001,
1084,1,0.61,communicate clearly and effectively with guests,Soft,Unknown,['in-a0c45f0fdfea2762'],0.1,0.0,Unknown,1.0,0.0,Advanced Communication & Collaboration,0.081423745,0.0,1.0,0.61,0.04000000000000001,
1085,1,0.61,context switch across multiple projects,Soft,Unknown,['in-12e4e1edda8ca7ae'],0.1,0.0,Unknown,1.0,0.0,Advanced Communication & Collaboration,0.007315561,0.0,1.0,0.61,0.04000000000000001,
1086,1,0.675,connect tenant platforms,Hard,Apply,['in-e1f6fb04d77bbcd3'],0.1,0.0,Unknown,1.0,0.0,Digital Platforms & E-commerce,0.05198635,0.0,1.0,0.675,0.04000000000000001,
1087,1,0.648,connect property management systems,Hard,Apply,['in-e1f6fb04d77bbcd3'],0.1,0.0,Unknown,1.0,0.0,Database & Systems Administration,0.013968408,0.0,1.0,0.648,0.04000000000000001,
1088,1,0.595,connect building operations data,Hard,Create,['in-e1f6fb04d77bbcd3'],0.1,0.0,Unknown,1.0,0.0,Routine Data Entry & Clerical,0.027873904,0.0,1.0,0.595,0.04000000000000001,
1089,1,0.591,configure Windows Update for Business via Intune,Hard,Evaluate,['in-fb45f01ebbc2a223'],0.1,0.0,Unknown,1.0,0.0,Database & Systems Administration,0.0063786805,0.0,1.0,0.591,0.04000000000000001,
1090,1,0.602,work in a smoking environment,Soft,Unknown,['in-a0c45f0fdfea2762'],0.1,0.0,Unknown,1.0,0.0,Resilience & Adaptability,0.057232738,0.0,1.0,0.602,0.04000000000000001,
1091,1,0.598,configure Intune security baselines,Hard,Evaluate,['in-fb45f01ebbc2a223'],0.1,0.0,Unknown,1.0,0.0,Cybersecurity,0.095575705,0.0,1.0,0.598,0.04000000000000001,
1092,1,0.602,configure Intune configuration profiles,Hard,Evaluate,['in-fb45f01ebbc2a223'],0.1,0.0,Unknown,1.0,0.0,Database & Systems Administration,0.029949859,0.0,1.0,0.602,0.04000000000000001,
1093,1,0.599,configure Intune compliance policies,Hard,Evaluate,['in-fb45f01ebbc2a223'],0.1,0.0,Unknown,1.0,0.0,Routine Maintenance Coding,0.0031141788,0.0,1.0,0.599,0.04000000000000001,
1094,1,0.674,manage releases,Hard,Apply,['in-75f30913de1b7459'],0.1,0.0,Unknown,1.0,0.0,Database & Systems Administration,0.0027672946,0.0,1.0,0.674,0.04000000000000001,
1095,1,0.675,manage relationships,Soft,Unknown,['in-2bf49c3826340f07'],0.1,0.0,Unknown,1.0,0.0,Database & Systems Administration,0.022656024,0.0,1.0,0.675,0.04000000000000001,
1096,1,0.71,manage performance,Hard,Apply,['in-7e3654818d829d5e'],0.1,0.0,Unknown,1.0,0.0,Database & Systems Administration,0.049988434,0.0,1.0,0.71,0.04000000000000001,
1097,1,0.701,manage payroll,Hard,Apply,['in-7e3654818d829d5e'],0.1,0.0,Unknown,1.0,0.0,Routine Data Entry & Clerical,0.041751355,0.0,1.0,0.701,0.04000000000000001,
1098,1,0.644,manage organisational change,Soft,Unknown,['in-30cac704112e9e05'],0.1,0.0,Unknown,1.0,0.0,Project Management & Agile Methodologies,9.319186e-05,0.0,1.0,0.644,0.04000000000000001,
1099,1,0.703,manage network switches,Hard,Apply,['in-b717309a36d86a55'],0.1,0.0,Unknown,1.0,0.0,Project Management & Agile Methodologies,0.00892216,0.0,1.0,0.703,0.04000000000000001,
1100,1,0.613,manage multiple priorities,Soft,Unknown,['in-ded3a3347d3bcae7'],0.1,0.0,Unknown,1.0,0.0,Project Management & Agile Methodologies,0.0148757845,0.0,1.0,0.613,0.04000000000000001,
1101,1,0.675,manage learner schedules,Hard,Apply,['in-67e6b59a925f7a89'],0.1,0.0,Unknown,1.0,0.0,Routine Maintenance Coding,0.008253977,0.0,1.0,0.675,0.04000000000000001,
1102,1,0.615,manage inventory management,Soft,Unknown,['in-189e4607c218da31'],0.1,0.0,Unknown,1.0,0.0,Database & Systems Administration,0.030866012,0.0,1.0,0.615,0.04000000000000001,
1103,1,0.649,understand reporting requirements,Soft,Unknown,['in-17826d4303fc4d24'],0.1,0.0,Unknown,1.0,0.0,Routine Data Entry & Clerical,0.0066384375,0.0,1.0,0.649,0.04000000000000001,
1104,1,0.605,understand needs of end customers,Soft,Unknown,['in-acd852647e0ad998'],0.1,0.0,Unknown,1.0,0.0,Business Analysis & Requirements Engineering,0.07421628,0.0,1.0,0.605,0.04000000000000001,
1105,1,0.636,understand local customs and practices,Soft,Unknown,['in-189e4607c218da31'],0.1,0.0,Unknown,1.0,0.0,Advanced Communication & Collaboration,0.016421244,0.0,1.0,0.636,0.04000000000000001,
1106,1,0.596,understand context in virtual environments,Hard,Apply,['in-18c592689d7d0491'],0.1,0.0,Unknown,1.0,0.0,UX/UI & Digital Design,0.019559637,0.0,1.0,0.596,0.04000000000000001,
1107,1,0.573,uncover actionable insights,Hard,Apply,['in-6c717e860c5e6516'],0.1,0.0,Unknown,1.0,0.0,Advanced Communication & Collaboration,0.017651796,0.0,1.0,0.573,0.04000000000000001,
1108,1,0.603,turn vision into exceptional places to live,Soft,Unknown,['in-a48e951226650184'],0.1,0.0,Unknown,1.0,0.0,Resilience & Adaptability,0.082589224,0.0,1.0,0.603,0.04000000000000001,
1109,1,0.603,act with intention,Soft,Unknown,['in-b2a73f3ed5db96fc'],0.1,0.0,Unknown,1.0,0.0,Human-AI Collaboration,0.007941447,0.0,1.0,0.603,0.04000000000000001,
1110,1,0.588,turn raw multichannel audio into bearings and alerts,Hard,Apply,['in-bfc96d1f328a3175'],0.1,0.0,Unknown,1.0,0.0,Advanced Communication & Collaboration,0.0033522695,0.0,1.0,0.588,0.04000000000000001,
1111,1,0.714,troubleshoot systems,Hard,Apply,['in-92e57e0960d0c733'],0.1,0.0,Unknown,1.0,0.0,Database & Systems Administration,0.00077709556,0.0,1.0,0.714,0.04000000000000001,
1112,1,0.677,troubleshoot power issues,Hard,Apply,['in-9f929fe6c651de14'],0.1,0.0,Unknown,1.0,0.0,Legacy Web Development,0.00046171993,0.0,1.0,0.677,0.04000000000000001,
1113,1,0.628,maximize resource development,Hard,Create,['in-b717309a36d86a55'],0.1,0.0,Unknown,1.0,0.0,Resilience & Adaptability,0.014401376,0.0,1.0,0.628,0.04000000000000001,
1114,1,0.702,map out competitor sales organisations,Hard,Understand,['in-4aab702ede0af613'],0.1,0.0,Unknown,1.0,0.0,Digital Platforms & E-commerce,0.050324112,0.0,1.0,0.702,0.04000000000000001,
1115,1,0.613,act independently,Soft,Unknown,['in-9e8b8167a52cb05c'],0.1,0.0,Unknown,1.0,0.0,Resilience & Adaptability,0.017888233,0.0,1.0,0.613,0.04000000000000001,
1116,1,0.631,comply with health and safety measures,Soft,Unknown,['in-67e6b59a925f7a89'],0.1,0.0,Unknown,1.0,0.0,Routine Maintenance Coding,0.018204913,0.0,1.0,0.631,0.04000000000000001,
1117,1,0.608,act fearlessly,Soft,Unknown,['in-e7722395abd65cf4'],0.1,0.0,Unknown,1.0,0.0,Resilience & Adaptability,0.1254535,0.0,1.0,0.608,0.04000000000000001,
1118,1,0.613,communicate with precision,Soft,Unknown,['in-c795d5647c5b2fa6'],0.1,0.0,Unknown,1.0,0.0,Advanced Communication & Collaboration,0.035670996,0.0,1.0,0.613,0.04000000000000001,
1119,1,0.694,communicate with empathy,Soft,Unknown,['in-c795d5647c5b2fa6'],0.1,0.0,Unknown,1.0,0.0,Advanced Communication & Collaboration,0.067484036,0.0,1.0,0.694,0.04000000000000001,
1120,1,0.619,communicate strongly,Soft,Unknown,['in-ded3a3347d3bcae7'],0.1,0.0,Unknown,1.0,0.0,Advanced Communication & Collaboration,0.1391278,0.0,1.0,0.619,0.04000000000000001,
1121,1,0.621,communicate risk-based recommendations,Soft,Unknown,['in-04248886f0c9f962'],0.1,0.0,Unknown,1.0,0.0,Resilience & Adaptability,0.006156221,0.0,1.0,0.621,0.04000000000000001,
1122,1,0.645,communicate results,Soft,Unknown,['in-9f929fe6c651de14'],0.1,0.0,Unknown,1.0,0.0,Advanced Communication & Collaboration,0.035061523,0.0,1.0,0.645,0.04000000000000001,
1123,1,0.608,communicate in English,Soft,Unknown,['in-753a69a3294291c7'],0.1,0.0,Unknown,1.0,0.0,Advanced Communication & Collaboration,0.12330231,0.0,1.0,0.608,0.04000000000000001,
1124,1,0.578,manufacture products,Hard,Apply,['in-25943c33b8b06d57'],0.1,0.0,Unknown,1.0,0.0,Advanced Communication & Collaboration,0.005749315,0.0,1.0,0.578,0.04000000000000001,
1125,1,0.7,manipulate the Document Object Model,Hard,Create,['in-801e77fe9dd77c2d'],0.1,0.0,Unknown,1.0,0.0,Routine Data Entry & Clerical,0.030110404,0.0,1.0,0.7,0.04000000000000001,
1126,1,0.63,manage work of other employees,Soft,Unknown,['in-189e4607c218da31'],0.1,0.0,Unknown,1.0,0.0,Advanced Communication & Collaboration,0.0339361,0.0,1.0,0.63,0.04000000000000001,
1127,1,0.672,manage Windows devices,Hard,Apply,['in-fb45f01ebbc2a223'],0.1,0.0,Unknown,1.0,0.0,Cloud Computing & Infrastructure,0.0032314658,0.0,1.0,0.672,0.04000000000000001,
1128,1,0.67,manage vendor relationships,Soft,Unknown,['in-7c6b469bd3c32c83'],0.1,0.0,Unknown,1.0,0.0,Digital Platforms & E-commerce,0.0065616667,0.0,1.0,0.67,0.04000000000000001,
1129,1,0.594,act as lead,Soft,Unknown,['in-a0fcbae76d831775'],0.1,0.0,Unknown,1.0,0.0,Leadership & People Development,0.12723209,0.0,1.0,0.594,0.04000000000000001,
1130,1,0.612,manage thermal management,Soft,Unknown,['in-17ecef6aa8580020'],0.1,0.0,Unknown,1.0,0.0,Database & Systems Administration,0.029312953,0.0,1.0,0.612,0.04000000000000001,
1131,1,0.601,act as expert for system admins and engineers,Soft,Unknown,['in-04248886f0c9f962'],0.1,0.0,Unknown,1.0,0.0,Database & Systems Administration,0.012346506,0.0,1.0,0.601,0.04000000000000001,
1132,1,0.642,manage source control,Hard,Apply,['in-3556957cea163733'],0.1,0.0,Unknown,1.0,0.0,Advanced Communication & Collaboration,0.02539599,0.0,1.0,0.642,0.04000000000000001,
1133,1,0.686,manage ServiceNow implementations,Hard,Apply,['in-30cac704112e9e05'],0.1,0.0,Unknown,1.0,0.0,Cloud Computing & Infrastructure,0.04178439,0.0,1.0,0.686,0.04000000000000001,
1134,1,0.613,manage scheduling,Soft,Unknown,['in-120cae709fd91b6b'],0.1,0.0,Unknown,1.0,0.0,Database & Systems Administration,0.024385571,0.0,1.0,0.613,0.04000000000000001,
1135,1,0.646,manage scalable real-time data streaming platforms,Hard,Apply,['in-e1f6fb04d77bbcd3'],0.1,0.0,Unknown,1.0,0.0,Big Data & Analytics,0.009224176,0.0,1.0,0.646,0.04000000000000001,
1136,1,0.59,migrate applications from SCCM to Intune,Hard,Evaluate,['in-fb45f01ebbc2a223'],0.1,0.0,Unknown,1.0,0.0,Database & Systems Administration,0.006596476,0.0,1.0,0.59,0.04000000000000001,
1137,1,0.6,act as a strategic advisor,Soft,Unknown,['in-4aab702ede0af613'],0.1,0.0,Unknown,1.0,0.0,Critical Thinking & Problem Solving,0.002408564,0.0,1.0,0.6,0.04000000000000001,
1138,1,0.647,communicate about applications,Soft,Unknown,['in-06b5e96976a3f626'],0.1,0.0,Unknown,1.0,0.0,UX/UI & Digital Design,0.005547732,0.0,1.0,0.647,0.04000000000000001,
1139,1,0.605,commit to multiple courses,Soft,Unknown,['in-7c9ea1b5273ae869'],0.1,0.0,Unknown,1.0,0.0,Project Management & Agile Methodologies,0.0242728,0.0,1.0,0.605,0.04000000000000001,
1140,1,0.621,achieve transformational healthcare improvement,Soft,Unknown,['in-19253c0e90d0d4b7'],0.1,0.0,Unknown,1.0,0.0,Leadership & People Development,0.008504793,0.0,1.0,0.621,0.04000000000000001,
1141,1,0.57,collect complex datasets,Hard,Apply,['in-090a862bf2348484'],0.1,0.0,Unknown,1.0,0.0,Big Data & Analytics,0.01987192,0.0,1.0,0.57,0.04000000000000001,
1142,1,0.603,work with product owners,Soft,Unknown,['in-92e57e0960d0c733'],0.1,0.0,Unknown,1.0,0.0,Advanced Communication & Collaboration,0.084048554,0.0,1.0,0.603,0.04000000000000001,
1143,1,0.674,track model performance,Hard,Create,['in-4cf5479496e4301e'],0.1,0.0,Unknown,1.0,0.0,Project Management & Agile Methodologies,0.049494028,0.0,1.0,0.674,0.04000000000000001,
1144,1,0.569,track iteration history,Hard,Apply,['in-bae7da04393e2cef'],0.1,0.0,Unknown,1.0,0.0,Project Management & Agile Methodologies,0.026193649,0.0,1.0,0.569,0.04000000000000001,
1145,1,0.609,meet evolving regulatory needs,Soft,Unknown,['in-1685751ab1e35ff9'],0.1,0.0,Unknown,1.0,0.0,Resilience & Adaptability,0.0414114,0.0,1.0,0.609,0.04000000000000001,
1146,1,0.607,meet evolving customer needs,Soft,Unknown,['in-1685751ab1e35ff9'],0.1,0.0,Unknown,1.0,0.0,Business Analysis & Requirements Engineering,0.019771934,0.0,1.0,0.607,0.04000000000000001,
1147,1,0.672,measure key financial targets,Hard,Evaluate,['in-a77e7fdadad1bd31'],0.1,0.0,Unknown,1.0,0.0,Project Management & Agile Methodologies,0.029336363,0.0,1.0,0.672,0.04000000000000001,
1148,1,0.67,monitor progress of change activity,Hard,Analyze,['in-361c0675a3147072'],0.1,0.0,Unknown,1.0,0.0,Routine Maintenance Coding,0.065694675,0.0,1.0,0.67,0.04000000000000001,
1149,1,0.615,monitor priorities,Soft,Unknown,['in-92e57e0960d0c733'],0.1,0.0,Unknown,1.0,0.0,Critical Thinking & Problem Solving,0.020427495,0.0,1.0,0.615,0.04000000000000001,
1150,1,0.612,challenge hiring managers,Soft,Unknown,['in-4aab702ede0af613'],0.1,0.0,Unknown,1.0,0.0,Leadership & People Development,0.02118653,0.0,1.0,0.612,0.04000000000000001,
1151,1,0.621,challenge constraints,Soft,Unknown,['in-284b7cf30eb81914'],0.1,0.0,Unknown,1.0,0.0,Human-AI Collaboration,0.007969707,0.0,1.0,0.621,0.04000000000000001,
1152,1,0.621,challenge assumptions,Soft,Unknown,['in-b96ed15875997926'],0.1,0.0,Unknown,1.0,0.0,Critical Thinking & Problem Solving,0.019853048,0.0,1.0,0.621,0.04000000000000001,
1153,1,0.671,test products to destruction,Hard,Evaluate,['in-25943c33b8b06d57'],0.1,0.0,Unknown,1.0,0.0,Quality Assurance & Testing,0.115486965,0.0,1.0,0.671,0.04000000000000001,
1154,1,0.707,develop Power Platform applications,Hard,Create,['in-92e57e0960d0c733'],0.1,0.0,Unknown,1.0,0.0,Digital Platforms & E-commerce,0.0010495782,0.0,1.0,0.707,0.04000000000000001,
1155,1,0.713,monitor middleware performance,Hard,Analyze,['in-73b5ece9f9ecc3a9'],0.1,0.0,Unknown,1.0,0.0,Database & Systems Administration,0.041289918,0.0,1.0,0.713,0.04000000000000001,
1156,1,0.641,monitor IT Change Management,Hard,Analyze,['in-9f929fe6c651de14'],0.1,0.0,Unknown,1.0,0.0,Database & Systems Administration,0.0043691695,0.0,1.0,0.641,0.04000000000000001,
1157,1,0.616,monitor inventory and place orders,Hard,Create,['in-ded3a3347d3bcae7'],0.1,0.0,Unknown,1.0,0.0,Database & Systems Administration,0.055016458,0.0,1.0,0.616,0.04000000000000001,
1158,1,0.71,monitor integration services,Hard,Analyze,['in-73b5ece9f9ecc3a9'],0.1,0.0,Unknown,1.0,0.0,Database & Systems Administration,0.04697177,0.0,1.0,0.71,0.04000000000000001,
1159,1,0.664,monitor DRC runs,Hard,Analyze,['in-bae7da04393e2cef'],0.1,0.0,Unknown,1.0,0.0,UX/UI & Digital Design,0.013107404,0.0,1.0,0.664,0.04000000000000001,
1160,1,0.715,monitor disclosure requirements,Hard,Analyze,['in-ee0deef20dee727b'],0.1,0.0,Unknown,1.0,0.0,Routine Data Entry & Clerical,0.007766694,0.0,1.0,0.715,0.04000000000000001,
1161,1,0.615,monitor deliveries,Soft,Unknown,['in-92e57e0960d0c733'],0.1,0.0,Unknown,1.0,0.0,Routine Data Entry & Clerical,0.013255581,0.0,1.0,0.615,0.04000000000000001,
1162,1,0.702,modify CI/CD pipelines,Hard,Apply,['in-2b0d7561fe568605'],0.1,0.0,Unknown,1.0,0.0,Quality Assurance & Testing,0.03701614,0.0,1.0,0.702,0.04000000000000001,
1163,1,0.605,model core values in client interactions,Soft,Unknown,['in-a794eba7547094f4'],0.1,0.0,Unknown,1.0,0.0,Advanced Communication & Collaboration,0.05487293,0.0,1.0,0.605,0.04000000000000001,
1164,1,0.702,model content metadata,Hard,Create,['in-12e4e1edda8ca7ae'],0.1,0.0,Unknown,1.0,0.0,Routine Data Entry & Clerical,0.008580938,0.0,1.0,0.702,0.04000000000000001,
1165,1,0.585,mix sound through a mixing console,Hard,Apply,['in-a365d58724aaf9f6'],0.1,0.0,Unknown,1.0,0.0,Game Development & Interactive Media,0.05980158,0.0,1.0,0.585,0.04000000000000001,
1166,1,0.597,minimize downtime,Hard,Apply,['in-e26b52256be0f85c'],0.1,0.0,Unknown,1.0,0.0,Routine Maintenance Coding,0.03659483,0.0,1.0,0.597,0.04000000000000001,
1167,1,0.616,operate AV equipment,Hard,Evaluate,['in-a365d58724aaf9f6'],0.1,0.0,Unknown,1.0,0.0,Process Automation & RPA,0.0066427886,0.0,1.0,0.616,0.04000000000000001,
1168,1,0.615,operate audio systems for concerts and events,Hard,Evaluate,['in-5673cefe021ebc42'],0.1,0.0,Unknown,1.0,0.0,Database & Systems Administration,0.011590064,0.0,1.0,0.615,0.04000000000000001,
1169,1,0.621,obtain certifications,Soft,Unknown,['in-62a6486e8ffb7e03'],0.1,0.0,Unknown,1.0,0.0,Business Analysis & Requirements Engineering,0.03782344,0.0,1.0,0.621,0.04000000000000001,
1170,1,0.603,network with peers,Soft,Unknown,['in-76d6057eab891b98'],0.1,0.0,Unknown,1.0,0.0,Blockchain & Distributed Systems,0.008613512,0.0,1.0,0.603,0.04000000000000001,
1171,1,0.608,negotiate SLOs,Soft,Unknown,['in-a0fcbae76d831775'],0.1,0.0,Unknown,1.0,0.0,Blockchain & Distributed Systems,0.020243704,0.0,1.0,0.608,0.04000000000000001,
1172,1,0.618,navigate unexpected challenges,Soft,Unknown,['in-a794eba7547094f4'],0.1,0.0,Unknown,1.0,0.0,Critical Thinking & Problem Solving,0.0037371516,0.0,1.0,0.618,0.04000000000000001,
1173,1,0.615,navigate ambiguity,Soft,Unknown,['in-d058a60328482955'],0.1,0.0,Unknown,1.0,0.0,Human-AI Collaboration,0.012388229,0.0,1.0,0.615,0.04000000000000001,
1174,1,0.602,multi task and meet deadlines,Soft,Unknown,['in-63be0cc7d27e5935'],0.1,0.0,Unknown,1.0,0.0,Advanced Communication & Collaboration,0.0357181,0.0,1.0,0.602,0.04000000000000001,
1175,1,0.594,"move projects through client plant design, build, factory acceptance testing, and installation",Hard,Create,['in-530771fbfe728d26'],0.1,0.0,Unknown,1.0,0.0,Advanced Communication & Collaboration,0.018593788,0.0,1.0,0.594,0.04000000000000001,
1176,1,0.7,monitor system health,Hard,Analyze,['in-8169c429e2a25414'],0.1,0.0,Unknown,1.0,0.0,Database & Systems Administration,0.05627179,0.0,1.0,0.7,0.04000000000000001,
1177,1,0.696,monitor SLIs,Hard,Analyze,['in-a0fcbae76d831775'],0.1,0.0,Unknown,1.0,0.0,Database & Systems Administration,0.028251782,0.0,1.0,0.696,0.04000000000000001,
1178,1,0.594,monitor progress of impact assessments,Hard,Evaluate,['in-361c0675a3147072'],0.1,0.0,Unknown,1.0,0.0,Advanced Communication & Collaboration,0.0011112988,0.0,1.0,0.594,0.04000000000000001,
1179,1,0.712,optimize frameworks,Hard,Evaluate,['in-23d80004b8615742'],0.1,0.0,Unknown,1.0,0.0,Legacy Web Development,0.070184246,0.0,1.0,0.712,0.04000000000000001,
1180,1,0.676,optimize CNC machining operations,Hard,Evaluate,['in-0a7b6c95f2d71548'],0.1,0.0,Unknown,1.0,0.0,Process Automation & RPA,0.049237102,0.0,1.0,0.676,0.04000000000000001,
1181,1,0.589,optimise the funnel,Hard,Apply,['in-4aab702ede0af613'],0.1,0.0,Unknown,1.0,0.0,Digital Platforms & E-commerce,0.0114889,0.0,1.0,0.589,0.04000000000000001,
1182,1,0.602,optimise marketing investment,Hard,Remember,['in-6c717e860c5e6516'],0.1,0.0,Unknown,1.0,0.0,Digital Platforms & E-commerce,0.059828475,0.0,1.0,0.602,0.04000000000000001,
1183,1,0.596,operate SCCM Intune co-management,Hard,Evaluate,['in-fb45f01ebbc2a223'],0.1,0.0,Unknown,1.0,0.0,Project Management & Agile Methodologies,0.0025046766,0.0,1.0,0.596,0.04000000000000001,
1184,1,0.595,operate in structured quarterly reporting cycles,Hard,Evaluate,['in-871bae54762204ea'],0.1,0.0,Unknown,1.0,0.0,Routine Maintenance Coding,0.048411652,0.0,1.0,0.595,0.04000000000000001,
1185,1,0.616,operate EDM machines,Hard,Evaluate,['in-a778ff74a3735980'],0.1,0.0,Unknown,1.0,0.0,Process Automation & RPA,0.07215771,0.0,1.0,0.616,0.04000000000000001,
1186,1,0.593,operate Docker,Hard,Evaluate,['in-f4e53c2111bd6d2b'],0.1,0.0,Unknown,1.0,0.0,Cloud Computing & Infrastructure,0.19073674,0.0,1.0,0.593,0.04000000000000001,
1187,1,0.591,operate CNC machines,Hard,Evaluate,['in-2c3357aa80d35805'],0.1,0.0,Unknown,1.0,0.0,Process Automation & RPA,0.09586127,0.0,1.0,0.591,0.04000000000000001,
1188,1,0.594,operate CI/CD pipelines,Hard,Evaluate,['in-1291ef0e4f87819c'],0.1,0.0,Unknown,1.0,0.0,Quality Assurance & Testing,0.009552866,0.0,1.0,0.594,0.04000000000000001,
1189,1,0.716,organize visually-complex information,Hard,Analyze,['in-d058a60328482955'],0.1,0.0,Unknown,1.0,0.0,Human-AI Collaboration,0.039309934,0.0,1.0,0.716,0.04000000000000001,
1190,1,0.676,analyze monthly financial results,Hard,Analyze,['in-a77e7fdadad1bd31'],0.1,0.0,Unknown,1.0,0.0,Project Management & Agile Methodologies,0.0008843392,0.0,1.0,0.676,0.04000000000000001,
1191,1,0.619,analyze user generated content,Hard,Create,['in-7c9ea1b5273ae869'],0.1,0.0,Unknown,1.0,0.0,UX/UI & Digital Design,0.041623265,0.0,1.0,0.619,0.04000000000000001,
1192,1,0.565,order additional rack power,Hard,Apply,['in-9f929fe6c651de14'],0.1,0.0,Unknown,1.0,0.0,Advanced Communication & Collaboration,0.015706073,0.0,1.0,0.565,0.04000000000000001,
1193,1,0.713,orchestrate complex ecosystems,Hard,Create,['in-3a25de1e948c9510'],0.1,0.0,Unknown,1.0,0.0,Cloud Computing & Infrastructure,0.11678563,0.0,1.0,0.713,0.04000000000000001,
1194,1,0.707,orchestrate CI/CD,Hard,Create,['in-431768e5d2264d2d'],0.1,0.0,Unknown,1.0,0.0,UX/UI & Digital Design,0.005969271,0.0,1.0,0.707,0.04000000000000001,
1195,1,0.597,track feature performance,Hard,Apply,['in-4cf5479496e4301e'],0.1,0.0,Unknown,1.0,0.0,Routine Maintenance Coding,0.11577296,0.0,1.0,0.597,0.04000000000000001,
1196,1,0.705,optimize systems,Hard,Evaluate,['in-23d80004b8615742'],0.1,0.0,Unknown,1.0,0.0,Critical Thinking & Problem Solving,0.012598485,0.0,1.0,0.705,0.04000000000000001,
1197,1,0.705,optimize platform and sub-systems,Hard,Evaluate,['in-b580b7c014d5ef12'],0.1,0.0,Unknown,1.0,0.0,Cloud Computing & Infrastructure,0.0025188029,0.0,1.0,0.705,0.04000000000000001,
1198,1,0.704,"optimize performance of bundlers, linters, and formatters",Hard,Evaluate,['in-431768e5d2264d2d'],0.1,0.0,Unknown,1.0,0.0,Legacy Web Development,0.018686503,0.0,1.0,0.704,0.04000000000000001,
1199,1,0.702,optimize money movements and foreign exchange,Hard,Evaluate,['in-b580b7c014d5ef12'],0.1,0.0,Unknown,1.0,0.0,Blockchain & Distributed Systems,0.0035888702,0.0,1.0,0.702,0.04000000000000001,
1200,1,0.715,optimize middleware performance,Hard,Evaluate,['in-73b5ece9f9ecc3a9'],0.1,0.0,Unknown,1.0,0.0,Database & Systems Administration,0.034709707,0.0,1.0,0.715,0.04000000000000001,
1201,1,0.694,optimize iOS apps,Hard,Evaluate,['in-23d80004b8615742'],0.1,0.0,Unknown,1.0,0.0,Software Development & Engineering,0.03825575,0.0,1.0,0.694,0.04000000000000001,
1202,1,0.712,optimize integration services,Hard,Evaluate,['in-73b5ece9f9ecc3a9'],0.1,0.0,Unknown,1.0,0.0,Database & Systems Administration,0.002484262,0.0,1.0,0.712,0.04000000000000001,
1203,1,0.712,optimize industrial processes,Hard,Evaluate,['in-e26b52256be0f85c'],0.1,0.0,Unknown,1.0,0.0,Process Automation & RPA,0.03625393,0.0,1.0,0.712,0.04000000000000001,
1204,1,0.675,optimize global offer launch preparation,Hard,Create,['in-cf33fce1da9e5f1f'],0.1,0.0,Unknown,1.0,0.0,Advanced Communication & Collaboration,0.016095802,0.0,1.0,0.675,0.04000000000000001,
1205,1,0.564,own CI/CD pipelines,Hard,Apply,['in-75f30913de1b7459'],0.1,0.0,Unknown,1.0,0.0,Cloud Computing & Infrastructure,0.032021135,0.0,1.0,0.564,0.04000000000000001,
1206,1,0.579,own CAD,Hard,Apply,['in-17ecef6aa8580020'],0.1,0.0,Unknown,1.0,0.0,Routine Maintenance Coding,0.0119152665,0.0,1.0,0.579,0.04000000000000001,
1207,1,0.607,own business strategy,Soft,Unknown,['in-0203fddefc4a7b12'],0.1,0.0,Unknown,1.0,0.0,Business Analysis & Requirements Engineering,0.020445049,0.0,1.0,0.607,0.04000000000000001,
1208,1,0.676,adapt inform/awareness materials to customer needs,Hard,Apply,['in-189e4607c218da31'],0.1,0.0,Unknown,1.0,0.0,Advanced Communication & Collaboration,0.0149259865,0.0,1.0,0.676,0.04000000000000001,
1209,1,0.67,build tools that aggregate and evaluate forecasts,Hard,Create,['in-02ef051e5141ce4b'],0.1,0.0,Unknown,1.0,0.0,Big Data & Analytics,0.034516066,0.0,1.0,0.67,0.04000000000000001,
1210,1,0.707,test high-performance data ingestion systems,Hard,Evaluate,['in-366ed5fb266e1ee3'],0.1,0.0,Unknown,1.0,0.0,Quality Assurance & Testing,0.02162598,0.0,1.0,0.707,0.04000000000000001,
1211,1,0.566,transform raw data into meaningful insights,Hard,Apply,['in-090a862bf2348484'],0.1,0.0,Unknown,1.0,0.0,Big Data & Analytics,0.05827856,0.0,1.0,0.566,0.04000000000000001,
1212,1,0.59,transfer data,Hard,Apply,['in-7e3654818d829d5e'],0.1,0.0,Unknown,1.0,0.0,Routine Data Entry & Clerical,0.060747832,0.0,1.0,0.59,0.04000000000000001,
1213,1,0.602,clear exams,Soft,Unknown,['in-62a6486e8ffb7e03'],0.1,0.0,Unknown,1.0,0.0,Quality Assurance & Testing,0.072133854,0.0,1.0,0.602,0.04000000000000001,
1214,1,0.695,check final forms using gauges,Hard,Evaluate,['in-a778ff74a3735980'],0.1,0.0,Unknown,1.0,0.0,Routine Data Entry & Clerical,0.05654514,0.0,1.0,0.695,0.04000000000000001,
1215,1,0.699,check dimensions and finish,Hard,Evaluate,['in-a778ff74a3735980'],0.1,0.0,Unknown,1.0,0.0,Legacy Web Development,0.011156008,0.0,1.0,0.699,0.04000000000000001,
1216,1,0.645,champion world-class artistry,Soft,Unknown,['in-34c6520c08d55db7'],0.1,0.0,Unknown,1.0,0.0,Legacy Web Development,0.023318395,0.0,1.0,0.645,0.04000000000000001,
1217,1,0.621,champion leading-edge methodologies,Soft,Unknown,['in-753a69a3294291c7'],0.1,0.0,Unknown,1.0,0.0,Project Management & Agile Methodologies,0.02978377,0.0,1.0,0.621,0.04000000000000001,
1218,1,0.643,champion information architecture best practices,Hard,Create,['in-4bd1ca2b1bfdfa6d'],0.1,0.0,Unknown,1.0,0.0,Database & Systems Administration,0.030494213,0.0,1.0,0.643,0.04000000000000001,
1219,1,0.563,champion for a healthier planet,Hard,Create,['in-97191426cd97dd84'],0.1,0.0,Unknown,1.0,0.0,Resilience & Adaptability,0.029313833,0.0,1.0,0.563,0.04000000000000001,
1220,1,0.562,oversee UPS,Hard,Apply,['in-9f929fe6c651de14'],0.1,0.0,Unknown,1.0,0.0,Database & Systems Administration,0.06301071,0.0,1.0,0.562,0.04000000000000001,
1221,1,0.678,configure Jenkins,Hard,Apply,['in-3556957cea163733'],0.1,0.0,Unknown,1.0,0.0,Quality Assurance & Testing,0.012742296,0.0,1.0,0.678,0.04000000000000001,
1222,1,0.615,track your own performance,Hard,Apply,['in-4aab702ede0af613'],0.1,0.0,Unknown,1.0,0.0,Database & Systems Administration,0.00058589876,0.0,1.0,0.615,0.04000000000000001,
1223,1,0.696,oversee intercom and communications systems,Soft,Unknown,['in-9ae984f1f5d1226c'],0.1,0.0,Unknown,1.0,0.0,Advanced Communication & Collaboration,0.0072010458,0.0,1.0,0.696,0.04000000000000001,
1224,1,0.565,track rule stability,Hard,Apply,['in-bae7da04393e2cef'],0.1,0.0,Unknown,1.0,0.0,Blockchain & Distributed Systems,0.033068232,0.0,1.0,0.565,0.04000000000000001,
1225,1,0.545,oversee daily operations,Hard,Apply,['in-245d39f4f47bb97d'],0.1,0.0,Unknown,1.0,0.0,Routine Maintenance Coding,0.0047796965,0.0,1.0,0.545,0.04000000000000001,
1226,1,0.616,oversee broadcast operations,Soft,Unknown,['in-9ae984f1f5d1226c'],0.1,0.0,Unknown,1.0,0.0,Database & Systems Administration,0.09005557,0.0,1.0,0.616,0.04000000000000001,
1227,1,0.542,oversee all aspects of mineral resource evaluation,Hard,Apply,['in-0fcfe59aff7d7b19'],0.1,0.0,Unknown,1.0,0.0,Environmental & Sustainability Technology,0.02000603,0.0,1.0,0.542,0.04000000000000001,
1228,1,0.606,oversee agency fixed assets,Soft,Unknown,['in-7c6b469bd3c32c83'],0.1,0.0,Unknown,1.0,0.0,Advanced Communication & Collaboration,0.019790635,0.0,1.0,0.606,0.04000000000000001,
1229,1,0.633,organize work,Soft,Unknown,['in-361c0675a3147072'],0.1,0.0,Unknown,1.0,0.0,Routine Maintenance Coding,0.005189508,0.0,1.0,0.633,0.04000000000000001,
1230,1,0.588,allocate space and power,Hard,Remember,['in-9f929fe6c651de14'],0.1,0.0,Unknown,1.0,0.0,Cloud Computing & Infrastructure,0.0077899545,0.0,1.0,0.588,0.04000000000000001,
1231,1,0.601,package electronics,Hard,Apply,['in-17ecef6aa8580020'],0.1,0.0,Unknown,1.0,0.0,Routine Maintenance Coding,0.003308788,0.0,1.0,0.601,0.04000000000000001,
1232,1,0.583,own the service level of a platform,Hard,Apply,['in-219553aa7e342a4a'],0.1,0.0,Unknown,1.0,0.0,Cloud Computing & Infrastructure,0.025432274,0.0,1.0,0.583,0.04000000000000001,
1233,1,0.627,own the roadmap,Soft,Unknown,['in-2335dacd2512b6a9'],0.1,0.0,Unknown,1.0,0.0,Project Management & Agile Methodologies,0.009551436,0.0,1.0,0.627,0.04000000000000001,
1234,1,0.613,own the hiring strategy,Hard,Evaluate,['in-4aab702ede0af613'],0.1,0.0,Unknown,1.0,0.0,Leadership & People Development,0.0728938,0.0,1.0,0.613,0.04000000000000001,
1235,1,0.627,own the backlog,Soft,Unknown,['in-2335dacd2512b6a9'],0.1,0.0,Unknown,1.0,0.0,Routine Maintenance Coding,0.061529532,0.0,1.0,0.627,0.04000000000000001,
1236,1,0.62,own technology strategy,Hard,Evaluate,['in-a2a8769491dd2881'],0.1,0.0,Unknown,1.0,0.0,Advanced Communication & Collaboration,0.011217058,0.0,1.0,0.62,0.04000000000000001,
1237,1,0.606,own product strategy,Soft,Unknown,['in-0203fddefc4a7b12'],0.1,0.0,Unknown,1.0,0.0,Resilience & Adaptability,0.0013471097,0.0,1.0,0.606,0.04000000000000001,
1238,1,0.59,own digital signal processing stack,Hard,Apply,['in-bfc96d1f328a3175'],0.1,0.0,Unknown,1.0,0.0,Digital Platforms & E-commerce,0.014404058,0.0,1.0,0.59,0.04000000000000001,
1239,1,0.577,own customer inform/awareness activities,Hard,Apply,['in-189e4607c218da31'],0.1,0.0,Unknown,1.0,0.0,Advanced Communication & Collaboration,0.027670577,0.0,1.0,0.577,0.04000000000000001,
1240,1,0.622,own critical aspects of electrical implementation,Hard,Apply,['in-c795d5647c5b2fa6'],0.1,0.0,Unknown,1.0,0.0,Critical Thinking & Problem Solving,0.050181836,0.0,1.0,0.622,0.04000000000000001,
1241,1,0.633,own critical aspects of electrical architecture,Hard,Create,['in-c795d5647c5b2fa6'],0.1,0.0,Unknown,1.0,0.0,Critical Thinking & Problem Solving,0.0052756667,0.0,1.0,0.633,0.04000000000000001,
1242,1,0.608,partner with customers,Soft,Unknown,['in-0203fddefc4a7b12'],0.1,0.0,Unknown,1.0,0.0,Digital Platforms & E-commerce,0.023978084,0.0,1.0,0.608,0.04000000000000001,
1243,1,0.565,align resources to outcomes,Hard,Apply,['in-32372b2a70a2998c'],0.1,0.0,Unknown,1.0,0.0,Leadership & People Development,0.03525859,0.0,1.0,0.565,0.04000000000000001,
1244,1,0.564,align IT processes and procedures,Hard,Apply,['in-9f929fe6c651de14'],0.1,0.0,Unknown,1.0,0.0,Routine Maintenance Coding,0.0072717667,0.0,1.0,0.564,0.04000000000000001,
1245,1,0.698,build solutions for Business Data Quality (BDQ),Hard,Create,['in-4bd1ca2b1bfdfa6d'],0.1,0.0,Unknown,1.0,0.0,Business Analysis & Requirements Engineering,0.013197854,0.0,1.0,0.698,0.04000000000000001,
1246,1,0.675,build service operations,Hard,Create,['in-4aae1652e7ec2129'],0.1,0.0,Unknown,1.0,0.0,Cloud Computing & Infrastructure,0.029913425,0.0,1.0,0.675,0.04000000000000001,
1247,1,0.675,build scalable real-time data streaming platforms,Hard,Create,['in-e1f6fb04d77bbcd3'],0.1,0.0,Unknown,1.0,0.0,Big Data & Analytics,0.04567343,0.0,1.0,0.675,0.04000000000000001,
1248,1,0.716,build robust reconciliation/accounting systems,Hard,Create,['in-b580b7c014d5ef12'],0.1,0.0,Unknown,1.0,0.0,Blockchain & Distributed Systems,0.02166392,0.0,1.0,0.716,0.04000000000000001,
1249,1,0.607,challenge and review designs,Soft,Unknown,['in-2f5b3f13e615982a'],0.1,0.0,Unknown,1.0,0.0,UX/UI & Digital Design,0.01861924,0.0,1.0,0.607,0.04000000000000001,
1250,1,0.645,celebrate successes,Soft,Unknown,['in-c58b6cbd0462f519'],0.1,0.0,Unknown,1.0,0.0,Leadership & People Development,0.015024789,0.0,1.0,0.645,0.04000000000000001,
1251,1,0.7,capture video content,Hard,Remember,['in-a365d58724aaf9f6'],0.1,0.0,Unknown,1.0,0.0,Game Development & Interactive Media,0.04353371,0.0,1.0,0.7,0.04000000000000001,
1252,1,0.63,build with speed and intensity,Soft,Unknown,['in-1291ef0e4f87819c'],0.1,0.0,Unknown,1.0,0.0,Resilience & Adaptability,0.071672544,0.0,1.0,0.63,0.04000000000000001,
1253,1,0.601,build trust and impact,Soft,Unknown,['in-0250e3c3a534c646'],0.1,0.0,Unknown,1.0,0.0,Resilience & Adaptability,0.062731996,0.0,1.0,0.601,0.04000000000000001,
1254,1,0.593,participate in on-call rotation,Hard,Apply,['in-c537f69349c9b14d'],0.1,0.0,Unknown,1.0,0.0,Advanced Communication & Collaboration,0.07135448,0.0,1.0,0.593,0.04000000000000001,
1255,1,0.616,advance performance analysis and tuning for GPUs,Hard,Apply,['in-c5d75e0c5b4f0888'],0.1,0.0,Unknown,1.0,0.0,Database & Systems Administration,0.0852803,0.0,1.0,0.616,0.04000000000000001,
1256,1,0.568,"advance lexical, vector, and hybrid retrieval systems",Hard,Apply,['in-e4187db23d86d9a0'],0.1,0.0,Unknown,1.0,0.0,Advanced Communication & Collaboration,0.031407565,0.0,1.0,0.568,0.04000000000000001,
1257,1,0.607,adapt quickly when priorities change,Soft,Unknown,['in-4aab702ede0af613'],0.1,0.0,Unknown,1.0,0.0,Routine Maintenance Coding,0.016482994,0.0,1.0,0.607,0.04000000000000001,
1258,1,0.618,participate in audits,Hard,Analyze,['in-4bd1ca2b1bfdfa6d'],0.1,0.0,Unknown,1.0,0.0,Business Analysis & Requirements Engineering,0.03469695,0.0,1.0,0.618,0.04000000000000001,
1259,1,0.712,develop performance,Hard,Create,['in-e7722395abd65cf4'],0.1,0.0,Unknown,1.0,0.0,Advanced Communication & Collaboration,0.030628383,0.0,1.0,0.712,0.04000000000000001,
1260,1,0.71,perform simulation,Hard,Apply,['in-17ecef6aa8580020'],0.1,0.0,Unknown,1.0,0.0,Quality Assurance & Testing,0.0048815906,0.0,1.0,0.71,0.04000000000000001,
1261,1,0.698,perform precision EDM work,Hard,Apply,['in-a778ff74a3735980'],0.1,0.0,Unknown,1.0,0.0,Routine Data Entry & Clerical,0.013055354,0.0,1.0,0.698,0.04000000000000001,
1262,1,0.592,perform periodic checks on equipment,Hard,Evaluate,['in-9f929fe6c651de14'],0.1,0.0,Unknown,1.0,0.0,Routine Maintenance Coding,0.029953092,0.0,1.0,0.592,0.04000000000000001,
1263,1,0.704,build monitoring systems,Hard,Create,['in-366ed5fb266e1ee3'],0.1,0.0,Unknown,1.0,0.0,Database & Systems Administration,0.0029103756,0.0,1.0,0.704,0.04000000000000001,
1264,1,0.641,build lasting emotional connections,Soft,Unknown,['in-34c6520c08d55db7'],0.1,0.0,Unknown,1.0,0.0,Resilience & Adaptability,0.059948474,0.0,1.0,0.641,0.04000000000000001,
1265,1,0.707,build innovative responses,Hard,Create,['in-b2a73f3ed5db96fc'],0.1,0.0,Unknown,1.0,0.0,Advanced Communication & Collaboration,0.018495798,0.0,1.0,0.707,0.04000000000000001,
1266,1,0.713,build high-performance systems,Hard,Create,['in-6953506b6f0d8ecb'],0.1,0.0,Unknown,1.0,0.0,Legacy Web Development,0.05283147,0.0,1.0,0.713,0.04000000000000001,
1267,1,0.715,build high-performance mobile applications,Hard,Create,['in-b96ed15875997926'],0.1,0.0,Unknown,1.0,0.0,Legacy Web Development,0.07393597,0.0,1.0,0.715,0.04000000000000001,
1268,1,0.669,build strong relationships,Soft,Unknown,['in-31a68bf771762bbc'],0.1,0.0,Unknown,1.0,0.0,Resilience & Adaptability,0.08007011,0.0,1.0,0.669,0.04000000000000001,
1269,1,0.704,build solutions for Entitlements,Hard,Create,['in-4bd1ca2b1bfdfa6d'],0.1,0.0,Unknown,1.0,0.0,Routine Maintenance Coding,0.011728823,0.0,1.0,0.704,0.04000000000000001,
1270,1,0.709,develop mathematical models,Hard,Create,['in-4fac46ba90c4b16c'],0.1,0.0,Unknown,1.0,0.0,AI & Machine Learning,0.009139046,0.0,1.0,0.709,0.04000000000000001,
1271,1,0.712,perform calculation,Hard,Apply,['in-17ecef6aa8580020'],0.1,0.0,Unknown,1.0,0.0,Critical Thinking & Problem Solving,0.013466954,0.0,1.0,0.712,0.04000000000000001,
1272,1,0.594,perceive context in virtual environments,Hard,Apply,['in-18c592689d7d0491'],0.1,0.0,Unknown,1.0,0.0,UX/UI & Digital Design,0.024566725,0.0,1.0,0.594,0.04000000000000001,
1273,1,0.603,pay strong attention to detail,Soft,Unknown,['in-ded3a3347d3bcae7'],0.1,0.0,Unknown,1.0,0.0,Routine Maintenance Coding,0.09219581,0.0,1.0,0.603,0.04000000000000001,
1274,1,0.691,patch assembly code on CPUs or GPUs,Hard,Apply,['in-c5d75e0c5b4f0888'],0.1,0.0,Unknown,1.0,0.0,Routine Maintenance Coding,0.16265121,0.0,1.0,0.691,0.04000000000000001,
1275,1,0.681,develop learning experiences,Hard,Create,['in-32372b2a70a2998c'],0.1,0.0,Unknown,1.0,0.0,Resilience & Adaptability,0.027991623,0.0,1.0,0.681,0.04000000000000001,
1276,1,0.608,partner with sales leadership,Soft,Unknown,['in-4aab702ede0af613'],0.1,0.0,Unknown,1.0,0.0,Leadership & People Development,0.01382187,0.0,1.0,0.608,0.04000000000000001,
1277,1,0.638,partner with publishing services manager,Soft,Unknown,['in-189e4607c218da31'],0.1,0.0,Unknown,1.0,0.0,Advanced Communication & Collaboration,0.04486525,0.0,1.0,0.638,0.04000000000000001,
1278,1,0.626,prepare information for electrode construction,Hard,Create,['in-a778ff74a3735980'],0.1,0.0,Unknown,1.0,0.0,Business Analysis & Requirements Engineering,0.03242056,0.0,1.0,0.626,0.04000000000000001,
1279,1,0.611,power innovators,Soft,Unknown,['in-655d9866cfe91a28'],0.1,0.0,Unknown,1.0,0.0,Resilience & Adaptability,0.01968956,0.0,1.0,0.611,0.04000000000000001,
1280,1,0.607,power business owners,Soft,Unknown,['in-655d9866cfe91a28'],0.1,0.0,Unknown,1.0,0.0,Leadership & People Development,0.00022265315,0.0,1.0,0.607,0.04000000000000001,
1281,1,0.696,plan setup and sequence of operations,Hard,Create,['in-a778ff74a3735980'],0.1,0.0,Unknown,1.0,0.0,Business Analysis & Requirements Engineering,0.006205946,0.0,1.0,0.696,0.04000000000000001,
1282,1,0.665,plan ports needed for servers,Hard,Create,['in-9f929fe6c651de14'],0.1,0.0,Unknown,1.0,0.0,Cloud Computing & Infrastructure,0.061521947,0.0,1.0,0.665,0.04000000000000001,
1283,1,0.598,plan for the future,Soft,Unknown,['in-10c22ca2ab379104'],0.1,0.0,Unknown,1.0,0.0,Environmental & Sustainability Technology,0.024694234,0.0,1.0,0.598,0.04000000000000001,
1284,1,0.606,work closely with customers,Soft,Unknown,['in-8169c429e2a25414'],0.1,0.0,Unknown,1.0,0.0,Advanced Communication & Collaboration,0.089096785,0.0,1.0,0.606,0.04000000000000001,
1285,1,0.604,pioneer intelligent discovery experiences,Hard,Apply,['in-e4187db23d86d9a0'],0.1,0.0,Unknown,1.0,0.0,Human-AI Collaboration,0.044586226,0.0,1.0,0.604,0.04000000000000001,
1286,1,0.685,produce high-quality components,Hard,Create,['in-0a7b6c95f2d71548'],0.1,0.0,Unknown,1.0,0.0,Legacy Web Development,0.031530976,0.0,1.0,0.685,0.04000000000000001,
1287,1,0.705,produce high quality deliverables,Hard,Create,['in-bc0aa6df2d805b7b'],0.1,0.0,Unknown,1.0,0.0,Advanced Communication & Collaboration,0.04132794,0.0,1.0,0.705,0.04000000000000001,
1288,1,0.705,produce correct financial reports,Hard,Create,['in-b580b7c014d5ef12'],0.1,0.0,Unknown,1.0,0.0,Routine Data Entry & Clerical,0.10959326,0.0,1.0,0.705,0.04000000000000001,
1289,1,0.703,produce Circuit Card Assemblies,Hard,Create,['in-e26b52256be0f85c'],0.1,0.0,Unknown,1.0,0.0,Legacy Web Development,0.052840494,0.0,1.0,0.703,0.04000000000000001,
1290,1,0.693,produce barrels of oil,Hard,Create,['in-b717309a36d86a55'],0.1,0.0,Unknown,1.0,0.0,Business Analysis & Requirements Engineering,0.03750515,0.0,1.0,0.693,0.04000000000000001,
1291,1,0.57,process RMA/OHIP billing,Hard,Apply,['in-67e6b59a925f7a89'],0.1,0.0,Unknown,1.0,0.0,Digital Platforms & E-commerce,0.03260751,0.0,1.0,0.57,0.04000000000000001,
1292,1,0.59,process incoming and outgoing mail,Hard,Apply,['in-ded3a3347d3bcae7'],0.1,0.0,Unknown,1.0,0.0,Digital Platforms & E-commerce,0.011765569,0.0,1.0,0.59,0.04000000000000001,
1293,1,0.572,process financial expenses,Hard,Apply,['in-67e6b59a925f7a89'],0.1,0.0,Unknown,1.0,0.0,Routine Data Entry & Clerical,0.018277854,0.0,1.0,0.572,0.04000000000000001,
1294,1,0.67,build financial data models,Hard,Create,['in-1021728769a1b1b3'],0.1,0.0,Unknown,1.0,0.0,Business Analysis & Requirements Engineering,0.019708425,0.0,1.0,0.67,0.04000000000000001,
1295,1,0.704,build extensible systems,Hard,Create,['in-6953506b6f0d8ecb'],0.1,0.0,Unknown,1.0,0.0,Routine Maintenance Coding,0.0011278391,0.0,1.0,0.704,0.04000000000000001,
1296,1,0.607,work closely with architects,Soft,Unknown,['in-73b5ece9f9ecc3a9'],0.1,0.0,Unknown,1.0,0.0,Business Analysis & Requirements Engineering,0.007953286,0.0,1.0,0.607,0.04000000000000001,
1297,1,0.623,work at a fast pace to achieve KPIs,Soft,Unknown,['in-34c6520c08d55db7'],0.1,0.0,Unknown,1.0,0.0,Routine Data Entry & Clerical,0.0024279803,0.0,1.0,0.623,0.04000000000000001,
1298,1,0.593,drive delivery of functionality,Hard,Apply,['in-bc40d95a380aa266'],0.1,0.0,Unknown,1.0,0.0,Routine Maintenance Coding,0.025078416,0.0,1.0,0.593,0.04000000000000001,
1299,1,0.675,build customized reporting tools,Hard,Create,['in-1021728769a1b1b3'],0.1,0.0,Unknown,1.0,0.0,Routine Maintenance Coding,0.037912875,0.0,1.0,0.675,0.04000000000000001,
1300,1,0.701,build products,Hard,Create,['in-0203fddefc4a7b12'],0.1,0.0,Unknown,1.0,0.0,Business Analysis & Requirements Engineering,0.03885299,0.0,1.0,0.701,0.04000000000000001,
1301,1,0.693,build Power BI reports,Hard,Create,['in-92e57e0960d0c733'],0.1,0.0,Unknown,1.0,0.0,Advanced Communication & Collaboration,0.0156319,0.0,1.0,0.693,0.04000000000000001,
1302,1,0.701,build on existing foundational models,Hard,Create,['in-7c927f240a50a9cc'],0.1,0.0,Unknown,1.0,0.0,Legacy Web Development,0.099353895,0.0,1.0,0.701,0.04000000000000001,
1303,1,0.573,process day-to-day delivery,Hard,Apply,['in-120cae709fd91b6b'],0.1,0.0,Unknown,1.0,0.0,Process Automation & RPA,0.029051632,0.0,1.0,0.573,0.04000000000000001,
1304,1,0.646,proactively contribute improvement ideas,Soft,Unknown,['in-2f5b3f13e615982a'],0.1,0.0,Unknown,1.0,0.0,Routine Maintenance Coding,0.046534523,0.0,1.0,0.646,0.04000000000000001,
1305,1,0.617,prioritize learning,Soft,Unknown,['in-bbad41219cc740ed'],0.1,0.0,Unknown,1.0,0.0,AI & Machine Learning,0.06889482,0.0,1.0,0.617,0.04000000000000001,
1306,1,0.616,prioritise tasks effectively,Soft,Unknown,['in-63be0cc7d27e5935'],0.1,0.0,Unknown,1.0,0.0,Advanced Communication & Collaboration,0.0058151633,0.0,1.0,0.616,0.04000000000000001,
1307,1,0.636,provide a positive employee experience,Soft,Unknown,['in-25943c33b8b06d57'],0.1,0.0,Unknown,1.0,0.0,Resilience & Adaptability,0.0463264,0.0,1.0,0.636,0.04000000000000001,
1308,1,0.636,provide a positive customer experience,Soft,Unknown,['in-25943c33b8b06d57'],0.1,0.0,Unknown,1.0,0.0,Routine Maintenance Coding,0.0077468455,0.0,1.0,0.636,0.04000000000000001,
1309,1,0.678,develop creatures,Hard,Create,['in-f389b05688a66b67'],0.1,0.0,Unknown,1.0,0.0,Game Development & Interactive Media,0.0018410832,0.0,1.0,0.678,0.04000000000000001,
1310,1,0.589,promote soil health,Hard,Apply,['in-9e8b8167a52cb05c'],0.1,0.0,Unknown,1.0,0.0,Cloud Computing & Infrastructure,0.021197438,0.0,1.0,0.589,0.04000000000000001,
1311,1,0.621,promote initiatives such as BCBS 239–aligned traceability,Hard,Analyze,['in-4bd1ca2b1bfdfa6d'],0.1,0.0,Unknown,1.0,0.0,Business Analysis & Requirements Engineering,0.016080111,0.0,1.0,0.621,0.04000000000000001,
1312,1,0.702,program enhancements for the ServiceNow portal,Hard,Create,['in-8b3ede5765e5e1c9'],0.1,0.0,Unknown,1.0,0.0,Routine Maintenance Coding,0.05292441,0.0,1.0,0.702,0.04000000000000001,
1313,1,0.699,program EDM machines,Hard,Create,['in-a778ff74a3735980'],0.1,0.0,Unknown,1.0,0.0,AI & Machine Learning,0.021553695,0.0,1.0,0.699,0.04000000000000001,
1314,1,0.675,program CNC machining operations,Hard,Create,['in-0a7b6c95f2d71548'],0.1,0.0,Unknown,1.0,0.0,Process Automation & RPA,0.0425106,0.0,1.0,0.675,0.04000000000000001,
1315,1,0.69,profile and analyze performance of applications and systems,Hard,Analyze,['in-c5d75e0c5b4f0888'],0.1,0.0,Unknown,1.0,0.0,Database & Systems Administration,0.048959374,0.0,1.0,0.69,0.04000000000000001,
1316,1,0.701,develop and maintain metadata schemas,Hard,Create,['in-4bd1ca2b1bfdfa6d'],0.1,0.0,Unknown,1.0,0.0,Legacy Web Development,0.0003502667,0.0,1.0,0.701,0.04000000000000001,
1317,1,0.706,produce high-quality video content,Hard,Create,['in-a365d58724aaf9f6'],0.1,0.0,Unknown,1.0,0.0,Game Development & Interactive Media,0.046348304,0.0,1.0,0.706,0.04000000000000001,
1318,1,0.663,provide L3 L4 support for Intune,Hard,Evaluate,['in-fb45f01ebbc2a223'],0.1,0.0,Unknown,1.0,0.0,Legacy Web Development,0.009172432,0.0,1.0,0.663,0.04000000000000001,
1319,1,0.605,provide key input to shape strategic direction,Soft,Unknown,['in-bc0aa6df2d805b7b'],0.1,0.0,Unknown,1.0,0.0,Advanced Communication & Collaboration,0.04653126,0.0,1.0,0.605,0.04000000000000001,
1320,1,0.57,provide information on financial policies,Hard,Apply,['in-06b5e96976a3f626'],0.1,0.0,Unknown,1.0,0.0,Blockchain & Distributed Systems,0.046104178,0.0,1.0,0.57,0.04000000000000001,
1321,1,0.568,provide in-app chatbot,Hard,Apply,['in-bae7da04393e2cef'],0.1,0.0,Unknown,1.0,0.0,Human-AI Collaboration,0.035769165,0.0,1.0,0.568,0.04000000000000001,
1322,1,0.696,provide HR support,Hard,Evaluate,['in-7e3654818d829d5e'],0.1,0.0,Unknown,1.0,0.0,Leadership & People Development,0.058604985,0.0,1.0,0.696,0.04000000000000001,
1323,1,0.597,provide feedback on marketing campaign effectiveness,Hard,Remember,['in-189e4607c218da31'],0.1,0.0,Unknown,1.0,0.0,Business Analysis & Requirements Engineering,0.017529786,0.0,1.0,0.597,0.04000000000000001,
1324,1,0.702,develop and configure services,Hard,Create,['in-73b5ece9f9ecc3a9'],0.1,0.0,Unknown,1.0,0.0,Cloud Computing & Infrastructure,0.01290974,0.0,1.0,0.702,0.04000000000000001,
1325,1,0.607,provide expert advice,Soft,Unknown,['in-9da8b8c6e52feb61'],0.1,0.0,Unknown,1.0,0.0,Advanced Communication & Collaboration,0.0325267,0.0,1.0,0.607,0.04000000000000001,
1326,1,0.634,provide direct support to clinical faculty,Soft,Unknown,['in-67e6b59a925f7a89'],0.1,0.0,Unknown,1.0,0.0,Advanced Communication & Collaboration,0.010998756,0.0,1.0,0.634,0.04000000000000001,
1327,1,0.7,develop and configure routing logic,Hard,Create,['in-73b5ece9f9ecc3a9'],0.1,0.0,Unknown,1.0,0.0,Legacy Web Development,0.019036427,0.0,1.0,0.7,0.04000000000000001,
1328,1,0.684,provide administrative support,Hard,Evaluate,['in-67e6b59a925f7a89'],0.1,0.0,Unknown,1.0,0.0,Advanced Communication & Collaboration,0.0015575886,0.0,1.0,0.684,0.04000000000000001,
1329,1,0.703,provide technical audio support,Hard,Evaluate,['in-a0c45f0fdfea2762'],0.1,0.0,Unknown,1.0,0.0,Advanced Communication & Collaboration,0.05742073,0.0,1.0,0.703,0.04000000000000001,
1330,1,0.672,provide support for sales channel operations,Hard,Evaluate,['in-189e4607c218da31'],0.1,0.0,Unknown,1.0,0.0,Digital Platforms & E-commerce,0.03055799,0.0,1.0,0.672,0.04000000000000001,
1331,1,0.728,develop high-quality data architecture solutions,Hard,Create,['in-4bd1ca2b1bfdfa6d'],0.1,0.0,Unknown,1.0,0.0,Database & Systems Administration,0.024883136,0.0,1.0,0.728,0.04000000000000001,
1332,1,0.597,provide solutions,Hard,Apply,['in-62a6486e8ffb7e03'],0.1,0.0,Unknown,1.0,0.0,Critical Thinking & Problem Solving,0.0075203627,0.0,1.0,0.597,0.04000000000000001,
1333,1,0.679,provide secretarial support,Hard,Evaluate,['in-67e6b59a925f7a89'],0.1,0.0,Unknown,1.0,0.0,Human-AI Collaboration,0.01471065,0.0,1.0,0.679,0.04000000000000001,
1334,1,0.618,provide real-time market data,Hard,Remember,['in-4aab702ede0af613'],0.1,0.0,Unknown,1.0,0.0,Big Data & Analytics,0.028377905,0.0,1.0,0.618,0.04000000000000001,
1335,1,0.71,develop high-performance data ingestion systems,Hard,Create,['in-366ed5fb266e1ee3'],0.1,0.0,Unknown,1.0,0.0,Database & Systems Administration,0.00783129,0.0,1.0,0.71,0.04000000000000001,
1336,1,0.612,provide post-sale customer support,Soft,Unknown,['in-018a8a6c4578b687'],0.1,0.0,Unknown,1.0,0.0,Digital Platforms & E-commerce,0.056675278,0.0,1.0,0.612,0.04000000000000001,
1337,1,0.686,provide post-implementation support,Hard,Evaluate,['in-4249d42ce8b49e38'],0.1,0.0,Unknown,1.0,0.0,Routine Maintenance Coding,0.06996314,0.0,1.0,0.686,0.04000000000000001,
1338,1,0.611,work with administrators,Soft,Unknown,['in-92e57e0960d0c733'],0.1,0.0,Unknown,1.0,0.0,Advanced Communication & Collaboration,0.025918245,0.0,1.0,0.611,0.04000000000000001,
1339,1,0.61,work well independently,Soft,Unknown,['in-97191426cd97dd84'],0.1,0.0,Unknown,1.0,0.0,Resilience & Adaptability,0.14055394,0.0,1.0,0.61,0.04000000000000001,
1340,1,0.607,work under minimal direction,Soft,Unknown,['in-92e57e0960d0c733'],0.1,0.0,Unknown,1.0,0.0,Advanced Communication & Collaboration,0.03432505,0.0,1.0,0.607,0.04000000000000001,
1341,1,0.631,work on-site,Soft,Unknown,['in-67e6b59a925f7a89'],0.1,0.0,Unknown,1.0,0.0,Legacy Web Development,0.008765146,0.0,1.0,0.631,0.04000000000000001,
1342,1,0.623,work on state-of-the-art solutions,Hard,Remember,['in-1685751ab1e35ff9'],0.1,0.0,Unknown,1.0,0.0,Routine Maintenance Coding,0.04893607,0.0,1.0,0.623,0.04000000000000001,
1343,1,0.586,work on scalable web services,Hard,Apply,['in-12e4e1edda8ca7ae'],0.1,0.0,Unknown,1.0,0.0,Legacy Web Development,0.034365803,0.0,1.0,0.586,0.04000000000000001,
1344,1,0.614,work on profiler stack and application code,Hard,Analyze,['in-c5d75e0c5b4f0888'],0.1,0.0,Unknown,1.0,0.0,Routine Maintenance Coding,0.044987395,0.0,1.0,0.614,0.04000000000000001,
1345,1,0.601,work on own initiative,Soft,Unknown,['in-63be0cc7d27e5935'],0.1,0.0,Unknown,1.0,0.0,Human-AI Collaboration,0.054770797,0.0,1.0,0.601,0.04000000000000001,
1346,1,0.583,work on new projects,Hard,Apply,['in-e402c63ea3c27129'],0.1,0.0,Unknown,1.0,0.0,Routine Maintenance Coding,0.029405862,0.0,1.0,0.583,0.04000000000000001,
1347,1,0.711,develop end-to-end real-time solutions,Hard,Create,['in-16914020afc5dd69'],0.1,0.0,Unknown,1.0,0.0,Human-AI Collaboration,0.024136722,0.0,1.0,0.711,0.04000000000000001,
1348,1,0.707,build foundations,Hard,Create,['in-e402c63ea3c27129'],0.1,0.0,Unknown,1.0,0.0,Legacy Web Development,0.048645794,0.0,1.0,0.707,0.04000000000000001,
1349,1,0.707,provide live-sound support,Hard,Evaluate,['in-a0c45f0fdfea2762'],0.1,0.0,Unknown,1.0,0.0,Legacy Web Development,0.021470651,0.0,1.0,0.707,0.04000000000000001,
1350,1,0.637,provide leadership for sales channel operations,Soft,Unknown,['in-189e4607c218da31'],0.1,0.0,Unknown,1.0,0.0,Leadership & People Development,0.050973892,0.0,1.0,0.637,0.04000000000000001,
1351,1,0.592,qualify valves,Hard,Apply,['in-17ecef6aa8580020'],0.1,0.0,Unknown,1.0,0.0,Process Automation & RPA,0.0071690083,0.0,1.0,0.592,0.04000000000000001,
1352,1,0.593,qualify sensors,Hard,Apply,['in-17ecef6aa8580020'],0.1,0.0,Unknown,1.0,0.0,Environmental & Sustainability Technology,0.017986462,0.0,1.0,0.593,0.04000000000000001,
1353,1,0.595,qualify inbound interest,Hard,Apply,['in-29a1ec53620be6a8'],0.1,0.0,Unknown,1.0,0.0,Business Analysis & Requirements Engineering,0.00507205,0.0,1.0,0.595,0.04000000000000001,
1354,1,0.597,qualify actuators,Hard,Apply,['in-17ecef6aa8580020'],0.1,0.0,Unknown,1.0,0.0,Resilience & Adaptability,0.044416696,0.0,1.0,0.597,0.04000000000000001,
1355,1,0.608,drive adoption of initiatives,Soft,Unknown,['in-5a117bdee62644fa'],0.1,0.0,Unknown,1.0,0.0,Advanced Communication & Collaboration,0.04328528,0.0,1.0,0.608,0.04000000000000001,
1356,1,0.637,push boundaries,Soft,Unknown,['in-1291ef0e4f87819c'],0.1,0.0,Unknown,1.0,0.0,Advanced Communication & Collaboration,0.00046247244,0.0,1.0,0.637,0.04000000000000001,
1357,1,0.701,publish papers,Hard,Create,['in-62a6486e8ffb7e03'],0.1,0.0,Unknown,1.0,0.0,Advanced Communication & Collaboration,0.007335782,0.0,1.0,0.701,0.04000000000000001,
1358,1,0.567,provide visibility on progress and timelines,Hard,Apply,['in-35e03ae1caff1780'],0.1,0.0,Unknown,1.0,0.0,Advanced Communication & Collaboration,0.048715115,0.0,1.0,0.567,0.04000000000000001,
1359,1,0.703,build consumer products,Hard,Create,['in-bbad41219cc740ed'],0.1,0.0,Unknown,1.0,0.0,Digital Platforms & E-commerce,0.07215187,0.0,1.0,0.703,0.04000000000000001,
1360,1,0.612,drive adoption and compliance with information security and privacy practices,Hard,Apply,['in-bae8b479625db1b2'],0.1,0.0,Unknown,1.0,0.0,Cybersecurity,0.045984745,0.0,1.0,0.612,0.04000000000000001,
1361,1,0.703,build autonomous marine systems,Hard,Create,['in-ce4ba705be083cdb'],0.1,0.0,Unknown,1.0,0.0,Cloud Computing & Infrastructure,0.043433636,0.0,1.0,0.703,0.04000000000000001,
1362,1,0.647,draft architectural plans,Hard,Create,['in-ed82d490e0401f2c'],0.1,0.0,Unknown,1.0,0.0,Business Analysis & Requirements Engineering,0.0043917596,0.0,1.0,0.647,0.04000000000000001,
1363,1,0.697,build a solid financial data foundation,Hard,Create,['in-b580b7c014d5ef12'],0.1,0.0,Unknown,1.0,0.0,Big Data & Analytics,0.029940546,0.0,1.0,0.697,0.04000000000000001,
1364,1,0.621,provide transformative solutions,Soft,Unknown,['in-f156d49da1140e9c'],0.1,0.0,Unknown,1.0,0.0,Routine Maintenance Coding,0.013238832,0.0,1.0,0.621,0.04000000000000001,
1365,1,0.716,document manufacturing processes,Hard,Apply,['in-e26b52256be0f85c'],0.1,0.0,Unknown,1.0,0.0,Routine Data Entry & Clerical,0.011232346,0.0,1.0,0.716,0.04000000000000001,
1366,1,0.602,dive into details,Soft,Unknown,['in-c795d5647c5b2fa6'],0.1,0.0,Unknown,1.0,0.0,Business Analysis & Requirements Engineering,0.008549213,0.0,1.0,0.602,0.04000000000000001,
1367,1,0.613,dive into back-end logic,Hard,Analyze,['in-b96ed15875997926'],0.1,0.0,Unknown,1.0,0.0,Database & Systems Administration,0.0044822395,0.0,1.0,0.613,0.04000000000000001,
1368,1,0.604,report to the Operations Manager,Soft,Unknown,['in-53f9dbfe59309995'],0.1,0.0,Unknown,1.0,0.0,Routine Maintenance Coding,0.0023531616,0.0,1.0,0.604,0.04000000000000001,
1369,1,0.645,recommend employee promotions,Soft,Unknown,['in-189e4607c218da31'],0.1,0.0,Unknown,1.0,0.0,Leadership & People Development,0.048171937,0.0,1.0,0.645,0.04000000000000001,
1370,1,0.647,recommend employee advancement,Soft,Unknown,['in-189e4607c218da31'],0.1,0.0,Unknown,1.0,0.0,Leadership & People Development,0.005287811,0.0,1.0,0.647,0.04000000000000001,
1371,1,0.634,recommend change of employee status,Soft,Unknown,['in-189e4607c218da31'],0.1,0.0,Unknown,1.0,0.0,Routine Data Entry & Clerical,0.014082551,0.0,1.0,0.634,0.04000000000000001,
1372,1,0.572,receive equipment,Hard,Apply,['in-9f929fe6c651de14'],0.1,0.0,Unknown,1.0,0.0,Routine Data Entry & Clerical,0.00866878,0.0,1.0,0.572,0.04000000000000001,
1373,1,0.619,broaden perspectives,Soft,Unknown,['in-76d6057eab891b98'],0.1,0.0,Unknown,1.0,0.0,Critical Thinking & Problem Solving,0.0054737628,0.0,1.0,0.619,0.04000000000000001,
1374,1,0.586,bring up hardware,Hard,Apply,['in-c795d5647c5b2fa6'],0.1,0.0,Unknown,1.0,0.0,Legacy Web Development,0.017795146,0.0,1.0,0.586,0.04000000000000001,
1375,1,0.567,bring thoughtful product experiences to life,Hard,Apply,['in-5869692bb5b2b17a'],0.1,0.0,Unknown,1.0,0.0,Resilience & Adaptability,0.019941345,0.0,1.0,0.567,0.04000000000000001,
1376,1,0.603,disrupt the market,Soft,Unknown,['in-9e8b8167a52cb05c'],0.1,0.0,Unknown,1.0,0.0,Digital Platforms & E-commerce,0.1272848,0.0,1.0,0.603,0.04000000000000001,
1377,1,0.699,blend machine learning with design,Hard,Create,['in-427c59728dce7b1c'],0.1,0.0,Unknown,1.0,0.0,AI & Machine Learning,0.08858439,0.0,1.0,0.699,0.04000000000000001,
1378,1,0.594,be responsible for observability,Hard,Apply,['in-219553aa7e342a4a'],0.1,0.0,Unknown,1.0,0.0,Resilience & Adaptability,0.07131241,0.0,1.0,0.594,0.04000000000000001,
1379,1,0.597,raise the bar,Soft,Unknown,['in-e402c63ea3c27129'],0.1,0.0,Unknown,1.0,0.0,Leadership & People Development,0.009922655,0.0,1.0,0.597,0.04000000000000001,
1380,1,0.56,rack and stack new servers,Hard,Apply,['in-9f929fe6c651de14'],0.1,0.0,Unknown,1.0,0.0,Database & Systems Administration,0.003237918,0.0,1.0,0.56,0.04000000000000001,
1381,1,0.697,review scan results,Hard,Evaluate,['in-04248886f0c9f962'],0.1,0.0,Unknown,1.0,0.0,Quality Assurance & Testing,0.02901806,0.0,1.0,0.697,0.04000000000000001,
1382,1,0.589,review plant plans and forecasts,Hard,Create,['in-a77e7fdadad1bd31'],0.1,0.0,Unknown,1.0,0.0,Environmental & Sustainability Technology,0.022976518,0.0,1.0,0.589,0.04000000000000001,
1383,1,0.643,review performance,Soft,Unknown,['in-cc977b538c3a4a86'],0.1,0.0,Unknown,1.0,0.0,Database & Systems Administration,0.007915296,0.0,1.0,0.643,0.04000000000000001,
1384,1,0.607,respond to customer feedback,Soft,Unknown,['in-2f5b3f13e615982a'],0.1,0.0,Unknown,1.0,0.0,Routine Maintenance Coding,0.0820376,0.0,1.0,0.607,0.04000000000000001,
1385,1,0.562,respond to alarms,Hard,Apply,['in-9f929fe6c651de14'],0.1,0.0,Unknown,1.0,0.0,Cybersecurity,0.04347407,0.0,1.0,0.562,0.04000000000000001,
1386,1,0.607,respond quickly to prospects,Soft,Unknown,['in-29a1ec53620be6a8'],0.1,0.0,Unknown,1.0,0.0,Advanced Communication & Collaboration,0.008632705,0.0,1.0,0.607,0.04000000000000001,
1387,1,0.623,resolve production issues,Hard,Apply,['in-2f5b3f13e615982a'],0.1,0.0,Unknown,1.0,0.0,Routine Maintenance Coding,0.037813812,0.0,1.0,0.623,0.04000000000000001,
1388,1,0.62,resolve issues related to outstanding payments,Hard,Apply,['in-725db5ff1965a5cf'],0.1,0.0,Unknown,1.0,0.0,Blockchain & Distributed Systems,0.047509953,0.0,1.0,0.62,0.04000000000000001,
1389,1,0.616,resolve issues and blockers,Hard,Apply,['in-8b3ede5765e5e1c9'],0.1,0.0,Unknown,1.0,0.0,Blockchain & Distributed Systems,0.058725387,0.0,1.0,0.616,0.04000000000000001,
1390,1,0.618,resolve issues,Hard,Apply,['in-8169c429e2a25414'],0.1,0.0,Unknown,1.0,0.0,Critical Thinking & Problem Solving,0.027764976,0.0,1.0,0.618,0.04000000000000001,
1391,1,0.669,resolve conflicts,Soft,Unknown,['in-35e03ae1caff1780'],0.1,0.0,Unknown,1.0,0.0,Advanced Communication & Collaboration,0.013619825,0.0,1.0,0.669,0.04000000000000001,
1392,1,0.631,research latest technological developments,Hard,Create,['in-b580b7c014d5ef12'],0.1,0.0,Unknown,1.0,0.0,Advanced Communication & Collaboration,0.0083158165,0.0,1.0,0.631,0.04000000000000001,
1393,1,0.635,schedule calls,Soft,Unknown,['in-2dbe2c923e947b35'],0.1,0.0,Unknown,1.0,0.0,Routine Data Entry & Clerical,0.0020628273,0.0,1.0,0.635,0.04000000000000001,
1394,1,0.596,scale programmes,Hard,Create,['in-37ed4cd194d9bd61'],0.1,0.0,Unknown,1.0,0.0,Routine Maintenance Coding,0.008739844,0.0,1.0,0.596,0.04000000000000001,
1395,1,0.59,scale product growth,Hard,Apply,['in-bbad41219cc740ed'],0.1,0.0,Unknown,1.0,0.0,Resilience & Adaptability,0.033156335,0.0,1.0,0.59,0.04000000000000001,
1396,1,0.631,scale high-performance mobile applications,Hard,Apply,['in-b96ed15875997926'],0.1,0.0,Unknown,1.0,0.0,Legacy Web Development,0.011082038,0.0,1.0,0.631,0.04000000000000001,
1397,1,0.572,scale environments quickly,Hard,Apply,['in-54a14ff32d718ad0'],0.1,0.0,Unknown,1.0,0.0,Cloud Computing & Infrastructure,0.062300473,0.0,1.0,0.572,0.04000000000000001,
1398,1,0.623,scale corporate production network,Hard,Evaluate,['in-ebb58af1f32d768c'],0.1,0.0,Unknown,1.0,0.0,Cloud Computing & Infrastructure,0.012666702,0.0,1.0,0.623,0.04000000000000001,
1399,1,0.593,scale consumer products,Hard,Apply,['in-bbad41219cc740ed'],0.1,0.0,Unknown,1.0,0.0,Digital Platforms & E-commerce,0.12926999,0.0,1.0,0.593,0.04000000000000001,
1400,1,0.566,scale CI/CD pipelines,Hard,Apply,['in-1291ef0e4f87819c'],0.1,0.0,Unknown,1.0,0.0,Cloud Computing & Infrastructure,0.0339956,0.0,1.0,0.566,0.04000000000000001,
1401,1,0.578,safeguard sensitive information,Hard,Apply,['in-c58b6cbd0462f519'],0.1,0.0,Unknown,1.0,0.0,Cybersecurity,0.106483385,0.0,1.0,0.578,0.04000000000000001,
1402,1,0.62,safeguard company networks and computer systems,Hard,Apply,['in-bae8b479625db1b2'],0.1,0.0,Unknown,1.0,0.0,Database & Systems Administration,0.02983421,0.0,1.0,0.62,0.04000000000000001,
1403,1,0.664,run fiber and copper cabling,Hard,Apply,['in-9f929fe6c651de14'],0.1,0.0,Unknown,1.0,0.0,Cloud Computing & Infrastructure,0.050744653,0.0,1.0,0.664,0.04000000000000001,
1404,1,0.586,dig into deal mechanics,Hard,Apply,['in-4aab702ede0af613'],0.1,0.0,Unknown,1.0,0.0,Advanced Communication & Collaboration,0.027521461,0.0,1.0,0.586,0.04000000000000001,
1405,1,0.585,serve as first point of contact for visitors,Hard,Apply,['in-ded3a3347d3bcae7'],0.1,0.0,Unknown,1.0,0.0,UX/UI & Digital Design,0.0032907054,0.0,1.0,0.585,0.04000000000000001,
1406,1,0.6,serve as a security contact for the business unit,Soft,Unknown,['in-bae8b479625db1b2'],0.1,0.0,Unknown,1.0,0.0,Cybersecurity,0.0127565265,0.0,1.0,0.6,0.04000000000000001,
1407,1,0.682,serve as a lab monitor for an electronic music lab,Hard,Analyze,['in-5673cefe021ebc42'],0.1,0.0,Unknown,1.0,0.0,UX/UI & Digital Design,0.00019477308,0.0,1.0,0.682,0.04000000000000001,
1408,1,0.624,serve as a key liaison,Soft,Unknown,['in-97191426cd97dd84'],0.1,0.0,Unknown,1.0,0.0,Advanced Communication & Collaboration,0.08220917,0.0,1.0,0.624,0.04000000000000001,
1409,1,0.588,sell the company vision to passive candidates,Hard,Apply,['in-4aab702ede0af613'],0.1,0.0,Unknown,1.0,0.0,Advanced Communication & Collaboration,0.027076542,0.0,1.0,0.588,0.04000000000000001,
1410,1,0.59,select valves,Hard,Apply,['in-17ecef6aa8580020'],0.1,0.0,Unknown,1.0,0.0,Process Automation & RPA,0.025932848,0.0,1.0,0.59,0.04000000000000001,
1411,1,0.592,select sensors,Hard,Apply,['in-17ecef6aa8580020'],0.1,0.0,Unknown,1.0,0.0,Process Automation & RPA,0.013570949,0.0,1.0,0.592,0.04000000000000001,
1412,1,0.595,select actuators,Hard,Apply,['in-17ecef6aa8580020'],0.1,0.0,Unknown,1.0,0.0,Process Automation & RPA,0.084153,0.0,1.0,0.595,0.04000000000000001,
1413,1,0.701,secure high-scale communication systems,Soft,Unknown,['in-443f3ba3c65aa81b'],0.1,0.0,Unknown,1.0,0.0,Advanced Communication & Collaboration,0.016976342,0.0,1.0,0.701,0.04000000000000001,
1414,1,0.712,script proficiently,Hard,Apply,['in-4680a02c6d0fe13f'],0.1,0.0,Unknown,1.0,0.0,Routine Maintenance Coding,0.116574466,0.0,1.0,0.712,0.04000000000000001,
1415,1,0.607,drive positive impact,Soft,Unknown,['in-e7722395abd65cf4'],0.1,0.0,Unknown,1.0,0.0,Resilience & Adaptability,0.055777907,0.0,1.0,0.607,0.04000000000000001,
1416,1,0.568,assist with grant applications,Hard,Apply,['in-67e6b59a925f7a89'],0.1,0.0,Unknown,1.0,0.0,Human-AI Collaboration,0.024664462,0.0,1.0,0.568,0.04000000000000001,
1417,1,0.631,be proactive,Soft,Unknown,['in-795392ba67b03cb2'],0.1,0.0,Unknown,1.0,0.0,Critical Thinking & Problem Solving,0.037172027,0.0,1.0,0.631,0.04000000000000001,
1418,1,0.604,be mindful of scalability,Soft,Unknown,['in-0250e3c3a534c646'],0.1,0.0,Unknown,1.0,0.0,Resilience & Adaptability,0.07418159,0.0,1.0,0.604,0.04000000000000001,
1419,1,0.604,be mindful of reliability,Soft,Unknown,['in-0250e3c3a534c646'],0.1,0.0,Unknown,1.0,0.0,Resilience & Adaptability,0.07951011,0.0,1.0,0.604,0.04000000000000001,
1420,1,0.604,be highly motivated,Soft,Unknown,['in-7e3654818d829d5e'],0.1,0.0,Unknown,1.0,0.0,Resilience & Adaptability,0.088336885,0.0,1.0,0.604,0.04000000000000001,
1421,1,0.61,be enthusiastic,Soft,Unknown,['in-7e3654818d829d5e'],0.1,0.0,Unknown,1.0,0.0,Routine Maintenance Coding,0.01199875,0.0,1.0,0.61,0.04000000000000001,
1422,1,0.613,balance multiple deadlines,Soft,Unknown,['in-97191426cd97dd84'],0.1,0.0,Unknown,1.0,0.0,Project Management & Agile Methodologies,0.0032517314,0.0,1.0,0.613,0.04000000000000001,
1423,1,0.61,balance front desk responsibilities with office support,Soft,Unknown,['in-ded3a3347d3bcae7'],0.1,0.0,Unknown,1.0,0.0,Routine Data Entry & Clerical,0.008693472,0.0,1.0,0.61,0.04000000000000001,
1424,1,0.59,drive lasting growth,Hard,Apply,['in-bbad41219cc740ed'],0.1,0.0,Unknown,1.0,0.0,Resilience & Adaptability,0.10275005,0.0,1.0,0.59,0.04000000000000001,
1425,1,0.631,balance business goals with user trust,Soft,Unknown,['in-4e8588b946d21212'],0.1,0.0,Unknown,1.0,0.0,Resilience & Adaptability,0.06401186,0.0,1.0,0.631,0.04000000000000001,
1426,1,0.568,back suggestions with analysis,Hard,Apply,['in-189e4607c218da31'],0.1,0.0,Unknown,1.0,0.0,Business Analysis & Requirements Engineering,0.07566413,0.0,1.0,0.568,0.04000000000000001,
1427,1,0.563,shape the future of financial planning,Hard,Create,['in-1021728769a1b1b3'],0.1,0.0,Unknown,1.0,0.0,Project Management & Agile Methodologies,0.009492874,0.0,1.0,0.563,0.04000000000000001,
1428,1,0.645,shape platform architecture,Hard,Create,['in-30af647e83a32e8c'],0.1,0.0,Unknown,1.0,0.0,Cloud Computing & Infrastructure,0.024800017,0.0,1.0,0.645,0.04000000000000001,
1429,1,0.601,shape data-driven strategies,Hard,Evaluate,['in-6c717e860c5e6516'],0.1,0.0,Unknown,1.0,0.0,AI & Machine Learning,0.009321511,0.0,1.0,0.601,0.04000000000000001,
1430,1,0.601,setup manufacturing processes,Hard,Apply,['in-e26b52256be0f85c'],0.1,0.0,Unknown,1.0,0.0,Process Automation & RPA,0.013686627,0.0,1.0,0.601,0.04000000000000001,
1431,1,0.587,setup AV equipment,Hard,Apply,['in-a365d58724aaf9f6'],0.1,0.0,Unknown,1.0,0.0,Human-AI Collaboration,0.045138374,0.0,1.0,0.587,0.04000000000000001,
1432,1,0.582,set up parts on machines,Hard,Apply,['in-a778ff74a3735980'],0.1,0.0,Unknown,1.0,0.0,Process Automation & RPA,0.017764896,0.0,1.0,0.582,0.04000000000000001,
1433,1,0.558,set up Jenkins,Hard,Apply,['in-3556957cea163733'],0.1,0.0,Unknown,1.0,0.0,Quality Assurance & Testing,0.016703844,0.0,1.0,0.558,0.04000000000000001,
1434,1,0.563,set up CNC machining operations,Hard,Apply,['in-0a7b6c95f2d71548'],0.1,0.0,Unknown,1.0,0.0,Process Automation & RPA,0.06907821,0.0,1.0,0.563,0.04000000000000001,
1435,1,0.59,set standards,Hard,Apply,['in-97191426cd97dd84'],0.1,0.0,Unknown,1.0,0.0,Blockchain & Distributed Systems,0.01622966,0.0,1.0,0.59,0.04000000000000001,
1436,1,0.596,set a vision,Soft,Unknown,['in-12e4e1edda8ca7ae'],0.1,0.0,Unknown,1.0,0.0,Human-AI Collaboration,0.034336276,0.0,1.0,0.596,0.04000000000000001,
1437,1,0.612,set a new standard for automated weed control,Hard,Create,['in-9e8b8167a52cb05c'],0.1,0.0,Unknown,1.0,0.0,Process Automation & RPA,0.03899268,0.0,1.0,0.612,0.04000000000000001,
1438,1,0.591,drive iteration of hardware products,Hard,Apply,['in-17ecef6aa8580020'],0.1,0.0,Unknown,1.0,0.0,Database & Systems Administration,0.008344695,0.0,1.0,0.591,0.04000000000000001,
1439,1,0.639,drive industrial components offer,Soft,Unknown,['in-cf33fce1da9e5f1f'],0.1,0.0,Unknown,1.0,0.0,Process Automation & RPA,0.010246947,0.0,1.0,0.639,0.04000000000000001,
1440,1,0.677,simplify purchasing flows,Hard,Understand,['in-5869692bb5b2b17a'],0.1,0.0,Unknown,1.0,0.0,Digital Platforms & E-commerce,0.09745343,0.0,1.0,0.677,0.04000000000000001,
1441,1,0.7,showcase design impact via portfolio,Hard,Create,['in-d058a60328482955'],0.1,0.0,Unknown,1.0,0.0,Legacy Web Development,0.050439805,0.0,1.0,0.7,0.04000000000000001,
1442,1,0.57,ship higher-quality work,Hard,Apply,['in-1291ef0e4f87819c'],0.1,0.0,Unknown,1.0,0.0,Advanced Communication & Collaboration,0.06259397,0.0,1.0,0.57,0.04000000000000001,
1443,1,0.61,shift left database expertise,Hard,Apply,['in-0250e3c3a534c646'],0.1,0.0,Unknown,1.0,0.0,Routine Data Entry & Clerical,0.0003643334,0.0,1.0,0.61,0.04000000000000001,
1444,1,0.613,sharpen knowledge,Soft,Unknown,['in-62a6486e8ffb7e03'],0.1,0.0,Unknown,1.0,0.0,Resilience & Adaptability,0.004233286,0.0,1.0,0.613,0.04000000000000001,
1445,1,0.616,shape user workflows,Hard,Apply,['in-427c59728dce7b1c'],0.1,0.0,Unknown,1.0,0.0,Routine Maintenance Coding,0.0064525604,0.0,1.0,0.616,0.04000000000000001,
1446,1,0.584,shape the next generation of CIS,Hard,Apply,['in-1685751ab1e35ff9'],0.1,0.0,Unknown,1.0,0.0,Environmental & Sustainability Technology,0.040335298,0.0,1.0,0.584,0.04000000000000001,
1447,1,0.591,assist customers in expanding SAP footprint,Hard,Apply,['in-018a8a6c4578b687'],0.1,0.0,Unknown,1.0,0.0,Advanced Communication & Collaboration,0.030584529,0.0,1.0,0.591,0.04000000000000001,
1448,1,0.607,articulate a compelling case for an architectural approach,Soft,Unknown,['in-b96ed15875997926'],0.1,0.0,Unknown,1.0,0.0,UX/UI & Digital Design,0.030812144,0.0,1.0,0.607,0.04000000000000001,
1449,1,0.616,audit resource block models,Hard,Create,['in-0fcfe59aff7d7b19'],0.1,0.0,Unknown,1.0,0.0,Business Analysis & Requirements Engineering,0.017056212,0.0,1.0,0.616,0.04000000000000001,
1450,1,0.624,audit geometallurgical block models,Hard,Create,['in-0fcfe59aff7d7b19'],0.1,0.0,Unknown,1.0,0.0,Business Analysis & Requirements Engineering,0.07468481,0.0,1.0,0.624,0.04000000000000001,
1451,1,0.697,audit data analysis,Hard,Analyze,['in-0fcfe59aff7d7b19'],0.1,0.0,Unknown,1.0,0.0,Business Analysis & Requirements Engineering,0.018812597,0.0,1.0,0.697,0.04000000000000001,
1452,1,0.697,audit a candidate’s sales acumen,Hard,Analyze,['in-4aab702ede0af613'],0.1,0.0,Unknown,1.0,0.0,Business Analysis & Requirements Engineering,0.052087218,0.0,1.0,0.697,0.04000000000000001,
1453,1,0.571,drive impactful financial insights,Hard,Apply,['in-1021728769a1b1b3'],0.1,0.0,Unknown,1.0,0.0,Business Analysis & Requirements Engineering,5.170703e-06,0.0,1.0,0.571,0.04000000000000001,
1454,1,0.616,attend walk-through meetings,Soft,Unknown,['in-92e57e0960d0c733'],0.1,0.0,Unknown,1.0,0.0,Advanced Communication & Collaboration,0.08487064,0.0,1.0,0.616,0.04000000000000001,
1455,1,0.611,attend trainings,Soft,Unknown,['in-62a6486e8ffb7e03'],0.1,0.0,Unknown,1.0,0.0,Leadership & People Development,0.06141661,0.0,1.0,0.611,0.04000000000000001,
1456,1,0.61,attend seminars,Soft,Unknown,['in-62a6486e8ffb7e03'],0.1,0.0,Unknown,1.0,0.0,Advanced Communication & Collaboration,0.026451752,0.0,1.0,0.61,0.04000000000000001,
1457,1,0.596,assist with scheduling vulnerability scans,Hard,Apply,['in-04248886f0c9f962'],0.1,0.0,Unknown,1.0,0.0,Routine Maintenance Coding,0.043007433,0.0,1.0,0.596,0.04000000000000001,
1458,1,0.62,assist with running vulnerability scans,Hard,Apply,['in-04248886f0c9f962'],0.1,0.0,Unknown,1.0,0.0,Routine Maintenance Coding,0.019275278,0.0,1.0,0.62,0.04000000000000001,
1459,1,0.566,assist with REB applications,Hard,Apply,['in-67e6b59a925f7a89'],0.1,0.0,Unknown,1.0,0.0,Routine Maintenance Coding,0.013811156,0.0,1.0,0.566,0.04000000000000001,
1460,1,0.605,strengthen observability,Hard,Apply,['in-a2a8769491dd2881'],0.1,0.0,Unknown,1.0,0.0,Resilience & Adaptability,0.07426581,0.0,1.0,0.605,0.04000000000000001,
1461,1,0.571,strengthen FP&A processes,Hard,Apply,['in-871bae54762204ea'],0.1,0.0,Unknown,1.0,0.0,Process Automation & RPA,0.027880311,0.0,1.0,0.571,0.04000000000000001,
1462,1,0.569,drive higher conversion,Hard,Apply,['in-2335dacd2512b6a9'],0.1,0.0,Unknown,1.0,0.0,Digital Platforms & E-commerce,0.032892756,0.0,1.0,0.569,0.04000000000000001,
1463,1,0.645,strengthen API-first architecture,Hard,Create,['in-a2a8769491dd2881'],0.1,0.0,Unknown,1.0,0.0,Routine Maintenance Coding,0.008139804,0.0,1.0,0.645,0.04000000000000001,
1464,1,0.603,streamline processes,Hard,Apply,['in-23d80004b8615742'],0.1,0.0,Unknown,1.0,0.0,Process Automation & RPA,0.029937103,0.0,1.0,0.603,0.04000000000000001,
1465,1,0.635,stay current with industry knowledge,Soft,Unknown,['in-8d007d54a6e9b3b3'],0.1,0.0,Unknown,1.0,0.0,Business Analysis & Requirements Engineering,0.022413015,0.0,1.0,0.635,0.04000000000000001,
1466,1,0.604,stay curious,Soft,Unknown,['in-b2a73f3ed5db96fc'],0.1,0.0,Unknown,1.0,0.0,Routine Maintenance Coding,0.008360654,0.0,1.0,0.604,0.04000000000000001,
1467,1,0.695,stay connected with company communications,Soft,Unknown,['in-b717309a36d86a55'],0.1,0.0,Unknown,1.0,0.0,Advanced Communication & Collaboration,0.050465256,0.0,1.0,0.695,0.04000000000000001,
1468,1,0.573,standardize sales channel operations,Hard,Apply,['in-189e4607c218da31'],0.1,0.0,Unknown,1.0,0.0,Digital Platforms & E-commerce,0.083949834,0.0,1.0,0.573,0.04000000000000001,
1469,1,0.649,standardize processes,Soft,Unknown,['in-cf33fce1da9e5f1f'],0.1,0.0,Unknown,1.0,0.0,Process Automation & RPA,0.011060804,0.0,1.0,0.649,0.04000000000000001,
1470,1,0.602,stabilize Intune environments,Hard,Evaluate,['in-fb45f01ebbc2a223'],0.1,0.0,Unknown,1.0,0.0,Database & Systems Administration,0.009787813,0.0,1.0,0.602,0.04000000000000001,
1471,1,0.563,drive growth,Hard,Apply,['in-35b0fd014582dbaf'],0.1,0.0,Unknown,1.0,0.0,Resilience & Adaptability,0.035247996,0.0,1.0,0.563,0.04000000000000001,
1472,1,0.707,troubleshoot multicast market data delivery platforms,Hard,Apply,['in-2f5b3f13e615982a'],0.1,0.0,Unknown,1.0,0.0,Digital Platforms & E-commerce,0.06546104,0.0,1.0,0.707,0.04000000000000001,
1473,1,0.716,troubleshoot middleware performance,Hard,Apply,['in-73b5ece9f9ecc3a9'],0.1,0.0,Unknown,1.0,0.0,Routine Maintenance Coding,0.015947074,0.0,1.0,0.716,0.04000000000000001,
1474,1,0.606,troubleshoot Intune environments,Hard,Evaluate,['in-fb45f01ebbc2a223'],0.1,0.0,Unknown,1.0,0.0,Routine Maintenance Coding,0.011989161,0.0,1.0,0.606,0.04000000000000001,
1475,1,0.618,troubleshoot Intune application deployment failures,Hard,Evaluate,['in-fb45f01ebbc2a223'],0.1,0.0,Unknown,1.0,0.0,Routine Maintenance Coding,0.052292615,0.0,1.0,0.618,0.04000000000000001,
1476,1,0.607,drive forward mission,Soft,Unknown,['in-e402c63ea3c27129'],0.1,0.0,Unknown,1.0,0.0,Advanced Communication & Collaboration,0.06473361,0.0,1.0,0.607,0.04000000000000001,
1477,1,0.716,troubleshoot integration services,Hard,Apply,['in-73b5ece9f9ecc3a9'],0.1,0.0,Unknown,1.0,0.0,Database & Systems Administration,0.030014604,0.0,1.0,0.716,0.04000000000000001,
1478,1,0.674,troubleshoot ILO issues,Hard,Apply,['in-9f929fe6c651de14'],0.1,0.0,Unknown,1.0,0.0,Human-AI Collaboration,0.0035614446,0.0,1.0,0.674,0.04000000000000001,
1479,1,0.716,troubleshoot equipment,Hard,Apply,['in-e26b52256be0f85c'],0.1,0.0,Unknown,1.0,0.0,Routine Maintenance Coding,0.058188185,0.0,1.0,0.716,0.04000000000000001,
1480,1,0.679,troubleshoot cabling issues,Hard,Apply,['in-9f929fe6c651de14'],0.1,0.0,Unknown,1.0,0.0,Routine Maintenance Coding,0.020668712,0.0,1.0,0.679,0.04000000000000001,
1481,1,0.586,trigger DRC runs,Hard,Apply,['in-bae7da04393e2cef'],0.1,0.0,Unknown,1.0,0.0,Process Automation & RPA,0.043062128,0.0,1.0,0.586,0.04000000000000001,
1482,1,0.595,travel up to 20% of the time,Soft,Unknown,['in-0fcfe59aff7d7b19'],0.1,0.0,Unknown,1.0,0.0,Resilience & Adaptability,0.09726502,0.0,1.0,0.595,0.04000000000000001,
1483,1,0.628,travel to client sites,Soft,Unknown,['in-31a68bf771762bbc'],0.1,0.0,Unknown,1.0,0.0,Digital Platforms & E-commerce,0.04656385,0.0,1.0,0.628,0.04000000000000001,
1484,1,0.619,drive development of hardware products,Hard,Create,['in-17ecef6aa8580020'],0.1,0.0,Unknown,1.0,0.0,Business Analysis & Requirements Engineering,0.06733915,0.0,1.0,0.619,0.04000000000000001,
1485,1,0.698,drive design of hardware products,Hard,Create,['in-17ecef6aa8580020'],0.1,0.0,Unknown,1.0,0.0,Business Analysis & Requirements Engineering,0.04061939,0.0,1.0,0.698,0.04000000000000001,
1486,1,0.585,push the boundaries of what uncrewed systems can do,Hard,Apply,['in-ce4ba705be083cdb'],0.1,0.0,Unknown,1.0,0.0,Blockchain & Distributed Systems,0.055043772,0.0,1.0,0.585,0.04000000000000001,
1487,1,0.703,support CI/CD pipelines,Hard,Evaluate,['in-35e79000a6810bd1'],0.1,0.0,Unknown,1.0,0.0,Cloud Computing & Infrastructure,0.005697608,0.0,1.0,0.703,0.04000000000000001,
1488,1,0.607,support church events,Soft,Unknown,['in-a365d58724aaf9f6'],0.1,0.0,Unknown,1.0,0.0,Leadership & People Development,0.022336364,0.0,1.0,0.607,0.04000000000000001,
1489,1,0.638,support business through changes,Soft,Unknown,['in-ac0e866a9f95bd35'],0.1,0.0,Unknown,1.0,0.0,Routine Maintenance Coding,0.026227817,0.0,1.0,0.638,0.04000000000000001,
1490,1,0.71,support aggregation accuracy,Hard,Evaluate,['in-4bd1ca2b1bfdfa6d'],0.1,0.0,Unknown,1.0,0.0,Database & Systems Administration,0.009606808,0.0,1.0,0.71,0.04000000000000001,
1491,1,0.679,support academic activities,Hard,Evaluate,['in-67e6b59a925f7a89'],0.1,0.0,Unknown,1.0,0.0,Leadership & People Development,0.012572587,0.0,1.0,0.679,0.04000000000000001,
1492,1,0.643,suggest opportunities for improvement,Soft,Unknown,['in-189e4607c218da31'],0.1,0.0,Unknown,1.0,0.0,Leadership & People Development,0.00091579556,0.0,1.0,0.643,0.04000000000000001,
1493,1,0.586,study part prints,Hard,Apply,['in-a778ff74a3735980'],0.1,0.0,Unknown,1.0,0.0,Business Analysis & Requirements Engineering,0.0032268167,0.0,1.0,0.586,0.04000000000000001,
1494,1,0.705,structure information and actions,Hard,Analyze,['in-d058a60328482955'],0.1,0.0,Unknown,1.0,0.0,Leadership & People Development,0.022108257,0.0,1.0,0.705,0.04000000000000001,
1495,1,0.621,elevate conversations,Soft,Unknown,['in-c795d5647c5b2fa6'],0.1,0.0,Unknown,1.0,0.0,Advanced Communication & Collaboration,0.082859576,0.0,1.0,0.621,0.04000000000000001,
1496,1,0.61,support global offer marketing managers,Soft,Unknown,['in-cf33fce1da9e5f1f'],0.1,0.0,Unknown,1.0,0.0,Digital Platforms & E-commerce,0.019966781,0.0,1.0,0.61,0.04000000000000001,
1497,1,0.679,support forecasting process,Hard,Evaluate,['in-a77e7fdadad1bd31'],0.1,0.0,Unknown,1.0,0.0,AI & Machine Learning,0.0032077134,0.0,1.0,0.679,0.04000000000000001,
1498,1,0.629,apply residential construction practices,Hard,Create,['in-ed82d490e0401f2c'],0.1,0.0,Unknown,1.0,0.0,Routine Maintenance Coding,0.0789399,0.0,1.0,0.629,0.04000000000000001,
1499,1,0.672,apply qualitative and quantitative data to inform decisions,Hard,Apply,['in-5869692bb5b2b17a'],0.1,0.0,Unknown,1.0,0.0,Routine Data Entry & Clerical,0.0054404438,0.0,1.0,0.672,0.04000000000000001,
1500,1,0.64,apply methodical approach,Soft,Unknown,['in-361c0675a3147072'],0.1,0.0,Unknown,1.0,0.0,Business Analysis & Requirements Engineering,0.0098692775,0.0,1.0,0.64,0.04000000000000001,
1501,1,0.667,apply makeup,Hard,Apply,['in-34c6520c08d55db7'],0.1,0.0,Unknown,1.0,0.0,Blockchain & Distributed Systems,0.0031947978,0.0,1.0,0.667,0.04000000000000001,
1502,1,0.618,assist with employee workspace setup,Hard,Apply,['in-ded3a3347d3bcae7'],0.1,0.0,Unknown,1.0,0.0,Advanced Communication & Collaboration,0.0012624413,0.0,1.0,0.618,0.04000000000000001,
1503,1,0.696,edit video content,Hard,Apply,['in-a365d58724aaf9f6'],0.1,0.0,Unknown,1.0,0.0,Game Development & Interactive Media,0.05643537,0.0,1.0,0.696,0.04000000000000001,
1504,1,0.616,drive user retention,Hard,Apply,['in-bbad41219cc740ed'],0.1,0.0,Unknown,1.0,0.0,Database & Systems Administration,0.0017590225,0.0,1.0,0.616,0.04000000000000001,
1505,1,0.609,assist with budget preparation,Soft,Unknown,['in-92e57e0960d0c733'],0.1,0.0,Unknown,1.0,0.0,Routine Maintenance Coding,0.021268666,0.0,1.0,0.609,0.04000000000000001,
1506,1,0.619,assist students with audio software questions,Hard,Analyze,['in-5673cefe021ebc42'],0.1,0.0,Unknown,1.0,0.0,UX/UI & Digital Design,0.01192987,0.0,1.0,0.619,0.04000000000000001,
1507,1,0.619,assist students with audio hardware questions,Hard,Apply,['in-5673cefe021ebc42'],0.1,0.0,Unknown,1.0,0.0,UX/UI & Digital Design,0.01767166,0.0,1.0,0.619,0.04000000000000001,
1508,1,0.588,assist in preparation of profit plans,Hard,Create,['in-a77e7fdadad1bd31'],0.1,0.0,Unknown,1.0,0.0,Project Management & Agile Methodologies,0.001829803,0.0,1.0,0.588,0.04000000000000001,
1509,1,0.565,assist in preparation of forecasts,Hard,Apply,['in-a77e7fdadad1bd31'],0.1,0.0,Unknown,1.0,0.0,Database & Systems Administration,0.04559499,0.0,1.0,0.565,0.04000000000000001,
1510,1,0.569,assist in preparation of capital appropriation requests,Hard,Apply,['in-a77e7fdadad1bd31'],0.1,0.0,Unknown,1.0,0.0,Advanced Communication & Collaboration,0.014188558,0.0,1.0,0.569,0.04000000000000001,
1511,1,0.597,support financial planning process,Hard,Create,['in-a77e7fdadad1bd31'],0.1,0.0,Unknown,1.0,0.0,Project Management & Agile Methodologies,0.005722627,0.0,1.0,0.597,0.04000000000000001,
1512,1,0.649,support executive decision-making,Soft,Unknown,['in-871bae54762204ea'],0.1,0.0,Unknown,1.0,0.0,Leadership & People Development,0.005661994,0.0,1.0,0.649,0.04000000000000001,
1513,1,0.625,support engineered products,Hard,Create,['in-2f5b3f13e615982a'],0.1,0.0,Unknown,1.0,0.0,Advanced Communication & Collaboration,0.00089266896,0.0,1.0,0.625,0.04000000000000001,
1514,1,0.675,support data conversions,Hard,Evaluate,['in-4b8bdcf374513e65'],0.1,0.0,Unknown,1.0,0.0,Big Data & Analytics,0.0046431124,0.0,1.0,0.675,0.04000000000000001,
1515,1,0.613,support customers,Soft,Unknown,['in-6953506b6f0d8ecb'],0.1,0.0,Unknown,1.0,0.0,Routine Maintenance Coding,0.004605323,0.0,1.0,0.613,0.04000000000000001,
1516,1,0.615,support customer operations,Soft,Unknown,['in-8169c429e2a25414'],0.1,0.0,Unknown,1.0,0.0,Routine Maintenance Coding,0.004802108,0.0,1.0,0.615,0.04000000000000001,
1517,1,0.62,drive user monetization,Hard,Apply,['in-bbad41219cc740ed'],0.1,0.0,Unknown,1.0,0.0,Blockchain & Distributed Systems,0.036559492,0.0,1.0,0.62,0.04000000000000001,
1518,1,0.679,support clinical activities,Hard,Evaluate,['in-67e6b59a925f7a89'],0.1,0.0,Unknown,1.0,0.0,Routine Maintenance Coding,0.003206849,0.0,1.0,0.679,0.04000000000000001,
1519,1,0.607,support product owner,Soft,Unknown,['in-10c22ca2ab379104'],0.1,0.0,Unknown,1.0,0.0,Routine Maintenance Coding,0.0020658225,0.0,1.0,0.607,0.04000000000000001,
1520,1,0.616,"support predictable, reliable delivery",Soft,Unknown,['in-30af647e83a32e8c'],0.1,0.0,Unknown,1.0,0.0,Routine Maintenance Coding,0.033994496,0.0,1.0,0.616,0.04000000000000001,
1521,1,0.604,support one another,Soft,Unknown,['in-b2a73f3ed5db96fc'],0.1,0.0,Unknown,1.0,0.0,Resilience & Adaptability,0.048899956,0.0,1.0,0.604,0.04000000000000001,
1522,1,0.673,support local production needs,Hard,Evaluate,['in-189e4607c218da31'],0.1,0.0,Unknown,1.0,0.0,Advanced Communication & Collaboration,0.039603233,0.0,1.0,0.673,0.04000000000000001,
1523,1,0.697,support HR software,Hard,Evaluate,['in-7e3654818d829d5e'],0.1,0.0,Unknown,1.0,0.0,Database & Systems Administration,0.00068229437,0.0,1.0,0.697,0.04000000000000001,
1524,1,0.631,support HR Manager,Soft,Unknown,['in-184610fda3276dcc'],0.1,0.0,Unknown,1.0,0.0,Leadership & People Development,0.054439813,0.0,1.0,0.631,0.04000000000000001,
1525,1,0.681,support healthcare system integrations,Hard,Evaluate,['in-4b8bdcf374513e65'],0.1,0.0,Unknown,1.0,0.0,Database & Systems Administration,0.02901578,0.0,1.0,0.681,0.04000000000000001,
1526,1,0.618,drive user activation,Hard,Apply,['in-bbad41219cc740ed'],0.1,0.0,Unknown,1.0,0.0,Process Automation & RPA,0.005339138,0.0,1.0,0.618,0.04000000000000001,
1527,1,0.702,support government customers in education and training,Hard,Evaluate,['in-ffcc36a373d8599a'],0.1,0.0,Unknown,1.0,0.0,Advanced Communication & Collaboration,0.0036104321,0.0,1.0,0.702,0.04000000000000001,
1528,1,0.707,support government customers in acquisitions,Hard,Evaluate,['in-ffcc36a373d8599a'],0.1,0.0,Unknown,1.0,0.0,Advanced Communication & Collaboration,0.040719926,0.0,1.0,0.707,0.04000000000000001,
1529,1,0.619,drive user acquisition,Hard,Apply,['in-bbad41219cc740ed'],0.1,0.0,Unknown,1.0,0.0,Business Analysis & Requirements Engineering,0.010542661,0.0,1.0,0.619,0.04000000000000001,
1530,1,0.664,support teammates through code reviews,Soft,Unknown,['in-366ed5fb266e1ee3'],0.1,0.0,Unknown,1.0,0.0,Advanced Communication & Collaboration,0.0055031925,0.0,1.0,0.664,0.04000000000000001,
1531,1,0.709,support system verification,Hard,Evaluate,['in-ffcc36a373d8599a'],0.1,0.0,Unknown,1.0,0.0,Routine Maintenance Coding,0.047607183,0.0,1.0,0.709,0.04000000000000001,
1532,1,0.706,support system validation,Hard,Evaluate,['in-ffcc36a373d8599a'],0.1,0.0,Unknown,1.0,0.0,Routine Maintenance Coding,0.04135327,0.0,1.0,0.706,0.04000000000000001,
1533,1,0.709,support system requirements,Hard,Evaluate,['in-ffcc36a373d8599a'],0.1,0.0,Unknown,1.0,0.0,Database & Systems Administration,0.007639438,0.0,1.0,0.709,0.04000000000000001,
1534,1,0.7,support system design,Hard,Create,['in-ffcc36a373d8599a'],0.1,0.0,Unknown,1.0,0.0,Legacy Web Development,0.003519535,0.0,1.0,0.7,0.04000000000000001,
1535,1,0.703,support system analysis,Hard,Evaluate,['in-ffcc36a373d8599a'],0.1,0.0,Unknown,1.0,0.0,Routine Maintenance Coding,0.026570618,0.0,1.0,0.703,0.04000000000000001,
1536,1,0.608,drive strategic growth,Soft,Unknown,['in-1685751ab1e35ff9'],0.1,0.0,Unknown,1.0,0.0,Leadership & People Development,0.0028953701,0.0,1.0,0.608,0.04000000000000001,
1537,1,0.608,drive progress and efficiency,Soft,Unknown,['in-bc40d95a380aa266'],0.1,0.0,Unknown,1.0,0.0,Environmental & Sustainability Technology,0.033031136,0.0,1.0,0.608,0.04000000000000001,
1538,1,0.702,support SIT/UAT testing cycles,Hard,Evaluate,['in-73b5ece9f9ecc3a9'],0.1,0.0,Unknown,1.0,0.0,Quality Assurance & Testing,0.07877824,0.0,1.0,0.702,0.04000000000000001,
1539,1,0.699,support scheduling for meetings and events,Hard,Evaluate,['in-ded3a3347d3bcae7'],0.1,0.0,Unknown,1.0,0.0,Advanced Communication & Collaboration,0.05340731,0.0,1.0,0.699,0.04000000000000001,
1540,1,0.565,drive product from conception to rollout,Hard,Apply,['in-35e03ae1caff1780'],0.1,0.0,Unknown,1.0,0.0,Business Analysis & Requirements Engineering,0.015839443,0.0,1.0,0.565,0.04000000000000001,
1541,1,0.715,support regulatory attestations,Hard,Evaluate,['in-4bd1ca2b1bfdfa6d'],0.1,0.0,Unknown,1.0,0.0,Quality Assurance & Testing,0.05353625,0.0,1.0,0.715,0.04000000000000001,
1542,1,0.608,tailor messages to resonate across audiences,Soft,Unknown,['in-c795d5647c5b2fa6'],0.1,0.0,Unknown,1.0,0.0,Advanced Communication & Collaboration,0.067010984,0.0,1.0,0.608,0.04000000000000001,
1543,1,0.572,surplus equipment,Hard,Apply,['in-9f929fe6c651de14'],0.1,0.0,Unknown,1.0,0.0,Routine Maintenance Coding,0.036402166,0.0,1.0,0.572,0.04000000000000001,
1544,1,0.611,support worship services,Soft,Unknown,['in-a365d58724aaf9f6'],0.1,0.0,Unknown,1.0,0.0,Leadership & People Development,0.02813515,0.0,1.0,0.611,0.04000000000000001,
1545,1,0.677,support Windows Autopilot,Hard,Evaluate,['in-fb45f01ebbc2a223'],0.1,0.0,Unknown,1.0,0.0,Human-AI Collaboration,0.003919482,0.0,1.0,0.677,0.04000000000000001,
1546,1,0.703,support tracking of remediation actions,Hard,Evaluate,['in-04248886f0c9f962'],0.1,0.0,Unknown,1.0,0.0,Routine Maintenance Coding,0.04801342,0.0,1.0,0.703,0.04000000000000001,
1547,1,0.696,apply best practices for schema design,Hard,Create,['in-0250e3c3a534c646'],0.1,0.0,Unknown,1.0,0.0,Routine Maintenance Coding,0.015885383,0.0,1.0,0.696,0.04000000000000001,
1548,1,0.698,apply best practices for indexing,Hard,Apply,['in-0250e3c3a534c646'],0.1,0.0,Unknown,1.0,0.0,Database & Systems Administration,0.1347892,0.0,1.0,0.698,0.04000000000000001,
1549,1,0.702,"apply basic principles, theories, and concepts",Hard,Apply,['in-6a0c6e81b38e7258'],0.1,0.0,Unknown,1.0,0.0,Blockchain & Distributed Systems,0.020971537,0.0,1.0,0.702,0.04000000000000001,
1550,1,0.604,apply agent-based architectures to asset-intensive environments,Hard,Create,['in-105cf9739214f450'],0.1,0.0,Unknown,1.0,0.0,Cloud Computing & Infrastructure,0.021527857,0.0,1.0,0.604,0.04000000000000001,
1551,1,0.677,apply advanced statistical methods,Hard,Apply,['in-02ef051e5141ce4b'],0.1,0.0,Unknown,1.0,0.0,Routine Data Entry & Clerical,0.027284667,0.0,1.0,0.677,0.04000000000000001,
1552,1,0.576,answer and route incoming calls and emails,Hard,Apply,['in-ded3a3347d3bcae7'],0.1,0.0,Unknown,1.0,0.0,Database & Systems Administration,0.03830993,0.0,1.0,0.576,0.04000000000000001,
1553,1,0.593,articulate a compelling case for a technology,Soft,Unknown,['in-b96ed15875997926'],0.1,0.0,Unknown,1.0,0.0,Advanced Communication & Collaboration,0.028074428,0.0,1.0,0.593,0.04000000000000001,
1554,1,0.716,architect high-performance mobile applications,Hard,Create,['in-b96ed15875997926'],0.1,0.0,Unknown,1.0,0.0,Legacy Web Development,0.007151872,0.0,1.0,0.716,0.04000000000000001,
1555,1,0.703,architect APIs and orchestration layers,Hard,Create,['in-c537f69349c9b14d'],0.1,0.0,Unknown,1.0,0.0,Software Development & Engineering,0.012980863,0.0,1.0,0.703,0.04000000000000001,
1556,1,0.709,apply theoretical knowledge,Hard,Apply,['in-e26b52256be0f85c'],0.1,0.0,Unknown,1.0,0.0,Critical Thinking & Problem Solving,0.040822715,0.0,1.0,0.709,0.04000000000000001,
1557,1,0.704,apply temporal smoothing,Hard,Apply,['in-bfc96d1f328a3175'],0.1,0.0,Unknown,1.0,0.0,Human-AI Collaboration,0.0015878081,0.0,1.0,0.704,0.04000000000000001,
1558,1,0.698,support tracking of POA&Ms,Hard,Evaluate,['in-04248886f0c9f962'],0.1,0.0,Unknown,1.0,0.0,Database & Systems Administration,0.0010738522,0.0,1.0,0.698,0.04000000000000001,
1559,1,0.702,support tracking of exceptions,Hard,Evaluate,['in-04248886f0c9f962'],0.1,0.0,Unknown,1.0,0.0,Routine Maintenance Coding,0.070743546,0.0,1.0,0.702,0.04000000000000001,
1560,1,0.603,support the entire sales cycle,Soft,Unknown,['in-018a8a6c4578b687'],0.1,0.0,Unknown,1.0,0.0,Digital Platforms & E-commerce,0.076674506,0.0,1.0,0.603,0.04000000000000001,
1561,1,0.699,support the design of propositions,Hard,Create,['in-bc0aa6df2d805b7b'],0.1,0.0,Unknown,1.0,0.0,Business Analysis & Requirements Engineering,0.008798495,0.0,1.0,0.699,0.04000000000000001,
1562,1,0.609,"support the design, configuration, and optimisation of the EPR system",Hard,Create,['in-2343dce8f94f0a1c'],0.1,0.0,Unknown,1.0,0.0,Legacy Web Development,0.021904275,0.0,1.0,0.609,0.04000000000000001,
1563,1,0.69,test code,Hard,Evaluate,['in-795392ba67b03cb2'],0.1,0.0,Unknown,1.0,0.0,Quality Assurance & Testing,0.0071471035,0.0,1.0,0.69,0.04000000000000001,
1564,1,0.7,test Circuit Card Assemblies,Hard,Evaluate,['in-e26b52256be0f85c'],0.1,0.0,Unknown,1.0,0.0,Quality Assurance & Testing,0.1659348,0.0,1.0,0.7,0.04000000000000001,
1565,1,0.695,test a candidate's grasp of concepts,Hard,Evaluate,['in-4aab702ede0af613'],0.1,0.0,Unknown,1.0,0.0,Critical Thinking & Problem Solving,0.020597741,0.0,1.0,0.695,0.04000000000000001,
1566,1,0.609,take ownership of specific workstreams,Soft,Unknown,['in-4bd1ca2b1bfdfa6d'],0.1,0.0,Unknown,1.0,0.0,Advanced Communication & Collaboration,0.012143828,0.0,1.0,0.609,0.04000000000000001,
1567,1,0.635,take ownership of key mechanical subsystems,Soft,Unknown,['in-530771fbfe728d26'],0.1,0.0,Unknown,1.0,0.0,Process Automation & RPA,0.014491864,0.0,1.0,0.635,0.04000000000000001,
1568,1,0.693,analyze iOS apps,Hard,Analyze,['in-23d80004b8615742'],0.1,0.0,Unknown,1.0,0.0,UX/UI & Digital Design,0.0057973266,0.0,1.0,0.693,0.04000000000000001,
1569,1,0.642,engage in confidential conversations,Soft,Unknown,['in-2dbe2c923e947b35'],0.1,0.0,Unknown,1.0,0.0,Advanced Communication & Collaboration,0.09639874,0.0,1.0,0.642,0.04000000000000001,
1570,1,0.707,analyze clinical documents,Hard,Analyze,['in-7c9ea1b5273ae869'],0.1,0.0,Unknown,1.0,0.0,Routine Data Entry & Clerical,0.089396134,0.0,1.0,0.707,0.04000000000000001,
1571,1,0.62,apply knowledge of compute programming models and compute architecture,Hard,Create,['in-c5d75e0c5b4f0888'],0.1,0.0,Unknown,1.0,0.0,AI & Machine Learning,0.009642482,0.0,1.0,0.62,0.04000000000000001,
1572,1,0.627,apply for roles,Soft,Unknown,['in-2dbe2c923e947b35'],0.1,0.0,Unknown,1.0,0.0,Leadership & People Development,0.06774922,0.0,1.0,0.627,0.04000000000000001,
1573,1,0.712,apply customer configurations,Hard,Apply,['in-4e3bc9e1167b473b'],0.1,0.0,Unknown,1.0,0.0,Routine Maintenance Coding,0.005426213,0.0,1.0,0.712,0.04000000000000001,
1574,1,0.604,engage in active learning,Soft,Unknown,['in-284b7cf30eb81914'],0.1,0.0,Unknown,1.0,0.0,Technological Literacy & Digital Fluency,0.104523,0.0,1.0,0.604,0.04000000000000001,
1575,1,0.629,apply construction regulations,Hard,Create,['in-ed82d490e0401f2c'],0.1,0.0,Unknown,1.0,0.0,Business Analysis & Requirements Engineering,0.07869637,0.0,1.0,0.629,0.04000000000000001,
1576,1,0.604,take ownership of data solutions,Soft,Unknown,['in-da1eee9312990cd0'],0.1,0.0,Unknown,1.0,0.0,Database & Systems Administration,0.058306217,0.0,1.0,0.604,0.04000000000000001,
1577,1,0.605,take ownership for elements of the proposition,Soft,Unknown,['in-bc0aa6df2d805b7b'],0.1,0.0,Unknown,1.0,0.0,Human-AI Collaboration,0.0064638015,0.0,1.0,0.605,0.04000000000000001,
1578,1,0.603,take ownership and be reliable,Soft,Unknown,['in-ded3a3347d3bcae7'],0.1,0.0,Unknown,1.0,0.0,Resilience & Adaptability,0.03245379,0.0,1.0,0.603,0.04000000000000001,
1579,1,0.601,take on new challenges,Soft,Unknown,['in-753a69a3294291c7'],0.1,0.0,Unknown,1.0,0.0,Resilience & Adaptability,0.016333714,0.0,1.0,0.601,0.04000000000000001,
1580,1,0.565,take meeting minutes,Hard,Apply,['in-67e6b59a925f7a89'],0.1,0.0,Unknown,1.0,0.0,Advanced Communication & Collaboration,0.029263869,0.0,1.0,0.565,0.04000000000000001,
1581,1,0.61,take initiative,Soft,Unknown,['in-bbad41219cc740ed'],0.1,0.0,Unknown,1.0,0.0,Human-AI Collaboration,0.075105265,0.0,1.0,0.61,0.04000000000000001,
1582,1,0.595,track conversion metrics,Hard,Apply,['in-4aab702ede0af613'],0.1,0.0,Unknown,1.0,0.0,Environmental & Sustainability Technology,0.0089741945,0.0,1.0,0.595,0.04000000000000001,
1583,1,0.608,enable meaningful work,Soft,Unknown,['in-8d9ae454713adb22'],0.1,0.0,Unknown,1.0,0.0,Advanced Communication & Collaboration,0.014532074,0.0,1.0,0.608,0.04000000000000001,
1584,1,0.61,think in cross-platform systems,Soft,Unknown,['in-b96ed15875997926'],0.1,0.0,Unknown,1.0,0.0,Advanced Communication & Collaboration,0.0014748573,0.0,1.0,0.61,0.04000000000000001,
1585,1,0.598,think big,Soft,Unknown,['in-e7722395abd65cf4'],0.1,0.0,Unknown,1.0,0.0,Critical Thinking & Problem Solving,0.06407574,0.0,1.0,0.598,0.04000000000000001,
1586,1,0.602,administer candidate profiles,Hard,Analyze,['in-06b5e96976a3f626'],0.1,0.0,Unknown,1.0,0.0,Routine Data Entry & Clerical,0.030304462,0.0,1.0,0.602,0.04000000000000001,
1587,1,0.589,adhere to safety standards,Hard,Apply,['in-e26b52256be0f85c'],0.1,0.0,Unknown,1.0,0.0,Cybersecurity,0.024746925,0.0,1.0,0.589,0.04000000000000001,
1588,1,0.589,adhere to protocols,Hard,Apply,['in-e26b52256be0f85c'],0.1,0.0,Unknown,1.0,0.0,Advanced Communication & Collaboration,0.017062366,0.0,1.0,0.589,0.04000000000000001,
1589,1,0.606,"adhere to policy, procedures and controls",Soft,Unknown,['in-bae8b479625db1b2'],0.1,0.0,Unknown,1.0,0.0,Routine Maintenance Coding,0.023337752,0.0,1.0,0.606,0.04000000000000001,
1590,1,0.604,enable and multiply force,Soft,Unknown,['in-0250e3c3a534c646'],0.1,0.0,Unknown,1.0,0.0,Resilience & Adaptability,0.037130505,0.0,1.0,0.604,0.04000000000000001,
1591,1,0.592,address routine office issues,Hard,Apply,['in-ded3a3347d3bcae7'],0.1,0.0,Unknown,1.0,0.0,Routine Data Entry & Clerical,0.083453655,0.0,1.0,0.592,0.04000000000000001,
1592,1,0.606,address rising costs,Soft,Unknown,['in-9e8b8167a52cb05c'],0.1,0.0,Unknown,1.0,0.0,Legacy Web Development,0.01520022,0.0,1.0,0.606,0.04000000000000001,
1593,1,0.61,address labor shortages,Soft,Unknown,['in-9e8b8167a52cb05c'],0.1,0.0,Unknown,1.0,0.0,Routine Data Entry & Clerical,0.025866166,0.0,1.0,0.61,0.04000000000000001,
1594,1,0.62,address issues related to outstanding payments,Hard,Apply,['in-725db5ff1965a5cf'],0.1,0.0,Unknown,1.0,0.0,Blockchain & Distributed Systems,0.011487421,0.0,1.0,0.62,0.04000000000000001,
1595,1,0.708,develop and configure message transformations,Hard,Create,['in-73b5ece9f9ecc3a9'],0.1,0.0,Unknown,1.0,0.0,Advanced Communication & Collaboration,0.012604892,0.0,1.0,0.708,0.04000000000000001,
1596,1,0.591,adapt to a varying work schedule due to events,Soft,Unknown,['in-5673cefe021ebc42'],0.1,0.0,Unknown,1.0,0.0,Resilience & Adaptability,0.035581782,0.0,1.0,0.591,0.04000000000000001,
1597,1,0.617,allow developers to scale databases,Hard,Create,['in-0250e3c3a534c646'],0.1,0.0,Unknown,1.0,0.0,Database & Systems Administration,0.04981996,0.0,1.0,0.617,0.04000000000000001,
1598,1,0.575,abstract the complexity of the data layer,Hard,Apply,['in-0250e3c3a534c646'],0.1,0.0,Unknown,1.0,0.0,Big Data & Analytics,0.010107204,0.0,1.0,0.575,0.04000000000000001,
1599,1,0.593,determine proper power settings,Hard,Apply,['in-a778ff74a3735980'],0.1,0.0,Unknown,1.0,0.0,Environmental & Sustainability Technology,0.02599138,0.0,1.0,0.593,0.04000000000000001,
1600,1,0.563,work with large-scale GPU farms,Hard,Apply,['in-8d007d54a6e9b3b3'],0.1,0.0,Unknown,1.0,0.0,Cloud Computing & Infrastructure,0.08498675,0.0,1.0,0.563,0.04000000000000001,
1601,1,0.676,adapt inform/awareness materials to local language,Hard,Apply,['in-189e4607c218da31'],0.1,0.0,Unknown,1.0,0.0,Advanced Communication & Collaboration,0.09045789,0.0,1.0,0.676,0.04000000000000001,
1602,1,0.67,adapt makeup style to different customers,Hard,Apply,['in-34c6520c08d55db7'],0.1,0.0,Unknown,1.0,0.0,Routine Data Entry & Clerical,0.010644436,0.0,1.0,0.67,0.04000000000000001,
1603,1,0.56,track cycle time,Hard,Apply,['in-bae7da04393e2cef'],0.1,0.0,Unknown,1.0,0.0,Project Management & Agile Methodologies,0.048945233,0.0,1.0,0.56,0.04000000000000001,
1604,1,0.696,write papers,Hard,Create,['in-62a6486e8ffb7e03'],0.1,0.0,Unknown,1.0,0.0,Advanced Communication & Collaboration,0.018836781,0.0,1.0,0.696,0.04000000000000001,
1605,1,0.667,write grants,Hard,Create,['in-487df2b1087d73fa'],0.1,0.0,Unknown,1.0,0.0,Technological Literacy & Digital Fluency,0.00717175,0.0,1.0,0.667,0.04000000000000001,
1606,1,0.699,write clean concurrent code,Hard,Create,['in-443f3ba3c65aa81b'],0.1,0.0,Unknown,1.0,0.0,Routine Maintenance Coding,0.17499681,0.0,1.0,0.699,0.04000000000000001,
1607,1,0.701,write articles,Hard,Create,['in-62a6486e8ffb7e03'],0.1,0.0,Unknown,1.0,0.0,Advanced Communication & Collaboration,0.020084783,0.0,1.0,0.701,0.04000000000000001,
1608,1,0.629,work with utmost care and precision,Soft,Unknown,['in-25943c33b8b06d57'],0.1,0.0,Unknown,1.0,0.0,Routine Maintenance Coding,0.0017612875,0.0,1.0,0.629,0.04000000000000001,
1609,1,0.602,work with public and private sector,Soft,Unknown,['in-a7d7380a191d11c4'],0.1,0.0,Unknown,1.0,0.0,Leadership & People Development,0.005685687,0.0,1.0,0.602,0.04000000000000001,
1610,1,0.696,determine how technology can add value to a client’s mining operation,Hard,Evaluate,['in-0fcfe59aff7d7b19'],0.1,0.0,Unknown,1.0,0.0,Advanced Communication & Collaboration,0.021817267,0.0,1.0,0.696,0.04000000000000001,
1611,1,0.676,design scalable real-time data streaming platforms,Hard,Create,['in-e1f6fb04d77bbcd3'],0.1,0.0,Unknown,1.0,0.0,Big Data & Analytics,0.057300687,0.0,1.0,0.676,0.04000000000000001,
1612,1,0.678,design robust evaluation frameworks,Hard,Create,['in-e4187db23d86d9a0'],0.1,0.0,Unknown,1.0,0.0,Legacy Web Development,0.04307288,0.0,1.0,0.678,0.04000000000000001,
1613,1,0.712,develop scalability,Hard,Create,['in-e7722395abd65cf4'],0.1,0.0,Unknown,1.0,0.0,Resilience & Adaptability,0.019650668,0.0,1.0,0.712,0.04000000000000001,
1614,1,0.675,develop robust pipelines,Hard,Create,['in-21f3b05871873683'],0.1,0.0,Unknown,1.0,0.0,Process Automation & RPA,0.010270342,0.0,1.0,0.675,0.04000000000000001,
1615,1,0.677,develop relationships,Soft,Unknown,['in-2bf49c3826340f07'],0.1,0.0,Unknown,1.0,0.0,Leadership & People Development,0.0010842234,0.0,1.0,0.677,0.04000000000000001,
1616,1,0.702,develop product growth,Hard,Create,['in-bbad41219cc740ed'],0.1,0.0,Unknown,1.0,0.0,Resilience & Adaptability,0.026882306,0.0,1.0,0.702,0.04000000000000001,
1617,1,0.634,adapt approach to activities and customers,Soft,Unknown,['in-34c6520c08d55db7'],0.1,0.0,Unknown,1.0,0.0,Routine Maintenance Coding,0.018984303,0.0,1.0,0.634,0.04000000000000001,
1618,2,0.716,maintain documentation,Hard,Analyze,"['in-4bd1ca2b1bfdfa6d', 'in-73b5ece9f9ecc3a9']",0.2,0.0,Unknown,1.0,-0.1206517964601516,Routine Maintenance Coding,0.109910965,-0.21856096363018013,1.0,0.716,0.014431710910945986,
1619,1,0.606,enable internal developers to ship features quickly and safely,Soft,Unknown,['in-431768e5d2264d2d'],0.1,0.0,Unknown,1.0,-0.0901555716991424,Routine Maintenance Coding,0.060042858,-0.16331699324263504,1.0,0.606,-0.008995097972790501,
1620,1,0.626,ensure production software operates flawlessly,Hard,Evaluate,['in-07094449f509827e'],0.1,0.0,Unknown,1.0,-0.0905810594558715,Routine Maintenance Coding,0.11765668,-0.1640877651403769,1.0,0.626,-0.009226329542113061,
1621,1,0.592,assist in preparation of operations reviews,Hard,Evaluate,['in-a77e7fdadad1bd31'],0.1,0.0,Unknown,1.0,-0.0906297147274017,Routine Maintenance Coding,0.020065963,-0.16417590425925724,1.0,0.592,-0.009252771277777162,
1622,1,0.634,foster a culture of continuous improvement,Soft,Unknown,['in-4aae1652e7ec2129'],0.1,0.0,Unknown,1.0,-0.0908392667770385,Routine Maintenance Coding,0.017118901,-0.16455550820418838,1.0,0.634,-0.009366652461256501,
1623,1,0.611,manage product lifecycle,Soft,Unknown,['in-2f5b3f13e615982a'],0.1,0.0,Unknown,1.0,-0.0908676087856292,Routine Maintenance Coding,0.06337243,-0.16460684980779924,1.0,0.611,-0.009382054942339763,
1624,1,0.618,support continuous improvement,Soft,Unknown,['in-ee0deef20dee727b'],0.1,0.0,Unknown,1.0,-0.0910624802112579,Routine Maintenance Coding,0.083807915,-0.16495985977382543,1.0,0.618,-0.009487957932147621,
1625,1,0.632,"deliver reliable, high-performance software",Hard,Apply,['in-ce4ba705be083cdb'],0.1,0.0,Unknown,1.0,-0.0921724677085876,Routine Maintenance Coding,0.07926406,-0.1669706042811727,1.0,0.632,-0.010091181284351797,
1626,1,0.615,innovate solutions,Soft,Unknown,['in-284b7cf30eb81914'],0.1,0.0,Unknown,1.0,-0.0925176322460174,Routine Maintenance Coding,0.029311955,-0.1675958705111417,1.0,0.615,-0.010278761153342496,
1627,1,0.696,support the design of solutions,Hard,Create,['in-fbb699e18d37f468'],0.1,0.0,Unknown,1.0,-0.0925474226474761,Routine Maintenance Coding,0.041842997,-0.16764983588124616,1.0,0.696,-0.01029495076437384,
1628,1,0.591,own project lifecycle,Hard,Apply,['in-76d6057eab891b98'],0.1,0.0,Unknown,1.0,-0.0927160531282424,Routine Maintenance Coding,0.04840246,-0.16795531032468616,1.0,0.591,-0.01038659309740584,
1629,1,0.62,maintain process models,Hard,Create,['in-92e57e0960d0c733'],0.1,0.0,Unknown,1.0,-0.09328293800354,Routine Maintenance Coding,0.032215357,-0.16898222337735125,1.0,0.62,-0.010694667013205365,
1630,1,0.694,review code,Hard,Evaluate,['in-795392ba67b03cb2'],0.1,0.0,Unknown,1.0,-0.0934214293956756,Routine Maintenance Coding,0.1633384,-0.16923310080319745,1.0,0.694,-0.010769930240959229,
1631,1,0.596,deliver optimal software solutions,Hard,Apply,['in-bc40d95a380aa266'],0.1,0.0,Unknown,1.0,-0.093630713224411,Routine Maintenance Coding,0.07098886,-0.16961221886544467,1.0,0.596,-0.01088366565963339,
1632,1,0.608,pinpoint areas of improvement,Soft,Unknown,['in-23d80004b8615742'],0.1,0.0,Unknown,1.0,-0.0940283060073852,Routine Maintenance Coding,0.01693052,-0.17033245896404897,1.0,0.608,-0.011099737689214684,
1633,1,0.639,proactively manage tasks,Soft,Unknown,['in-361c0675a3147072'],0.1,0.0,Unknown,1.0,-0.0941694170236587,Routine Maintenance Coding,0.08861396,-0.17058808184410912,1.0,0.639,-0.011176424553232728,
1634,1,0.609,promote rapid and efficient development cycles,Soft,Unknown,['in-b580b7c014d5ef12'],0.1,0.0,Unknown,1.0,-0.094196605682373,Routine Maintenance Coding,0.027846873,-0.17063733415217872,1.0,0.609,-0.011191200245653607,
1635,1,0.701,enhance reliability of data solutions,Hard,Create,['in-da1eee9312990cd0'],0.1,0.0,Unknown,1.0,-0.09426871240139,Routine Maintenance Coding,0.0073617995,-0.1707679556137313,1.0,0.701,-0.011230386684119374,
1636,1,0.699,maintain HR software,Hard,Analyze,['in-7e3654818d829d5e'],0.1,0.0,Unknown,1.0,-0.094371074438095,Routine Maintenance Coding,0.022543967,-0.1709533846420407,1.0,0.699,-0.011286015392612203,
1637,1,0.71,support operations,Hard,Evaluate,['in-b717309a36d86a55'],0.1,0.0,Unknown,1.0,-0.0948543816804885,Routine Maintenance Coding,0.09123385,-0.1718288966503667,1.0,0.71,-0.011548668995110006,
1638,1,0.595,isolate technical issues,Hard,Apply,['in-284b7cf30eb81914'],0.1,0.0,Unknown,1.0,-0.0954509139060974,Routine Maintenance Coding,0.0023819208,-0.17290951593570492,1.0,0.595,-0.011872854780711463,
1639,1,0.625,facilitate backlog grooming,Hard,Analyze,['in-92e57e0960d0c733'],0.1,0.0,Unknown,1.0,-0.0970748305320739,Routine Maintenance Coding,0.06439021,-0.17585124405780309,1.0,0.625,-0.012755373217340917,
1640,1,0.703,support the implementation of solutions,Hard,Evaluate,['in-fbb699e18d37f468'],0.1,0.0,Unknown,1.0,-0.0972023606300354,Routine Maintenance Coding,0.08592239,-0.17608226507796274,1.0,0.703,-0.01282467952338881,
1641,1,0.701,debug software,Hard,Analyze,['in-c5d75e0c5b4f0888'],0.1,0.0,Unknown,1.0,-0.0982759952545166,Routine Maintenance Coding,0.06564048,-0.17802715628553656,1.0,0.701,-0.013408146885660957,
1642,1,0.593,focus on operational readiness,Hard,Apply,['in-a0fcbae76d831775'],0.1,0.0,Unknown,1.0,-0.0989020049571991,Routine Maintenance Coding,0.049336433,-0.17916117407784785,1.0,0.593,-0.013748352223354347,
1643,1,0.715,identify hardening requirements,Hard,Analyze,['in-04248886f0c9f962'],0.1,0.0,Unknown,1.0,-0.0990649223327636,Routine Maintenance Coding,0.082563475,-0.1794562992201182,1.0,0.715,-0.013836889766035448,
1644,1,0.592,eliminate manual tasks,Hard,Apply,['in-9da8b8c6e52feb61'],0.1,0.0,Unknown,1.0,-0.1003590613603591,Routine Maintenance Coding,0.060405046,-0.18180063458222046,1.0,0.592,-0.014540190374666126,
1645,1,0.677,build retrieval and evaluation capabilities,Hard,Create,['in-e4187db23d86d9a0'],0.1,0.0,Unknown,1.0,-0.1007211506366729,Routine Maintenance Coding,0.03063488,-0.18245656000955082,1.0,0.677,-0.014736968002865239,
1646,1,0.709,"build things reliably, efficiently and cost-effectively",Hard,Create,['in-4680a02c6d0fe13f'],0.1,0.0,Unknown,1.0,-0.1012840211391448,Routine Maintenance Coding,0.09329486,-0.18347620101804496,1.0,0.709,-0.015042860305413477,
1647,1,0.706,diagnose technical issues,Hard,Analyze,['in-284b7cf30eb81914'],0.1,0.0,Unknown,1.0,-0.101448655128479,Routine Maintenance Coding,0.07812017,-0.18377443580949335,1.0,0.706,-0.015132330742847998,
1648,1,0.694,maintain or write plugins for tools,Hard,Create,['in-431768e5d2264d2d'],0.1,0.0,Unknown,1.0,-0.1016859591007232,Routine Maintenance Coding,0.011651367,-0.18420431241613044,1.0,0.694,-0.015261293724839121,
1649,1,0.694,deploy code,Hard,Apply,['in-76d6057eab891b98'],0.1,0.0,Unknown,1.0,-0.1018541693687438,Routine Maintenance Coding,0.08156806,-0.18450902564336544,1.0,0.694,-0.015352707693009622,
1650,1,0.59,drive delivery of maintenance work pieces,Hard,Apply,['in-bc40d95a380aa266'],0.1,0.0,Unknown,1.0,-0.1021018624305725,Routine Maintenance Coding,0.112266466,-0.18495772210596367,1.0,0.59,-0.015487316631789094,
1651,1,0.707,implement changes,Hard,Apply,['in-23d80004b8615742'],0.1,0.0,Unknown,1.0,-0.1022509038448333,Routine Maintenance Coding,0.13537872,-0.18522771091738102,1.0,0.707,-0.015568313275214296,
1652,1,0.712,improve operational readiness,Hard,Create,['in-ffcc36a373d8599a'],0.1,0.0,Unknown,1.0,-0.1023940712213516,Routine Maintenance Coding,0.09452066,-0.18548705889801867,1.0,0.712,-0.015646117669405595,
1653,1,0.586,craft tools,Hard,Apply,['in-23d80004b8615742'],0.1,0.0,Unknown,1.0,-0.1023970752954483,Routine Maintenance Coding,0.012123555,-0.18549250078407967,1.0,0.586,-0.01564775023522389,
1654,1,0.697,develop and maintain data models,Hard,Create,['in-4bd1ca2b1bfdfa6d'],0.1,0.0,Unknown,1.0,-0.1025910973548889,Routine Maintenance Coding,0.0031411946,-0.1858439721216064,1.0,0.697,-0.01575319163648191,
1655,1,0.608,support management and execution of contracts,Soft,Unknown,['in-9be994077c46b7ef'],0.1,0.0,Unknown,1.0,-0.1025977849960327,Routine Maintenance Coding,0.07889742,-0.18585608679652782,1.0,0.608,-0.015756826038958338,
1656,1,0.608,innovate new solutions,Soft,Unknown,['in-c537f69349c9b14d'],0.1,0.0,Unknown,1.0,-0.1027890533208847,Routine Maintenance Coding,0.05334419,-0.1862025697384987,1.0,0.608,-0.015860770921549597,
1657,1,0.698,build golden paths for developers,Hard,Create,['in-0250e3c3a534c646'],0.1,0.0,Unknown,1.0,-0.1028277218341827,Routine Maintenance Coding,0.019890696,-0.18627261782544408,1.0,0.698,-0.015881785347633216,
1658,1,0.699,debug systems,Hard,Analyze,['in-9378455c1bb091a1'],0.1,0.0,Unknown,1.0,-0.1028533995151519,Routine Maintenance Coding,0.014711022,-0.18631913299439368,1.0,0.699,-0.015895739898318093,
1659,1,0.59,own feature execution and delivery,Hard,Apply,['in-a2a8769491dd2881'],0.1,0.0,Unknown,1.0,-0.1029196143150329,Routine Maintenance Coding,0.18877143,-0.18643908123298744,1.0,0.59,-0.015931724369896226,
1660,1,0.702,write performance or correctness tools,Hard,Create,['in-c5d75e0c5b4f0888'],0.1,0.0,Unknown,1.0,-0.1032313048839569,Routine Maintenance Coding,0.09275636,-0.1870037093039915,1.0,0.702,-0.016101112791197435,
1661,1,0.702,build complex software,Hard,Create,['in-6953506b6f0d8ecb'],0.1,0.0,Unknown,1.0,-0.104764848947525,Routine Maintenance Coding,0.036914617,-0.18978172735375576,1.0,0.702,-0.016934518206126715,
1662,1,0.694,design code,Hard,Create,['in-76d6057eab891b98'],0.1,0.0,Unknown,1.0,-0.1048132181167602,Routine Maintenance Coding,0.073993266,-0.189869348197773,1.0,0.694,-0.016960804459331895,
1663,1,0.707,identify basic configuration issues,Hard,Analyze,['in-04248886f0c9f962'],0.1,0.0,Unknown,1.0,-0.1050638079643249,Routine Maintenance Coding,0.10405868,-0.19032329219335845,1.0,0.707,-0.017096987658007524,
1664,1,0.632,implement improvements,Hard,Create,['in-a0fcbae76d831775'],0.1,0.0,Unknown,1.0,-0.1052397161722183,Routine Maintenance Coding,0.10948411,-0.1906419502536248,1.0,0.632,-0.017192585076087424,
1665,1,0.71,maintain equipment,Hard,Analyze,['in-e26b52256be0f85c'],0.1,0.0,Unknown,1.0,-0.1063866734504699,Routine Maintenance Coding,0.13112321,-0.19271966559091866,1.0,0.71,-0.017815899677275586,
1666,1,0.587,drive delivery of new features,Hard,Apply,['in-bc40d95a380aa266'],0.1,0.0,Unknown,1.0,-0.1066171824932098,Routine Maintenance Coding,0.13444665,-0.1931372331695609,1.0,0.587,-0.017941169950868266,
1667,1,0.592,craft software,Hard,Apply,['in-6953506b6f0d8ecb'],0.1,0.0,Unknown,1.0,-0.1080220341682434,Routine Maintenance Coding,0.03713706,-0.19568212470753504,1.0,0.592,-0.0187046374122605,
1668,1,0.62,contribute to continuous improvement of internally built tools,Hard,Create,['in-8b3ede5765e5e1c9'],0.1,0.0,Unknown,1.0,-0.1085998982191085,Routine Maintenance Coding,0.031363904,-0.19672892655806554,1.0,0.62,-0.01901867796741965,
1669,1,0.701,refactor and upgrade codebase,Hard,Create,['in-431768e5d2264d2d'],0.1,0.0,Unknown,1.0,-0.108735054731369,Routine Maintenance Coding,0.14018287,-0.19697376284254065,1.0,0.701,-0.01909212885276218,
1670,1,0.691,adopt and test new features early on,Hard,Evaluate,['in-431768e5d2264d2d'],0.1,0.0,Unknown,1.0,-0.1092835128307342,Routine Maintenance Coding,0.15118806,-0.19796729575481373,1.0,0.691,-0.01939018872644411,
1671,1,0.704,perform technical support duties,Hard,Evaluate,['in-a7d7380a191d11c4'],0.1,0.0,Unknown,1.0,-0.109537249803543,Routine Maintenance Coding,0.004845977,-0.19842694077389153,1.0,0.704,-0.019528082232167447,
1672,1,0.716,implement customizations,Hard,Apply,['in-795392ba67b03cb2'],0.1,0.0,Unknown,1.0,-0.1100901961326599,Routine Maintenance Coding,0.034237802,-0.19942860412307734,1.0,0.716,-0.019828581236923187,
1673,1,0.692,write new and unique tools,Hard,Create,['in-431768e5d2264d2d'],0.1,0.0,Unknown,1.0,-0.1107515752315521,Routine Maintenance Coding,0.037239313,-0.20062669364532065,1.0,0.692,-0.020188008093596187,
1674,1,0.643,drive proactive maintenance,Soft,Unknown,['in-da1eee9312990cd0'],0.1,0.0,Unknown,1.0,-0.1112753123044967,Routine Maintenance Coding,0.18136379,-0.20157544437021704,1.0,0.643,-0.0204726333110651,
1675,1,0.703,dive into platform-specific native code,Hard,Apply,['in-b96ed15875997926'],0.1,0.0,Unknown,1.0,-0.111404013633728,Routine Maintenance Coding,0.029499233,-0.2018085870780968,1.0,0.703,-0.020542576123429024,
1676,1,0.694,innovate next big features in tools,Hard,Create,['in-c5d75e0c5b4f0888'],0.1,0.0,Unknown,1.0,-0.1120696038007736,Routine Maintenance Coding,0.08033556,-0.2030143049584792,1.0,0.694,-0.020904291487543747,
1677,1,0.7,analyze software for defects,Hard,Analyze,['in-92e57e0960d0c733'],0.1,0.0,Unknown,1.0,-0.1129489928483963,Routine Maintenance Coding,0.01381889,-0.20460731992628964,1.0,0.7,-0.021382195977886882,
1678,1,0.7,contribute to feature design,Hard,Create,['in-8b3ede5765e5e1c9'],0.1,0.0,Unknown,1.0,-0.1133726298809051,Routine Maintenance Coding,0.12174931,-0.20537473923351177,1.0,0.7,-0.02161242177005352,
1679,1,0.612,deliver solutions that balance user experience with developer experience,Hard,Create,['in-b96ed15875997926'],0.1,0.0,Unknown,1.0,-0.1142905175685882,Routine Maintenance Coding,0.021538973,-0.20703749456256776,1.0,0.612,-0.02211124836877032,
1680,1,0.715,develop production-quality code,Hard,Create,['in-4ede713a5581ba77'],0.1,0.0,Unknown,1.0,-0.1144178599119186,Routine Maintenance Coding,0.0870367,-0.2072681754648485,1.0,0.715,-0.022180452639454534,
1681,1,0.702,follow established best practices and design patterns,Hard,Create,['in-3a40f4b75ecb8f1e'],0.1,0.0,Unknown,1.0,-0.115187931060791,Routine Maintenance Coding,0.11748248,-0.20866316084674405,1.0,0.702,-0.0225989482540232,
1682,1,0.624,reproduce technical issues,Hard,Create,['in-284b7cf30eb81914'],0.1,0.0,Unknown,1.0,-0.1157842755317687,Routine Maintenance Coding,0.13073775,-0.20974344001420314,1.0,0.624,-0.022923032004260935,
1683,1,0.621,handle complexity for developers,Hard,Create,['in-0250e3c3a534c646'],0.1,0.0,Unknown,1.0,-0.1170167326927185,Routine Maintenance Coding,0.10015389,-0.2119760385550717,1.0,0.621,-0.0235928115665215,
1684,1,0.698,solve problems for the built environment,Hard,Apply,['in-97191426cd97dd84'],0.1,0.0,Unknown,1.0,-0.1176264256238937,Routine Maintenance Coding,0.046616048,-0.21308049848410532,1.0,0.698,-0.023924149545231588,
1685,1,0.704,develop application code,Hard,Create,['in-92e57e0960d0c733'],0.1,0.0,Unknown,1.0,-0.1178811728954315,Routine Maintenance Coding,0.025976062,-0.21354197366129302,1.0,0.704,-0.02406259209838789,
1686,1,0.702,identify defect trends,Hard,Analyze,['in-da1eee9312990cd0'],0.1,0.0,Unknown,1.0,-0.1182087063789367,Routine Maintenance Coding,0.10229063,-0.2141353012028327,1.0,0.702,-0.0242405903608498,
1687,1,0.704,develop enhancements to software systems,Hard,Create,['in-14734ee7aab2dff0'],0.1,0.0,Unknown,1.0,-0.1182438790798187,Routine Maintenance Coding,0.07587898,-0.21419901661879656,1.0,0.704,-0.024259704985638952,
1688,1,0.702,automate and streamline the entire software delivery lifecycle,Hard,Create,['in-3a40f4b75ecb8f1e'],0.1,0.0,Unknown,1.0,-0.1190237939357757,Routine Maintenance Coding,0.109169394,-0.21561183389519537,1.0,0.702,-0.024683550168558596,
1689,1,0.702,develop best practices,Hard,Create,['in-b717309a36d86a55'],0.1,0.0,Unknown,1.0,-0.1191398441791534,Routine Maintenance Coding,0.050828964,-0.21582205913647906,1.0,0.702,-0.024746617740943708,
1690,1,0.709,support operational tooling,Hard,Evaluate,['in-bc40d95a380aa266'],0.1,0.0,Unknown,1.0,-0.1191785216331481,Routine Maintenance Coding,0.046997964,-0.2158921234195139,1.0,0.709,-0.02476763702585416,
1691,1,0.618,assist in development and maintenance of efficient systems,Hard,Create,['in-63be0cc7d27e5935'],0.1,0.0,Unknown,1.0,-0.1192197918891906,Routine Maintenance Coding,0.110934466,-0.2159668845684943,1.0,0.618,-0.024790065370548287,
1692,1,0.703,build workflows,Hard,Create,['in-8d9ae454713adb22'],0.1,0.0,Unknown,1.0,-0.119780695438385,Routine Maintenance Coding,0.077748,-0.21698296243730586,1.0,0.703,-0.025094888731191742,
1693,1,0.605,uphold standards for code quality,Soft,Unknown,['in-366ed5fb266e1ee3'],0.1,0.0,Unknown,1.0,-0.1218913882970809,Routine Maintenance Coding,0.13390297,-0.22080648665044328,1.0,0.605,-0.02624194599513298,
1694,1,0.603,strengthen platform reliability,Hard,Apply,['in-a2a8769491dd2881'],0.1,0.0,Unknown,1.0,-0.1221823692321777,Legacy Web Development,0.049806714,-0.22133359917954493,1.0,0.603,-0.026400079753863465,
1695,1,0.614,become an expert in JavaScript tooling,Hard,Apply,['in-431768e5d2264d2d'],0.1,0.0,Unknown,1.0,-0.1233721256256103,Legacy Web Development,0.042244375,-0.22348884519711812,1.0,0.614,-0.027046653559135422,
1696,1,0.615,work with JavaScript tools,Hard,Apply,['in-431768e5d2264d2d'],0.1,0.0,Unknown,1.0,-0.1233727216720581,Legacy Web Development,0.05535561,-0.223489924936416,1.0,0.615,-0.027046977480924786,
1697,1,0.59,fix technical issues,Hard,Apply,['in-284b7cf30eb81914'],0.1,0.0,Unknown,1.0,-0.1236162185668945,Routine Maintenance Coding,0.123063534,-0.22393102003435747,1.0,0.59,-0.027179306010307228,
1698,1,0.71,maintain readiness,Hard,Analyze,['in-9da8b8c6e52feb61'],0.1,0.0,Unknown,1.0,-0.1237593054771423,Routine Maintenance Coding,0.06491971,-0.2241902222501898,1.0,0.71,-0.027257066675056937,
1699,1,0.683,develop and maintain CLI tools and packages,Hard,Create,['in-431768e5d2264d2d'],0.1,0.0,Unknown,1.0,-0.1245754837989807,Routine Maintenance Coding,0.11080372,-0.2256687308654675,1.0,0.683,-0.027700619259640236,
1700,1,0.613,understand developer needs,Soft,Unknown,['in-0203fddefc4a7b12'],0.1,0.0,Unknown,1.0,-0.1252771943807601,Routine Maintenance Coding,0.05755666,-0.226939880947297,1.0,0.613,-0.02808196428418909,
1701,1,0.614,operate code,Hard,Evaluate,['in-76d6057eab891b98'],0.1,0.0,Unknown,1.0,-0.1255338191986084,Routine Maintenance Coding,0.13992316,-0.22740475730327292,1.0,0.614,-0.028221427190981863,
1702,1,0.706,evaluate proposed software changes,Hard,Evaluate,['in-8b3ede5765e5e1c9'],0.1,0.0,Unknown,1.0,-0.1255399882793426,Routine Maintenance Coding,0.092867434,-0.22741593260500514,1.0,0.706,-0.028224779781501536,
1703,1,0.699,design layout,Hard,Create,['in-c795d5647c5b2fa6'],0.1,0.0,Unknown,1.0,-0.1256707906723022,Legacy Web Development,0.027454734,-0.22765288139390963,1.0,0.699,-0.028295864418172875,
1704,1,0.678,innovate developer tooling,Hard,Create,['in-1291ef0e4f87819c'],0.1,0.0,Unknown,1.0,-0.1259872913360595,Routine Maintenance Coding,0.03949648,-0.2282262229610469,1.0,0.678,-0.028467866888314056,
1705,1,0.703,develop and maintain taxonomies,Hard,Create,['in-4bd1ca2b1bfdfa6d'],0.1,0.0,Unknown,1.0,-0.1261330366134643,Legacy Web Development,0.007184893,-0.22849024081414754,1.0,0.703,-0.028547072244244256,
1706,1,0.707,code proficiently,Hard,Apply,['in-4680a02c6d0fe13f'],0.1,0.0,Unknown,1.0,-0.126491492986679,Routine Maintenance Coding,0.21585065,-0.22913958523045763,1.0,0.707,-0.02874187556913728,
1707,1,0.692,write code,Hard,Create,['in-795392ba67b03cb2'],0.1,0.0,Unknown,1.0,-0.1267026990652084,Routine Maintenance Coding,0.19042704,-0.2295221854519403,1.0,0.692,-0.028856655635582082,
1708,1,0.611,support feature planning,Soft,Unknown,['in-8b3ede5765e5e1c9'],0.1,0.0,Unknown,1.0,-0.1285403788089752,Routine Maintenance Coding,0.18007088,-0.23285114587710884,1.0,0.611,-0.029855343763132647,
1709,1,0.707,automate core development workflows,Hard,Create,['in-8b3ede5765e5e1c9'],0.1,0.0,Unknown,1.0,-0.1293131500482559,Routine Maintenance Coding,0.04998508,-0.23425102247802343,1.0,0.707,-0.03027530674340702,
1710,1,0.622,"leverage JavaScript to deliver reliable, scalable solutions",Hard,Apply,['in-8b3ede5765e5e1c9'],0.1,0.0,Unknown,1.0,-0.1299264907836914,Legacy Web Development,0.034449875,-0.23536209041155978,1.0,0.622,-0.03060862712346793,
1711,1,0.623,augment core development workflows,Hard,Create,['in-8b3ede5765e5e1c9'],0.1,0.0,Unknown,1.0,-0.1313480794429779,Routine Maintenance Coding,0.085552454,-0.2379373010290164,1.0,0.623,-0.03138119030870491,
1712,1,0.709,improve developer workflows,Hard,Create,['in-30af647e83a32e8c'],0.1,0.0,Unknown,1.0,-0.1315443634986877,Routine Maintenance Coding,0.14705122,-0.23829286997717822,1.0,0.709,-0.031487860993153455,
1713,1,0.703,build creative features,Hard,Create,['in-12e4e1edda8ca7ae'],0.1,0.0,Unknown,1.0,-0.1317362308502197,Routine Maintenance Coding,0.108804524,-0.2386404380571434,1.0,0.703,-0.03159213141714301,
1714,1,0.687,"build and maintain tools, pipelines, and processes",Hard,Create,['in-431768e5d2264d2d'],0.1,0.0,Unknown,1.0,-0.1331220209598541,Routine Maintenance Coding,0.08592218,-0.24115079953237348,1.0,0.687,-0.032345239859712036,
1715,1,0.711,build internally-used digital products,Hard,Create,['in-8b3ede5765e5e1c9'],0.1,0.0,Unknown,1.0,-0.1332616448402404,Legacy Web Development,0.04335019,-0.24140372846288544,1.0,0.711,-0.03242111853886562,
1716,1,0.696,build systems that run smoothly,Hard,Create,['in-07094449f509827e'],0.1,0.0,Unknown,1.0,-0.1336765050888061,Legacy Web Development,0.0058144033,-0.24215524860894747,1.0,0.696,-0.03264657458268423,
1717,1,0.702,develop backend server,Hard,Create,['in-b580b7c014d5ef12'],0.1,0.0,Unknown,1.0,-0.1339816570281982,Legacy Web Development,0.07415348,-0.24270803193985446,1.0,0.702,-0.03281240958195633,
1718,1,0.708,"architect and build polished, cross-platform mobile experiences",Hard,Create,['in-b96ed15875997926'],0.1,0.0,Unknown,1.0,-0.1352519989013672,Legacy Web Development,0.0146250725,-0.24500925871049176,1.0,0.708,-0.033502777613147516,
1719,1,0.614,continuously improve the developer experience,Soft,Unknown,['in-431768e5d2264d2d'],0.1,0.0,Unknown,1.0,-0.1357608139514923,Routine Maintenance Coding,0.08158761,-0.24593097816206755,1.0,0.614,-0.033779293448620254,
1720,1,0.62,maintain and operate procedures,Hard,Evaluate,['in-63be0cc7d27e5935'],0.1,0.0,Unknown,1.0,-0.1361114680767059,Routine Maintenance Coding,0.110316455,-0.2465661887909693,1.0,0.62,-0.03396985663729078,
1721,1,0.603,support the evolution of how we deliver our developments,Soft,Unknown,['in-a48e951226650184'],0.1,0.0,Unknown,1.0,-0.1366021156311035,Legacy Web Development,0.01964569,-0.24745499778874785,1.0,0.603,-0.03423649933662434,
1722,1,0.712,design improvements,Hard,Create,['in-a0fcbae76d831775'],0.1,0.0,Unknown,1.0,-0.1368024468421936,Legacy Web Development,0.06833583,-0.2478178981667419,1.0,0.712,-0.03434536945002256,
1723,1,0.696,design data stores,Hard,Create,['in-788288259e19ed8a'],0.1,0.0,Unknown,1.0,-0.1369702100753784,Legacy Web Development,0.0036118627,-0.24812180158950362,1.0,0.696,-0.034436540476851074,
1724,1,0.7,write automation for best practices,Hard,Create,['in-0250e3c3a534c646'],0.1,0.0,Unknown,1.0,-0.137162983417511,Routine Maintenance Coding,0.028899401,-0.24847101087320148,1.0,0.7,-0.034541303261960435,
1725,1,0.704,design and develop internal platform capabilities,Hard,Create,['in-0250e3c3a534c646'],0.1,0.0,Unknown,1.0,-0.13774915933609,Legacy Web Development,0.026428312,-0.2495328696882399,1.0,0.704,-0.03485986090647196,
1726,1,0.595,"leverage modern frameworks to deliver reliable, scalable solutions",Hard,Apply,['in-8b3ede5765e5e1c9'],0.1,0.0,Unknown,1.0,-0.1384289264678955,Legacy Web Development,0.058089197,-0.25076426916782085,1.0,0.595,-0.035229280750346245,
1727,1,0.676,design solutions,Hard,Create,['in-4249d42ce8b49e38'],0.1,0.0,Unknown,1.0,-0.141021466255188,Legacy Web Development,0.022872478,-0.25546066002800477,1.0,0.676,-0.036638198008401415,
1728,1,0.597,transition legacy services,Hard,Apply,['in-a2a8769491dd2881'],0.1,0.0,Unknown,1.0,-0.1413561820983886,Legacy Web Development,0.11940688,-0.256066998428083,1.0,0.597,-0.036820099528424896,
1729,1,0.706,develop new architectures,Hard,Create,['in-12e4e1edda8ca7ae'],0.1,0.0,Unknown,1.0,-0.1437507152557373,Legacy Web Development,0.03731239,-0.26040469989353443,1.0,0.706,-0.03812140996806032,
1730,1,0.712,design internally-used digital products,Hard,Create,['in-8b3ede5765e5e1c9'],0.1,0.0,Unknown,1.0,-0.1445921182632446,Legacy Web Development,0.015121609,-0.2619289030758954,1.0,0.712,-0.03857867092276861,
1731,1,0.701,"develop low-level Linux boot, BIOS, firmware and embedded software",Hard,Create,['in-4680a02c6d0fe13f'],0.1,0.0,Unknown,1.0,-0.1459470987319946,Legacy Web Development,0.0757066,-0.2643834528268217,1.0,0.701,-0.03931503584804649,
1732,1,0.703,develop embedded software tools,Hard,Create,['in-35e79000a6810bd1'],0.1,0.0,Unknown,1.0,-0.1481360673904419,Legacy Web Development,0.006847471,-0.26834877380324423,1.0,0.703,-0.04050463214097326,
1733,1,0.709,design end-to-end solutions,Hard,Create,['in-b96ed15875997926'],0.1,0.0,Unknown,1.0,-0.1484591484069824,Legacy Web Development,0.07180196,-0.2689340356922293,1.0,0.709,-0.04068021070766878,
1734,1,0.673,develop methods and frameworks,Hard,Create,['in-37ed4cd194d9bd61'],0.1,0.0,Unknown,1.0,-0.1495047807693481,Legacy Web Development,0.025717616,-0.27082820074759195,1.0,0.673,-0.04124846022427757,
1735,1,0.595,provide clear frameworks,Hard,Apply,['in-97191426cd97dd84'],0.1,0.0,Unknown,1.0,-0.1503159523010254,Legacy Web Development,0.06266743,-0.2722976395527681,1.0,0.595,-0.04168929186583041,
1736,1,0.585,shape the future of platform,Hard,Apply,['in-bc40d95a380aa266'],0.1,0.0,Unknown,1.0,-0.1509829998016357,Legacy Web Development,0.010757089,-0.2735059973957335,1.0,0.585,-0.04205179921872004,
1737,1,0.71,"continuously improve build tooling, developer workflows, and infrastructure",Hard,Create,['in-431768e5d2264d2d'],0.1,0.0,Unknown,1.0,-0.1510459899902343,Routine Maintenance Coding,0.084177315,-0.27362010424472605,1.0,0.71,-0.0420860312734178,
1738,1,0.703,write maintainable code,Hard,Create,['in-431768e5d2264d2d'],0.1,0.0,Unknown,1.0,-0.1512510180473327,Routine Maintenance Coding,0.21053508,-0.27399151296838686,1.0,0.703,-0.042197453890516046,
1739,1,0.696,own code lifecycle,Hard,Apply,['in-76d6057eab891b98'],0.1,0.0,Unknown,1.0,-0.1515668034553527,Routine Maintenance Coding,0.16049248,-0.27456355884836675,1.0,0.696,-0.04236906765451001,
1740,1,0.709,develop modernization plans,Hard,Create,['in-a2a8769491dd2881'],0.1,0.0,Unknown,1.0,-0.1529296636581421,Legacy Web Development,0.018499106,-0.2770323827528102,1.0,0.709,-0.043109714825843054,
1741,1,0.7,"build tools, dashboards and platform",Hard,Create,['in-acd852647e0ad998'],0.1,0.0,Unknown,1.0,-0.1539321422576904,Legacy Web Development,0.05993265,-0.2788483746830114,1.0,0.7,-0.04365451240490341,
1742,1,0.613,drive progress toward better maintainability,Soft,Unknown,['in-431768e5d2264d2d'],0.1,0.0,Unknown,1.0,-0.1548201441764831,Routine Maintenance Coding,0.1469723,-0.2804569918836752,1.0,0.613,-0.04413709756510255,
1743,1,0.713,"write well-crafted, well-tested, readable, maintainable code",Hard,Create,['in-c537f69349c9b14d'],0.1,0.0,Unknown,1.0,-0.1576124668121337,Routine Maintenance Coding,0.16281253,-0.2855152897616991,1.0,0.713,-0.045654586928509724,
1744,1,0.686,build production-grade platforms,Hard,Create,['in-8d007d54a6e9b3b3'],0.1,0.0,Unknown,1.0,-0.160390830039978,Legacy Web Development,0.09856188,-0.2905483001453685,1.0,0.686,-0.047164490043610535,
1745,1,0.706,design mixed-use projects,Hard,Create,['in-368b730dfbfb2c56'],0.1,0.0,Unknown,1.0,-0.1627539873123169,Legacy Web Development,0.030861974,-0.29482916413418314,1.0,0.706,-0.048448749240254926,
1746,1,0.703,maintain and enhance existing platforms,Hard,Create,['in-3a40f4b75ecb8f1e'],0.1,0.0,Unknown,1.0,-0.1631962776184082,Legacy Web Development,0.08283317,-0.2956303738827303,1.0,0.703,-0.04868911216481907,
1747,1,0.699,analyze and debug web applications,Hard,Analyze,['in-801e77fe9dd77c2d'],0.1,0.0,Unknown,1.0,-0.1660199642181396,Legacy Web Development,0.102615654,-0.300745487642605,1.0,0.699,-0.05022364629278149,
1748,1,0.595,guide platform evolution,Hard,Apply,['in-a2a8769491dd2881'],0.1,0.0,Unknown,1.0,-0.168025541305542,Legacy Web Development,0.09448904,-0.3043785944318773,1.0,0.595,-0.05131357832956318,
1749,1,0.618,embed modern DevOps practices,Hard,Apply,['in-45b09437e6f9d734'],0.1,0.0,Unknown,1.0,-0.1694016218185424,Legacy Web Development,0.03464979,-0.3068713669539459,1.0,0.618,-0.05206141008618376,
1750,1,0.704,develop and operate foundational JavaScript build systems,Hard,Create,['in-431768e5d2264d2d'],0.1,0.0,Unknown,1.0,-0.1816399335861206,Legacy Web Development,0.13524356,-0.3290410924914508,1.0,0.704,-0.05871232774743523,
1751,1,0.616,maintain data models,Hard,Create,['in-92e57e0960d0c733'],0.1,0.0,Unknown,1.0,-0.1847464621067047,Routine Data Entry & Clerical,0.0010024905,-0.3346685749403155,1.0,0.616,-0.06040057248209464,
1752,1,0.584,input data,Hard,Apply,['in-7e3654818d829d5e'],0.1,0.0,Unknown,1.0,-0.1897911787033081,Routine Data Entry & Clerical,0.11207339,-0.343807088853442,1.0,0.584,-0.0631421266560326,
1753,1,0.685,innovate developer environments,Hard,Create,['in-1291ef0e4f87819c'],0.1,0.0,Unknown,1.0,-0.1915972232818603,Legacy Web Development,0.02472058,-0.34707874211537915,1.0,0.685,-0.06412362263461373,
1754,1,0.686,administer accounting procedures,Hard,Apply,['in-67e6b59a925f7a89'],0.1,0.0,Unknown,1.0,-0.1929105877876281,Routine Data Entry & Clerical,0.009239793,-0.34945790446853225,1.0,0.686,-0.06483737134055967,
1755,1,0.707,implement data interfacing,Hard,Apply,['in-16914020afc5dd69'],0.1,0.0,Unknown,1.0,-0.1932381033897399,Routine Data Entry & Clerical,0.067209065,-0.35005119961789305,1.0,0.707,-0.0650153598853679,
1756,1,0.679,administer general office procedures,Hard,Apply,['in-67e6b59a925f7a89'],0.1,0.0,Unknown,1.0,-0.2030517518520355,Routine Data Entry & Clerical,0.10336241,-0.3678286428684423,1.0,0.679,-0.07034859286053267,
1757,1,0.704,develop working web applications,Hard,Create,['in-801e77fe9dd77c2d'],0.1,0.0,Unknown,1.0,-0.2158058404922485,Legacy Web Development,0.19333261,-0.3909326992125212,1.0,0.704,-0.07727980976375635,
1758,1,0.699,manage employee data,Hard,Apply,['in-7e3654818d829d5e'],0.1,0.0,Unknown,1.0,-0.2258818745613098,Routine Data Entry & Clerical,0.12920383,-0.40918545449935945,1.0,0.699,-0.08275563634980782,
1759,1,0.675,analyze pharmacy operations data,Hard,Analyze,['in-b4af93f913150cac'],0.1,0.0,Unknown,1.0,-0.2269255578517913,Routine Data Entry & Clerical,0.074914575,-0.4110760888072182,1.0,0.675,-0.08332282664216545,
1760,1,0.702,build web applications,Hard,Create,['in-443f3ba3c65aa81b'],0.1,0.0,Unknown,1.0,-0.2302179336547851,Legacy Web Development,0.29975778,-0.4170402339691402,1.0,0.702,-0.08511207019074205,
1761,1,0.703,perform secretarial and clerical duties,Hard,Apply,['in-63be0cc7d27e5935'],0.1,0.0,Unknown,1.0,-0.2722246170043945,Routine Data Entry & Clerical,0.20648299,-0.49313542244675845,1.0,0.703,-0.10794062673402752,
